{
  "version" : "0.3",
  "id" : 1943160790,
  "name" : "PTP-RAND-2_16_3_32",
  "coordType" : "Eucl",
  "sameVehicleBackward" : false,
  "maxWaitTime" : "00h30",
  "places" : [ {
    "id" : 0,
    "lat" : -1.9109912965064784,
    "long" : 6.194470383098299,
    "category" : 0
  }, {
    "id" : 1,
    "lat" : -1.0867855897233873,
    "long" : 4.350465110812867,
    "category" : 0
  }, {
    "id" : 2,
    "lat" : 8.589397822147632,
    "long" : 3.7705555527912673,
    "category" : 0
  }, {
    "id" : 3,
    "lat" : -2.4257029015808595,
    "long" : -8.314523925783796,
    "category" : 0
  }, {
    "id" : 4,
    "lat" : 2.214611220708437,
    "long" : -8.462817722389094,
    "category" : 0
  }, {
    "id" : 5,
    "lat" : -4.831193137434599,
    "long" : 6.797785842960463,
    "category" : 0
  }, {
    "id" : 6,
    "lat" : -1.2008980946429302,
    "long" : 11.591259111191036,
    "category" : 0
  }, {
    "id" : 7,
    "lat" : 1.4005777095857919,
    "long" : -2.0886199524167206,
    "category" : 0
  }, {
    "id" : 8,
    "lat" : -2.043114221645123,
    "long" : -5.102065609670303,
    "category" : 0
  }, {
    "id" : 9,
    "lat" : -6.984023070212317,
    "long" : -5.774741558895102,
    "category" : 0
  }, {
    "id" : 10,
    "lat" : -6.607516555184332,
    "long" : 1.2880340792843323,
    "category" : 0
  }, {
    "id" : 11,
    "lat" : 5.818852591105742,
    "long" : 8.000846622218653,
    "category" : 0
  }, {
    "id" : 12,
    "lat" : -6.253441301749335,
    "long" : -8.801507976666922,
    "category" : 0
  }, {
    "id" : 13,
    "lat" : 2.461794857166195,
    "long" : 3.5901431422234613,
    "category" : 0
  }, {
    "id" : 14,
    "lat" : -0.44733701921267677,
    "long" : 10.769641469699826,
    "category" : 0
  }, {
    "id" : 15,
    "lat" : 2.1474396501929474,
    "long" : 0.5663920054592164,
    "category" : 0
  }, {
    "id" : 16,
    "lat" : -9.212625720970724,
    "long" : -3.7541389262452824,
    "category" : 1
  }, {
    "id" : 17,
    "lat" : -9.942465784385911,
    "long" : -3.346772915456041,
    "category" : 2
  }, {
    "id" : 18,
    "lat" : 7.459515145006627,
    "long" : 2.072132113015734,
    "category" : 2
  }, {
    "id" : 19,
    "lat" : -1.002900179179716,
    "long" : 5.085711850185817,
    "category" : 2
  }, {
    "id" : 20,
    "lat" : 4.7047934274021515,
    "long" : -10.131606145109554,
    "category" : 2
  }, {
    "id" : 21,
    "lat" : 3.807085456710551,
    "long" : 9.17812704955423,
    "category" : 2
  }, {
    "id" : 22,
    "lat" : 9.833836714653883,
    "long" : -5.416234649562143,
    "category" : 2
  }, {
    "id" : 23,
    "lat" : 10.3671122815504,
    "long" : -5.635730051203626,
    "category" : 2
  }, {
    "id" : 24,
    "lat" : -7.697160847732492,
    "long" : -4.226579774681572,
    "category" : 2
  }, {
    "id" : 25,
    "lat" : 9.107193720200675,
    "long" : -6.77311143879756,
    "category" : 2
  }, {
    "id" : 26,
    "lat" : 7.065896456169789,
    "long" : 6.770531799348371,
    "category" : 2
  }, {
    "id" : 27,
    "lat" : 10.179194694345725,
    "long" : 0.09380275476275166,
    "category" : 2
  }, {
    "id" : 28,
    "lat" : 7.542824065437901,
    "long" : 5.923099809363989,
    "category" : 2
  }, {
    "id" : 29,
    "lat" : -8.285400300881784,
    "long" : 6.193937049730046,
    "category" : 2
  }, {
    "id" : 30,
    "lat" : 1.8801723642012345,
    "long" : -11.58494482491885,
    "category" : 2
  }, {
    "id" : 31,
    "lat" : 2.5907670411433537,
    "long" : -2.7967656789346838,
    "category" : 2
  }, {
    "id" : 32,
    "lat" : -7.001347367057303,
    "long" : -2.35768462742807,
    "category" : 2
  }, {
    "id" : 33,
    "lat" : -0.46559147747075413,
    "long" : 3.3361891572426297,
    "category" : 2
  }, {
    "id" : 34,
    "lat" : -0.9154434941305454,
    "long" : -10.304652203376996,
    "category" : 2
  }, {
    "id" : 35,
    "lat" : -0.24703537924675398,
    "long" : -8.379598970548356,
    "category" : 2
  }, {
    "id" : 36,
    "lat" : -8.589197798567856,
    "long" : -4.755826024735864,
    "category" : 2
  }, {
    "id" : 37,
    "lat" : 4.918870280751521,
    "long" : -2.1788954433293655,
    "category" : 2
  }, {
    "id" : 38,
    "lat" : -3.821548274031443,
    "long" : -3.5270301493975142,
    "category" : 2
  }, {
    "id" : 39,
    "lat" : -0.9640988709101714,
    "long" : -2.566127476015008,
    "category" : 2
  }, {
    "id" : 40,
    "lat" : 0.8624368056430008,
    "long" : 0.10673838556043125,
    "category" : 2
  }, {
    "id" : 41,
    "lat" : -5.774332161907327,
    "long" : 0.746042821571317,
    "category" : 2
  }, {
    "id" : 42,
    "lat" : -7.517659465161088,
    "long" : 0.7130922472910514,
    "category" : 2
  }, {
    "id" : 43,
    "lat" : -9.075223921055038,
    "long" : 3.0320277601719994,
    "category" : 2
  }, {
    "id" : 44,
    "lat" : 5.805494868628278,
    "long" : 0.8125490770686761,
    "category" : 2
  }, {
    "id" : 45,
    "lat" : 6.517260045483233,
    "long" : 8.758998568419452,
    "category" : 2
  }, {
    "id" : 46,
    "lat" : -5.008807287397562,
    "long" : -5.783218327215265,
    "category" : 2
  }, {
    "id" : 47,
    "lat" : -0.28792826338363875,
    "long" : -7.979503503161007,
    "category" : 2
  }, {
    "id" : 48,
    "lat" : 8.001730769630136,
    "long" : -8.373885925220977,
    "category" : 2
  }, {
    "id" : 49,
    "lat" : -1.5597740048720308,
    "long" : 3.3509362914348664,
    "category" : 2
  }, {
    "id" : 50,
    "lat" : 0.1813705235914274,
    "long" : -7.662103386633017,
    "category" : 2
  }, {
    "id" : 51,
    "lat" : 1.8498006398981341,
    "long" : -4.4537185071961485,
    "category" : 2
  }, {
    "id" : 52,
    "lat" : 6.091507813837844,
    "long" : 5.888462061452315,
    "category" : 2
  } ],
  "vehicles" : [ {
    "id" : 53,
    "canTake" : [ 1 ],
    "start" : 16,
    "end" : 16,
    "capacity" : 4,
    "availability" : [ "07h00:20h00" ]
  }, {
    "id" : 54,
    "canTake" : [ 1 ],
    "start" : 16,
    "end" : 16,
    "capacity" : 6,
    "availability" : [ "07h00:15h00", "17h00:20h00" ]
  }, {
    "id" : 55,
    "canTake" : [ 0 ],
    "start" : 16,
    "end" : 16,
    "capacity" : 6,
    "availability" : [ "07h00:20h00" ]
  } ],
  "patients" : [ {
    "id" : 56,
    "category" : 1,
    "load" : 2,
    "start" : 17,
    "destination" : 0,
    "end" : -1,
    "rdvTime" : "15h27",
    "rdvDuration" : "02h12",
    "srvDuration" : "00h02"
  }, {
    "id" : 57,
    "category" : 1,
    "load" : 2,
    "start" : 18,
    "destination" : 1,
    "end" : 18,
    "rdvTime" : "09h52",
    "rdvDuration" : "02h17",
    "srvDuration" : "00h02"
  }, {
    "id" : 58,
    "category" : 1,
    "load" : 1,
    "start" : 19,
    "destination" : 2,
    "end" : 19,
    "rdvTime" : "11h38",
    "rdvDuration" : "00h16",
    "srvDuration" : "00h01"
  }, {
    "id" : 59,
    "category" : 0,
    "load" : 2,
    "start" : 20,
    "destination" : 3,
    "end" : 20,
    "rdvTime" : "08h03",
    "rdvDuration" : "00h22",
    "srvDuration" : "00h01"
  }, {
    "id" : 60,
    "category" : 1,
    "load" : 2,
    "start" : 21,
    "destination" : 4,
    "end" : 21,
    "rdvTime" : "08h36",
    "rdvDuration" : "01h36",
    "srvDuration" : "00h01"
  }, {
    "id" : 61,
    "category" : 1,
    "load" : 2,
    "start" : 22,
    "destination" : 5,
    "end" : 22,
    "rdvTime" : "11h22",
    "rdvDuration" : "00h26",
    "srvDuration" : "00h02"
  }, {
    "id" : 62,
    "category" : 0,
    "load" : 2,
    "start" : 23,
    "destination" : 6,
    "end" : 23,
    "rdvTime" : "15h42",
    "rdvDuration" : "01h23",
    "srvDuration" : "00h03"
  }, {
    "id" : 63,
    "category" : 1,
    "load" : 2,
    "start" : -1,
    "destination" : 7,
    "end" : 24,
    "rdvTime" : "08h11",
    "rdvDuration" : "01h18",
    "srvDuration" : "00h01"
  }, {
    "id" : 64,
    "category" : 0,
    "load" : 1,
    "start" : 25,
    "destination" : 8,
    "end" : -1,
    "rdvTime" : "11h40",
    "rdvDuration" : "00h15",
    "srvDuration" : "00h03"
  }, {
    "id" : 65,
    "category" : 0,
    "load" : 2,
    "start" : 26,
    "destination" : 9,
    "end" : 27,
    "rdvTime" : "08h32",
    "rdvDuration" : "01h44",
    "srvDuration" : "00h03"
  }, {
    "id" : 66,
    "category" : 1,
    "load" : 2,
    "start" : 28,
    "destination" : 10,
    "end" : 28,
    "rdvTime" : "09h03",
    "rdvDuration" : "02h49",
    "srvDuration" : "00h01"
  }, {
    "id" : 67,
    "category" : 1,
    "load" : 2,
    "start" : 29,
    "destination" : 11,
    "end" : 29,
    "rdvTime" : "13h59",
    "rdvDuration" : "01h55",
    "srvDuration" : "00h01"
  }, {
    "id" : 68,
    "category" : 0,
    "load" : 2,
    "start" : 30,
    "destination" : 12,
    "end" : 30,
    "rdvTime" : "14h26",
    "rdvDuration" : "01h39",
    "srvDuration" : "00h02"
  }, {
    "id" : 69,
    "category" : 0,
    "load" : 1,
    "start" : 31,
    "destination" : 13,
    "end" : 31,
    "rdvTime" : "14h21",
    "rdvDuration" : "00h21",
    "srvDuration" : "00h03"
  }, {
    "id" : 70,
    "category" : 1,
    "load" : 1,
    "start" : -1,
    "destination" : 14,
    "end" : 32,
    "rdvTime" : "13h11",
    "rdvDuration" : "01h16",
    "srvDuration" : "00h02"
  }, {
    "id" : 71,
    "category" : 1,
    "load" : 1,
    "start" : 33,
    "destination" : 15,
    "end" : 33,
    "rdvTime" : "10h08",
    "rdvDuration" : "02h56",
    "srvDuration" : "00h01"
  }, {
    "id" : 72,
    "category" : 1,
    "load" : 1,
    "start" : 34,
    "destination" : 8,
    "end" : -1,
    "rdvTime" : "14h03",
    "rdvDuration" : "02h17",
    "srvDuration" : "00h01"
  }, {
    "id" : 73,
    "category" : 0,
    "load" : 1,
    "start" : 35,
    "destination" : 7,
    "end" : 35,
    "rdvTime" : "08h56",
    "rdvDuration" : "01h36",
    "srvDuration" : "00h02"
  }, {
    "id" : 74,
    "category" : 1,
    "load" : 2,
    "start" : 36,
    "destination" : 11,
    "end" : 36,
    "rdvTime" : "09h18",
    "rdvDuration" : "00h53",
    "srvDuration" : "00h01"
  }, {
    "id" : 75,
    "category" : 1,
    "load" : 1,
    "start" : 37,
    "destination" : 5,
    "end" : 37,
    "rdvTime" : "15h44",
    "rdvDuration" : "00h48",
    "srvDuration" : "00h01"
  }, {
    "id" : 76,
    "category" : 0,
    "load" : 2,
    "start" : 38,
    "destination" : 0,
    "end" : 38,
    "rdvTime" : "14h55",
    "rdvDuration" : "01h31",
    "srvDuration" : "00h01"
  }, {
    "id" : 77,
    "category" : 1,
    "load" : 2,
    "start" : 39,
    "destination" : 8,
    "end" : -1,
    "rdvTime" : "13h38",
    "rdvDuration" : "00h52",
    "srvDuration" : "00h03"
  }, {
    "id" : 78,
    "category" : 0,
    "load" : 1,
    "start" : 40,
    "destination" : 0,
    "end" : 41,
    "rdvTime" : "10h56",
    "rdvDuration" : "00h30",
    "srvDuration" : "00h02"
  }, {
    "id" : 79,
    "category" : 1,
    "load" : 2,
    "start" : 42,
    "destination" : 3,
    "end" : -1,
    "rdvTime" : "10h31",
    "rdvDuration" : "01h41",
    "srvDuration" : "00h01"
  }, {
    "id" : 80,
    "category" : 1,
    "load" : 1,
    "start" : 43,
    "destination" : 3,
    "end" : -1,
    "rdvTime" : "15h04",
    "rdvDuration" : "01h37",
    "srvDuration" : "00h01"
  }, {
    "id" : 81,
    "category" : 1,
    "load" : 2,
    "start" : 44,
    "destination" : 8,
    "end" : 44,
    "rdvTime" : "10h10",
    "rdvDuration" : "01h00",
    "srvDuration" : "00h02"
  }, {
    "id" : 82,
    "category" : 1,
    "load" : 2,
    "start" : -1,
    "destination" : 7,
    "end" : 45,
    "rdvTime" : "14h11",
    "rdvDuration" : "01h41",
    "srvDuration" : "00h03"
  }, {
    "id" : 83,
    "category" : 1,
    "load" : 1,
    "start" : 46,
    "destination" : 5,
    "end" : -1,
    "rdvTime" : "14h16",
    "rdvDuration" : "00h27",
    "srvDuration" : "00h01"
  }, {
    "id" : 84,
    "category" : 0,
    "load" : 1,
    "start" : 47,
    "destination" : 8,
    "end" : 48,
    "rdvTime" : "08h22",
    "rdvDuration" : "00h53",
    "srvDuration" : "00h01"
  }, {
    "id" : 85,
    "category" : 0,
    "load" : 2,
    "start" : 49,
    "destination" : 11,
    "end" : 50,
    "rdvTime" : "11h10",
    "rdvDuration" : "00h20",
    "srvDuration" : "00h01"
  }, {
    "id" : 86,
    "category" : 1,
    "load" : 2,
    "start" : 51,
    "destination" : 13,
    "end" : 51,
    "rdvTime" : "13h24",
    "rdvDuration" : "02h18",
    "srvDuration" : "00h01"
  }, {
    "id" : 87,
    "category" : 1,
    "load" : 1,
    "start" : 52,
    "destination" : 10,
    "end" : -1,
    "rdvTime" : "09h40",
    "rdvDuration" : "02h40",
    "srvDuration" : "00h01"
  } ],
  "distMatrix" : [ [ 0, 2, 11, 15, 15, 3, 5, 9, 11, 13, 7, 8, 16, 5, 5, 7, 12, 12, 10, 1, 18, 6, 17, 17, 12, 17, 9, 14, 9, 6, 18, 10, 10, 3, 17, 15, 13, 11, 10, 9, 7, 7, 8, 8, 9, 9, 12, 14, 18, 3, 14, 11, 8 ], [ 2, 0, 10, 13, 13, 4, 7, 7, 10, 12, 6, 8, 14, 4, 6, 5, 11, 12, 9, 1, 16, 7, 15, 15, 11, 15, 9, 12, 9, 7, 16, 8, 9, 1, 15, 13, 12, 9, 8, 7, 5, 6, 7, 8, 8, 9, 11, 12, 16, 1, 12, 9, 7 ], [ 11, 10, 0, 16, 14, 14, 13, 9, 14, 18, 15, 5, 19, 6, 11, 7, 19, 20, 2, 10, 14, 7, 9, 10, 18, 11, 3, 4, 2, 17, 17, 9, 17, 9, 17, 15, 19, 7, 14, 11, 9, 15, 16, 18, 4, 5, 17, 15, 12, 10, 14, 11, 3 ], [ 15, 13, 16, 0, 5, 15, 20, 7, 3, 5, 10, 18, 4, 13, 19, 10, 8, 9, 14, 13, 7, 19, 13, 13, 7, 12, 18, 15, 17, 16, 5, 7, 8, 12, 2, 2, 7, 10, 5, 6, 9, 10, 10, 13, 12, 19, 4, 2, 10, 12, 3, 6, 17 ], [ 15, 13, 14, 5, 0, 17, 20, 6, 5, 10, 13, 17, 8, 12, 19, 9, 12, 13, 12, 14, 3, 18, 8, 9, 11, 7, 16, 12, 15, 18, 3, 6, 11, 12, 4, 2, 11, 7, 8, 7, 9, 12, 13, 16, 10, 18, 8, 3, 6, 12, 2, 4, 15 ], [ 3, 4, 14, 15, 17, 0, 6, 11, 12, 13, 6, 11, 16, 8, 6, 9, 11, 11, 13, 4, 19, 9, 19, 20, 11, 19, 12, 16, 12, 4, 20, 12, 9, 6, 18, 16, 12, 13, 10, 10, 9, 6, 7, 6, 12, 12, 13, 15, 20, 5, 15, 13, 11 ], [ 5, 7, 13, 20, 20, 6, 0, 14, 17, 18, 12, 8, 21, 9, 1, 12, 17, 17, 13, 7, 23, 6, 20, 21, 17, 21, 10, 16, 10, 9, 23, 15, 15, 8, 22, 20, 18, 15, 15, 14, 12, 12, 13, 12, 13, 8, 18, 20, 22, 8, 19, 16, 9 ], [ 9, 7, 9, 7, 6, 11, 14, 0, 5, 9, 9, 11, 10, 6, 13, 3, 11, 11, 7, 8, 9, 12, 9, 10, 9, 9, 11, 9, 10, 13, 10, 1, 8, 6, 9, 7, 10, 4, 5, 2, 2, 8, 9, 12, 5, 12, 7, 6, 9, 6, 6, 2, 9 ], [ 11, 10, 14, 3, 5, 12, 17, 5, 0, 5, 8, 15, 6, 10, 16, 7, 7, 8, 12, 10, 8, 15, 12, 12, 6, 11, 15, 13, 15, 13, 8, 5, 6, 9, 5, 4, 7, 8, 2, 3, 6, 7, 8, 11, 10, 16, 3, 3, 11, 8, 3, 4, 14 ], [ 13, 12, 18, 5, 10, 13, 18, 9, 5, 0, 7, 19, 3, 13, 18, 11, 3, 4, 16, 12, 12, 18, 17, 17, 2, 16, 19, 18, 19, 12, 11, 10, 3, 11, 8, 7, 2, 12, 4, 7, 10, 7, 7, 9, 14, 20, 2, 7, 15, 11, 7, 9, 18 ], [ 7, 6, 15, 10, 13, 6, 12, 9, 8, 7, 0, 14, 10, 9, 11, 9, 6, 6, 14, 7, 16, 13, 18, 18, 6, 18, 15, 17, 15, 5, 15, 10, 4, 6, 13, 12, 6, 12, 6, 7, 8, 1, 1, 3, 12, 15, 7, 11, 18, 5, 11, 10, 14 ], [ 8, 8, 5, 18, 17, 11, 8, 11, 15, 19, 14, 0, 21, 6, 7, 8, 19, 19, 6, 7, 18, 2, 14, 14, 18, 15, 2, 9, 3, 14, 20, 11, 16, 8, 20, 17, 19, 10, 15, 13, 9, 14, 15, 16, 7, 1, 18, 17, 17, 9, 17, 13, 2 ], [ 16, 14, 19, 4, 8, 16, 21, 10, 6, 3, 10, 21, 0, 15, 20, 13, 6, 7, 18, 15, 11, 21, 16, 17, 5, 15, 20, 19, 20, 15, 9, 11, 6, 13, 6, 6, 5, 13, 6, 8, 11, 10, 10, 12, 15, 22, 3, 6, 14, 13, 7, 9, 19 ], [ 5, 4, 6, 13, 12, 8, 9, 6, 10, 13, 9, 6, 15, 0, 8, 3, 14, 14, 5, 4, 14, 6, 12, 12, 13, 12, 6, 8, 6, 11, 15, 6, 11, 3, 14, 12, 14, 6, 9, 7, 4, 9, 10, 12, 4, 7, 12, 12, 13, 4, 11, 8, 4 ], [ 5, 6, 11, 19, 19, 6, 1, 13, 16, 18, 11, 7, 20, 8, 0, 11, 17, 17, 12, 6, 22, 5, 19, 20, 17, 20, 9, 15, 9, 9, 22, 14, 15, 7, 21, 19, 18, 14, 15, 13, 11, 11, 12, 12, 12, 7, 17, 19, 21, 8, 18, 15, 8 ], [ 7, 5, 7, 10, 9, 9, 12, 3, 7, 11, 9, 8, 13, 3, 11, 0, 12, 13, 6, 6, 11, 9, 10, 10, 11, 10, 8, 8, 8, 12, 12, 3, 10, 4, 11, 9, 12, 4, 7, 4, 1, 8, 10, 11, 4, 9, 10, 9, 11, 5, 8, 5, 7 ], [ 12, 11, 19, 8, 12, 11, 17, 11, 7, 3, 6, 19, 6, 14, 17, 12, 0, 1, 18, 12, 15, 18, 19, 20, 2, 19, 19, 20, 19, 10, 14, 12, 3, 11, 11, 10, 1, 14, 5, 8, 11, 6, 5, 7, 16, 20, 5, 10, 18, 10, 10, 11, 18 ], [ 12, 12, 20, 9, 13, 11, 17, 11, 8, 4, 6, 19, 7, 14, 17, 13, 1, 0, 18, 12, 16, 19, 20, 20, 2, 19, 20, 20, 20, 10, 14, 13, 3, 12, 11, 11, 2, 15, 6, 9, 11, 6, 5, 6, 16, 20, 6, 11, 19, 11, 11, 12, 19 ], [ 10, 9, 2, 14, 12, 13, 13, 7, 12, 16, 14, 6, 18, 5, 12, 6, 18, 18, 0, 9, 13, 8, 8, 8, 16, 9, 5, 3, 4, 16, 15, 7, 15, 8, 15, 13, 17, 5, 13, 10, 7, 13, 15, 17, 2, 7, 15, 13, 10, 9, 12, 9, 4 ], [ 1, 1, 10, 13, 14, 4, 7, 8, 10, 12, 7, 7, 15, 4, 6, 6, 12, 12, 9, 0, 16, 6, 15, 16, 11, 16, 8, 12, 9, 7, 17, 9, 10, 2, 15, 13, 12, 9, 9, 8, 5, 6, 8, 8, 8, 8, 12, 13, 16, 2, 13, 10, 7 ], [ 18, 16, 14, 7, 3, 19, 23, 9, 8, 12, 16, 18, 11, 14, 22, 11, 15, 16, 13, 16, 0, 19, 7, 7, 14, 6, 17, 12, 16, 21, 3, 8, 14, 14, 6, 5, 14, 8, 11, 9, 11, 15, 16, 19, 11, 19, 11, 5, 4, 15, 5, 6, 16 ], [ 6, 7, 7, 19, 18, 9, 6, 12, 15, 18, 13, 2, 21, 6, 5, 9, 18, 19, 8, 6, 19, 0, 16, 16, 18, 17, 4, 11, 5, 12, 21, 12, 16, 7, 20, 18, 19, 11, 15, 13, 10, 13, 14, 14, 9, 3, 17, 18, 18, 8, 17, 14, 4 ], [ 17, 15, 9, 13, 8, 19, 20, 9, 12, 17, 18, 14, 16, 12, 19, 10, 19, 20, 8, 15, 7, 16, 0, 1, 18, 2, 12, 6, 12, 22, 10, 8, 17, 14, 12, 11, 18, 6, 14, 11, 11, 17, 18, 21, 7, 15, 15, 10, 3, 14, 10, 8, 12 ], [ 17, 15, 10, 13, 9, 20, 21, 10, 12, 17, 18, 14, 17, 12, 20, 10, 20, 20, 8, 16, 7, 16, 1, 0, 18, 2, 13, 6, 12, 22, 10, 8, 18, 14, 12, 11, 19, 6, 14, 12, 11, 17, 19, 21, 8, 15, 15, 11, 4, 15, 10, 9, 12 ], [ 12, 11, 18, 7, 11, 11, 17, 9, 6, 2, 6, 18, 5, 13, 17, 11, 2, 2, 16, 11, 14, 18, 18, 18, 0, 17, 18, 18, 18, 10, 12, 10, 2, 10, 9, 9, 1, 13, 4, 7, 10, 5, 5, 7, 14, 19, 3, 8, 16, 10, 9, 10, 17 ], [ 17, 15, 11, 12, 7, 19, 21, 9, 11, 16, 18, 15, 15, 12, 20, 10, 19, 19, 9, 16, 6, 17, 2, 2, 17, 0, 14, 7, 13, 22, 9, 8, 17, 14, 11, 9, 18, 6, 13, 11, 11, 17, 18, 21, 8, 16, 14, 9, 2, 15, 9, 8, 13 ], [ 9, 9, 3, 18, 16, 12, 10, 11, 15, 19, 15, 2, 20, 6, 9, 8, 19, 20, 5, 8, 17, 4, 12, 13, 18, 14, 0, 7, 1, 15, 19, 11, 17, 8, 19, 17, 19, 9, 15, 12, 9, 14, 16, 17, 6, 2, 17, 16, 15, 9, 16, 12, 1 ], [ 14, 12, 4, 15, 12, 16, 16, 9, 13, 18, 17, 9, 19, 8, 15, 8, 20, 20, 3, 12, 12, 11, 6, 6, 18, 7, 7, 0, 6, 19, 14, 8, 17, 11, 15, 13, 19, 6, 14, 11, 9, 16, 18, 19, 4, 9, 16, 13, 9, 12, 13, 9, 7 ], [ 9, 9, 2, 17, 15, 12, 10, 10, 15, 19, 15, 3, 20, 6, 9, 8, 19, 20, 4, 9, 16, 5, 12, 12, 18, 13, 1, 6, 0, 16, 18, 10, 17, 8, 18, 16, 19, 9, 15, 12, 9, 14, 16, 17, 5, 3, 17, 16, 14, 9, 15, 12, 1 ], [ 6, 7, 17, 16, 18, 4, 9, 13, 13, 12, 5, 14, 15, 11, 9, 12, 10, 10, 16, 7, 21, 12, 22, 22, 10, 22, 15, 19, 16, 0, 20, 14, 9, 8, 18, 17, 11, 16, 11, 11, 11, 6, 6, 3, 15, 15, 12, 16, 22, 7, 16, 15, 14 ], [ 18, 16, 17, 5, 3, 20, 23, 10, 8, 11, 15, 20, 9, 15, 22, 12, 14, 14, 15, 17, 3, 21, 10, 10, 12, 9, 19, 14, 18, 20, 0, 9, 13, 15, 3, 4, 12, 10, 10, 9, 12, 15, 15, 18, 13, 21, 9, 4, 7, 15, 4, 7, 18 ], [ 10, 8, 9, 7, 6, 12, 15, 1, 5, 10, 10, 11, 11, 6, 14, 3, 12, 13, 7, 9, 8, 12, 8, 8, 10, 8, 11, 8, 10, 14, 9, 0, 10, 7, 8, 6, 11, 2, 6, 4, 3, 9, 11, 13, 5, 12, 8, 6, 8, 7, 5, 2, 9 ], [ 10, 9, 17, 8, 11, 9, 15, 8, 6, 3, 4, 16, 6, 11, 15, 10, 3, 3, 15, 10, 14, 16, 17, 18, 2, 17, 17, 17, 17, 9, 13, 10, 0, 9, 10, 9, 3, 12, 3, 6, 8, 3, 3, 6, 13, 18, 4, 9, 16, 8, 9, 9, 15 ], [ 3, 1, 9, 12, 12, 6, 8, 6, 9, 11, 6, 8, 13, 3, 7, 4, 11, 12, 8, 2, 14, 7, 14, 14, 10, 14, 8, 11, 8, 8, 15, 7, 9, 0, 14, 12, 11, 8, 8, 6, 3, 6, 8, 9, 7, 9, 10, 11, 14, 1, 11, 8, 7 ], [ 17, 15, 17, 2, 4, 18, 22, 9, 5, 8, 13, 20, 6, 14, 21, 11, 11, 11, 15, 15, 6, 20, 12, 12, 9, 11, 19, 15, 18, 18, 3, 8, 10, 14, 0, 2, 9, 10, 7, 8, 11, 12, 13, 16, 13, 20, 6, 2, 9, 14, 3, 6, 18 ], [ 15, 13, 15, 2, 2, 16, 20, 7, 4, 7, 12, 17, 6, 12, 19, 9, 10, 11, 13, 13, 5, 18, 11, 11, 9, 9, 17, 13, 16, 17, 4, 6, 9, 12, 2, 0, 9, 8, 6, 6, 9, 11, 12, 14, 11, 18, 5, 0, 8, 12, 1, 4, 16 ], [ 13, 12, 19, 7, 11, 12, 18, 10, 7, 2, 6, 19, 5, 14, 18, 12, 1, 2, 17, 12, 14, 19, 18, 19, 1, 18, 19, 19, 19, 11, 12, 11, 3, 11, 9, 9, 0, 14, 5, 8, 11, 6, 6, 8, 15, 20, 4, 9, 17, 11, 9, 10, 18 ], [ 11, 9, 7, 10, 7, 13, 15, 4, 8, 12, 12, 10, 13, 6, 14, 4, 14, 15, 5, 9, 8, 11, 6, 6, 13, 6, 9, 6, 9, 16, 10, 2, 12, 8, 10, 8, 14, 0, 9, 6, 5, 11, 13, 15, 3, 11, 11, 8, 7, 9, 7, 4, 8 ], [ 10, 8, 14, 5, 8, 10, 15, 5, 2, 4, 6, 15, 6, 9, 15, 7, 5, 6, 13, 9, 11, 15, 14, 14, 4, 13, 15, 14, 15, 11, 10, 6, 3, 8, 7, 6, 5, 9, 0, 3, 6, 5, 6, 8, 11, 16, 3, 6, 13, 7, 6, 6, 14 ], [ 9, 7, 11, 6, 7, 10, 14, 2, 3, 7, 7, 13, 8, 7, 13, 4, 8, 9, 10, 8, 9, 13, 11, 12, 7, 11, 12, 11, 12, 11, 9, 4, 6, 6, 8, 6, 8, 6, 3, 0, 3, 6, 7, 10, 8, 14, 5, 5, 11, 6, 5, 3, 11 ], [ 7, 5, 9, 9, 9, 9, 12, 2, 6, 10, 8, 9, 11, 4, 11, 1, 11, 11, 7, 5, 11, 10, 11, 11, 10, 11, 9, 9, 9, 11, 12, 3, 8, 3, 11, 9, 11, 5, 6, 3, 0, 7, 8, 10, 5, 10, 8, 8, 11, 4, 8, 5, 8 ], [ 7, 6, 15, 10, 12, 6, 12, 8, 7, 7, 1, 14, 10, 9, 11, 8, 6, 6, 13, 6, 15, 13, 17, 17, 5, 17, 14, 16, 14, 6, 15, 9, 3, 6, 12, 11, 6, 11, 5, 6, 7, 0, 2, 4, 12, 15, 7, 10, 17, 5, 10, 9, 13 ], [ 8, 7, 16, 10, 13, 7, 13, 9, 8, 7, 1, 15, 10, 10, 12, 10, 5, 5, 15, 8, 16, 14, 18, 19, 5, 18, 16, 18, 16, 6, 15, 11, 3, 8, 13, 12, 6, 13, 6, 7, 8, 2, 0, 3, 13, 16, 7, 11, 18, 7, 11, 11, 15 ], [ 8, 8, 18, 13, 16, 6, 12, 12, 11, 9, 3, 16, 12, 12, 12, 11, 7, 6, 17, 8, 19, 14, 21, 21, 7, 21, 17, 19, 17, 3, 18, 13, 6, 9, 16, 14, 8, 15, 8, 10, 10, 4, 3, 0, 15, 17, 10, 14, 21, 8, 14, 13, 15 ], [ 9, 8, 4, 12, 10, 12, 13, 5, 10, 14, 12, 7, 15, 4, 12, 4, 16, 16, 2, 8, 11, 9, 7, 8, 14, 8, 6, 4, 5, 15, 13, 5, 13, 7, 13, 11, 15, 3, 11, 8, 5, 12, 13, 15, 0, 8, 13, 11, 9, 8, 10, 7, 5 ], [ 9, 9, 5, 19, 18, 12, 8, 12, 16, 20, 15, 1, 22, 7, 7, 9, 20, 20, 7, 8, 19, 3, 15, 15, 19, 16, 2, 9, 3, 15, 21, 12, 18, 9, 20, 18, 20, 11, 16, 14, 10, 15, 16, 17, 8, 0, 19, 18, 17, 10, 18, 14, 3 ], [ 12, 11, 17, 4, 8, 13, 18, 7, 3, 2, 7, 18, 3, 12, 17, 10, 5, 6, 15, 12, 11, 17, 15, 15, 3, 14, 17, 16, 17, 12, 9, 8, 4, 10, 6, 5, 4, 11, 3, 5, 8, 7, 7, 10, 13, 19, 0, 5, 13, 10, 6, 7, 16 ], [ 14, 12, 15, 2, 3, 15, 20, 6, 3, 7, 11, 17, 6, 12, 19, 9, 10, 11, 13, 13, 5, 18, 10, 11, 8, 9, 16, 13, 16, 16, 4, 6, 9, 11, 2, 0, 9, 8, 6, 5, 8, 10, 11, 14, 11, 18, 5, 0, 8, 11, 1, 4, 15 ], [ 18, 16, 12, 10, 6, 20, 22, 9, 11, 15, 18, 17, 14, 13, 21, 11, 18, 19, 10, 16, 4, 18, 3, 4, 16, 2, 15, 9, 14, 22, 7, 8, 16, 14, 9, 8, 17, 7, 13, 11, 11, 17, 18, 21, 9, 17, 13, 8, 0, 15, 8, 7, 14 ], [ 3, 1, 10, 12, 12, 5, 8, 6, 8, 11, 5, 9, 13, 4, 8, 5, 10, 11, 9, 2, 15, 8, 14, 15, 10, 15, 9, 12, 9, 7, 15, 7, 8, 1, 14, 12, 11, 9, 7, 6, 4, 5, 7, 8, 8, 10, 10, 11, 15, 0, 11, 9, 8 ], [ 14, 12, 14, 3, 2, 15, 19, 6, 3, 7, 11, 17, 7, 11, 18, 8, 10, 11, 12, 13, 5, 17, 10, 10, 9, 9, 16, 13, 15, 16, 4, 5, 9, 11, 3, 1, 9, 7, 6, 5, 8, 10, 11, 14, 10, 18, 6, 1, 8, 11, 0, 4, 15 ], [ 11, 9, 11, 6, 4, 13, 16, 2, 4, 9, 10, 13, 9, 8, 15, 5, 11, 12, 9, 10, 6, 14, 8, 9, 10, 8, 12, 9, 12, 15, 7, 2, 9, 8, 6, 4, 10, 4, 6, 3, 5, 9, 11, 13, 7, 14, 7, 4, 7, 9, 4, 0, 11 ], [ 8, 7, 3, 17, 15, 11, 9, 9, 14, 18, 14, 2, 19, 4, 8, 7, 18, 19, 4, 7, 16, 4, 12, 12, 17, 13, 1, 7, 1, 14, 18, 9, 15, 7, 18, 16, 18, 8, 14, 11, 8, 13, 15, 15, 5, 3, 16, 15, 14, 8, 15, 11, 0 ] ]
}