{
  "version" : "0.3",
  "id" : 1399295930,
  "name" : "PTP-RAND-1_16_3_32",
  "coordType" : "Eucl",
  "sameVehicleBackward" : false,
  "maxWaitTime" : "00h30",
  "places" : [ {
    "id" : 0,
    "lat" : -3.8335877405329293,
    "long" : -5.499093872755689,
    "category" : 0
  }, {
    "id" : 1,
    "lat" : 9.031163345106162,
    "long" : 1.047452705325243,
    "category" : 0
  }, {
    "id" : 2,
    "lat" : -1.7892315072717162,
    "long" : -0.026845124933783573,
    "category" : 0
  }, {
    "id" : 3,
    "lat" : -2.375164689252157,
    "long" : -7.650591365283193,
    "category" : 0
  }, {
    "id" : 4,
    "lat" : 8.26476215883333,
    "long" : 0.15704090303451043,
    "category" : 0
  }, {
    "id" : 5,
    "lat" : -4.7096039676656485,
    "long" : -0.6524774489883568,
    "category" : 0
  }, {
    "id" : 6,
    "lat" : 4.728362845282803,
    "long" : -1.086301426644574,
    "category" : 0
  }, {
    "id" : 7,
    "lat" : 9.160409556051253,
    "long" : -3.3106612267439184,
    "category" : 0
  }, {
    "id" : 8,
    "lat" : -1.383147375518225,
    "long" : -0.09207980566265457,
    "category" : 0
  }, {
    "id" : 9,
    "lat" : -3.033825976735594,
    "long" : -4.329308025720241,
    "category" : 0
  }, {
    "id" : 10,
    "lat" : 4.469318742237084,
    "long" : -1.1902209732732971,
    "category" : 0
  }, {
    "id" : 11,
    "lat" : 6.870426297056657,
    "long" : 7.1853430599918084,
    "category" : 0
  }, {
    "id" : 12,
    "lat" : -3.6017757095533356,
    "long" : -2.9131277442734786,
    "category" : 0
  }, {
    "id" : 13,
    "lat" : 0.705296926703853,
    "long" : -9.745142600509201,
    "category" : 0
  }, {
    "id" : 14,
    "lat" : 4.447166169996772,
    "long" : -8.15237982152569,
    "category" : 0
  }, {
    "id" : 15,
    "lat" : 6.507551647265398,
    "long" : -6.0415426222077615,
    "category" : 0
  }, {
    "id" : 16,
    "lat" : -4.128018061454999,
    "long" : 7.495920220372152,
    "category" : 1
  }, {
    "id" : 17,
    "lat" : -2.4382738051750827,
    "long" : -3.8862526955370673,
    "category" : 2
  }, {
    "id" : 18,
    "lat" : -3.574555575051942,
    "long" : 7.495915423826437,
    "category" : 2
  }, {
    "id" : 19,
    "lat" : -2.572238482471116,
    "long" : 7.894163687014205,
    "category" : 2
  }, {
    "id" : 20,
    "lat" : 1.847569428715774,
    "long" : -3.707894219684741,
    "category" : 2
  }, {
    "id" : 21,
    "lat" : 4.484957691457265,
    "long" : 4.821153131232871,
    "category" : 2
  }, {
    "id" : 22,
    "lat" : -1.8191258246857709,
    "long" : 4.601622319997508,
    "category" : 2
  }, {
    "id" : 23,
    "lat" : 3.7356728794108824,
    "long" : 6.115962777248005,
    "category" : 2
  }, {
    "id" : 24,
    "lat" : -8.340013255976736,
    "long" : 0.144167851551977,
    "category" : 2
  }, {
    "id" : 25,
    "lat" : -0.515836584145122,
    "long" : 2.3123963505405967,
    "category" : 2
  }, {
    "id" : 26,
    "lat" : 5.5199334175839985,
    "long" : -3.516126569275334,
    "category" : 2
  }, {
    "id" : 27,
    "lat" : -7.436871666039515,
    "long" : -3.5381851255177597,
    "category" : 2
  }, {
    "id" : 28,
    "lat" : -6.740393289916736,
    "long" : 4.2393100174125165,
    "category" : 2
  }, {
    "id" : 29,
    "lat" : -0.9858993424758539,
    "long" : 7.262206907029074,
    "category" : 2
  }, {
    "id" : 30,
    "lat" : 5.027727079350964,
    "long" : -8.523737490983331,
    "category" : 2
  }, {
    "id" : 31,
    "lat" : 8.121569265758636,
    "long" : 4.405721822395259,
    "category" : 2
  }, {
    "id" : 32,
    "lat" : -1.9613170506302686,
    "long" : 8.393507866132065,
    "category" : 2
  }, {
    "id" : 33,
    "lat" : -2.5207382971085375,
    "long" : -5.977403316956545,
    "category" : 2
  }, {
    "id" : 34,
    "lat" : -4.8992534061987,
    "long" : 1.729991384279579,
    "category" : 2
  }, {
    "id" : 35,
    "lat" : -5.141510526049995,
    "long" : 6.678673486019559,
    "category" : 2
  }, {
    "id" : 36,
    "lat" : -0.07256021355855559,
    "long" : -2.6835182335347323,
    "category" : 2
  }, {
    "id" : 37,
    "lat" : -2.2652737374644816,
    "long" : 5.607830572693214,
    "category" : 2
  }, {
    "id" : 38,
    "lat" : 8.967562189801997,
    "long" : -0.23990218059637367,
    "category" : 2
  }, {
    "id" : 39,
    "lat" : 1.0049159487095207,
    "long" : -7.772034942912405,
    "category" : 2
  }, {
    "id" : 40,
    "lat" : -4.359110261499296,
    "long" : 5.099553025288479,
    "category" : 2
  }, {
    "id" : 41,
    "lat" : 3.316776593484429,
    "long" : 0.19009794124548235,
    "category" : 2
  }, {
    "id" : 42,
    "lat" : -1.9633562146192616,
    "long" : 6.968966691514327,
    "category" : 2
  }, {
    "id" : 43,
    "lat" : 8.249105154780048,
    "long" : 1.0352525672416235,
    "category" : 2
  }, {
    "id" : 44,
    "lat" : 2.309957242912034,
    "long" : 0.29698911804552375,
    "category" : 2
  }, {
    "id" : 45,
    "lat" : 3.199264304240759,
    "long" : 2.0028392444173297,
    "category" : 2
  }, {
    "id" : 46,
    "lat" : 2.0763086216031565,
    "long" : 8.077334893523032,
    "category" : 2
  }, {
    "id" : 47,
    "lat" : -0.667964265668905,
    "long" : -2.649473429029097,
    "category" : 2
  }, {
    "id" : 48,
    "lat" : 8.867401498614024,
    "long" : 2.94112276694904,
    "category" : 2
  }, {
    "id" : 49,
    "lat" : -1.444408002077275,
    "long" : 1.4776663470885572,
    "category" : 2
  }, {
    "id" : 50,
    "lat" : -5.3018131481398285,
    "long" : 0.5950250966659373,
    "category" : 2
  }, {
    "id" : 51,
    "lat" : -4.031030897294681,
    "long" : -0.4447142258803554,
    "category" : 2
  }, {
    "id" : 52,
    "lat" : -3.065944180389988,
    "long" : 8.736287679476586,
    "category" : 2
  } ],
  "vehicles" : [ {
    "id" : 53,
    "canTake" : [ 0 ],
    "start" : 16,
    "end" : 16,
    "capacity" : 5,
    "availability" : [ "08h00:20h00" ]
  }, {
    "id" : 54,
    "canTake" : [ 1 ],
    "start" : 16,
    "end" : 16,
    "capacity" : 5,
    "availability" : [ "07h00:13h00", "14h00:20h00" ]
  }, {
    "id" : 55,
    "canTake" : [ 0 ],
    "start" : 16,
    "end" : 16,
    "capacity" : 5,
    "availability" : [ "07h00:10h00", "12h00:20h00" ]
  } ],
  "patients" : [ {
    "id" : 56,
    "category" : 1,
    "load" : 1,
    "start" : -1,
    "destination" : 0,
    "end" : 17,
    "rdvTime" : "14h54",
    "rdvDuration" : "00h59",
    "srvDuration" : "00h04"
  }, {
    "id" : 57,
    "category" : 0,
    "load" : 2,
    "start" : 18,
    "destination" : 1,
    "end" : 18,
    "rdvTime" : "15h57",
    "rdvDuration" : "01h59",
    "srvDuration" : "00h04"
  }, {
    "id" : 58,
    "category" : 0,
    "load" : 2,
    "start" : -1,
    "destination" : 2,
    "end" : 19,
    "rdvTime" : "12h32",
    "rdvDuration" : "00h43",
    "srvDuration" : "00h02"
  }, {
    "id" : 59,
    "category" : 1,
    "load" : 1,
    "start" : 20,
    "destination" : 3,
    "end" : 20,
    "rdvTime" : "10h06",
    "rdvDuration" : "00h41",
    "srvDuration" : "00h04"
  }, {
    "id" : 60,
    "category" : 0,
    "load" : 2,
    "start" : 21,
    "destination" : 4,
    "end" : 21,
    "rdvTime" : "13h11",
    "rdvDuration" : "02h42",
    "srvDuration" : "00h05"
  }, {
    "id" : 61,
    "category" : 0,
    "load" : 2,
    "start" : 22,
    "destination" : 5,
    "end" : 22,
    "rdvTime" : "13h33",
    "rdvDuration" : "01h58",
    "srvDuration" : "00h04"
  }, {
    "id" : 62,
    "category" : 1,
    "load" : 1,
    "start" : 23,
    "destination" : 6,
    "end" : 24,
    "rdvTime" : "14h06",
    "rdvDuration" : "01h41",
    "srvDuration" : "00h03"
  }, {
    "id" : 63,
    "category" : 0,
    "load" : 2,
    "start" : 25,
    "destination" : 7,
    "end" : 25,
    "rdvTime" : "14h19",
    "rdvDuration" : "02h49",
    "srvDuration" : "00h02"
  }, {
    "id" : 64,
    "category" : 0,
    "load" : 1,
    "start" : 26,
    "destination" : 8,
    "end" : 26,
    "rdvTime" : "11h07",
    "rdvDuration" : "01h38",
    "srvDuration" : "00h02"
  }, {
    "id" : 65,
    "category" : 1,
    "load" : 1,
    "start" : 27,
    "destination" : 9,
    "end" : 27,
    "rdvTime" : "15h40",
    "rdvDuration" : "02h53",
    "srvDuration" : "00h01"
  }, {
    "id" : 66,
    "category" : 0,
    "load" : 2,
    "start" : 28,
    "destination" : 10,
    "end" : 28,
    "rdvTime" : "08h13",
    "rdvDuration" : "00h39",
    "srvDuration" : "00h02"
  }, {
    "id" : 67,
    "category" : 0,
    "load" : 2,
    "start" : 29,
    "destination" : 11,
    "end" : 29,
    "rdvTime" : "10h06",
    "rdvDuration" : "02h57",
    "srvDuration" : "00h03"
  }, {
    "id" : 68,
    "category" : 1,
    "load" : 2,
    "start" : 30,
    "destination" : 12,
    "end" : 30,
    "rdvTime" : "13h27",
    "rdvDuration" : "02h49",
    "srvDuration" : "00h02"
  }, {
    "id" : 69,
    "category" : 0,
    "load" : 1,
    "start" : 31,
    "destination" : 13,
    "end" : 31,
    "rdvTime" : "12h26",
    "rdvDuration" : "02h47",
    "srvDuration" : "00h05"
  }, {
    "id" : 70,
    "category" : 1,
    "load" : 2,
    "start" : 32,
    "destination" : 14,
    "end" : 32,
    "rdvTime" : "08h18",
    "rdvDuration" : "02h30",
    "srvDuration" : "00h04"
  }, {
    "id" : 71,
    "category" : 1,
    "load" : 1,
    "start" : 33,
    "destination" : 15,
    "end" : 33,
    "rdvTime" : "13h44",
    "rdvDuration" : "00h53",
    "srvDuration" : "00h02"
  }, {
    "id" : 72,
    "category" : 0,
    "load" : 2,
    "start" : 34,
    "destination" : 2,
    "end" : 34,
    "rdvTime" : "14h16",
    "rdvDuration" : "01h31",
    "srvDuration" : "00h05"
  }, {
    "id" : 73,
    "category" : 1,
    "load" : 1,
    "start" : -1,
    "destination" : 0,
    "end" : 35,
    "rdvTime" : "11h00",
    "rdvDuration" : "01h59",
    "srvDuration" : "00h05"
  }, {
    "id" : 74,
    "category" : 0,
    "load" : 2,
    "start" : 36,
    "destination" : 6,
    "end" : 37,
    "rdvTime" : "13h08",
    "rdvDuration" : "01h18",
    "srvDuration" : "00h05"
  }, {
    "id" : 75,
    "category" : 1,
    "load" : 1,
    "start" : 38,
    "destination" : 10,
    "end" : 38,
    "rdvTime" : "13h11",
    "rdvDuration" : "01h23",
    "srvDuration" : "00h02"
  }, {
    "id" : 76,
    "category" : 1,
    "load" : 2,
    "start" : 39,
    "destination" : 2,
    "end" : -1,
    "rdvTime" : "13h41",
    "rdvDuration" : "01h42",
    "srvDuration" : "00h02"
  }, {
    "id" : 77,
    "category" : 1,
    "load" : 2,
    "start" : -1,
    "destination" : 7,
    "end" : 40,
    "rdvTime" : "08h41",
    "rdvDuration" : "02h26",
    "srvDuration" : "00h05"
  }, {
    "id" : 78,
    "category" : 1,
    "load" : 2,
    "start" : 41,
    "destination" : 3,
    "end" : -1,
    "rdvTime" : "11h56",
    "rdvDuration" : "00h33",
    "srvDuration" : "00h02"
  }, {
    "id" : 79,
    "category" : 0,
    "load" : 2,
    "start" : 42,
    "destination" : 15,
    "end" : 42,
    "rdvTime" : "11h52",
    "rdvDuration" : "00h51",
    "srvDuration" : "00h01"
  }, {
    "id" : 80,
    "category" : 1,
    "load" : 2,
    "start" : -1,
    "destination" : 0,
    "end" : 43,
    "rdvTime" : "08h29",
    "rdvDuration" : "02h21",
    "srvDuration" : "00h03"
  }, {
    "id" : 81,
    "category" : 0,
    "load" : 2,
    "start" : 44,
    "destination" : 9,
    "end" : 44,
    "rdvTime" : "13h33",
    "rdvDuration" : "02h07",
    "srvDuration" : "00h05"
  }, {
    "id" : 82,
    "category" : 1,
    "load" : 1,
    "start" : 45,
    "destination" : 5,
    "end" : 46,
    "rdvTime" : "09h37",
    "rdvDuration" : "01h40",
    "srvDuration" : "00h05"
  }, {
    "id" : 83,
    "category" : 0,
    "load" : 2,
    "start" : 47,
    "destination" : 15,
    "end" : 48,
    "rdvTime" : "15h44",
    "rdvDuration" : "00h37",
    "srvDuration" : "00h05"
  }, {
    "id" : 84,
    "category" : 0,
    "load" : 2,
    "start" : 49,
    "destination" : 1,
    "end" : -1,
    "rdvTime" : "10h16",
    "rdvDuration" : "00h55",
    "srvDuration" : "00h01"
  }, {
    "id" : 85,
    "category" : 0,
    "load" : 1,
    "start" : 50,
    "destination" : 8,
    "end" : -1,
    "rdvTime" : "09h54",
    "rdvDuration" : "01h22",
    "srvDuration" : "00h04"
  }, {
    "id" : 86,
    "category" : 1,
    "load" : 1,
    "start" : 51,
    "destination" : 9,
    "end" : 51,
    "rdvTime" : "11h56",
    "rdvDuration" : "02h17",
    "srvDuration" : "00h03"
  }, {
    "id" : 87,
    "category" : 0,
    "load" : 1,
    "start" : 52,
    "destination" : 8,
    "end" : 52,
    "rdvTime" : "13h51",
    "rdvDuration" : "02h28",
    "srvDuration" : "00h04"
  } ],
  "distMatrix" : [ [ 0, 14, 6, 3, 13, 5, 10, 13, 6, 1, 9, 17, 3, 6, 9, 10, 13, 2, 13, 13, 6, 13, 10, 14, 7, 8, 10, 4, 10, 13, 9, 16, 14, 1, 7, 12, 5, 11, 14, 5, 11, 9, 13, 14, 8, 10, 15, 4, 15, 7, 6, 5, 14 ], [ 14, 0, 11, 14, 1, 14, 5, 4, 10, 13, 5, 7, 13, 14, 10, 8, 15, 12, 14, 13, 9, 6, 11, 7, 17, 10, 6, 17, 16, 12, 10, 3, 13, 14, 14, 15, 10, 12, 1, 12, 14, 6, 12, 1, 7, 6, 10, 10, 2, 10, 14, 13, 14 ], [ 6, 11, 0, 8, 10, 3, 7, 11, 0, 4, 6, 11, 3, 10, 10, 10, 8, 4, 8, 8, 5, 8, 5, 8, 7, 3, 8, 7, 7, 7, 11, 11, 8, 6, 4, 7, 3, 6, 11, 8, 6, 5, 7, 10, 4, 5, 9, 3, 11, 2, 4, 2, 9 ], [ 3, 14, 8, 0, 13, 7, 10, 12, 8, 3, 9, 17, 5, 4, 7, 9, 15, 4, 15, 16, 6, 14, 12, 15, 10, 10, 9, 7, 13, 15, 7, 16, 16, 2, 10, 15, 5, 13, 14, 3, 13, 10, 15, 14, 9, 11, 16, 5, 15, 9, 9, 7, 16 ], [ 13, 1, 10, 13, 0, 13, 4, 4, 10, 12, 4, 7, 12, 12, 9, 6, 14, 11, 14, 13, 7, 6, 11, 7, 17, 9, 5, 16, 16, 12, 9, 4, 13, 12, 13, 15, 9, 12, 1, 11, 14, 5, 12, 1, 6, 5, 10, 9, 3, 10, 14, 12, 14 ], [ 5, 14, 3, 7, 13, 0, 9, 14, 3, 4, 9, 14, 3, 11, 12, 12, 8, 4, 8, 9, 7, 11, 6, 11, 4, 5, 11, 4, 5, 9, 13, 14, 9, 6, 2, 7, 5, 7, 14, 9, 6, 8, 8, 13, 7, 8, 11, 5, 14, 4, 1, 1, 10 ], [ 10, 5, 7, 10, 4, 9, 0, 5, 6, 8, 0, 9, 9, 10, 7, 5, 12, 8, 12, 12, 4, 6, 9, 7, 13, 6, 3, 12, 13, 10, 7, 6, 12, 9, 10, 13, 5, 10, 4, 8, 11, 2, 10, 4, 3, 3, 10, 6, 6, 7, 10, 9, 13 ], [ 13, 4, 11, 12, 4, 14, 5, 0, 11, 12, 5, 11, 13, 11, 7, 4, 17, 12, 17, 16, 7, 9, 14, 11, 18, 11, 4, 17, 18, 15, 7, 8, 16, 12, 15, 17, 9, 14, 3, 9, 16, 7, 15, 4, 8, 8, 13, 10, 6, 12, 15, 13, 17 ], [ 6, 10, 0, 8, 10, 3, 6, 11, 0, 5, 6, 11, 4, 10, 10, 10, 8, 4, 8, 8, 5, 8, 5, 8, 7, 3, 8, 7, 7, 7, 11, 11, 9, 6, 4, 8, 3, 6, 10, 8, 6, 5, 7, 10, 4, 5, 9, 3, 11, 2, 4, 3, 9 ], [ 1, 13, 4, 3, 12, 4, 8, 12, 5, 0, 8, 15, 2, 7, 8, 10, 12, 1, 12, 12, 5, 12, 9, 12, 7, 7, 9, 4, 9, 12, 9, 14, 13, 2, 6, 11, 3, 10, 13, 5, 10, 8, 11, 12, 7, 9, 13, 3, 14, 6, 5, 4, 13 ], [ 9, 5, 6, 9, 4, 9, 0, 5, 6, 8, 0, 9, 8, 9, 7, 5, 12, 7, 12, 11, 4, 6, 9, 7, 13, 6, 3, 12, 12, 10, 7, 7, 12, 8, 10, 12, 5, 10, 5, 7, 11, 2, 10, 4, 3, 3, 10, 5, 6, 6, 10, 9, 12 ], [ 17, 7, 11, 17, 7, 14, 9, 11, 11, 15, 9, 0, 15, 18, 16, 13, 11, 14, 10, 9, 12, 3, 9, 3, 17, 9, 11, 18, 14, 8, 16, 3, 9, 16, 13, 12, 12, 9, 8, 16, 11, 8, 9, 6, 8, 6, 5, 12, 5, 10, 14, 13, 10 ], [ 3, 13, 3, 5, 12, 3, 9, 13, 4, 2, 8, 15, 0, 8, 10, 11, 10, 2, 10, 11, 6, 11, 8, 12, 6, 6, 9, 4, 8, 11, 10, 14, 11, 3, 5, 10, 4, 9, 13, 7, 8, 8, 10, 12, 7, 8, 12, 3, 14, 5, 4, 3, 12 ], [ 6, 14, 10, 4, 12, 11, 10, 11, 10, 7, 9, 18, 8, 0, 4, 7, 18, 7, 18, 18, 6, 15, 15, 16, 13, 12, 8, 10, 16, 17, 4, 16, 18, 5, 13, 17, 7, 16, 13, 2, 16, 10, 17, 13, 10, 12, 18, 7, 15, 11, 12, 10, 19 ], [ 9, 10, 10, 7, 9, 12, 7, 7, 10, 8, 7, 16, 10, 4, 0, 3, 18, 8, 18, 18, 5, 13, 14, 14, 15, 12, 5, 13, 17, 16, 1, 13, 18, 7, 14, 18, 7, 15, 9, 3, 16, 8, 16, 10, 9, 10, 16, 8, 12, 11, 13, 11, 18 ], [ 10, 8, 10, 9, 6, 12, 5, 4, 10, 10, 5, 13, 11, 7, 3, 0, 17, 9, 17, 17, 5, 11, 14, 12, 16, 11, 3, 14, 17, 15, 3, 11, 17, 9, 14, 17, 7, 15, 6, 6, 16, 7, 16, 7, 8, 9, 15, 8, 9, 11, 14, 12, 18 ], [ 13, 15, 8, 15, 14, 8, 12, 17, 8, 12, 12, 11, 10, 18, 18, 17, 0, 12, 1, 2, 13, 9, 4, 8, 8, 6, 15, 12, 4, 3, 18, 13, 2, 14, 6, 1, 11, 3, 15, 16, 2, 10, 2, 14, 10, 9, 6, 11, 14, 7, 7, 8, 2 ], [ 2, 12, 4, 4, 11, 4, 8, 12, 4, 1, 7, 14, 2, 7, 8, 9, 12, 0, 11, 12, 4, 11, 9, 12, 7, 6, 8, 5, 9, 11, 9, 13, 12, 2, 6, 11, 3, 9, 12, 5, 9, 7, 11, 12, 6, 8, 13, 2, 13, 5, 5, 4, 13 ], [ 13, 14, 8, 15, 14, 8, 12, 17, 8, 12, 12, 10, 10, 18, 18, 17, 1, 11, 0, 1, 12, 8, 3, 7, 9, 6, 14, 12, 5, 3, 18, 12, 2, 14, 6, 2, 11, 2, 15, 16, 3, 10, 2, 13, 9, 9, 6, 11, 13, 6, 7, 8, 1 ], [ 13, 13, 8, 16, 13, 9, 12, 16, 8, 12, 11, 9, 11, 18, 18, 17, 2, 12, 1, 0, 12, 8, 3, 7, 10, 6, 14, 12, 6, 2, 18, 11, 1, 14, 7, 3, 11, 2, 14, 16, 3, 10, 1, 13, 9, 8, 5, 11, 12, 7, 8, 8, 1 ], [ 6, 9, 5, 6, 7, 7, 4, 7, 5, 5, 4, 12, 6, 6, 5, 5, 13, 4, 12, 12, 0, 9, 9, 10, 11, 6, 4, 9, 12, 11, 6, 10, 13, 5, 9, 13, 2, 10, 8, 4, 11, 4, 11, 8, 4, 6, 12, 3, 10, 6, 8, 7, 13 ], [ 13, 6, 8, 14, 6, 11, 6, 9, 8, 12, 6, 3, 11, 15, 13, 11, 9, 11, 8, 8, 9, 0, 6, 1, 14, 6, 8, 15, 11, 6, 13, 4, 7, 13, 10, 10, 9, 7, 7, 13, 9, 5, 7, 5, 5, 3, 4, 9, 5, 7, 11, 10, 9 ], [ 10, 11, 5, 12, 11, 6, 9, 14, 5, 9, 9, 9, 8, 15, 14, 14, 4, 9, 3, 3, 9, 6, 0, 6, 8, 3, 11, 10, 5, 3, 15, 10, 4, 11, 4, 4, 7, 1, 12, 13, 3, 7, 2, 11, 6, 6, 5, 7, 11, 3, 5, 6, 4 ], [ 14, 7, 8, 15, 7, 11, 7, 11, 8, 12, 7, 3, 12, 16, 14, 12, 8, 12, 7, 7, 10, 1, 6, 0, 13, 6, 10, 15, 11, 5, 15, 5, 6, 14, 10, 9, 10, 6, 8, 14, 8, 6, 6, 7, 6, 4, 3, 10, 6, 7, 11, 10, 7 ], [ 7, 17, 7, 10, 17, 4, 13, 18, 7, 7, 13, 17, 6, 13, 15, 16, 8, 7, 9, 10, 11, 14, 8, 13, 0, 8, 14, 4, 4, 10, 16, 17, 10, 8, 4, 7, 9, 8, 17, 12, 6, 12, 9, 17, 11, 12, 13, 8, 17, 7, 3, 4, 10 ], [ 8, 10, 3, 10, 9, 5, 6, 11, 3, 7, 6, 9, 6, 12, 12, 11, 6, 6, 6, 6, 6, 6, 3, 6, 8, 0, 8, 9, 7, 5, 12, 9, 6, 9, 4, 6, 5, 4, 10, 10, 5, 4, 5, 9, 3, 4, 6, 5, 9, 1, 5, 4, 7 ], [ 10, 6, 8, 9, 5, 11, 3, 4, 8, 9, 3, 11, 9, 8, 5, 3, 15, 8, 14, 14, 4, 8, 11, 10, 14, 8, 0, 13, 15, 13, 5, 8, 14, 8, 12, 15, 6, 12, 5, 6, 13, 4, 13, 5, 5, 6, 12, 6, 7, 9, 12, 10, 15 ], [ 4, 17, 7, 7, 16, 4, 12, 17, 7, 4, 12, 18, 4, 10, 13, 14, 12, 5, 12, 12, 9, 15, 10, 15, 4, 9, 13, 0, 8, 13, 13, 17, 13, 5, 6, 10, 7, 11, 17, 9, 9, 11, 12, 16, 10, 12, 15, 7, 18, 8, 5, 5, 13 ], [ 10, 16, 7, 13, 16, 5, 13, 18, 7, 9, 12, 14, 8, 16, 17, 17, 4, 9, 5, 6, 12, 11, 5, 11, 4, 7, 15, 8, 0, 7, 17, 15, 6, 11, 3, 3, 10, 5, 16, 14, 3, 11, 6, 15, 10, 10, 10, 9, 16, 6, 4, 5, 6 ], [ 13, 12, 7, 15, 12, 9, 10, 15, 7, 12, 10, 8, 11, 17, 16, 15, 3, 11, 3, 2, 11, 6, 3, 5, 10, 5, 13, 13, 7, 0, 17, 10, 1, 13, 7, 4, 10, 2, 12, 15, 4, 8, 1, 11, 8, 7, 3, 10, 11, 6, 8, 8, 3 ], [ 9, 10, 11, 7, 9, 13, 7, 7, 11, 9, 7, 16, 10, 4, 1, 3, 18, 9, 18, 18, 6, 13, 15, 15, 16, 12, 5, 13, 17, 17, 0, 13, 18, 8, 14, 18, 8, 16, 9, 4, 17, 9, 17, 10, 9, 11, 17, 8, 12, 12, 14, 12, 19 ], [ 16, 3, 11, 16, 4, 14, 6, 8, 11, 14, 7, 3, 14, 16, 13, 11, 13, 13, 12, 11, 10, 4, 10, 5, 17, 9, 8, 17, 15, 10, 13, 0, 11, 15, 13, 13, 11, 10, 5, 14, 12, 6, 10, 3, 7, 5, 7, 11, 2, 10, 14, 13, 12 ], [ 14, 13, 8, 16, 13, 9, 12, 16, 9, 13, 12, 9, 11, 18, 18, 17, 2, 12, 2, 1, 13, 7, 4, 6, 10, 6, 14, 13, 6, 1, 18, 11, 0, 14, 7, 4, 11, 3, 14, 16, 4, 10, 1, 13, 9, 8, 4, 11, 12, 7, 8, 9, 1 ], [ 1, 14, 6, 2, 12, 6, 9, 12, 6, 2, 8, 16, 3, 5, 7, 9, 14, 2, 14, 14, 5, 13, 11, 14, 8, 9, 8, 5, 11, 13, 8, 15, 14, 0, 8, 13, 4, 12, 13, 4, 11, 8, 13, 13, 8, 10, 15, 4, 14, 8, 7, 6, 15 ], [ 7, 14, 4, 10, 13, 2, 10, 15, 4, 6, 10, 13, 5, 13, 14, 14, 6, 6, 6, 7, 9, 10, 4, 10, 4, 4, 12, 6, 3, 7, 14, 13, 7, 8, 0, 5, 7, 5, 14, 11, 3, 8, 6, 13, 7, 8, 9, 6, 14, 3, 1, 2, 7 ], [ 12, 15, 7, 15, 15, 7, 13, 17, 8, 11, 12, 12, 10, 17, 18, 17, 1, 11, 2, 3, 13, 10, 4, 9, 7, 6, 15, 10, 3, 4, 18, 13, 4, 13, 5, 0, 11, 3, 16, 16, 2, 11, 3, 15, 10, 10, 7, 10, 14, 6, 6, 7, 3 ], [ 5, 10, 3, 5, 9, 5, 5, 9, 3, 3, 5, 12, 4, 7, 7, 7, 11, 3, 11, 11, 2, 9, 7, 10, 9, 5, 6, 7, 10, 10, 8, 11, 11, 4, 7, 11, 0, 9, 9, 5, 9, 4, 10, 9, 4, 6, 11, 1, 11, 4, 6, 5, 12 ], [ 11, 12, 6, 13, 12, 7, 10, 14, 6, 10, 10, 9, 9, 16, 15, 15, 3, 9, 2, 2, 10, 7, 1, 6, 8, 4, 12, 11, 5, 2, 16, 10, 3, 12, 5, 3, 9, 0, 13, 14, 2, 8, 1, 11, 7, 7, 5, 8, 11, 4, 6, 6, 3 ], [ 14, 1, 11, 14, 1, 14, 4, 3, 10, 13, 5, 8, 13, 13, 9, 6, 15, 12, 15, 14, 8, 7, 12, 8, 17, 10, 5, 17, 16, 12, 9, 5, 14, 13, 14, 16, 9, 13, 0, 11, 14, 6, 13, 1, 7, 6, 11, 10, 3, 11, 14, 13, 15 ], [ 5, 12, 8, 3, 11, 9, 8, 9, 8, 5, 7, 16, 7, 2, 3, 6, 16, 5, 16, 16, 4, 13, 13, 14, 12, 10, 6, 9, 14, 15, 4, 14, 16, 4, 11, 16, 5, 14, 11, 0, 14, 8, 15, 11, 8, 10, 16, 5, 13, 10, 10, 9, 17 ], [ 11, 14, 6, 13, 14, 6, 11, 16, 6, 10, 11, 11, 8, 16, 16, 16, 2, 9, 3, 3, 11, 9, 3, 8, 6, 5, 13, 9, 3, 4, 17, 12, 4, 11, 3, 2, 9, 2, 14, 14, 0, 9, 3, 13, 8, 8, 7, 9, 13, 5, 5, 6, 4 ], [ 9, 6, 5, 10, 5, 8, 2, 7, 5, 8, 2, 8, 8, 10, 8, 7, 10, 7, 10, 10, 4, 5, 7, 6, 12, 4, 4, 11, 11, 8, 9, 6, 10, 8, 8, 11, 4, 8, 6, 8, 9, 0, 9, 5, 1, 2, 8, 5, 6, 5, 9, 7, 11 ], [ 13, 12, 7, 15, 12, 8, 10, 15, 7, 11, 10, 9, 10, 17, 16, 16, 2, 11, 2, 1, 11, 7, 2, 6, 9, 5, 13, 12, 6, 1, 17, 10, 1, 13, 6, 3, 10, 1, 13, 15, 3, 9, 0, 12, 8, 7, 4, 10, 12, 6, 7, 8, 2 ], [ 14, 1, 10, 14, 1, 13, 4, 4, 10, 12, 4, 6, 12, 13, 10, 7, 14, 12, 13, 13, 8, 5, 11, 7, 17, 9, 5, 16, 15, 11, 10, 3, 13, 13, 13, 15, 9, 11, 1, 11, 13, 5, 12, 0, 6, 5, 9, 10, 2, 10, 14, 12, 14 ], [ 8, 7, 4, 9, 6, 7, 3, 8, 4, 7, 3, 8, 7, 10, 9, 8, 10, 6, 9, 9, 4, 5, 6, 6, 11, 3, 5, 10, 10, 8, 9, 7, 9, 8, 7, 10, 4, 7, 7, 8, 8, 1, 8, 6, 0, 2, 8, 4, 7, 4, 8, 6, 10 ], [ 10, 6, 5, 11, 5, 8, 3, 8, 5, 9, 3, 6, 8, 12, 10, 9, 9, 8, 9, 8, 6, 3, 6, 4, 12, 4, 6, 12, 10, 7, 11, 5, 8, 10, 8, 10, 6, 7, 6, 10, 8, 2, 7, 5, 2, 0, 6, 6, 6, 5, 9, 8, 9 ], [ 15, 10, 9, 16, 10, 11, 10, 13, 9, 13, 10, 5, 12, 18, 16, 15, 6, 13, 6, 5, 12, 4, 5, 3, 13, 6, 12, 15, 10, 3, 17, 7, 4, 15, 9, 7, 11, 5, 11, 16, 7, 8, 4, 9, 8, 6, 0, 11, 9, 7, 11, 10, 5 ], [ 4, 10, 3, 5, 9, 5, 6, 10, 3, 3, 5, 12, 3, 7, 8, 8, 11, 2, 11, 11, 3, 9, 7, 10, 8, 5, 6, 7, 9, 10, 8, 11, 11, 4, 6, 10, 1, 8, 10, 5, 9, 5, 10, 10, 4, 6, 11, 0, 11, 4, 6, 4, 12 ], [ 15, 2, 11, 15, 3, 14, 6, 6, 11, 14, 6, 5, 14, 15, 12, 9, 14, 13, 13, 12, 10, 5, 11, 6, 17, 9, 7, 18, 16, 11, 12, 2, 12, 14, 14, 14, 11, 11, 3, 13, 13, 6, 12, 2, 7, 6, 9, 11, 0, 10, 14, 13, 13 ], [ 7, 10, 2, 9, 10, 4, 7, 12, 2, 6, 6, 10, 5, 11, 11, 11, 7, 5, 6, 7, 6, 7, 3, 7, 7, 1, 9, 8, 6, 6, 12, 10, 7, 8, 3, 6, 4, 4, 11, 10, 5, 5, 6, 10, 4, 5, 7, 4, 10, 0, 4, 3, 7 ], [ 6, 14, 4, 9, 14, 1, 10, 15, 4, 5, 10, 14, 4, 12, 13, 14, 7, 5, 7, 8, 8, 11, 5, 11, 3, 5, 12, 5, 4, 8, 14, 14, 8, 7, 1, 6, 6, 6, 14, 10, 5, 9, 7, 14, 8, 9, 11, 6, 14, 4, 0, 2, 8 ], [ 5, 13, 2, 7, 12, 1, 9, 13, 3, 4, 9, 13, 3, 10, 11, 12, 8, 4, 8, 8, 7, 10, 6, 10, 4, 4, 10, 5, 5, 8, 12, 13, 9, 6, 2, 7, 5, 6, 13, 9, 6, 7, 8, 12, 6, 8, 10, 4, 13, 3, 2, 0, 9 ], [ 14, 14, 9, 16, 14, 10, 13, 17, 9, 13, 12, 10, 12, 19, 18, 18, 2, 13, 1, 1, 13, 9, 4, 7, 10, 7, 15, 13, 6, 3, 19, 12, 1, 15, 7, 3, 12, 3, 15, 17, 4, 11, 2, 14, 10, 9, 5, 12, 13, 7, 8, 9, 0 ] ]
}