{
  "version" : "0.3",
  "id" : 1805759547,
  "name" : "PTP-RAND-3_16_3_32",
  "coordType" : "Eucl",
  "sameVehicleBackward" : false,
  "maxWaitTime" : "00h30",
  "places" : [ {
    "id" : 0,
    "lat" : -3.541207685177244,
    "long" : -11.058028369728893,
    "category" : 0
  }, {
    "id" : 1,
    "lat" : 2.030267479792368,
    "long" : 2.1999035684932604,
    "category" : 0
  }, {
    "id" : 2,
    "lat" : 7.675157888743935,
    "long" : 4.559762786499325,
    "category" : 0
  }, {
    "id" : 3,
    "lat" : -0.055554466118657456,
    "long" : -4.197636025099644,
    "category" : 0
  }, {
    "id" : 4,
    "lat" : 0.16629717046572184,
    "long" : -10.092325495864955,
    "category" : 0
  }, {
    "id" : 5,
    "lat" : -7.738086058398992,
    "long" : -4.426028959973508,
    "category" : 0
  }, {
    "id" : 6,
    "lat" : -2.8007889625345843,
    "long" : 1.4064534009644638,
    "category" : 0
  }, {
    "id" : 7,
    "lat" : 5.826280120033436,
    "long" : 8.688677917756516,
    "category" : 0
  }, {
    "id" : 8,
    "lat" : 2.071242966763626,
    "long" : -9.463759524275073,
    "category" : 0
  }, {
    "id" : 9,
    "lat" : 3.697875694510644,
    "long" : -3.8935930002478663,
    "category" : 0
  }, {
    "id" : 10,
    "lat" : -5.304988795017388,
    "long" : 8.619233073341945,
    "category" : 0
  }, {
    "id" : 11,
    "lat" : -4.577338712292813,
    "long" : 1.797437482366727,
    "category" : 0
  }, {
    "id" : 12,
    "lat" : -4.141092668029286,
    "long" : 9.076534959070964,
    "category" : 0
  }, {
    "id" : 13,
    "lat" : -0.8961856618188963,
    "long" : 10.747840316524012,
    "category" : 0
  }, {
    "id" : 14,
    "lat" : -1.0013495085450477,
    "long" : 6.447162645956072,
    "category" : 0
  }, {
    "id" : 15,
    "lat" : -9.74094043353768,
    "long" : 3.26089048962377,
    "category" : 0
  }, {
    "id" : 16,
    "lat" : -5.3469124784019035,
    "long" : -5.408133504583145,
    "category" : 1
  }, {
    "id" : 17,
    "lat" : -10.994153242699149,
    "long" : 3.2209816266046185,
    "category" : 2
  }, {
    "id" : 18,
    "lat" : -1.680485905672204,
    "long" : -9.457589095757871,
    "category" : 2
  }, {
    "id" : 19,
    "lat" : -0.5559834546296509,
    "long" : 8.385509069539518,
    "category" : 2
  }, {
    "id" : 20,
    "lat" : 2.401526747812192,
    "long" : -2.3034892804103344,
    "category" : 2
  }, {
    "id" : 21,
    "lat" : -5.238437013498013,
    "long" : -5.566804412102088,
    "category" : 2
  }, {
    "id" : 22,
    "lat" : 5.289603539556229,
    "long" : 4.046329398756163,
    "category" : 2
  }, {
    "id" : 23,
    "lat" : -3.6057420560962115,
    "long" : 3.7191505513625884,
    "category" : 2
  }, {
    "id" : 24,
    "lat" : 1.9547549245115867,
    "long" : -11.139346100127284,
    "category" : 2
  }, {
    "id" : 25,
    "lat" : 11.042074354971822,
    "long" : 2.844904708458665,
    "category" : 2
  }, {
    "id" : 26,
    "lat" : -7.6965681472547045,
    "long" : -5.6354384718691115,
    "category" : 2
  }, {
    "id" : 27,
    "lat" : 6.517002577980798,
    "long" : 4.926659486839939,
    "category" : 2
  }, {
    "id" : 28,
    "lat" : 6.415970347285209,
    "long" : -0.19653561249660145,
    "category" : 2
  }, {
    "id" : 29,
    "lat" : -11.762697026227185,
    "long" : 2.3544444066555625,
    "category" : 2
  }, {
    "id" : 30,
    "lat" : 4.792833703220318,
    "long" : 7.146370421563367,
    "category" : 2
  }, {
    "id" : 31,
    "lat" : 8.280379586751275,
    "long" : 0.6458229244429096,
    "category" : 2
  }, {
    "id" : 32,
    "lat" : -9.110460559834689,
    "long" : 6.636605429804893,
    "category" : 2
  }, {
    "id" : 33,
    "lat" : 7.140436963428773,
    "long" : 7.299473918637047,
    "category" : 2
  }, {
    "id" : 34,
    "lat" : -7.471974645476924,
    "long" : -0.3548020481591866,
    "category" : 2
  }, {
    "id" : 35,
    "lat" : 6.678601496159086,
    "long" : 1.5248690000856229,
    "category" : 2
  }, {
    "id" : 36,
    "lat" : 2.6698915123093823,
    "long" : -7.061752002247576,
    "category" : 2
  }, {
    "id" : 37,
    "lat" : 4.811809485248822,
    "long" : 8.583065954467829,
    "category" : 2
  }, {
    "id" : 38,
    "lat" : 6.573975273454892,
    "long" : 2.4513805595981637,
    "category" : 2
  }, {
    "id" : 39,
    "lat" : -8.387052825049906,
    "long" : 2.272041241535125,
    "category" : 2
  }, {
    "id" : 40,
    "lat" : -4.490743867151303,
    "long" : -10.970766455360879,
    "category" : 2
  }, {
    "id" : 41,
    "lat" : 5.971675965157219,
    "long" : 10.238241418072896,
    "category" : 2
  }, {
    "id" : 42,
    "lat" : 8.200123942907611,
    "long" : -6.657475495163475,
    "category" : 2
  }, {
    "id" : 43,
    "lat" : -0.45916681495889616,
    "long" : -3.190527813096862,
    "category" : 2
  }, {
    "id" : 44,
    "lat" : 0.6822539823889936,
    "long" : -1.4796273020336947,
    "category" : 2
  }, {
    "id" : 45,
    "lat" : -3.6580455951114588,
    "long" : -4.702837121193728,
    "category" : 2
  }, {
    "id" : 46,
    "lat" : -8.147086761283862,
    "long" : -7.933117295064973,
    "category" : 2
  }, {
    "id" : 47,
    "lat" : 4.654794379964159,
    "long" : -4.458087386032215,
    "category" : 2
  }, {
    "id" : 48,
    "lat" : -0.03356645055752856,
    "long" : 11.922393850934338,
    "category" : 2
  }, {
    "id" : 49,
    "lat" : 5.7348372221776795,
    "long" : 7.166197272916288,
    "category" : 2
  } ],
  "vehicles" : [ {
    "id" : 50,
    "canTake" : [ 1 ],
    "start" : 16,
    "end" : 16,
    "capacity" : 6,
    "availability" : [ "08h00:20h00" ]
  }, {
    "id" : 51,
    "canTake" : [ 0 ],
    "start" : 16,
    "end" : 16,
    "capacity" : 4,
    "availability" : [ "07h00:15h00", "17h00:20h00" ]
  }, {
    "id" : 52,
    "canTake" : [ 1 ],
    "start" : 16,
    "end" : 16,
    "capacity" : 6,
    "availability" : [ "07h00:14h00", "15h00:20h00" ]
  } ],
  "patients" : [ {
    "id" : 53,
    "category" : 1,
    "load" : 2,
    "start" : 17,
    "destination" : 0,
    "end" : 17,
    "rdvTime" : "14h07",
    "rdvDuration" : "01h47",
    "srvDuration" : "00h03"
  }, {
    "id" : 54,
    "category" : 0,
    "load" : 1,
    "start" : 18,
    "destination" : 1,
    "end" : 18,
    "rdvTime" : "08h52",
    "rdvDuration" : "00h51",
    "srvDuration" : "00h03"
  }, {
    "id" : 55,
    "category" : 1,
    "load" : 1,
    "start" : 19,
    "destination" : 2,
    "end" : 19,
    "rdvTime" : "10h44",
    "rdvDuration" : "02h19",
    "srvDuration" : "00h03"
  }, {
    "id" : 56,
    "category" : 0,
    "load" : 1,
    "start" : 20,
    "destination" : 3,
    "end" : 20,
    "rdvTime" : "11h03",
    "rdvDuration" : "00h19",
    "srvDuration" : "00h01"
  }, {
    "id" : 57,
    "category" : 1,
    "load" : 2,
    "start" : 21,
    "destination" : 4,
    "end" : 21,
    "rdvTime" : "13h42",
    "rdvDuration" : "00h18",
    "srvDuration" : "00h01"
  }, {
    "id" : 58,
    "category" : 0,
    "load" : 2,
    "start" : 22,
    "destination" : 5,
    "end" : 22,
    "rdvTime" : "12h41",
    "rdvDuration" : "02h56",
    "srvDuration" : "00h02"
  }, {
    "id" : 59,
    "category" : 1,
    "load" : 2,
    "start" : 23,
    "destination" : 6,
    "end" : 23,
    "rdvTime" : "14h18",
    "rdvDuration" : "02h17",
    "srvDuration" : "00h01"
  }, {
    "id" : 60,
    "category" : 1,
    "load" : 2,
    "start" : -1,
    "destination" : 7,
    "end" : 24,
    "rdvTime" : "08h28",
    "rdvDuration" : "01h56",
    "srvDuration" : "00h01"
  }, {
    "id" : 61,
    "category" : 0,
    "load" : 1,
    "start" : 25,
    "destination" : 8,
    "end" : 25,
    "rdvTime" : "09h48",
    "rdvDuration" : "02h38",
    "srvDuration" : "00h02"
  }, {
    "id" : 62,
    "category" : 1,
    "load" : 1,
    "start" : -1,
    "destination" : 9,
    "end" : 26,
    "rdvTime" : "10h58",
    "rdvDuration" : "00h39",
    "srvDuration" : "00h03"
  }, {
    "id" : 63,
    "category" : 0,
    "load" : 1,
    "start" : 27,
    "destination" : 10,
    "end" : 27,
    "rdvTime" : "14h32",
    "rdvDuration" : "02h59",
    "srvDuration" : "00h03"
  }, {
    "id" : 64,
    "category" : 0,
    "load" : 2,
    "start" : -1,
    "destination" : 11,
    "end" : 28,
    "rdvTime" : "10h45",
    "rdvDuration" : "00h17",
    "srvDuration" : "00h03"
  }, {
    "id" : 65,
    "category" : 0,
    "load" : 1,
    "start" : 29,
    "destination" : 12,
    "end" : 29,
    "rdvTime" : "11h42",
    "rdvDuration" : "02h30",
    "srvDuration" : "00h03"
  }, {
    "id" : 66,
    "category" : 1,
    "load" : 2,
    "start" : 30,
    "destination" : 13,
    "end" : 30,
    "rdvTime" : "08h25",
    "rdvDuration" : "01h06",
    "srvDuration" : "00h01"
  }, {
    "id" : 67,
    "category" : 0,
    "load" : 2,
    "start" : 31,
    "destination" : 14,
    "end" : -1,
    "rdvTime" : "15h31",
    "rdvDuration" : "01h59",
    "srvDuration" : "00h01"
  }, {
    "id" : 68,
    "category" : 1,
    "load" : 1,
    "start" : 32,
    "destination" : 15,
    "end" : 32,
    "rdvTime" : "12h50",
    "rdvDuration" : "02h56",
    "srvDuration" : "00h03"
  }, {
    "id" : 69,
    "category" : 1,
    "load" : 2,
    "start" : 33,
    "destination" : 9,
    "end" : 33,
    "rdvTime" : "13h31",
    "rdvDuration" : "00h21",
    "srvDuration" : "00h01"
  }, {
    "id" : 70,
    "category" : 1,
    "load" : 1,
    "start" : 34,
    "destination" : 0,
    "end" : 34,
    "rdvTime" : "12h33",
    "rdvDuration" : "01h55",
    "srvDuration" : "00h03"
  }, {
    "id" : 71,
    "category" : 0,
    "load" : 1,
    "start" : -1,
    "destination" : 2,
    "end" : 35,
    "rdvTime" : "08h20",
    "rdvDuration" : "01h53",
    "srvDuration" : "00h03"
  }, {
    "id" : 72,
    "category" : 0,
    "load" : 1,
    "start" : 36,
    "destination" : 2,
    "end" : 36,
    "rdvTime" : "12h07",
    "rdvDuration" : "01h04",
    "srvDuration" : "00h02"
  }, {
    "id" : 73,
    "category" : 1,
    "load" : 1,
    "start" : 37,
    "destination" : 13,
    "end" : 37,
    "rdvTime" : "12h54",
    "rdvDuration" : "00h17",
    "srvDuration" : "00h02"
  }, {
    "id" : 74,
    "category" : 0,
    "load" : 1,
    "start" : 38,
    "destination" : 4,
    "end" : 39,
    "rdvTime" : "09h18",
    "rdvDuration" : "01h15",
    "srvDuration" : "00h03"
  }, {
    "id" : 75,
    "category" : 1,
    "load" : 1,
    "start" : -1,
    "destination" : 12,
    "end" : 40,
    "rdvTime" : "14h15",
    "rdvDuration" : "01h19",
    "srvDuration" : "00h02"
  }, {
    "id" : 76,
    "category" : 1,
    "load" : 2,
    "start" : 41,
    "destination" : 14,
    "end" : 41,
    "rdvTime" : "10h15",
    "rdvDuration" : "02h44",
    "srvDuration" : "00h02"
  }, {
    "id" : 77,
    "category" : 1,
    "load" : 1,
    "start" : 42,
    "destination" : 11,
    "end" : 42,
    "rdvTime" : "13h05",
    "rdvDuration" : "01h46",
    "srvDuration" : "00h03"
  }, {
    "id" : 78,
    "category" : 0,
    "load" : 2,
    "start" : 43,
    "destination" : 8,
    "end" : 43,
    "rdvTime" : "11h15",
    "rdvDuration" : "00h22",
    "srvDuration" : "00h01"
  }, {
    "id" : 79,
    "category" : 0,
    "load" : 1,
    "start" : 44,
    "destination" : 8,
    "end" : -1,
    "rdvTime" : "09h59",
    "rdvDuration" : "01h12",
    "srvDuration" : "00h01"
  }, {
    "id" : 80,
    "category" : 1,
    "load" : 2,
    "start" : 45,
    "destination" : 10,
    "end" : 45,
    "rdvTime" : "10h46",
    "rdvDuration" : "02h41",
    "srvDuration" : "00h03"
  }, {
    "id" : 81,
    "category" : 1,
    "load" : 2,
    "start" : 46,
    "destination" : 12,
    "end" : 46,
    "rdvTime" : "14h19",
    "rdvDuration" : "00h27",
    "srvDuration" : "00h01"
  }, {
    "id" : 82,
    "category" : 0,
    "load" : 2,
    "start" : 47,
    "destination" : 9,
    "end" : 47,
    "rdvTime" : "15h56",
    "rdvDuration" : "00h48",
    "srvDuration" : "00h03"
  }, {
    "id" : 83,
    "category" : 1,
    "load" : 2,
    "start" : 48,
    "destination" : 7,
    "end" : 48,
    "rdvTime" : "15h01",
    "rdvDuration" : "02h58",
    "srvDuration" : "00h02"
  }, {
    "id" : 84,
    "category" : 1,
    "load" : 1,
    "start" : 49,
    "destination" : 7,
    "end" : 49,
    "rdvTime" : "13h11",
    "rdvDuration" : "01h45",
    "srvDuration" : "00h01"
  } ],
  "distMatrix" : [ [ 0, 14, 19, 8, 4, 8, 12, 22, 6, 10, 20, 13, 20, 22, 18, 16, 6, 16, 2, 20, 11, 6, 17, 15, 5, 20, 7, 19, 15, 16, 20, 17, 19, 21, 11, 16, 7, 21, 17, 14, 1, 23, 13, 8, 10, 6, 6, 11, 23, 20 ], [ 14, 0, 6, 7, 12, 12, 5, 8, 12, 6, 10, 7, 9, 9, 5, 12, 11, 13, 12, 7, 5, 11, 4, 6, 13, 9, 12, 5, 5, 14, 6, 6, 12, 7, 10, 5, 9, 7, 5, 10, 15, 9, 11, 6, 4, 9, 14, 7, 10, 6 ], [ 19, 6, 0, 12, 16, 18, 11, 5, 15, 9, 14, 13, 13, 11, 9, 17, 16, 19, 17, 9, 9, 16, 2, 11, 17, 4, 18, 1, 5, 20, 4, 4, 17, 3, 16, 3, 13, 5, 2, 16, 20, 6, 11, 11, 9, 15, 20, 10, 11, 3 ], [ 8, 7, 12, 0, 6, 8, 6, 14, 6, 4, 14, 8, 14, 15, 11, 12, 5, 13, 6, 13, 3, 5, 10, 9, 7, 13, 8, 11, 8, 13, 12, 10, 14, 14, 8, 9, 4, 14, 9, 11, 8, 16, 9, 1, 3, 4, 9, 5, 16, 13 ], [ 4, 12, 16, 6, 0, 10, 12, 20, 2, 7, 19, 13, 20, 21, 17, 17, 7, 17, 2, 18, 8, 7, 15, 14, 2, 17, 9, 16, 12, 17, 18, 13, 19, 19, 12, 13, 4, 19, 14, 15, 5, 21, 9, 7, 9, 7, 9, 7, 22, 18 ], [ 8, 12, 18, 8, 10, 0, 8, 19, 11, 11, 13, 7, 14, 17, 13, 8, 3, 8, 8, 15, 10, 3, 16, 9, 12, 20, 1, 17, 15, 8, 17, 17, 11, 19, 4, 16, 11, 18, 16, 7, 7, 20, 16, 7, 9, 4, 4, 12, 18, 18 ], [ 12, 5, 11, 6, 12, 8, 0, 11, 12, 8, 8, 2, 8, 10, 5, 7, 7, 8, 11, 7, 6, 7, 9, 2, 13, 14, 9, 10, 9, 9, 10, 11, 8, 12, 5, 9, 10, 10, 9, 6, 12, 12, 14, 5, 5, 6, 11, 9, 11, 10 ], [ 22, 8, 5, 14, 20, 19, 11, 0, 19, 13, 11, 12, 10, 7, 7, 16, 18, 18, 20, 6, 12, 18, 5, 11, 20, 8, 20, 4, 9, 19, 2, 8, 15, 2, 16, 7, 16, 1, 6, 16, 22, 2, 16, 13, 11, 16, 22, 13, 7, 2 ], [ 6, 12, 15, 6, 2, 11, 12, 19, 0, 6, 20, 13, 20, 20, 16, 17, 8, 18, 4, 18, 7, 8, 14, 14, 2, 15, 10, 15, 10, 18, 17, 12, 20, 18, 13, 12, 2, 18, 13, 16, 7, 20, 7, 7, 8, 7, 10, 6, 21, 17 ], [ 10, 6, 9, 4, 7, 11, 8, 13, 6, 0, 15, 10, 15, 15, 11, 15, 9, 16, 8, 13, 2, 9, 8, 11, 7, 10, 12, 9, 5, 17, 11, 6, 17, 12, 12, 6, 3, 13, 7, 14, 11, 14, 5, 4, 4, 7, 13, 1, 16, 11 ], [ 20, 10, 14, 14, 19, 13, 8, 11, 20, 15, 0, 7, 1, 5, 5, 7, 14, 8, 18, 5, 13, 14, 12, 5, 21, 17, 14, 12, 15, 9, 10, 16, 4, 13, 9, 14, 18, 10, 13, 7, 20, 11, 20, 13, 12, 13, 17, 16, 6, 11 ], [ 13, 7, 13, 8, 13, 7, 2, 12, 13, 10, 7, 0, 7, 10, 6, 5, 7, 7, 12, 8, 8, 7, 10, 2, 14, 16, 8, 12, 11, 7, 11, 13, 7, 13, 4, 11, 11, 12, 11, 4, 13, 14, 15, 6, 6, 7, 10, 11, 11, 12 ], [ 20, 9, 13, 14, 20, 14, 8, 10, 20, 15, 1, 7, 0, 4, 4, 8, 15, 9, 19, 4, 13, 15, 11, 5, 21, 16, 15, 11, 14, 10, 9, 15, 6, 11, 10, 13, 18, 9, 13, 8, 20, 10, 20, 13, 12, 14, 17, 16, 5, 10 ], [ 22, 9, 11, 15, 21, 17, 10, 7, 20, 15, 5, 10, 4, 0, 4, 12, 17, 13, 20, 2, 13, 17, 9, 8, 22, 14, 18, 9, 13, 14, 7, 14, 9, 9, 13, 12, 18, 6, 11, 11, 22, 7, 20, 14, 12, 16, 20, 16, 1, 8 ], [ 18, 5, 9, 11, 17, 13, 5, 7, 16, 11, 5, 6, 4, 4, 0, 9, 13, 11, 16, 2, 9, 13, 7, 4, 18, 13, 14, 8, 10, 12, 6, 11, 8, 8, 9, 9, 14, 6, 9, 8, 18, 8, 16, 10, 8, 11, 16, 12, 6, 7 ], [ 16, 12, 17, 12, 17, 8, 7, 16, 17, 15, 7, 5, 8, 12, 9, 0, 10, 1, 15, 11, 13, 10, 15, 6, 19, 21, 9, 16, 17, 2, 15, 18, 3, 17, 4, 17, 16, 15, 16, 2, 15, 17, 21, 11, 11, 10, 11, 16, 13, 16 ], [ 6, 11, 16, 5, 7, 3, 7, 18, 8, 9, 14, 7, 15, 17, 13, 10, 0, 10, 5, 15, 8, 0, 14, 9, 9, 18, 2, 16, 13, 10, 16, 15, 13, 18, 5, 14, 8, 17, 14, 8, 6, 19, 14, 5, 7, 2, 4, 10, 18, 17 ], [ 16, 13, 19, 13, 17, 8, 8, 18, 18, 16, 8, 7, 9, 13, 11, 1, 10, 0, 16, 12, 14, 11, 16, 7, 19, 22, 9, 18, 18, 1, 16, 19, 4, 19, 5, 18, 17, 17, 18, 3, 16, 18, 22, 12, 13, 11, 12, 17, 14, 17 ], [ 2, 12, 17, 6, 2, 8, 11, 20, 4, 8, 18, 12, 19, 20, 16, 15, 5, 16, 0, 18, 8, 5, 15, 13, 4, 18, 7, 17, 12, 16, 18, 14, 18, 19, 11, 14, 5, 19, 14, 14, 3, 21, 10, 6, 8, 5, 7, 8, 21, 18 ], [ 20, 7, 9, 13, 18, 15, 7, 6, 18, 13, 5, 8, 4, 2, 2, 11, 15, 12, 18, 0, 11, 15, 7, 6, 20, 13, 16, 8, 11, 13, 5, 12, 9, 8, 11, 10, 16, 5, 9, 10, 20, 7, 17, 12, 10, 13, 18, 14, 4, 6 ], [ 11, 5, 9, 3, 8, 10, 6, 12, 7, 2, 13, 8, 13, 13, 9, 13, 8, 14, 8, 11, 0, 8, 7, 9, 9, 10, 11, 8, 5, 15, 10, 7, 15, 11, 10, 6, 5, 11, 6, 12, 11, 13, 7, 3, 2, 7, 12, 3, 14, 10 ], [ 6, 11, 16, 5, 7, 3, 7, 18, 8, 9, 14, 7, 15, 17, 13, 10, 0, 11, 5, 15, 8, 0, 14, 9, 9, 18, 2, 16, 13, 10, 16, 15, 13, 18, 6, 14, 8, 17, 14, 8, 5, 19, 13, 5, 7, 2, 4, 10, 18, 17 ], [ 17, 4, 2, 10, 15, 16, 9, 5, 14, 8, 12, 10, 11, 9, 7, 15, 14, 16, 15, 7, 7, 14, 0, 9, 16, 6, 16, 2, 4, 17, 3, 5, 15, 4, 13, 3, 11, 5, 2, 14, 18, 6, 11, 9, 7, 13, 18, 9, 10, 3 ], [ 15, 6, 11, 9, 14, 9, 2, 11, 14, 11, 5, 2, 5, 8, 4, 6, 9, 7, 13, 6, 9, 9, 9, 0, 16, 15, 10, 10, 11, 8, 9, 12, 6, 11, 6, 11, 12, 10, 10, 5, 15, 12, 16, 8, 7, 8, 13, 12, 9, 10 ], [ 5, 13, 17, 7, 2, 12, 13, 20, 2, 7, 21, 14, 21, 22, 18, 19, 9, 19, 4, 20, 9, 9, 16, 16, 0, 17, 11, 17, 12, 19, 19, 13, 21, 19, 14, 14, 4, 20, 14, 17, 6, 22, 8, 8, 10, 9, 11, 7, 23, 19 ], [ 20, 9, 4, 13, 17, 20, 14, 8, 15, 10, 17, 16, 16, 14, 13, 21, 18, 22, 18, 13, 10, 18, 6, 15, 17, 0, 21, 5, 6, 23, 8, 4, 21, 6, 19, 5, 13, 8, 4, 19, 21, 9, 10, 13, 11, 17, 22, 10, 14, 7 ], [ 7, 12, 18, 8, 9, 1, 9, 20, 10, 12, 14, 8, 15, 18, 14, 9, 2, 9, 7, 16, 11, 2, 16, 10, 11, 21, 0, 18, 15, 9, 18, 17, 12, 20, 5, 16, 10, 19, 16, 8, 6, 21, 16, 8, 9, 4, 2, 12, 19, 19 ], [ 19, 5, 1, 11, 16, 17, 10, 4, 15, 9, 12, 12, 11, 9, 8, 16, 16, 18, 17, 8, 8, 16, 2, 10, 17, 5, 18, 0, 5, 18, 3, 5, 16, 2, 15, 3, 13, 4, 2, 15, 19, 5, 12, 11, 9, 14, 20, 10, 10, 2 ], [ 15, 5, 5, 8, 12, 15, 9, 9, 10, 5, 15, 11, 14, 13, 10, 17, 13, 18, 12, 11, 5, 13, 4, 11, 12, 6, 15, 5, 0, 18, 8, 2, 17, 8, 14, 2, 8, 9, 3, 15, 15, 10, 7, 7, 6, 11, 16, 5, 14, 7 ], [ 16, 14, 20, 13, 17, 8, 9, 19, 18, 17, 9, 7, 10, 14, 12, 2, 10, 1, 16, 13, 15, 10, 17, 8, 19, 23, 9, 18, 18, 0, 17, 20, 5, 20, 5, 18, 17, 18, 18, 3, 15, 19, 22, 13, 13, 11, 11, 18, 15, 18 ], [ 20, 6, 4, 12, 18, 17, 10, 2, 17, 11, 10, 11, 9, 7, 6, 15, 16, 16, 18, 5, 10, 16, 3, 9, 19, 8, 18, 3, 8, 17, 0, 7, 14, 2, 14, 6, 14, 1, 5, 14, 20, 3, 14, 12, 10, 15, 20, 12, 7, 1 ], [ 17, 6, 4, 10, 13, 17, 11, 8, 12, 6, 16, 13, 15, 14, 11, 18, 15, 19, 14, 12, 7, 15, 5, 12, 13, 4, 17, 5, 2, 20, 7, 0, 18, 7, 16, 2, 10, 9, 2, 17, 17, 10, 7, 10, 8, 13, 19, 6, 14, 7 ], [ 19, 12, 17, 14, 19, 11, 8, 15, 20, 17, 4, 7, 6, 9, 8, 3, 13, 4, 18, 9, 15, 13, 15, 6, 21, 21, 12, 16, 17, 5, 14, 18, 0, 16, 7, 17, 18, 14, 16, 4, 18, 16, 22, 13, 13, 13, 15, 18, 11, 15 ], [ 21, 7, 3, 14, 19, 19, 12, 2, 18, 12, 13, 13, 11, 9, 8, 17, 18, 19, 19, 8, 11, 18, 4, 11, 19, 6, 20, 2, 8, 20, 2, 7, 16, 0, 16, 6, 15, 3, 5, 16, 22, 3, 14, 13, 11, 16, 22, 12, 9, 1 ], [ 11, 10, 16, 8, 12, 4, 5, 16, 13, 12, 9, 4, 10, 13, 9, 4, 5, 5, 11, 11, 10, 6, 13, 6, 14, 19, 5, 15, 14, 5, 14, 16, 7, 16, 0, 14, 12, 15, 14, 3, 11, 17, 17, 8, 8, 6, 8, 13, 14, 15 ], [ 16, 5, 3, 9, 13, 16, 9, 7, 12, 6, 14, 11, 13, 12, 9, 17, 14, 18, 14, 10, 6, 14, 3, 11, 14, 5, 16, 3, 2, 18, 6, 2, 17, 6, 14, 0, 9, 7, 1, 15, 17, 9, 8, 9, 7, 12, 18, 6, 12, 6 ], [ 7, 9, 13, 4, 4, 11, 10, 16, 2, 3, 18, 11, 18, 18, 14, 16, 8, 17, 5, 16, 5, 8, 11, 12, 4, 13, 10, 13, 8, 17, 14, 10, 18, 15, 12, 9, 0, 16, 10, 14, 8, 18, 6, 5, 6, 7, 11, 3, 19, 15 ], [ 21, 7, 5, 14, 19, 18, 10, 1, 18, 13, 10, 12, 9, 6, 6, 15, 17, 17, 19, 5, 11, 17, 5, 10, 20, 8, 19, 4, 9, 18, 1, 9, 14, 3, 15, 7, 16, 0, 6, 15, 22, 2, 16, 13, 11, 16, 21, 13, 6, 2 ], [ 17, 5, 2, 9, 14, 16, 9, 6, 13, 7, 13, 11, 13, 11, 9, 16, 14, 18, 14, 9, 6, 14, 2, 10, 14, 4, 16, 2, 3, 18, 5, 2, 16, 5, 14, 1, 10, 6, 0, 15, 17, 8, 9, 9, 7, 12, 18, 7, 12, 5 ], [ 14, 10, 16, 11, 15, 7, 6, 16, 16, 14, 7, 4, 8, 11, 8, 2, 8, 3, 14, 10, 12, 8, 14, 5, 17, 19, 8, 15, 15, 3, 14, 17, 4, 16, 3, 15, 14, 15, 15, 0, 14, 16, 19, 10, 10, 8, 10, 15, 13, 15 ], [ 1, 15, 20, 8, 5, 7, 12, 22, 7, 11, 20, 13, 20, 22, 18, 15, 6, 16, 3, 20, 11, 5, 18, 15, 6, 21, 6, 19, 15, 15, 20, 17, 18, 22, 11, 17, 8, 22, 17, 14, 0, 24, 13, 9, 11, 6, 5, 11, 23, 21 ], [ 23, 9, 6, 16, 21, 20, 12, 2, 20, 14, 11, 14, 10, 7, 8, 17, 19, 18, 21, 7, 13, 19, 6, 12, 22, 9, 21, 5, 10, 19, 3, 10, 16, 3, 17, 9, 18, 2, 8, 16, 24, 0, 17, 15, 13, 18, 23, 15, 6, 3 ], [ 13, 11, 11, 9, 9, 16, 14, 16, 7, 5, 20, 15, 20, 20, 16, 21, 14, 22, 10, 17, 7, 13, 11, 16, 8, 10, 16, 12, 7, 22, 14, 7, 22, 14, 17, 8, 6, 16, 9, 19, 13, 17, 0, 9, 9, 12, 16, 4, 20, 14 ], [ 8, 6, 11, 1, 7, 7, 5, 13, 7, 4, 13, 6, 13, 14, 10, 11, 5, 12, 6, 12, 3, 5, 9, 8, 8, 13, 8, 11, 7, 13, 12, 10, 13, 13, 8, 9, 5, 13, 9, 10, 9, 15, 9, 0, 2, 4, 9, 5, 15, 12 ], [ 10, 4, 9, 3, 9, 9, 5, 11, 8, 4, 12, 6, 12, 12, 8, 11, 7, 13, 8, 10, 2, 7, 7, 7, 10, 11, 9, 9, 6, 13, 10, 8, 13, 11, 8, 7, 6, 11, 7, 10, 11, 13, 9, 2, 0, 5, 11, 5, 13, 10 ], [ 6, 9, 15, 4, 7, 4, 6, 16, 7, 7, 13, 7, 14, 16, 11, 10, 2, 11, 5, 13, 7, 2, 13, 8, 9, 17, 4, 14, 11, 11, 15, 13, 13, 16, 6, 12, 7, 16, 12, 8, 6, 18, 12, 4, 5, 0, 6, 8, 17, 15 ], [ 6, 14, 20, 9, 9, 4, 11, 22, 10, 13, 17, 10, 17, 20, 16, 11, 4, 12, 7, 18, 12, 4, 18, 13, 11, 22, 2, 20, 16, 11, 20, 19, 15, 22, 8, 18, 11, 21, 18, 10, 5, 23, 16, 9, 11, 6, 0, 13, 21, 21 ], [ 11, 7, 10, 5, 7, 12, 9, 13, 6, 1, 16, 11, 16, 16, 12, 16, 10, 17, 8, 14, 3, 10, 9, 12, 7, 10, 12, 10, 5, 18, 12, 6, 18, 12, 13, 6, 3, 13, 7, 15, 11, 15, 4, 5, 5, 8, 13, 0, 17, 12 ], [ 23, 10, 11, 16, 22, 18, 11, 7, 21, 16, 6, 11, 5, 1, 6, 13, 18, 14, 21, 4, 14, 18, 10, 9, 23, 14, 19, 10, 14, 15, 7, 14, 11, 9, 14, 12, 19, 6, 12, 13, 23, 6, 20, 15, 13, 17, 21, 17, 0, 7 ], [ 20, 6, 3, 13, 18, 18, 10, 2, 17, 11, 11, 12, 10, 8, 7, 16, 17, 17, 18, 6, 10, 17, 3, 10, 19, 7, 19, 2, 7, 18, 1, 7, 15, 1, 15, 6, 15, 2, 5, 15, 21, 3, 14, 12, 10, 15, 21, 12, 7, 0 ] ]
}