{
  "version" : "0.3",
  "id" : 1640920819,
  "name" : "PTP-RAND-2_32_4_64",
  "coordType" : "Eucl",
  "sameVehicleBackward" : false,
  "maxWaitTime" : "00h30",
  "places" : [ {
    "id" : 0,
    "lat" : 2.8829090670614375,
    "long" : 4.091107514286687,
    "category" : 0
  }, {
    "id" : 1,
    "lat" : -5.77618657673062,
    "long" : 6.262464434487884,
    "category" : 0
  }, {
    "id" : 2,
    "lat" : -2.692761082630228,
    "long" : -5.995920251180882,
    "category" : 0
  }, {
    "id" : 3,
    "lat" : -1.2104135076809859,
    "long" : -4.587966045862809,
    "category" : 0
  }, {
    "id" : 4,
    "lat" : 7.020759923675609,
    "long" : 9.175031198392034,
    "category" : 0
  }, {
    "id" : 5,
    "lat" : 4.926171849487335,
    "long" : 4.014138856419587,
    "category" : 0
  }, {
    "id" : 6,
    "lat" : -5.021421559015041,
    "long" : 6.009380633785751,
    "category" : 0
  }, {
    "id" : 7,
    "lat" : 5.369625782323329,
    "long" : -6.160742024190984,
    "category" : 0
  }, {
    "id" : 8,
    "lat" : -4.0551254778925845,
    "long" : 9.63655813597617,
    "category" : 0
  }, {
    "id" : 9,
    "lat" : -7.019032073795922,
    "long" : 2.4580552622181497,
    "category" : 0
  }, {
    "id" : 10,
    "lat" : 5.625266234910778,
    "long" : 9.999126277820437,
    "category" : 0
  }, {
    "id" : 11,
    "lat" : 2.1859954268103983,
    "long" : -3.362179525329647,
    "category" : 0
  }, {
    "id" : 12,
    "lat" : -6.525136657840257,
    "long" : 6.453511786538204,
    "category" : 0
  }, {
    "id" : 13,
    "lat" : 7.217225562719659,
    "long" : 6.879181264454165,
    "category" : 0
  }, {
    "id" : 14,
    "lat" : -7.36233862108039,
    "long" : -3.47736310786936,
    "category" : 0
  }, {
    "id" : 15,
    "lat" : 1.2827549267571703,
    "long" : -7.575721954098187,
    "category" : 0
  }, {
    "id" : 16,
    "lat" : -9.587352371526341,
    "long" : 5.03256445833765,
    "category" : 0
  }, {
    "id" : 17,
    "lat" : 9.151411654716417,
    "long" : 1.4951952080050688,
    "category" : 0
  }, {
    "id" : 18,
    "lat" : -1.2238256195612653,
    "long" : -10.863646413268658,
    "category" : 0
  }, {
    "id" : 19,
    "lat" : 2.3539853573348237,
    "long" : 2.003244889926074,
    "category" : 0
  }, {
    "id" : 20,
    "lat" : 2.1275398371396905,
    "long" : -5.490700130520953,
    "category" : 0
  }, {
    "id" : 21,
    "lat" : -7.053784348916792,
    "long" : -6.042479885042624,
    "category" : 0
  }, {
    "id" : 22,
    "lat" : -4.128788444213928,
    "long" : -6.518239885388932,
    "category" : 0
  }, {
    "id" : 23,
    "lat" : 9.290486985372823,
    "long" : -7.065895556545954,
    "category" : 0
  }, {
    "id" : 24,
    "lat" : -11.165014345791734,
    "long" : -3.8097300807667596,
    "category" : 0
  }, {
    "id" : 25,
    "lat" : 4.892221834626399,
    "long" : 10.186668805170527,
    "category" : 0
  }, {
    "id" : 26,
    "lat" : -1.8463197982461594,
    "long" : 7.1135677717947905,
    "category" : 0
  }, {
    "id" : 27,
    "lat" : 10.117326043265786,
    "long" : 3.961242395704245,
    "category" : 0
  }, {
    "id" : 28,
    "lat" : 10.133869996189024,
    "long" : -3.2424907357022423,
    "category" : 0
  }, {
    "id" : 29,
    "lat" : 5.2643120091539135,
    "long" : 1.5294202841400875,
    "category" : 0
  }, {
    "id" : 30,
    "lat" : 5.243643971887576,
    "long" : -6.037735378860577,
    "category" : 0
  }, {
    "id" : 31,
    "lat" : -4.5900863086743255,
    "long" : 10.835500453305535,
    "category" : 0
  }, {
    "id" : 32,
    "lat" : -6.474470431412321,
    "long" : 7.769238867022849,
    "category" : 1
  }, {
    "id" : 33,
    "lat" : 6.860449890958401,
    "long" : -4.759227096597657,
    "category" : 2
  }, {
    "id" : 34,
    "lat" : -8.978207054261661,
    "long" : -4.684531649320154,
    "category" : 2
  }, {
    "id" : 35,
    "lat" : 6.627645501843706,
    "long" : -9.306318487625413,
    "category" : 2
  }, {
    "id" : 36,
    "lat" : 6.878417357350026,
    "long" : 2.393113112503713,
    "category" : 2
  }, {
    "id" : 37,
    "lat" : 5.670794586768205,
    "long" : -6.5759396713670455,
    "category" : 2
  }, {
    "id" : 38,
    "lat" : -1.0545800779217043,
    "long" : 0.9721478496239438,
    "category" : 2
  }, {
    "id" : 39,
    "lat" : 1.685924531863322,
    "long" : -8.612193969320048,
    "category" : 2
  }, {
    "id" : 40,
    "lat" : -4.692130747920196,
    "long" : 0.6985183694068438,
    "category" : 2
  }, {
    "id" : 41,
    "lat" : 10.651547656404068,
    "long" : -0.7579102716794012,
    "category" : 2
  }, {
    "id" : 42,
    "lat" : 6.213860956468028,
    "long" : -0.9754482407800388,
    "category" : 2
  }, {
    "id" : 43,
    "lat" : -4.737420793077742,
    "long" : 3.5444327074772852,
    "category" : 2
  }, {
    "id" : 44,
    "lat" : -8.572342291615039,
    "long" : 4.59680579654173,
    "category" : 2
  }, {
    "id" : 45,
    "lat" : 9.685680748589135,
    "long" : -6.963465798984876,
    "category" : 2
  }, {
    "id" : 46,
    "lat" : -5.840651241142877,
    "long" : -4.650874161237646,
    "category" : 2
  }, {
    "id" : 47,
    "lat" : -10.483993779506568,
    "long" : 5.608199821874002,
    "category" : 2
  }, {
    "id" : 48,
    "lat" : 0.30409361058192474,
    "long" : 2.5242115962600358,
    "category" : 2
  }, {
    "id" : 49,
    "lat" : -1.168453731636903,
    "long" : 11.79628643234111,
    "category" : 2
  }, {
    "id" : 50,
    "lat" : -2.5626606249222195,
    "long" : -10.828601614001824,
    "category" : 2
  }, {
    "id" : 51,
    "lat" : 3.3726298054057517,
    "long" : 1.8112816374823626,
    "category" : 2
  }, {
    "id" : 52,
    "lat" : -10.965704030433804,
    "long" : 1.2057575046417504,
    "category" : 2
  }, {
    "id" : 53,
    "lat" : 8.113694128241628,
    "long" : 6.956414036191954,
    "category" : 2
  }, {
    "id" : 54,
    "lat" : -3.4823698215906713,
    "long" : 2.1312955617234066,
    "category" : 2
  }, {
    "id" : 55,
    "lat" : -6.445295791601987,
    "long" : -3.236848108524123,
    "category" : 2
  }, {
    "id" : 56,
    "lat" : -6.571670573418148,
    "long" : -9.768088895159105,
    "category" : 2
  }, {
    "id" : 57,
    "lat" : -2.6196562853120375,
    "long" : 8.451207441083806,
    "category" : 2
  }, {
    "id" : 58,
    "lat" : 1.5797980125834141,
    "long" : 6.958708040961806,
    "category" : 2
  }, {
    "id" : 59,
    "lat" : 4.99665843592417,
    "long" : 5.34093504130881,
    "category" : 2
  }, {
    "id" : 60,
    "lat" : -8.387721998953019,
    "long" : -5.337920862624484,
    "category" : 2
  }, {
    "id" : 61,
    "lat" : -10.40371015983866,
    "long" : 0.07368100319188223,
    "category" : 2
  }, {
    "id" : 62,
    "lat" : -8.762834341297806,
    "long" : 1.5364449410895695,
    "category" : 2
  }, {
    "id" : 63,
    "lat" : -8.232234505067392,
    "long" : 1.7336542880075612,
    "category" : 2
  }, {
    "id" : 64,
    "lat" : 6.056214122227378,
    "long" : 2.6005979000706456,
    "category" : 2
  }, {
    "id" : 65,
    "lat" : -8.15487796824649,
    "long" : -2.121339525714316,
    "category" : 2
  }, {
    "id" : 66,
    "lat" : -10.406094412719202,
    "long" : 5.423360479918245,
    "category" : 2
  }, {
    "id" : 67,
    "lat" : -9.711612710636093,
    "long" : -6.567866252271164,
    "category" : 2
  }, {
    "id" : 68,
    "lat" : -4.848034057102925,
    "long" : 9.73111890692819,
    "category" : 2
  }, {
    "id" : 69,
    "lat" : -4.869587205214386,
    "long" : -0.8529051460696095,
    "category" : 2
  }, {
    "id" : 70,
    "lat" : -3.4519327688238985,
    "long" : -9.684638930947628,
    "category" : 2
  }, {
    "id" : 71,
    "lat" : -6.790598537034001,
    "long" : 8.71405033775977,
    "category" : 2
  }, {
    "id" : 72,
    "lat" : 5.631918552592258,
    "long" : 0.6977321870377413,
    "category" : 2
  }, {
    "id" : 73,
    "lat" : 5.8223467120443555,
    "long" : -8.078855615280995,
    "category" : 2
  }, {
    "id" : 74,
    "lat" : -10.875569217389234,
    "long" : -4.009207501889404,
    "category" : 2
  }, {
    "id" : 75,
    "lat" : -4.898645671562192,
    "long" : -2.090206718760991,
    "category" : 2
  }, {
    "id" : 76,
    "lat" : 1.7761606228170375,
    "long" : -3.225291548747953,
    "category" : 2
  }, {
    "id" : 77,
    "lat" : -9.494183898813786,
    "long" : 6.338580557874449,
    "category" : 2
  }, {
    "id" : 78,
    "lat" : 1.1822170913924088,
    "long" : -11.435547173456607,
    "category" : 2
  }, {
    "id" : 79,
    "lat" : -4.827676911822003,
    "long" : -7.265265626767128,
    "category" : 2
  }, {
    "id" : 80,
    "lat" : 1.7738007198200136,
    "long" : -11.328158147040646,
    "category" : 2
  }, {
    "id" : 81,
    "lat" : -3.1064262162153597,
    "long" : -7.14216185554709,
    "category" : 2
  }, {
    "id" : 82,
    "lat" : -2.0351484742172943,
    "long" : 10.34247603978237,
    "category" : 2
  }, {
    "id" : 83,
    "lat" : -8.089166536884413,
    "long" : 7.88483060752379,
    "category" : 2
  }, {
    "id" : 84,
    "lat" : -2.9374278997168464,
    "long" : -7.367183712762579,
    "category" : 2
  }, {
    "id" : 85,
    "lat" : -1.5056982376713752,
    "long" : 9.162338248340202,
    "category" : 2
  }, {
    "id" : 86,
    "lat" : 2.5900406153646185,
    "long" : 10.73410726771406,
    "category" : 2
  }, {
    "id" : 87,
    "lat" : 9.81657260824026,
    "long" : 2.6051350412197354,
    "category" : 2
  }, {
    "id" : 88,
    "lat" : 0.36438934228281805,
    "long" : -6.105573227061088,
    "category" : 2
  }, {
    "id" : 89,
    "lat" : -0.7920144110048961,
    "long" : 10.315931125603756,
    "category" : 2
  }, {
    "id" : 90,
    "lat" : 3.8826508011047935,
    "long" : -9.95889377739105,
    "category" : 2
  }, {
    "id" : 91,
    "lat" : 7.5110299081050185,
    "long" : 8.35658581183691,
    "category" : 2
  }, {
    "id" : 92,
    "lat" : 11.848812363033874,
    "long" : 0.019441123242260248,
    "category" : 2
  }, {
    "id" : 93,
    "lat" : 7.832946261278138,
    "long" : 2.013386605237162,
    "category" : 2
  }, {
    "id" : 94,
    "lat" : 8.55899281379339,
    "long" : -0.0826841993843755,
    "category" : 2
  }, {
    "id" : 95,
    "lat" : 2.490783639021905,
    "long" : 3.9773079207379456,
    "category" : 2
  }, {
    "id" : 96,
    "lat" : -5.95287953969417,
    "long" : 0.6660523329470716,
    "category" : 2
  }, {
    "id" : 97,
    "lat" : -3.6219405500147235,
    "long" : -0.9393326005563322,
    "category" : 2
  }, {
    "id" : 98,
    "lat" : 7.118613140741828,
    "long" : -5.7755508925271455,
    "category" : 2
  } ],
  "vehicles" : [ {
    "id" : 99,
    "canTake" : [ 0 ],
    "start" : 32,
    "end" : 32,
    "capacity" : 5,
    "availability" : [ "07h00:20h00" ]
  }, {
    "id" : 100,
    "canTake" : [ 0 ],
    "start" : 32,
    "end" : 32,
    "capacity" : 5,
    "availability" : [ "07h00:20h00" ]
  }, {
    "id" : 101,
    "canTake" : [ 1 ],
    "start" : 32,
    "end" : 32,
    "capacity" : 4,
    "availability" : [ "07h00:14h00", "15h00:20h00" ]
  }, {
    "id" : 102,
    "canTake" : [ 0, 1 ],
    "start" : 32,
    "end" : 32,
    "capacity" : 4,
    "availability" : [ "08h00:20h00" ]
  } ],
  "patients" : [ {
    "id" : 103,
    "category" : 0,
    "load" : 1,
    "start" : 33,
    "destination" : 0,
    "end" : 33,
    "rdvTime" : "10h25",
    "rdvDuration" : "01h46",
    "srvDuration" : "00h03"
  }, {
    "id" : 104,
    "category" : 1,
    "load" : 2,
    "start" : 34,
    "destination" : 1,
    "end" : 34,
    "rdvTime" : "09h56",
    "rdvDuration" : "00h54",
    "srvDuration" : "00h02"
  }, {
    "id" : 105,
    "category" : 0,
    "load" : 1,
    "start" : 35,
    "destination" : 2,
    "end" : 35,
    "rdvTime" : "08h05",
    "rdvDuration" : "01h44",
    "srvDuration" : "00h01"
  }, {
    "id" : 106,
    "category" : 1,
    "load" : 1,
    "start" : 36,
    "destination" : 3,
    "end" : 36,
    "rdvTime" : "12h14",
    "rdvDuration" : "01h31",
    "srvDuration" : "00h02"
  }, {
    "id" : 107,
    "category" : 1,
    "load" : 2,
    "start" : 37,
    "destination" : 4,
    "end" : 37,
    "rdvTime" : "09h35",
    "rdvDuration" : "01h49",
    "srvDuration" : "00h01"
  }, {
    "id" : 108,
    "category" : 0,
    "load" : 2,
    "start" : 38,
    "destination" : 5,
    "end" : 38,
    "rdvTime" : "13h42",
    "rdvDuration" : "01h10",
    "srvDuration" : "00h01"
  }, {
    "id" : 109,
    "category" : 0,
    "load" : 1,
    "start" : 39,
    "destination" : 6,
    "end" : 39,
    "rdvTime" : "09h40",
    "rdvDuration" : "01h06",
    "srvDuration" : "00h01"
  }, {
    "id" : 110,
    "category" : 0,
    "load" : 2,
    "start" : 40,
    "destination" : 7,
    "end" : 40,
    "rdvTime" : "12h54",
    "rdvDuration" : "02h30",
    "srvDuration" : "00h01"
  }, {
    "id" : 111,
    "category" : 1,
    "load" : 1,
    "start" : 41,
    "destination" : 8,
    "end" : 41,
    "rdvTime" : "12h51",
    "rdvDuration" : "00h42",
    "srvDuration" : "00h03"
  }, {
    "id" : 112,
    "category" : 1,
    "load" : 1,
    "start" : 42,
    "destination" : 9,
    "end" : 42,
    "rdvTime" : "11h58",
    "rdvDuration" : "01h39",
    "srvDuration" : "00h03"
  }, {
    "id" : 113,
    "category" : 1,
    "load" : 2,
    "start" : 43,
    "destination" : 10,
    "end" : 43,
    "rdvTime" : "12h33",
    "rdvDuration" : "02h14",
    "srvDuration" : "00h02"
  }, {
    "id" : 114,
    "category" : 0,
    "load" : 2,
    "start" : -1,
    "destination" : 11,
    "end" : 44,
    "rdvTime" : "14h42",
    "rdvDuration" : "01h58",
    "srvDuration" : "00h02"
  }, {
    "id" : 115,
    "category" : 0,
    "load" : 2,
    "start" : 45,
    "destination" : 12,
    "end" : 45,
    "rdvTime" : "12h14",
    "rdvDuration" : "00h22",
    "srvDuration" : "00h02"
  }, {
    "id" : 116,
    "category" : 0,
    "load" : 2,
    "start" : 46,
    "destination" : 13,
    "end" : -1,
    "rdvTime" : "14h54",
    "rdvDuration" : "02h37",
    "srvDuration" : "00h01"
  }, {
    "id" : 117,
    "category" : 0,
    "load" : 2,
    "start" : 47,
    "destination" : 14,
    "end" : -1,
    "rdvTime" : "12h47",
    "rdvDuration" : "01h29",
    "srvDuration" : "00h03"
  }, {
    "id" : 118,
    "category" : 0,
    "load" : 1,
    "start" : -1,
    "destination" : 15,
    "end" : 48,
    "rdvTime" : "13h55",
    "rdvDuration" : "01h39",
    "srvDuration" : "00h03"
  }, {
    "id" : 119,
    "category" : 1,
    "load" : 2,
    "start" : 49,
    "destination" : 16,
    "end" : 49,
    "rdvTime" : "12h23",
    "rdvDuration" : "02h03",
    "srvDuration" : "00h03"
  }, {
    "id" : 120,
    "category" : 0,
    "load" : 2,
    "start" : 50,
    "destination" : 17,
    "end" : -1,
    "rdvTime" : "13h55",
    "rdvDuration" : "01h57",
    "srvDuration" : "00h01"
  }, {
    "id" : 121,
    "category" : 1,
    "load" : 2,
    "start" : 51,
    "destination" : 18,
    "end" : 51,
    "rdvTime" : "12h41",
    "rdvDuration" : "00h55",
    "srvDuration" : "00h01"
  }, {
    "id" : 122,
    "category" : 1,
    "load" : 2,
    "start" : 52,
    "destination" : 19,
    "end" : 52,
    "rdvTime" : "12h55",
    "rdvDuration" : "01h37",
    "srvDuration" : "00h02"
  }, {
    "id" : 123,
    "category" : 1,
    "load" : 2,
    "start" : 53,
    "destination" : 20,
    "end" : 53,
    "rdvTime" : "09h25",
    "rdvDuration" : "02h52",
    "srvDuration" : "00h02"
  }, {
    "id" : 124,
    "category" : 0,
    "load" : 1,
    "start" : 54,
    "destination" : 21,
    "end" : 54,
    "rdvTime" : "10h19",
    "rdvDuration" : "02h37",
    "srvDuration" : "00h02"
  }, {
    "id" : 125,
    "category" : 0,
    "load" : 1,
    "start" : -1,
    "destination" : 22,
    "end" : 55,
    "rdvTime" : "08h27",
    "rdvDuration" : "01h27",
    "srvDuration" : "00h01"
  }, {
    "id" : 126,
    "category" : 0,
    "load" : 1,
    "start" : 56,
    "destination" : 23,
    "end" : 56,
    "rdvTime" : "09h47",
    "rdvDuration" : "00h24",
    "srvDuration" : "00h02"
  }, {
    "id" : 127,
    "category" : 1,
    "load" : 2,
    "start" : 57,
    "destination" : 24,
    "end" : 57,
    "rdvTime" : "13h59",
    "rdvDuration" : "01h39",
    "srvDuration" : "00h01"
  }, {
    "id" : 128,
    "category" : 0,
    "load" : 1,
    "start" : 58,
    "destination" : 25,
    "end" : 58,
    "rdvTime" : "13h19",
    "rdvDuration" : "02h27",
    "srvDuration" : "00h03"
  }, {
    "id" : 129,
    "category" : 0,
    "load" : 2,
    "start" : 59,
    "destination" : 26,
    "end" : 59,
    "rdvTime" : "12h09",
    "rdvDuration" : "02h06",
    "srvDuration" : "00h01"
  }, {
    "id" : 130,
    "category" : 0,
    "load" : 2,
    "start" : 60,
    "destination" : 27,
    "end" : 60,
    "rdvTime" : "13h09",
    "rdvDuration" : "02h52",
    "srvDuration" : "00h02"
  }, {
    "id" : 131,
    "category" : 1,
    "load" : 2,
    "start" : 61,
    "destination" : 28,
    "end" : 61,
    "rdvTime" : "15h02",
    "rdvDuration" : "02h09",
    "srvDuration" : "00h02"
  }, {
    "id" : 132,
    "category" : 0,
    "load" : 2,
    "start" : -1,
    "destination" : 29,
    "end" : 62,
    "rdvTime" : "15h32",
    "rdvDuration" : "01h19",
    "srvDuration" : "00h03"
  }, {
    "id" : 133,
    "category" : 1,
    "load" : 2,
    "start" : 63,
    "destination" : 30,
    "end" : 64,
    "rdvTime" : "12h53",
    "rdvDuration" : "00h37",
    "srvDuration" : "00h01"
  }, {
    "id" : 134,
    "category" : 0,
    "load" : 1,
    "start" : 65,
    "destination" : 31,
    "end" : 65,
    "rdvTime" : "10h21",
    "rdvDuration" : "00h18",
    "srvDuration" : "00h01"
  }, {
    "id" : 135,
    "category" : 0,
    "load" : 2,
    "start" : 66,
    "destination" : 9,
    "end" : 66,
    "rdvTime" : "15h50",
    "rdvDuration" : "02h55",
    "srvDuration" : "00h01"
  }, {
    "id" : 136,
    "category" : 1,
    "load" : 1,
    "start" : 67,
    "destination" : 25,
    "end" : 67,
    "rdvTime" : "08h03",
    "rdvDuration" : "01h04",
    "srvDuration" : "00h02"
  }, {
    "id" : 137,
    "category" : 0,
    "load" : 1,
    "start" : -1,
    "destination" : 7,
    "end" : 68,
    "rdvTime" : "08h20",
    "rdvDuration" : "00h36",
    "srvDuration" : "00h01"
  }, {
    "id" : 138,
    "category" : 0,
    "load" : 2,
    "start" : 69,
    "destination" : 5,
    "end" : 69,
    "rdvTime" : "15h22",
    "rdvDuration" : "01h53",
    "srvDuration" : "00h03"
  }, {
    "id" : 139,
    "category" : 1,
    "load" : 2,
    "start" : 70,
    "destination" : 21,
    "end" : 70,
    "rdvTime" : "13h12",
    "rdvDuration" : "01h17",
    "srvDuration" : "00h01"
  }, {
    "id" : 140,
    "category" : 1,
    "load" : 2,
    "start" : 71,
    "destination" : 12,
    "end" : 71,
    "rdvTime" : "10h01",
    "rdvDuration" : "01h15",
    "srvDuration" : "00h02"
  }, {
    "id" : 141,
    "category" : 0,
    "load" : 1,
    "start" : 72,
    "destination" : 21,
    "end" : 72,
    "rdvTime" : "08h44",
    "rdvDuration" : "01h45",
    "srvDuration" : "00h03"
  }, {
    "id" : 142,
    "category" : 0,
    "load" : 1,
    "start" : 73,
    "destination" : 19,
    "end" : 73,
    "rdvTime" : "13h28",
    "rdvDuration" : "00h29",
    "srvDuration" : "00h03"
  }, {
    "id" : 143,
    "category" : 0,
    "load" : 1,
    "start" : 74,
    "destination" : 23,
    "end" : 74,
    "rdvTime" : "10h38",
    "rdvDuration" : "01h29",
    "srvDuration" : "00h01"
  }, {
    "id" : 144,
    "category" : 0,
    "load" : 1,
    "start" : 75,
    "destination" : 12,
    "end" : 75,
    "rdvTime" : "08h41",
    "rdvDuration" : "01h54",
    "srvDuration" : "00h01"
  }, {
    "id" : 145,
    "category" : 0,
    "load" : 1,
    "start" : 76,
    "destination" : 27,
    "end" : 76,
    "rdvTime" : "11h32",
    "rdvDuration" : "02h10",
    "srvDuration" : "00h02"
  }, {
    "id" : 146,
    "category" : 0,
    "load" : 2,
    "start" : 77,
    "destination" : 24,
    "end" : -1,
    "rdvTime" : "08h40",
    "rdvDuration" : "02h30",
    "srvDuration" : "00h01"
  }, {
    "id" : 147,
    "category" : 1,
    "load" : 1,
    "start" : 78,
    "destination" : 20,
    "end" : 78,
    "rdvTime" : "08h47",
    "rdvDuration" : "02h05",
    "srvDuration" : "00h02"
  }, {
    "id" : 148,
    "category" : 0,
    "load" : 1,
    "start" : 79,
    "destination" : 21,
    "end" : 79,
    "rdvTime" : "12h23",
    "rdvDuration" : "01h16",
    "srvDuration" : "00h03"
  }, {
    "id" : 149,
    "category" : 1,
    "load" : 1,
    "start" : 80,
    "destination" : 10,
    "end" : 80,
    "rdvTime" : "12h27",
    "rdvDuration" : "00h26",
    "srvDuration" : "00h01"
  }, {
    "id" : 150,
    "category" : 0,
    "load" : 2,
    "start" : 81,
    "destination" : 17,
    "end" : 81,
    "rdvTime" : "09h14",
    "rdvDuration" : "00h16",
    "srvDuration" : "00h03"
  }, {
    "id" : 151,
    "category" : 1,
    "load" : 2,
    "start" : 82,
    "destination" : 17,
    "end" : 82,
    "rdvTime" : "14h40",
    "rdvDuration" : "02h59",
    "srvDuration" : "00h01"
  }, {
    "id" : 152,
    "category" : 0,
    "load" : 1,
    "start" : 83,
    "destination" : 4,
    "end" : 84,
    "rdvTime" : "14h29",
    "rdvDuration" : "00h29",
    "srvDuration" : "00h03"
  }, {
    "id" : 153,
    "category" : 0,
    "load" : 1,
    "start" : 85,
    "destination" : 16,
    "end" : 85,
    "rdvTime" : "10h53",
    "rdvDuration" : "02h28",
    "srvDuration" : "00h02"
  }, {
    "id" : 154,
    "category" : 1,
    "load" : 2,
    "start" : 86,
    "destination" : 26,
    "end" : 86,
    "rdvTime" : "13h25",
    "rdvDuration" : "02h02",
    "srvDuration" : "00h01"
  }, {
    "id" : 155,
    "category" : 0,
    "load" : 2,
    "start" : 87,
    "destination" : 2,
    "end" : 87,
    "rdvTime" : "12h00",
    "rdvDuration" : "02h45",
    "srvDuration" : "00h02"
  }, {
    "id" : 156,
    "category" : 0,
    "load" : 1,
    "start" : 88,
    "destination" : 21,
    "end" : 88,
    "rdvTime" : "15h12",
    "rdvDuration" : "02h56",
    "srvDuration" : "00h01"
  }, {
    "id" : 157,
    "category" : 0,
    "load" : 2,
    "start" : 89,
    "destination" : 15,
    "end" : 89,
    "rdvTime" : "15h10",
    "rdvDuration" : "02h16",
    "srvDuration" : "00h01"
  }, {
    "id" : 158,
    "category" : 1,
    "load" : 2,
    "start" : 90,
    "destination" : 17,
    "end" : -1,
    "rdvTime" : "15h33",
    "rdvDuration" : "01h32",
    "srvDuration" : "00h02"
  }, {
    "id" : 159,
    "category" : 0,
    "load" : 2,
    "start" : 91,
    "destination" : 24,
    "end" : 91,
    "rdvTime" : "11h00",
    "rdvDuration" : "02h21",
    "srvDuration" : "00h03"
  }, {
    "id" : 160,
    "category" : 0,
    "load" : 1,
    "start" : 92,
    "destination" : 23,
    "end" : 92,
    "rdvTime" : "15h36",
    "rdvDuration" : "01h44",
    "srvDuration" : "00h02"
  }, {
    "id" : 161,
    "category" : 1,
    "load" : 2,
    "start" : -1,
    "destination" : 2,
    "end" : 93,
    "rdvTime" : "12h30",
    "rdvDuration" : "02h09",
    "srvDuration" : "00h01"
  }, {
    "id" : 162,
    "category" : 0,
    "load" : 2,
    "start" : 94,
    "destination" : 9,
    "end" : 94,
    "rdvTime" : "13h31",
    "rdvDuration" : "01h06",
    "srvDuration" : "00h01"
  }, {
    "id" : 163,
    "category" : 0,
    "load" : 2,
    "start" : 95,
    "destination" : 14,
    "end" : 95,
    "rdvTime" : "15h20",
    "rdvDuration" : "02h13",
    "srvDuration" : "00h01"
  }, {
    "id" : 164,
    "category" : 1,
    "load" : 2,
    "start" : 96,
    "destination" : 21,
    "end" : 96,
    "rdvTime" : "15h20",
    "rdvDuration" : "01h43",
    "srvDuration" : "00h03"
  }, {
    "id" : 165,
    "category" : 1,
    "load" : 1,
    "start" : 97,
    "destination" : 5,
    "end" : 97,
    "rdvTime" : "11h16",
    "rdvDuration" : "02h37",
    "srvDuration" : "00h03"
  }, {
    "id" : 166,
    "category" : 0,
    "load" : 2,
    "start" : -1,
    "destination" : 30,
    "end" : 98,
    "rdvTime" : "08h37",
    "rdvDuration" : "01h07",
    "srvDuration" : "00h01"
  } ],
  "distMatrix" : [ [ 0, 9, 12, 10, 7, 2, 8, 11, 9, 10, 7, 7, 10, 5, 13, 12, 13, 7, 16, 2, 10, 14, 13, 13, 16, 6, 6, 7, 10, 3, 10, 10, 10, 10, 15, 14, 4, 11, 5, 13, 8, 9, 6, 8, 11, 13, 12, 13, 3, 9, 16, 2, 14, 6, 7, 12, 17, 7, 3, 2, 15, 14, 12, 11, 4, 13, 13, 16, 10, 9, 15, 11, 4, 13, 16, 10, 7, 13, 16, 14, 15, 13, 8, 12, 13, 7, 7, 7, 11, 7, 14, 6, 10, 5, 7, 0, 9, 8, 11 ], [ 9, 0, 13, 12, 13, 11, 1, 17, 4, 4, 12, 12, 1, 13, 10, 16, 4, 16, 18, 9, 14, 12, 13, 20, 11, 11, 4, 16, 19, 12, 17, 5, 2, 17, 11, 20, 13, 17, 7, 17, 6, 18, 14, 3, 3, 20, 11, 5, 7, 7, 17, 10, 7, 14, 5, 10, 16, 4, 7, 11, 12, 8, 6, 5, 12, 9, 5, 13, 4, 7, 16, 3, 13, 18, 11, 8, 12, 4, 19, 14, 19, 14, 6, 3, 14, 5, 9, 16, 14, 6, 19, 13, 19, 14, 16, 9, 6, 8, 18 ], [ 12, 13, 0, 2, 18, 13, 12, 8, 16, 9, 18, 6, 13, 16, 5, 4, 13, 14, 5, 9, 5, 4, 2, 12, 9, 18, 13, 16, 13, 11, 8, 17, 14, 10, 6, 10, 13, 8, 7, 5, 7, 14, 10, 10, 12, 12, 3, 14, 9, 18, 5, 10, 11, 17, 8, 5, 5, 14, 14, 14, 6, 10, 10, 10, 12, 7, 14, 7, 16, 6, 4, 15, 11, 9, 8, 4, 5, 14, 7, 2, 7, 1, 16, 15, 1, 15, 18, 15, 3, 16, 8, 18, 16, 13, 13, 11, 7, 5, 10 ], [ 10, 12, 2, 0, 16, 11, 11, 7, 15, 9, 16, 4, 12, 14, 6, 4, 13, 12, 6, 7, 3, 6, 3, 11, 10, 16, 12, 14, 11, 9, 7, 16, 13, 8, 8, 9, 11, 7, 6, 5, 6, 12, 8, 9, 12, 11, 5, 14, 7, 16, 6, 8, 11, 15, 7, 5, 7, 13, 12, 12, 7, 10, 10, 9, 10, 7, 14, 9, 15, 5, 6, 14, 9, 8, 10, 4, 3, 14, 7, 5, 7, 3, 15, 14, 3, 14, 16, 13, 2, 15, 7, 16, 14, 11, 11, 9, 7, 4, 8 ], [ 7, 13, 18, 16, 0, 6, 12, 15, 11, 16, 2, 13, 14, 2, 19, 18, 17, 8, 22, 9, 15, 21, 19, 16, 22, 2, 9, 6, 13, 8, 15, 12, 14, 14, 21, 18, 7, 16, 12, 19, 14, 11, 10, 13, 16, 16, 19, 18, 9, 9, 22, 8, 20, 2, 13, 18, 23, 10, 6, 4, 21, 20, 18, 17, 7, 19, 18, 23, 12, 16, 22, 14, 9, 17, 22, 16, 13, 17, 21, 20, 21, 19, 9, 15, 19, 9, 5, 7, 17, 8, 19, 1, 10, 7, 9, 7, 16, 15, 15 ], [ 2, 11, 13, 11, 6, 0, 10, 10, 11, 12, 6, 8, 12, 4, 14, 12, 15, 5, 16, 3, 10, 16, 14, 12, 18, 6, 7, 5, 9, 3, 10, 12, 12, 9, 16, 13, 3, 11, 7, 13, 10, 7, 5, 10, 14, 12, 14, 15, 5, 10, 17, 3, 16, 4, 9, 13, 18, 9, 4, 1, 16, 16, 14, 13, 2, 14, 15, 18, 11, 11, 16, 13, 3, 12, 18, 12, 8, 15, 16, 15, 16, 14, 9, 14, 14, 8, 7, 5, 11, 9, 14, 5, 8, 4, 5, 2, 11, 10, 10 ], [ 8, 1, 12, 11, 12, 10, 0, 16, 4, 4, 11, 12, 2, 12, 10, 15, 5, 15, 17, 8, 14, 12, 13, 19, 12, 11, 3, 15, 18, 11, 16, 5, 2, 16, 11, 19, 12, 17, 6, 16, 5, 17, 13, 2, 4, 20, 11, 5, 6, 7, 17, 9, 8, 13, 4, 9, 16, 3, 7, 10, 12, 8, 6, 5, 12, 9, 5, 13, 4, 7, 16, 3, 12, 18, 12, 8, 11, 4, 19, 13, 19, 13, 5, 4, 14, 5, 9, 15, 13, 6, 18, 13, 18, 13, 15, 8, 5, 7, 17 ], [ 11, 17, 8, 7, 15, 10, 16, 0, 18, 15, 16, 4, 17, 13, 13, 4, 19, 9, 8, 9, 3, 12, 10, 4, 17, 16, 15, 11, 6, 8, 0, 20, 18, 2, 14, 3, 9, 1, 10, 4, 12, 8, 5, 14, 18, 4, 11, 20, 10, 19, 9, 8, 18, 13, 12, 12, 12, 17, 14, 12, 14, 17, 16, 16, 9, 14, 20, 15, 19, 12, 9, 19, 7, 2, 16, 11, 5, 19, 7, 10, 6, 9, 18, 19, 8, 17, 17, 10, 5, 18, 4, 15, 9, 9, 7, 11, 13, 10, 2 ], [ 9, 4, 16, 15, 11, 11, 4, 18, 0, 8, 10, 14, 4, 12, 14, 18, 7, 16, 21, 10, 16, 16, 16, 21, 15, 9, 3, 15, 19, 12, 18, 1, 3, 18, 15, 22, 13, 19, 9, 19, 9, 18, 15, 6, 7, 22, 14, 8, 8, 4, 21, 11, 11, 12, 8, 13, 20, 2, 6, 10, 16, 11, 9, 9, 12, 12, 8, 17, 1, 11, 19, 3, 13, 20, 15, 12, 14, 6, 22, 17, 22, 17, 2, 4, 17, 3, 7, 16, 16, 3, 21, 12, 19, 14, 16, 9, 9, 11, 19 ], [ 10, 4, 9, 9, 16, 12, 4, 15, 8, 0, 15, 11, 4, 15, 6, 13, 4, 16, 15, 9, 12, 9, 9, 19, 8, 14, 7, 17, 18, 12, 15, 9, 5, 16, 7, 18, 14, 16, 6, 14, 3, 18, 14, 3, 3, 19, 7, 5, 7, 11, 14, 10, 4, 16, 4, 6, 12, 7, 10, 12, 8, 4, 2, 1, 13, 5, 5, 9, 8, 4, 13, 6, 13, 17, 8, 5, 10, 5, 16, 10, 16, 10, 9, 6, 11, 9, 13, 17, 11, 10, 17, 16, 19, 15, 16, 10, 2, 5, 16 ], [ 7, 12, 18, 16, 2, 6, 11, 16, 10, 15, 0, 14, 13, 4, 19, 18, 16, 9, 22, 9, 16, 20, 19, 17, 22, 1, 8, 8, 14, 8, 16, 10, 12, 15, 21, 19, 8, 17, 11, 19, 14, 12, 11, 12, 15, 17, 19, 17, 9, 7, 22, 8, 19, 4, 12, 18, 23, 8, 5, 5, 21, 19, 17, 16, 7, 18, 17, 23, 10, 15, 22, 12, 9, 18, 22, 16, 14, 16, 22, 20, 22, 19, 8, 14, 19, 7, 3, 8, 17, 6, 20, 3, 12, 8, 10, 7, 15, 14, 16 ], [ 7, 12, 6, 4, 13, 8, 12, 4, 14, 11, 14, 0, 13, 11, 10, 4, 14, 8, 8, 5, 2, 10, 7, 8, 13, 14, 11, 11, 8, 6, 4, 16, 14, 5, 11, 7, 7, 5, 5, 5, 8, 9, 5, 10, 13, 8, 8, 16, 6, 16, 9, 5, 14, 12, 8, 9, 11, 13, 10, 9, 11, 13, 12, 12, 7, 10, 15, 12, 15, 7, 8, 15, 5, 6, 13, 7, 0, 15, 8, 8, 8, 7, 14, 15, 7, 13, 14, 10, 3, 14, 7, 13, 10, 8, 7, 7, 9, 6, 5 ], [ 10, 1, 13, 12, 14, 12, 2, 17, 4, 4, 13, 13, 0, 14, 10, 16, 3, 16, 18, 10, 15, 13, 13, 21, 11, 12, 5, 17, 19, 13, 17, 5, 1, 17, 11, 21, 14, 18, 8, 17, 6, 19, 15, 3, 3, 21, 11, 4, 8, 8, 18, 11, 7, 15, 5, 10, 16, 4, 8, 12, 12, 7, 5, 5, 13, 9, 4, 13, 4, 7, 16, 2, 13, 19, 11, 9, 13, 3, 19, 14, 20, 14, 6, 2, 14, 6, 10, 17, 14, 7, 19, 14, 19, 15, 16, 9, 6, 8, 18 ], [ 5, 13, 16, 14, 2, 4, 12, 13, 12, 15, 4, 11, 14, 0, 18, 16, 17, 6, 20, 7, 13, 19, 18, 14, 21, 4, 9, 4, 11, 6, 13, 12, 14, 12, 20, 16, 4, 14, 10, 16, 13, 8, 8, 12, 16, 14, 17, 18, 8, 10, 20, 6, 19, 1, 12, 17, 22, 10, 6, 3, 20, 19, 17, 16, 4, 18, 18, 22, 12, 14, 20, 14, 6, 15, 21, 15, 11, 17, 19, 19, 19, 17, 10, 15, 17, 9, 6, 5, 15, 9, 17, 2, 8, 5, 7, 6, 15, 13, 13 ], [ 13, 10, 5, 6, 19, 14, 10, 13, 14, 6, 19, 10, 10, 18, 0, 10, 9, 17, 10, 11, 10, 3, 4, 17, 4, 18, 12, 19, 17, 14, 13, 15, 11, 14, 2, 15, 15, 13, 8, 10, 5, 18, 14, 7, 8, 17, 2, 10, 10, 16, 9, 12, 6, 19, 7, 1, 6, 13, 14, 15, 2, 5, 5, 5, 15, 2, 9, 4, 13, 4, 7, 12, 14, 14, 4, 3, 9, 10, 12, 5, 12, 6, 15, 11, 6, 14, 17, 18, 8, 15, 13, 19, 20, 16, 16, 12, 4, 5, 15 ], [ 12, 16, 4, 4, 18, 12, 15, 4, 18, 13, 18, 4, 16, 16, 10, 0, 17, 12, 4, 10, 2, 8, 6, 8, 13, 18, 15, 15, 10, 10, 4, 19, 17, 6, 11, 6, 11, 5, 9, 1, 10, 12, 8, 13, 16, 8, 8, 18, 10, 20, 5, 10, 15, 16, 11, 9, 8, 16, 15, 13, 10, 14, 14, 13, 11, 11, 17, 11, 18, 9, 5, 18, 9, 5, 13, 8, 4, 18, 4, 6, 4, 4, 18, 18, 4, 17, 18, 13, 2, 18, 4, 17, 13, 12, 10, 12, 11, 8, 6 ], [ 13, 4, 13, 13, 17, 15, 5, 19, 7, 4, 16, 14, 3, 17, 9, 17, 0, 19, 18, 12, 16, 11, 13, 22, 9, 15, 8, 20, 21, 15, 19, 8, 4, 19, 10, 22, 17, 19, 9, 18, 7, 21, 17, 5, 1, 23, 10, 1, 10, 11, 17, 13, 4, 18, 7, 9, 15, 8, 11, 15, 10, 5, 4, 4, 16, 7, 1, 12, 7, 8, 16, 5, 16, 20, 9, 9, 14, 1, 20, 13, 20, 14, 9, 3, 14, 9, 13, 20, 15, 10, 20, 17, 22, 18, 19, 12, 6, 8, 20 ], [ 7, 16, 14, 12, 8, 5, 15, 9, 16, 16, 9, 8, 16, 6, 17, 12, 19, 0, 16, 7, 10, 18, 16, 9, 21, 10, 12, 3, 5, 4, 8, 17, 17, 7, 19, 11, 2, 9, 10, 13, 14, 3, 4, 14, 18, 8, 16, 20, 9, 15, 17, 6, 20, 6, 13, 16, 19, 14, 9, 6, 19, 20, 18, 17, 3, 18, 20, 21, 16, 14, 17, 18, 4, 10, 21, 15, 9, 19, 15, 16, 15, 15, 14, 18, 15, 13, 11, 1, 12, 13, 13, 7, 3, 1, 2, 7, 15, 13, 8 ], [ 16, 18, 5, 6, 22, 16, 17, 8, 21, 15, 22, 8, 18, 20, 10, 4, 18, 16, 0, 13, 6, 8, 5, 11, 12, 22, 18, 19, 14, 14, 8, 22, 19, 10, 10, 8, 16, 8, 12, 4, 12, 16, 12, 15, 17, 12, 8, 19, 13, 23, 1, 13, 16, 20, 13, 9, 5, 19, 18, 17, 9, 14, 15, 14, 15, 11, 19, 10, 21, 11, 3, 20, 13, 8, 12, 10, 8, 19, 2, 5, 3, 4, 21, 20, 4, 20, 22, 17, 5, 21, 5, 21, 17, 16, 15, 15, 12, 10, 10 ], [ 2, 9, 9, 7, 9, 3, 8, 9, 10, 9, 9, 5, 10, 7, 11, 10, 12, 7, 13, 0, 7, 12, 11, 11, 15, 9, 7, 8, 9, 3, 9, 11, 11, 8, 13, 12, 5, 9, 4, 11, 7, 9, 5, 7, 11, 12, 11, 13, 2, 10, 14, 1, 13, 8, 6, 10, 15, 8, 5, 4, 13, 13, 11, 11, 4, 11, 13, 15, 11, 8, 13, 11, 4, 11, 15, 8, 5, 13, 13, 12, 13, 11, 9, 12, 11, 8, 9, 7, 8, 9, 12, 8, 10, 5, 7, 2, 8, 7, 9 ], [ 10, 14, 5, 3, 15, 10, 14, 3, 16, 12, 16, 2, 15, 13, 10, 2, 16, 10, 6, 7, 0, 9, 6, 7, 13, 16, 13, 12, 8, 8, 3, 18, 16, 5, 11, 6, 9, 4, 7, 3, 9, 10, 6, 11, 15, 8, 8, 17, 8, 18, 7, 7, 15, 14, 9, 9, 10, 15, 12, 11, 11, 14, 13, 13, 9, 11, 17, 12, 17, 8, 7, 17, 7, 5, 13, 8, 2, 17, 6, 7, 6, 5, 16, 17, 5, 15, 16, 11, 2, 16, 5, 15, 11, 9, 8, 9, 10, 7, 5 ], [ 14, 12, 4, 6, 21, 16, 12, 12, 16, 9, 20, 10, 13, 19, 3, 8, 11, 18, 8, 12, 9, 0, 3, 16, 5, 20, 14, 20, 17, 14, 12, 17, 14, 14, 2, 14, 16, 13, 9, 9, 7, 18, 14, 10, 11, 17, 2, 12, 11, 19, 7, 13, 8, 20, 9, 3, 4, 15, 16, 17, 2, 7, 8, 8, 16, 4, 12, 3, 16, 6, 5, 15, 14, 13, 4, 5, 9, 13, 10, 3, 10, 4, 17, 14, 4, 16, 19, 19, 7, 18, 12, 20, 20, 17, 17, 14, 7, 6, 14 ], [ 13, 13, 2, 3, 19, 14, 13, 10, 16, 9, 19, 7, 13, 18, 4, 6, 13, 16, 5, 11, 6, 3, 0, 13, 8, 19, 14, 18, 15, 12, 9, 17, 14, 11, 5, 11, 14, 10, 8, 6, 7, 16, 12, 10, 12, 14, 3, 14, 10, 19, 5, 11, 10, 18, 9, 4, 4, 15, 15, 15, 4, 9, 9, 9, 14, 6, 13, 6, 16, 6, 3, 15, 12, 10, 7, 4, 7, 14, 7, 1, 8, 1, 17, 15, 1, 16, 19, 17, 5, 17, 9, 19, 17, 15, 14, 12, 7, 6, 11 ], [ 13, 20, 12, 11, 16, 12, 19, 4, 21, 19, 17, 8, 21, 14, 17, 8, 22, 9, 11, 11, 7, 16, 13, 0, 21, 18, 18, 11, 4, 9, 4, 23, 22, 3, 18, 3, 10, 4, 13, 8, 16, 6, 7, 18, 21, 0, 15, 23, 13, 22, 12, 11, 22, 14, 16, 16, 16, 20, 16, 13, 18, 21, 20, 20, 10, 18, 23, 19, 22, 15, 13, 23, 9, 4, 20, 15, 8, 23, 9, 14, 9, 12, 21, 23, 12, 19, 19, 10, 9, 20, 6, 16, 8, 9, 7, 13, 17, 14, 3 ], [ 16, 11, 9, 10, 22, 18, 12, 17, 15, 8, 22, 13, 11, 21, 4, 13, 9, 21, 12, 15, 13, 5, 8, 21, 0, 21, 14, 23, 21, 17, 17, 16, 12, 18, 2, 19, 19, 17, 11, 14, 8, 22, 18, 10, 9, 21, 5, 9, 13, 19, 11, 16, 5, 22, 10, 5, 8, 15, 17, 19, 3, 4, 6, 6, 18, 3, 9, 3, 15, 7, 10, 13, 17, 18, 0, 6, 13, 10, 15, 7, 15, 9, 17, 12, 9, 16, 20, 22, 12, 18, 16, 22, 23, 20, 20, 16, 7, 8, 18 ], [ 6, 11, 18, 16, 2, 6, 11, 16, 9, 14, 1, 14, 12, 4, 18, 18, 15, 10, 22, 9, 16, 20, 19, 18, 21, 0, 7, 8, 14, 9, 16, 10, 12, 15, 20, 20, 8, 17, 11, 19, 13, 12, 11, 12, 15, 18, 18, 16, 9, 6, 22, 9, 18, 5, 12, 18, 23, 8, 5, 5, 20, 18, 16, 16, 8, 18, 16, 22, 10, 15, 22, 12, 10, 18, 21, 16, 14, 15, 22, 20, 22, 19, 7, 13, 19, 6, 2, 9, 17, 6, 20, 3, 12, 9, 11, 7, 14, 14, 16 ], [ 6, 4, 13, 12, 9, 7, 3, 15, 3, 7, 8, 11, 5, 9, 12, 15, 8, 12, 18, 7, 13, 14, 14, 18, 14, 7, 0, 12, 16, 9, 15, 5, 5, 15, 14, 18, 10, 16, 6, 16, 7, 15, 11, 5, 7, 18, 12, 9, 5, 5, 18, 7, 11, 10, 5, 11, 18, 2, 3, 7, 14, 11, 9, 8, 9, 11, 9, 16, 4, 9, 17, 5, 10, 17, 14, 10, 11, 8, 19, 15, 19, 14, 3, 6, 15, 2, 6, 13, 13, 3, 18, 9, 15, 11, 13, 5, 8, 8, 16 ], [ 7, 16, 16, 14, 6, 5, 15, 11, 15, 17, 8, 11, 17, 4, 19, 15, 20, 3, 19, 8, 12, 20, 18, 11, 23, 8, 12, 0, 7, 5, 11, 16, 17, 9, 21, 14, 4, 11, 12, 15, 15, 5, 6, 15, 19, 11, 18, 21, 10, 14, 19, 7, 21, 4, 14, 18, 22, 14, 9, 5, 21, 21, 19, 18, 4, 19, 21, 22, 16, 16, 19, 18, 6, 13, 22, 16, 11, 20, 18, 19, 17, 17, 14, 19, 17, 13, 10, 1, 14, 13, 15, 5, 4, 3, 4, 8, 16, 15, 10 ], [ 10, 19, 13, 11, 13, 9, 18, 6, 19, 18, 14, 8, 19, 11, 17, 10, 21, 5, 14, 9, 8, 17, 15, 4, 21, 14, 16, 7, 0, 7, 6, 20, 20, 4, 19, 7, 7, 6, 12, 10, 15, 3, 5, 16, 20, 4, 16, 22, 11, 19, 15, 8, 22, 10, 15, 17, 18, 17, 13, 10, 19, 21, 19, 19, 7, 18, 22, 20, 20, 15, 15, 21, 6, 6, 21, 15, 8, 22, 12, 15, 12, 14, 18, 21, 14, 17, 16, 6, 10, 17, 9, 12, 4, 6, 4, 11, 17, 14, 4 ], [ 3, 12, 11, 9, 8, 3, 11, 8, 12, 12, 8, 6, 13, 6, 14, 10, 15, 4, 14, 3, 8, 14, 12, 9, 17, 9, 9, 5, 7, 0, 8, 14, 13, 6, 16, 11, 2, 8, 6, 11, 10, 6, 3, 10, 14, 10, 13, 16, 5, 12, 15, 2, 16, 6, 9, 13, 16, 10, 7, 4, 15, 16, 14, 13, 1, 14, 16, 17, 13, 10, 14, 14, 1, 10, 17, 11, 6, 16, 14, 13, 13, 12, 11, 15, 12, 10, 10, 5, 9, 11, 12, 7, 7, 3, 4, 4, 11, 9, 8 ], [ 10, 17, 8, 7, 15, 10, 16, 0, 18, 15, 16, 4, 17, 13, 13, 4, 19, 8, 8, 9, 3, 12, 9, 4, 17, 16, 15, 11, 6, 8, 0, 20, 18, 2, 14, 4, 9, 1, 9, 4, 12, 8, 5, 14, 17, 5, 11, 20, 10, 19, 9, 8, 18, 13, 12, 12, 12, 16, 14, 11, 14, 17, 16, 16, 9, 14, 19, 15, 19, 11, 9, 19, 7, 2, 16, 11, 4, 19, 7, 10, 6, 8, 18, 19, 8, 17, 17, 10, 5, 17, 4, 15, 9, 8, 7, 10, 13, 10, 2 ], [ 10, 5, 17, 16, 12, 12, 5, 20, 1, 9, 10, 16, 5, 12, 15, 19, 8, 17, 22, 11, 18, 17, 17, 23, 16, 10, 5, 16, 20, 14, 20, 0, 4, 19, 16, 23, 14, 20, 10, 20, 10, 19, 16, 7, 7, 23, 16, 8, 10, 4, 22, 12, 12, 13, 9, 14, 21, 3, 7, 11, 17, 12, 10, 10, 13, 13, 8, 18, 1, 12, 21, 3, 14, 22, 16, 13, 15, 7, 23, 18, 23, 18, 3, 5, 18, 4, 7, 17, 18, 4, 22, 12, 20, 15, 17, 10, 10, 12, 20 ], [ 10, 2, 14, 13, 14, 12, 2, 18, 3, 5, 12, 14, 1, 14, 11, 17, 4, 17, 19, 11, 16, 14, 14, 22, 12, 12, 5, 17, 20, 13, 18, 4, 0, 18, 13, 22, 14, 19, 9, 18, 7, 19, 15, 5, 4, 22, 12, 5, 9, 7, 19, 12, 8, 15, 6, 11, 18, 4, 8, 12, 13, 9, 7, 6, 14, 10, 5, 15, 3, 9, 18, 1, 14, 20, 13, 10, 14, 3, 21, 15, 21, 15, 5, 2, 16, 5, 10, 17, 15, 6, 21, 14, 20, 15, 17, 10, 7, 9, 19 ], [ 10, 17, 10, 8, 14, 9, 16, 2, 18, 16, 15, 5, 17, 12, 14, 6, 19, 7, 10, 8, 5, 14, 11, 3, 18, 15, 15, 9, 4, 6, 2, 19, 18, 0, 16, 5, 7, 2, 10, 6, 13, 6, 4, 14, 18, 4, 13, 20, 10, 18, 11, 7, 19, 12, 12, 13, 14, 16, 13, 10, 15, 18, 17, 16, 7, 15, 20, 17, 19, 12, 11, 19, 6, 3, 18, 12, 5, 20, 9, 12, 8, 10, 18, 20, 10, 16, 16, 8, 7, 17, 6, 13, 7, 7, 5, 10, 14, 11, 1 ], [ 15, 11, 6, 8, 21, 16, 11, 14, 15, 7, 21, 11, 11, 20, 2, 11, 10, 19, 10, 13, 11, 2, 5, 18, 2, 20, 14, 21, 19, 16, 14, 16, 13, 16, 0, 16, 17, 15, 10, 11, 7, 20, 16, 9, 9, 19, 3, 10, 12, 18, 9, 14, 6, 21, 9, 3, 6, 15, 16, 17, 1, 5, 6, 6, 17, 3, 10, 2, 15, 6, 7, 14, 16, 15, 2, 5, 11, 11, 12, 5, 13, 6, 17, 13, 7, 16, 19, 20, 9, 17, 14, 21, 21, 18, 18, 14, 6, 7, 16 ], [ 14, 20, 10, 9, 18, 13, 19, 3, 22, 18, 19, 7, 21, 16, 15, 6, 22, 11, 8, 12, 6, 14, 11, 3, 19, 20, 18, 14, 7, 11, 4, 23, 22, 5, 16, 0, 12, 3, 13, 5, 15, 9, 8, 17, 21, 4, 13, 23, 13, 22, 9, 12, 20, 16, 15, 14, 13, 20, 17, 15, 16, 19, 19, 19, 12, 16, 23, 17, 22, 14, 10, 22, 10, 1, 18, 14, 8, 22, 6, 12, 5, 10, 21, 23, 10, 20, 20, 12, 7, 21, 3, 18, 11, 11, 9, 14, 16, 13, 4 ], [ 4, 13, 13, 11, 7, 3, 12, 9, 13, 14, 8, 7, 14, 4, 15, 11, 17, 2, 16, 5, 9, 16, 14, 10, 19, 8, 10, 4, 7, 2, 9, 14, 14, 7, 17, 12, 0, 9, 8, 12, 12, 5, 3, 12, 16, 10, 15, 18, 7, 12, 16, 4, 18, 5, 10, 14, 18, 11, 7, 3, 17, 17, 16, 15, 1, 16, 18, 19, 14, 12, 16, 15, 2, 11, 19, 13, 8, 17, 15, 15, 15, 14, 12, 16, 14, 11, 9, 3, 11, 11, 13, 6, 6, 1, 3, 5, 13, 11, 8 ], [ 11, 17, 8, 7, 16, 11, 17, 1, 19, 16, 17, 5, 18, 14, 13, 5, 19, 9, 8, 9, 4, 13, 10, 4, 17, 17, 16, 11, 6, 8, 1, 20, 19, 2, 15, 3, 9, 0, 10, 4, 13, 8, 6, 15, 18, 4, 12, 20, 11, 20, 9, 9, 18, 14, 13, 13, 13, 17, 14, 12, 14, 17, 17, 16, 9, 15, 20, 15, 19, 12, 10, 20, 7, 2, 17, 11, 5, 20, 7, 11, 6, 9, 19, 20, 9, 17, 18, 10, 5, 18, 4, 15, 9, 9, 7, 11, 14, 11, 2 ], [ 5, 7, 7, 6, 12, 7, 6, 10, 9, 6, 11, 5, 8, 10, 8, 9, 9, 10, 12, 4, 7, 9, 8, 13, 11, 11, 6, 12, 12, 6, 9, 10, 9, 10, 10, 13, 8, 10, 0, 10, 4, 12, 8, 4, 8, 13, 7, 11, 2, 11, 12, 5, 10, 11, 3, 7, 12, 8, 7, 7, 10, 9, 8, 7, 7, 8, 10, 11, 10, 4, 11, 10, 7, 11, 11, 5, 5, 10, 13, 9, 13, 8, 9, 10, 9, 8, 10, 11, 7, 9, 12, 11, 13, 9, 10, 5, 5, 3, 11 ], [ 13, 17, 5, 5, 19, 13, 16, 4, 19, 14, 19, 5, 17, 16, 10, 1, 18, 13, 4, 11, 3, 9, 6, 8, 14, 19, 16, 15, 10, 11, 4, 20, 18, 6, 11, 5, 12, 4, 10, 0, 11, 12, 9, 14, 17, 8, 9, 19, 11, 21, 5, 11, 16, 17, 12, 10, 8, 18, 16, 14, 11, 15, 15, 14, 12, 12, 19, 12, 19, 10, 5, 19, 10, 4, 13, 9, 5, 19, 3, 7, 3, 5, 19, 19, 5, 18, 19, 14, 3, 19, 3, 18, 13, 12, 11, 13, 12, 9, 6 ], [ 8, 6, 7, 6, 14, 10, 5, 12, 9, 3, 14, 8, 6, 13, 5, 10, 7, 14, 12, 7, 9, 7, 7, 16, 8, 13, 7, 15, 15, 10, 12, 10, 7, 13, 7, 15, 12, 13, 4, 11, 0, 15, 11, 3, 6, 16, 5, 8, 5, 12, 12, 8, 6, 14, 2, 4, 11, 8, 9, 11, 7, 6, 4, 4, 11, 4, 7, 9, 9, 2, 10, 8, 10, 14, 8, 3, 8, 7, 13, 8, 14, 8, 10, 8, 8, 9, 12, 15, 8, 10, 14, 14, 17, 13, 13, 8, 1, 2, 13 ], [ 9, 18, 14, 12, 11, 7, 17, 8, 18, 18, 12, 9, 19, 8, 18, 12, 21, 3, 16, 9, 10, 18, 16, 6, 22, 12, 15, 5, 3, 6, 8, 19, 19, 6, 20, 9, 5, 8, 12, 12, 15, 0, 4, 16, 20, 6, 17, 22, 11, 17, 17, 8, 22, 8, 14, 17, 19, 16, 12, 8, 20, 21, 20, 19, 6, 19, 22, 21, 19, 16, 17, 20, 5, 9, 22, 16, 9, 21, 14, 17, 14, 15, 17, 21, 15, 16, 14, 3, 12, 16, 11, 10, 1, 4, 2, 9, 17, 14, 6 ], [ 6, 14, 10, 8, 10, 5, 13, 5, 15, 14, 11, 5, 15, 8, 14, 8, 17, 4, 12, 5, 6, 14, 12, 7, 18, 11, 11, 6, 5, 3, 5, 16, 15, 4, 16, 8, 3, 6, 8, 9, 11, 4, 0, 12, 16, 7, 13, 18, 7, 15, 13, 4, 17, 8, 10, 13, 16, 13, 9, 6, 15, 17, 15, 15, 4, 14, 18, 17, 15, 11, 13, 16, 2, 7, 17, 11, 5, 17, 12, 13, 11, 11, 14, 17, 11, 13, 12, 5, 8, 13, 9, 9, 6, 3, 3, 6, 12, 10, 5 ], [ 8, 3, 10, 9, 13, 10, 2, 14, 6, 3, 12, 10, 3, 12, 7, 13, 5, 14, 15, 7, 11, 10, 10, 18, 10, 12, 5, 15, 16, 10, 14, 7, 5, 14, 9, 17, 12, 15, 4, 14, 3, 16, 12, 0, 4, 18, 8, 6, 5, 9, 15, 8, 7, 13, 2, 7, 13, 5, 7, 10, 10, 7, 4, 4, 11, 7, 6, 11, 6, 4, 13, 6, 11, 16, 10, 6, 9, 6, 16, 11, 16, 11, 7, 5, 11, 6, 10, 15, 11, 8, 16, 13, 17, 13, 14, 7, 3, 5, 15 ], [ 11, 3, 12, 12, 16, 14, 4, 18, 7, 3, 15, 13, 3, 16, 8, 16, 1, 18, 17, 11, 15, 11, 12, 21, 9, 15, 7, 19, 20, 14, 17, 7, 4, 18, 9, 21, 16, 18, 8, 17, 6, 20, 16, 4, 0, 22, 10, 2, 9, 10, 17, 12, 4, 17, 6, 8, 15, 7, 10, 14, 10, 5, 3, 3, 15, 7, 2, 11, 6, 7, 15, 4, 15, 19, 9, 8, 13, 2, 19, 12, 19, 13, 9, 3, 13, 8, 13, 18, 14, 10, 19, 17, 21, 17, 18, 11, 5, 7, 19 ], [ 13, 20, 12, 11, 16, 12, 20, 4, 22, 19, 17, 8, 21, 14, 17, 8, 23, 8, 12, 12, 8, 17, 14, 0, 21, 18, 18, 11, 4, 10, 5, 23, 22, 4, 19, 4, 10, 4, 13, 8, 16, 6, 7, 18, 22, 0, 16, 24, 13, 22, 13, 11, 22, 14, 16, 17, 16, 20, 16, 13, 18, 21, 20, 20, 10, 18, 24, 19, 22, 16, 13, 23, 9, 4, 21, 15, 9, 23, 10, 15, 9, 13, 21, 23, 13, 20, 19, 10, 9, 20, 7, 15, 7, 9, 7, 13, 17, 15, 3 ], [ 12, 11, 3, 5, 19, 14, 11, 11, 14, 7, 19, 8, 11, 17, 2, 8, 10, 16, 8, 11, 8, 2, 3, 15, 5, 18, 12, 18, 16, 13, 11, 16, 12, 13, 3, 13, 15, 12, 7, 9, 5, 17, 13, 8, 10, 16, 0, 11, 9, 17, 7, 11, 8, 18, 7, 2, 5, 13, 14, 15, 3, 7, 7, 7, 14, 3, 11, 4, 14, 4, 6, 13, 13, 12, 5, 3, 8, 12, 10, 3, 10, 4, 15, 13, 4, 14, 18, 17, 6, 16, 11, 19, 18, 15, 15, 12, 5, 4, 13 ], [ 13, 5, 14, 14, 18, 15, 5, 20, 8, 5, 17, 16, 4, 18, 10, 18, 1, 20, 19, 13, 17, 12, 14, 23, 9, 16, 9, 21, 22, 16, 20, 8, 5, 20, 10, 23, 18, 20, 11, 19, 8, 22, 18, 6, 2, 24, 11, 0, 11, 11, 18, 14, 4, 19, 8, 10, 16, 8, 12, 15, 11, 6, 4, 4, 17, 8, 0, 12, 7, 9, 17, 5, 17, 21, 10, 10, 15, 1, 21, 14, 21, 15, 10, 3, 15, 10, 14, 21, 16, 11, 21, 18, 23, 19, 20, 13, 7, 9, 21 ], [ 3, 7, 9, 7, 9, 5, 6, 10, 8, 7, 9, 6, 8, 8, 10, 10, 10, 9, 13, 2, 8, 11, 10, 13, 13, 9, 5, 10, 11, 5, 10, 10, 9, 10, 12, 13, 7, 11, 2, 11, 5, 11, 7, 5, 9, 13, 9, 11, 0, 9, 14, 3, 11, 9, 4, 9, 14, 7, 5, 5, 12, 11, 9, 9, 6, 10, 11, 14, 9, 6, 13, 9, 6, 12, 13, 7, 6, 11, 14, 11, 14, 10, 8, 10, 10, 7, 9, 10, 9, 8, 13, 9, 12, 8, 9, 3, 7, 5, 11 ], [ 9, 7, 18, 16, 9, 10, 7, 19, 4, 11, 7, 16, 8, 10, 16, 20, 11, 15, 23, 10, 18, 19, 19, 22, 19, 6, 5, 14, 19, 12, 19, 4, 7, 18, 18, 22, 12, 20, 11, 21, 12, 17, 15, 9, 10, 22, 17, 11, 9, 0, 23, 11, 14, 10, 10, 16, 22, 4, 6, 9, 19, 15, 13, 12, 12, 16, 11, 20, 4, 13, 22, 6, 13, 21, 19, 14, 15, 10, 23, 19, 23, 19, 2, 8, 19, 3, 4, 14, 18, 2, 22, 9, 18, 13, 15, 9, 12, 13, 19 ], [ 16, 17, 5, 6, 22, 17, 17, 9, 21, 14, 22, 9, 18, 20, 9, 5, 17, 17, 1, 14, 7, 7, 5, 12, 11, 22, 18, 19, 15, 15, 9, 22, 19, 11, 9, 9, 16, 9, 12, 5, 12, 17, 13, 15, 17, 13, 7, 18, 14, 23, 0, 14, 15, 21, 13, 9, 4, 19, 18, 18, 8, 13, 14, 14, 16, 10, 18, 8, 21, 10, 1, 20, 14, 9, 11, 9, 9, 19, 4, 4, 4, 4, 21, 20, 3, 20, 22, 18, 6, 21, 7, 22, 18, 17, 15, 16, 12, 10, 11 ], [ 2, 10, 10, 8, 8, 3, 9, 8, 11, 10, 8, 5, 11, 6, 12, 10, 13, 6, 13, 1, 7, 13, 11, 11, 16, 9, 7, 7, 8, 2, 8, 12, 12, 7, 14, 12, 4, 9, 5, 11, 8, 8, 4, 8, 12, 11, 11, 14, 3, 11, 14, 0, 14, 7, 7, 11, 15, 9, 5, 4, 14, 14, 12, 12, 3, 12, 14, 16, 11, 9, 13, 12, 3, 10, 15, 9, 5, 14, 13, 12, 13, 11, 10, 13, 11, 9, 9, 6, 8, 9, 12, 8, 9, 4, 6, 2, 9, 8, 8 ], [ 14, 7, 11, 11, 20, 16, 8, 18, 11, 4, 19, 14, 7, 19, 6, 15, 4, 20, 16, 13, 15, 8, 10, 22, 5, 18, 11, 21, 22, 16, 18, 12, 8, 19, 6, 20, 18, 18, 10, 16, 6, 22, 17, 7, 4, 22, 8, 4, 11, 14, 15, 14, 0, 20, 8, 6, 12, 11, 14, 16, 7, 1, 2, 3, 17, 4, 4, 8, 10, 6, 13, 9, 17, 19, 5, 7, 13, 5, 18, 10, 18, 11, 13, 7, 12, 12, 17, 21, 13, 14, 19, 20, 23, 19, 20, 14, 5, 8, 19 ], [ 6, 14, 17, 15, 2, 4, 13, 13, 12, 16, 4, 12, 15, 1, 19, 16, 18, 6, 20, 8, 14, 20, 18, 14, 22, 5, 10, 4, 10, 6, 13, 13, 15, 12, 21, 16, 5, 14, 11, 17, 14, 8, 8, 13, 17, 14, 18, 19, 9, 10, 21, 7, 20, 0, 13, 18, 22, 11, 7, 4, 21, 20, 18, 17, 5, 19, 19, 22, 13, 15, 20, 15, 7, 15, 22, 16, 12, 18, 20, 19, 19, 18, 11, 16, 18, 10, 7, 5, 15, 10, 17, 2, 8, 5, 7, 6, 15, 14, 13 ], [ 7, 5, 8, 7, 13, 9, 4, 12, 8, 4, 12, 8, 5, 12, 7, 11, 7, 13, 13, 6, 9, 9, 9, 16, 10, 12, 5, 14, 15, 9, 12, 9, 6, 12, 9, 15, 10, 13, 3, 12, 2, 14, 10, 2, 6, 16, 7, 8, 4, 10, 13, 7, 8, 13, 0, 6, 12, 6, 7, 9, 9, 7, 5, 5, 10, 6, 8, 11, 8, 3, 12, 7, 9, 14, 10, 4, 8, 7, 14, 9, 14, 9, 8, 7, 10, 7, 11, 13, 9, 9, 14, 13, 15, 11, 12, 6, 3, 3, 13 ], [ 12, 10, 5, 5, 18, 13, 9, 12, 13, 6, 18, 9, 10, 17, 1, 9, 9, 16, 9, 10, 9, 3, 4, 16, 5, 18, 11, 18, 17, 13, 12, 14, 11, 13, 3, 14, 14, 13, 7, 10, 4, 17, 13, 7, 8, 17, 2, 10, 9, 16, 9, 11, 6, 18, 6, 0, 7, 12, 13, 14, 3, 5, 5, 5, 14, 2, 10, 5, 13, 3, 7, 12, 13, 13, 4, 2, 8, 10, 11, 4, 12, 5, 14, 11, 5, 13, 17, 17, 7, 15, 12, 18, 19, 15, 15, 11, 4, 4, 14 ], [ 17, 16, 5, 7, 23, 18, 16, 12, 20, 12, 23, 11, 16, 22, 6, 8, 15, 19, 5, 15, 10, 4, 4, 16, 8, 23, 18, 22, 18, 16, 12, 21, 18, 14, 6, 13, 18, 13, 12, 8, 11, 19, 16, 13, 15, 16, 5, 16, 14, 22, 4, 15, 12, 22, 12, 7, 0, 19, 19, 19, 5, 11, 12, 12, 18, 8, 16, 4, 20, 9, 3, 18, 16, 13, 7, 8, 11, 16, 8, 3, 8, 4, 21, 18, 4, 20, 22, 21, 8, 21, 10, 23, 21, 19, 18, 16, 10, 9, 14 ], [ 7, 4, 14, 13, 10, 9, 3, 17, 2, 7, 8, 13, 4, 10, 13, 16, 8, 14, 19, 8, 15, 15, 15, 20, 15, 8, 2, 14, 17, 10, 16, 3, 4, 16, 15, 20, 11, 17, 8, 18, 8, 16, 13, 5, 7, 20, 13, 8, 7, 4, 19, 9, 11, 11, 6, 12, 19, 0, 4, 8, 15, 11, 9, 9, 10, 12, 8, 17, 3, 10, 18, 4, 11, 19, 15, 11, 12, 7, 20, 16, 20, 16, 2, 5, 16, 1, 6, 14, 15, 3, 20, 10, 17, 12, 14, 7, 8, 9, 17 ], [ 3, 7, 14, 12, 6, 4, 7, 14, 6, 10, 5, 10, 8, 6, 14, 15, 11, 9, 18, 5, 12, 16, 15, 16, 17, 5, 3, 9, 13, 7, 14, 7, 8, 13, 16, 17, 7, 14, 7, 16, 9, 12, 9, 7, 10, 16, 14, 12, 5, 6, 18, 5, 14, 7, 7, 13, 19, 4, 0, 4, 16, 14, 12, 11, 6, 13, 12, 18, 7, 10, 17, 9, 7, 16, 17, 11, 10, 11, 18, 16, 18, 15, 5, 10, 15, 4, 4, 9, 13, 4, 17, 6, 12, 8, 10, 3, 10, 9, 14 ], [ 2, 11, 14, 12, 4, 1, 10, 12, 10, 12, 5, 9, 12, 3, 15, 13, 15, 6, 17, 4, 11, 17, 15, 13, 19, 5, 7, 5, 10, 4, 11, 11, 12, 10, 17, 15, 3, 12, 7, 14, 11, 8, 6, 10, 14, 13, 15, 15, 5, 9, 18, 4, 16, 4, 9, 14, 19, 8, 4, 0, 17, 16, 14, 14, 3, 15, 15, 19, 11, 12, 17, 12, 5, 13, 18, 12, 9, 15, 17, 16, 17, 15, 9, 13, 15, 8, 6, 6, 12, 8, 15, 4, 9, 4, 6, 3, 12, 11, 11 ], [ 15, 12, 6, 7, 21, 16, 12, 14, 16, 8, 21, 11, 12, 20, 2, 10, 10, 19, 9, 13, 11, 2, 4, 18, 3, 20, 14, 21, 19, 15, 14, 17, 13, 15, 1, 16, 17, 14, 10, 11, 7, 20, 15, 10, 10, 18, 3, 11, 12, 19, 8, 14, 7, 21, 9, 3, 5, 15, 16, 17, 0, 6, 7, 7, 16, 3, 11, 2, 15, 6, 7, 14, 15, 14, 3, 5, 10, 12, 11, 4, 12, 6, 17, 13, 6, 16, 19, 20, 9, 17, 13, 21, 21, 18, 18, 14, 6, 6, 16 ], [ 14, 8, 10, 10, 20, 16, 8, 17, 11, 4, 19, 13, 7, 19, 5, 14, 5, 20, 14, 13, 14, 7, 9, 21, 4, 18, 11, 21, 21, 16, 17, 12, 9, 18, 5, 19, 17, 17, 9, 15, 6, 21, 17, 7, 5, 21, 7, 6, 11, 15, 13, 14, 1, 20, 7, 5, 11, 11, 14, 16, 6, 0, 2, 3, 17, 3, 5, 7, 11, 6, 12, 9, 16, 18, 4, 6, 13, 6, 16, 9, 17, 10, 13, 8, 11, 13, 17, 20, 12, 14, 17, 20, 22, 18, 19, 13, 4, 7, 18 ], [ 12, 6, 10, 10, 18, 14, 6, 16, 9, 2, 17, 12, 5, 17, 5, 14, 4, 18, 15, 11, 13, 8, 9, 20, 6, 16, 9, 19, 19, 14, 16, 10, 7, 17, 6, 19, 16, 17, 8, 15, 4, 20, 15, 4, 3, 20, 7, 4, 9, 13, 14, 12, 2, 18, 5, 5, 12, 9, 12, 14, 7, 2, 0, 1, 15, 4, 4, 8, 9, 5, 12, 7, 14, 17, 6, 5, 12, 5, 16, 10, 17, 10, 11, 6, 11, 11, 15, 19, 12, 12, 17, 18, 21, 17, 17, 12, 3, 6, 17 ], [ 11, 5, 10, 9, 17, 13, 5, 16, 9, 1, 16, 12, 5, 16, 5, 13, 4, 17, 14, 11, 13, 8, 9, 20, 6, 16, 8, 18, 19, 13, 16, 10, 6, 16, 6, 19, 15, 16, 7, 14, 4, 19, 15, 4, 3, 20, 7, 4, 9, 12, 14, 12, 3, 17, 5, 5, 12, 9, 11, 14, 7, 3, 1, 0, 14, 4, 4, 8, 9, 4, 12, 7, 14, 17, 6, 5, 11, 5, 16, 10, 16, 10, 11, 6, 11, 10, 14, 18, 12, 11, 17, 17, 20, 16, 17, 11, 3, 5, 17 ], [ 4, 12, 12, 10, 7, 2, 12, 9, 12, 13, 7, 7, 13, 4, 15, 11, 16, 3, 15, 4, 9, 16, 14, 10, 18, 8, 9, 4, 7, 1, 9, 13, 14, 7, 17, 12, 1, 9, 7, 12, 11, 6, 4, 11, 15, 10, 14, 17, 6, 12, 16, 3, 17, 5, 10, 14, 18, 10, 6, 3, 16, 17, 15, 14, 0, 15, 17, 18, 13, 11, 16, 14, 2, 11, 18, 12, 7, 16, 15, 15, 15, 13, 11, 15, 13, 10, 9, 4, 10, 10, 13, 6, 6, 2, 4, 4, 12, 10, 8 ], [ 13, 9, 7, 7, 19, 14, 9, 14, 12, 5, 18, 10, 9, 18, 2, 11, 7, 18, 11, 11, 11, 4, 6, 18, 3, 18, 11, 19, 18, 14, 14, 13, 10, 15, 3, 16, 16, 15, 8, 12, 4, 19, 14, 7, 7, 18, 3, 8, 10, 16, 10, 12, 4, 19, 6, 2, 8, 12, 13, 15, 3, 3, 4, 4, 15, 0, 8, 5, 12, 4, 9, 11, 14, 15, 3, 3, 10, 9, 13, 6, 14, 7, 14, 10, 7, 13, 17, 19, 9, 14, 14, 19, 20, 17, 17, 12, 4, 5, 16 ], [ 13, 5, 14, 14, 18, 15, 5, 20, 8, 5, 17, 15, 4, 18, 9, 17, 1, 20, 19, 13, 17, 12, 13, 23, 9, 16, 9, 21, 22, 16, 19, 8, 5, 20, 10, 23, 18, 20, 10, 19, 7, 22, 18, 6, 2, 24, 11, 0, 11, 11, 18, 14, 4, 19, 8, 10, 16, 8, 12, 15, 11, 5, 4, 4, 17, 8, 0, 12, 7, 8, 17, 5, 17, 21, 9, 9, 15, 1, 20, 14, 21, 15, 10, 3, 15, 10, 14, 20, 16, 11, 21, 18, 23, 19, 20, 13, 7, 9, 21 ], [ 16, 13, 7, 9, 23, 18, 13, 15, 17, 9, 23, 12, 13, 22, 4, 11, 12, 21, 10, 15, 12, 3, 6, 19, 3, 22, 16, 22, 20, 17, 15, 18, 15, 17, 2, 17, 19, 15, 11, 12, 9, 21, 17, 11, 11, 19, 4, 12, 14, 20, 8, 16, 8, 22, 11, 5, 4, 17, 18, 19, 2, 7, 8, 8, 18, 5, 12, 0, 17, 7, 7, 16, 17, 16, 3, 7, 12, 13, 12, 5, 12, 7, 19, 15, 7, 18, 21, 22, 10, 19, 14, 23, 23, 20, 19, 16, 8, 8, 17 ], [ 10, 4, 16, 15, 12, 11, 4, 19, 1, 8, 10, 15, 4, 12, 13, 18, 7, 16, 21, 11, 17, 16, 16, 22, 15, 10, 4, 16, 20, 13, 19, 1, 3, 19, 15, 22, 14, 19, 10, 19, 9, 19, 15, 6, 6, 22, 14, 7, 9, 4, 21, 11, 10, 13, 8, 13, 20, 3, 7, 11, 15, 11, 9, 9, 13, 12, 7, 17, 0, 11, 19, 2, 14, 21, 15, 12, 15, 6, 22, 17, 22, 17, 3, 4, 17, 3, 8, 16, 17, 4, 22, 12, 19, 15, 17, 9, 9, 11, 20 ], [ 9, 7, 6, 5, 16, 11, 7, 12, 11, 4, 15, 7, 7, 14, 4, 9, 8, 14, 11, 8, 8, 6, 6, 15, 7, 15, 9, 16, 15, 10, 11, 12, 9, 12, 6, 14, 12, 12, 4, 10, 2, 16, 11, 4, 7, 16, 4, 9, 6, 13, 10, 9, 6, 15, 3, 3, 9, 10, 10, 12, 6, 6, 5, 4, 11, 4, 8, 7, 11, 0, 9, 10, 11, 13, 7, 1, 7, 9, 12, 6, 12, 7, 12, 9, 7, 11, 14, 15, 7, 12, 13, 15, 17, 13, 13, 9, 2, 1, 13 ], [ 15, 16, 4, 6, 22, 16, 16, 9, 19, 13, 22, 8, 16, 20, 7, 5, 16, 17, 3, 13, 7, 5, 3, 13, 10, 22, 17, 19, 15, 14, 9, 21, 18, 11, 7, 10, 16, 10, 11, 5, 10, 17, 13, 13, 15, 13, 6, 17, 13, 22, 1, 13, 13, 20, 12, 7, 3, 18, 17, 17, 7, 12, 12, 12, 16, 9, 17, 7, 19, 9, 0, 19, 14, 9, 9, 8, 8, 17, 5, 3, 5, 3, 20, 18, 2, 19, 21, 18, 5, 20, 7, 21, 18, 16, 15, 15, 11, 9, 11 ], [ 11, 3, 15, 14, 14, 13, 3, 19, 3, 6, 12, 15, 2, 14, 12, 18, 5, 18, 20, 11, 17, 15, 15, 23, 13, 12, 5, 18, 21, 14, 19, 3, 1, 19, 14, 22, 15, 20, 10, 19, 8, 20, 16, 6, 4, 23, 13, 5, 9, 6, 20, 12, 9, 15, 7, 12, 18, 4, 9, 12, 14, 9, 7, 7, 14, 11, 5, 16, 2, 10, 19, 0, 15, 21, 13, 11, 15, 4, 22, 16, 22, 16, 5, 2, 17, 5, 10, 18, 16, 6, 22, 14, 21, 16, 18, 10, 8, 10, 20 ], [ 4, 13, 11, 9, 9, 3, 12, 7, 13, 13, 9, 5, 13, 6, 14, 9, 16, 4, 13, 4, 7, 14, 12, 9, 17, 10, 10, 6, 6, 1, 7, 14, 14, 6, 16, 10, 2, 7, 7, 10, 10, 5, 2, 11, 15, 9, 13, 17, 6, 13, 14, 3, 17, 7, 9, 13, 16, 11, 7, 5, 15, 16, 14, 14, 2, 14, 17, 17, 14, 11, 14, 15, 0, 9, 17, 11, 6, 16, 13, 13, 13, 12, 12, 15, 12, 11, 10, 5, 9, 12, 11, 8, 6, 3, 3, 5, 12, 9, 7 ], [ 13, 18, 9, 8, 17, 12, 18, 2, 20, 17, 18, 6, 19, 15, 14, 5, 20, 10, 8, 11, 5, 13, 10, 4, 18, 18, 17, 13, 6, 10, 2, 22, 20, 3, 15, 1, 11, 2, 11, 4, 14, 9, 7, 16, 19, 4, 12, 21, 12, 21, 9, 10, 19, 15, 14, 13, 13, 19, 16, 13, 14, 18, 17, 17, 11, 15, 21, 16, 21, 13, 9, 21, 9, 0, 17, 12, 6, 21, 6, 11, 5, 9, 20, 21, 9, 19, 19, 11, 6, 20, 3, 17, 10, 10, 8, 13, 15, 12, 3 ], [ 16, 11, 8, 10, 22, 18, 12, 16, 15, 8, 22, 13, 11, 21, 4, 13, 9, 21, 12, 15, 13, 4, 7, 20, 0, 21, 14, 22, 21, 17, 16, 16, 13, 18, 2, 18, 19, 17, 11, 13, 8, 22, 17, 10, 9, 21, 5, 10, 13, 19, 11, 15, 5, 22, 10, 4, 7, 15, 17, 18, 3, 4, 6, 6, 18, 3, 9, 3, 15, 7, 9, 13, 17, 17, 0, 6, 13, 10, 14, 7, 15, 8, 17, 12, 9, 16, 20, 22, 11, 18, 16, 22, 23, 20, 20, 16, 7, 8, 18 ], [ 10, 8, 4, 4, 16, 12, 8, 11, 12, 5, 16, 7, 9, 15, 3, 8, 9, 15, 10, 8, 8, 5, 4, 15, 6, 16, 10, 16, 15, 11, 11, 13, 10, 12, 5, 14, 13, 11, 5, 9, 3, 16, 11, 6, 8, 15, 3, 10, 7, 14, 9, 9, 7, 16, 4, 2, 8, 11, 11, 12, 5, 6, 5, 5, 12, 3, 9, 7, 12, 1, 8, 11, 11, 12, 6, 0, 7, 10, 11, 5, 11, 5, 13, 10, 6, 12, 15, 15, 7, 13, 12, 16, 17, 13, 14, 10, 3, 2, 13 ], [ 7, 12, 5, 3, 13, 8, 11, 5, 14, 10, 14, 0, 13, 11, 9, 4, 14, 9, 8, 5, 2, 9, 7, 8, 13, 14, 11, 11, 8, 6, 4, 15, 14, 5, 11, 8, 8, 5, 5, 5, 8, 9, 5, 9, 13, 9, 8, 15, 6, 15, 9, 5, 13, 12, 8, 8, 11, 12, 10, 9, 10, 13, 12, 11, 7, 10, 15, 12, 15, 7, 8, 15, 6, 6, 13, 7, 0, 15, 8, 8, 8, 6, 14, 15, 6, 13, 14, 10, 3, 14, 7, 13, 11, 8, 7, 7, 9, 6, 6 ], [ 13, 4, 14, 14, 17, 15, 4, 19, 6, 5, 16, 15, 3, 17, 10, 18, 1, 19, 19, 13, 17, 13, 14, 23, 10, 15, 8, 20, 22, 16, 19, 7, 3, 20, 11, 22, 17, 20, 10, 19, 7, 21, 17, 6, 2, 23, 12, 1, 11, 10, 19, 14, 5, 18, 7, 10, 16, 7, 11, 15, 12, 6, 5, 5, 16, 9, 1, 13, 6, 9, 17, 4, 16, 21, 10, 10, 15, 0, 21, 14, 21, 15, 8, 2, 15, 8, 13, 20, 16, 10, 21, 17, 22, 18, 19, 12, 7, 9, 21 ], [ 16, 19, 7, 7, 21, 16, 19, 7, 22, 16, 22, 8, 19, 19, 12, 4, 20, 15, 2, 13, 6, 10, 7, 9, 15, 22, 19, 18, 12, 14, 7, 23, 21, 9, 12, 6, 15, 7, 13, 3, 13, 14, 12, 16, 19, 10, 10, 21, 14, 23, 4, 13, 18, 20, 14, 11, 8, 20, 18, 17, 11, 16, 16, 16, 15, 13, 20, 12, 22, 12, 5, 22, 13, 6, 14, 11, 8, 21, 0, 7, 1, 6, 22, 21, 6, 21, 22, 16, 5, 22, 3, 21, 16, 15, 14, 15, 14, 12, 8 ], [ 14, 14, 2, 5, 20, 15, 13, 10, 17, 10, 20, 8, 14, 19, 5, 6, 13, 16, 5, 12, 7, 3, 1, 14, 7, 20, 15, 19, 15, 13, 10, 18, 15, 12, 5, 12, 15, 11, 9, 7, 8, 17, 13, 11, 12, 15, 3, 14, 11, 19, 4, 12, 10, 19, 9, 4, 3, 16, 16, 16, 4, 9, 10, 10, 15, 6, 14, 5, 17, 6, 3, 16, 13, 11, 7, 5, 8, 14, 7, 0, 8, 2, 18, 15, 2, 17, 19, 18, 5, 18, 9, 20, 18, 16, 15, 13, 8, 6, 12 ], [ 15, 19, 7, 7, 21, 16, 19, 6, 22, 16, 22, 8, 20, 19, 12, 4, 20, 15, 3, 13, 6, 10, 8, 9, 15, 22, 19, 17, 12, 13, 6, 23, 21, 8, 13, 5, 15, 6, 13, 3, 14, 14, 11, 16, 19, 9, 10, 21, 14, 23, 4, 13, 18, 19, 14, 12, 8, 20, 18, 17, 12, 17, 17, 16, 15, 14, 21, 12, 22, 12, 5, 22, 13, 5, 15, 11, 8, 21, 1, 8, 0, 6, 22, 22, 6, 21, 22, 16, 5, 22, 3, 21, 15, 15, 13, 15, 14, 12, 8 ], [ 13, 14, 1, 3, 19, 14, 13, 9, 17, 10, 19, 7, 14, 17, 6, 4, 14, 15, 4, 11, 5, 4, 1, 12, 9, 19, 14, 17, 14, 12, 8, 18, 15, 10, 6, 10, 14, 9, 8, 5, 8, 15, 11, 11, 13, 13, 4, 15, 10, 19, 4, 11, 11, 18, 9, 5, 4, 16, 15, 15, 6, 10, 10, 10, 13, 7, 15, 7, 17, 7, 3, 16, 12, 9, 8, 5, 6, 15, 6, 2, 6, 0, 18, 16, 0, 16, 19, 16, 4, 18, 8, 19, 17, 14, 14, 12, 8, 6, 10 ], [ 8, 6, 16, 15, 9, 9, 5, 18, 2, 9, 8, 14, 6, 10, 15, 18, 9, 14, 21, 9, 16, 17, 17, 21, 17, 7, 3, 14, 18, 11, 18, 3, 5, 18, 17, 21, 12, 19, 9, 19, 10, 17, 14, 7, 9, 21, 15, 10, 8, 2, 21, 10, 13, 11, 8, 14, 21, 2, 5, 9, 17, 13, 11, 11, 11, 14, 10, 19, 3, 12, 20, 5, 12, 20, 17, 13, 14, 8, 22, 18, 22, 18, 0, 7, 18, 1, 5, 14, 17, 1, 21, 10, 17, 13, 15, 8, 10, 11, 19 ], [ 12, 3, 15, 14, 15, 14, 4, 19, 4, 6, 14, 15, 2, 15, 11, 18, 3, 18, 20, 12, 17, 14, 15, 23, 12, 13, 6, 19, 21, 15, 19, 5, 2, 20, 13, 23, 16, 20, 10, 19, 8, 21, 17, 5, 3, 23, 13, 3, 10, 8, 20, 13, 7, 16, 7, 11, 18, 5, 10, 13, 13, 8, 6, 6, 15, 10, 3, 15, 4, 9, 18, 2, 15, 21, 12, 10, 15, 2, 21, 15, 22, 16, 7, 0, 16, 7, 11, 19, 16, 8, 21, 16, 21, 17, 18, 11, 8, 10, 20 ], [ 13, 14, 1, 3, 19, 14, 14, 8, 17, 11, 19, 7, 14, 17, 6, 4, 14, 15, 4, 11, 5, 4, 1, 12, 9, 19, 15, 17, 14, 12, 8, 18, 16, 10, 7, 10, 14, 9, 9, 5, 8, 15, 11, 11, 13, 13, 4, 15, 10, 19, 3, 11, 12, 18, 10, 5, 4, 16, 15, 15, 6, 11, 11, 11, 13, 7, 15, 7, 17, 7, 2, 17, 12, 9, 9, 6, 6, 15, 6, 2, 6, 0, 18, 16, 0, 17, 19, 16, 4, 18, 7, 19, 17, 14, 14, 13, 9, 6, 10 ], [ 7, 5, 15, 14, 9, 8, 5, 17, 3, 9, 7, 13, 6, 9, 14, 17, 9, 13, 20, 8, 15, 16, 16, 19, 16, 6, 2, 13, 17, 10, 17, 4, 5, 16, 16, 20, 11, 17, 8, 18, 9, 16, 13, 6, 8, 20, 14, 10, 7, 3, 20, 9, 12, 10, 7, 13, 20, 1, 4, 8, 16, 13, 11, 10, 10, 13, 10, 18, 3, 11, 19, 5, 11, 19, 16, 12, 13, 8, 21, 17, 21, 16, 1, 7, 17, 0, 4, 13, 15, 1, 20, 9, 16, 12, 14, 7, 10, 10, 17 ], [ 7, 9, 18, 16, 5, 7, 9, 17, 7, 13, 3, 14, 10, 6, 17, 18, 13, 11, 22, 9, 16, 19, 19, 19, 20, 2, 6, 10, 16, 10, 17, 7, 10, 16, 19, 20, 9, 18, 10, 19, 12, 14, 12, 10, 13, 19, 18, 14, 9, 4, 22, 9, 17, 7, 11, 17, 22, 6, 4, 6, 19, 17, 15, 14, 9, 17, 14, 21, 8, 14, 21, 10, 10, 19, 20, 15, 14, 13, 22, 19, 22, 19, 5, 11, 19, 4, 0, 11, 17, 3, 21, 5, 14, 10, 12, 7, 13, 13, 17 ], [ 7, 16, 15, 13, 7, 5, 15, 10, 16, 17, 8, 10, 17, 5, 18, 13, 20, 1, 17, 7, 11, 19, 17, 10, 22, 9, 13, 1, 6, 5, 10, 17, 17, 8, 20, 12, 3, 10, 11, 14, 15, 3, 5, 15, 18, 10, 17, 21, 10, 14, 18, 6, 21, 5, 13, 17, 21, 14, 9, 6, 20, 20, 19, 18, 4, 19, 20, 22, 16, 15, 18, 18, 5, 11, 22, 15, 10, 20, 16, 18, 16, 16, 14, 19, 16, 13, 11, 0, 13, 13, 14, 6, 3, 2, 3, 7, 16, 14, 9 ], [ 11, 14, 3, 2, 17, 11, 13, 5, 16, 11, 17, 3, 14, 15, 8, 2, 15, 12, 5, 8, 2, 7, 5, 9, 12, 17, 13, 14, 10, 9, 5, 18, 15, 7, 9, 7, 11, 5, 7, 3, 8, 12, 8, 11, 14, 9, 6, 16, 9, 18, 6, 8, 13, 15, 9, 7, 8, 15, 13, 12, 9, 12, 12, 12, 10, 9, 16, 10, 17, 7, 5, 16, 9, 6, 11, 7, 3, 16, 5, 5, 5, 4, 17, 16, 4, 15, 17, 13, 0, 16, 5, 16, 13, 11, 10, 10, 9, 7, 7 ], [ 7, 6, 16, 15, 8, 9, 6, 18, 3, 10, 6, 14, 7, 9, 15, 18, 10, 13, 21, 9, 16, 18, 17, 20, 18, 6, 3, 13, 17, 11, 17, 4, 6, 17, 17, 21, 11, 18, 9, 19, 10, 16, 13, 8, 10, 20, 16, 11, 8, 2, 21, 9, 14, 10, 9, 15, 21, 3, 4, 8, 17, 14, 12, 11, 10, 14, 11, 19, 4, 12, 20, 6, 12, 20, 18, 13, 14, 10, 22, 18, 22, 18, 1, 8, 18, 1, 3, 13, 16, 0, 21, 9, 16, 12, 14, 7, 11, 12, 18 ], [ 14, 19, 8, 7, 19, 14, 18, 4, 21, 17, 20, 7, 19, 17, 13, 4, 20, 13, 5, 12, 5, 12, 9, 6, 16, 20, 18, 15, 9, 12, 4, 22, 21, 6, 14, 3, 13, 4, 12, 3, 14, 11, 9, 16, 19, 7, 11, 21, 13, 22, 7, 12, 19, 17, 14, 12, 10, 20, 17, 15, 13, 17, 17, 17, 13, 14, 21, 14, 22, 13, 7, 22, 11, 3, 16, 12, 7, 21, 3, 9, 3, 8, 21, 21, 7, 20, 21, 14, 5, 21, 0, 19, 13, 13, 11, 14, 14, 12, 5 ], [ 6, 13, 18, 16, 1, 5, 13, 15, 12, 16, 3, 13, 14, 2, 19, 17, 17, 7, 21, 8, 15, 20, 19, 16, 22, 3, 9, 5, 12, 7, 15, 12, 14, 13, 21, 18, 6, 15, 11, 18, 14, 10, 9, 13, 17, 15, 19, 18, 9, 9, 22, 8, 20, 2, 13, 18, 23, 10, 6, 4, 21, 20, 18, 17, 6, 19, 18, 23, 12, 15, 21, 14, 8, 17, 22, 16, 13, 17, 21, 20, 21, 19, 10, 16, 19, 9, 5, 6, 16, 9, 19, 0, 9, 6, 9, 7, 16, 15, 14 ], [ 10, 19, 16, 14, 10, 8, 18, 9, 19, 19, 12, 10, 19, 8, 20, 13, 22, 3, 17, 10, 11, 20, 17, 8, 23, 12, 15, 4, 4, 7, 9, 20, 20, 7, 21, 11, 6, 9, 13, 13, 17, 1, 6, 17, 21, 7, 18, 23, 12, 18, 18, 9, 23, 8, 15, 19, 21, 17, 12, 9, 21, 22, 21, 20, 6, 20, 23, 23, 19, 17, 18, 21, 6, 10, 23, 17, 11, 22, 16, 18, 15, 17, 17, 21, 17, 16, 14, 3, 13, 16, 13, 9, 0, 4, 3, 10, 18, 16, 7 ], [ 5, 14, 13, 11, 7, 4, 13, 9, 14, 15, 8, 8, 15, 5, 16, 12, 18, 1, 16, 5, 9, 17, 15, 9, 20, 9, 11, 3, 6, 3, 8, 15, 15, 7, 18, 11, 1, 9, 9, 12, 13, 4, 3, 13, 17, 9, 15, 19, 8, 13, 17, 4, 19, 5, 11, 15, 19, 12, 8, 4, 18, 18, 17, 16, 2, 17, 19, 20, 15, 13, 16, 16, 3, 10, 20, 13, 8, 18, 15, 16, 15, 14, 13, 17, 14, 12, 10, 2, 11, 12, 13, 6, 4, 0, 2, 6, 14, 12, 8 ], [ 7, 16, 13, 11, 9, 5, 15, 7, 16, 16, 10, 7, 16, 7, 16, 10, 19, 2, 15, 7, 8, 17, 14, 7, 20, 11, 13, 4, 4, 4, 7, 17, 17, 5, 18, 9, 3, 7, 10, 11, 13, 2, 3, 14, 18, 7, 15, 20, 9, 15, 15, 6, 20, 7, 12, 15, 18, 14, 10, 6, 18, 19, 17, 17, 4, 17, 20, 19, 17, 13, 15, 18, 3, 8, 20, 14, 7, 19, 14, 15, 13, 14, 15, 18, 14, 14, 12, 3, 10, 14, 11, 9, 3, 2, 0, 7, 15, 12, 6 ], [ 0, 9, 11, 9, 7, 2, 8, 11, 9, 10, 7, 7, 9, 6, 12, 12, 12, 7, 15, 2, 9, 14, 12, 13, 16, 7, 5, 8, 11, 4, 10, 10, 10, 10, 14, 14, 5, 11, 5, 13, 8, 9, 6, 7, 11, 13, 12, 13, 3, 9, 16, 2, 14, 6, 6, 11, 16, 7, 3, 3, 14, 13, 12, 11, 4, 12, 13, 16, 9, 9, 15, 10, 5, 13, 16, 10, 7, 12, 15, 13, 15, 12, 8, 11, 13, 7, 7, 7, 10, 7, 14, 7, 10, 6, 7, 0, 9, 8, 11 ], [ 9, 6, 7, 7, 16, 11, 5, 13, 9, 2, 15, 9, 6, 15, 4, 11, 6, 15, 12, 8, 10, 7, 7, 17, 7, 14, 8, 16, 17, 11, 13, 10, 7, 14, 6, 16, 13, 14, 5, 12, 1, 17, 12, 3, 5, 17, 5, 7, 7, 12, 12, 9, 5, 15, 3, 4, 10, 8, 10, 12, 6, 4, 3, 3, 12, 4, 7, 8, 9, 2, 11, 8, 12, 15, 7, 3, 9, 7, 14, 8, 14, 8, 10, 8, 9, 10, 13, 16, 9, 11, 14, 16, 18, 14, 15, 9, 0, 3, 15 ], [ 8, 8, 5, 4, 15, 10, 7, 10, 11, 5, 14, 6, 8, 13, 5, 8, 8, 13, 10, 7, 7, 6, 6, 14, 8, 14, 8, 15, 14, 9, 10, 12, 9, 11, 7, 13, 11, 11, 3, 9, 2, 14, 10, 5, 7, 15, 4, 9, 5, 13, 10, 8, 8, 14, 3, 4, 9, 9, 9, 11, 6, 7, 6, 5, 10, 5, 9, 8, 11, 1, 9, 10, 9, 12, 8, 2, 6, 9, 12, 6, 12, 6, 11, 10, 6, 10, 13, 14, 7, 12, 12, 15, 16, 12, 12, 8, 3, 0, 12 ], [ 11, 18, 10, 8, 15, 10, 17, 2, 19, 16, 16, 5, 18, 13, 15, 6, 20, 8, 10, 9, 5, 14, 11, 3, 18, 16, 16, 10, 4, 8, 2, 20, 19, 1, 16, 4, 8, 2, 11, 6, 13, 6, 5, 15, 19, 3, 13, 21, 11, 19, 11, 8, 19, 13, 13, 14, 14, 17, 14, 11, 16, 18, 17, 17, 8, 16, 21, 17, 20, 13, 11, 20, 7, 3, 18, 13, 6, 21, 8, 12, 8, 10, 19, 20, 10, 17, 17, 9, 7, 18, 5, 14, 7, 8, 6, 11, 15, 12, 0 ] ]
}