{
  "version" : "0.3",
  "id" : 599844647,
  "name" : "PTP-RAND-3_40_5_80",
  "coordType" : "Eucl",
  "sameVehicleBackward" : false,
  "maxWaitTime" : "00h30",
  "places" : [ {
    "id" : 0,
    "lat" : 10.76107367150573,
    "long" : 4.876240115894859,
    "category" : 0
  }, {
    "id" : 1,
    "lat" : -3.145779716241526,
    "long" : -4.750649543066923,
    "category" : 0
  }, {
    "id" : 2,
    "lat" : -4.127573538199344,
    "long" : 0.3421426388350762,
    "category" : 0
  }, {
    "id" : 3,
    "lat" : -0.9742133217074187,
    "long" : -7.537523469131858,
    "category" : 0
  }, {
    "id" : 4,
    "lat" : 10.657787879542582,
    "long" : -5.394680236217675,
    "category" : 0
  }, {
    "id" : 5,
    "lat" : 9.481192839147406,
    "long" : -6.442541029470054,
    "category" : 0
  }, {
    "id" : 6,
    "lat" : -3.2121049575079725,
    "long" : -3.524558974258989,
    "category" : 0
  }, {
    "id" : 7,
    "lat" : 6.073285246934223,
    "long" : -9.644415745772625,
    "category" : 0
  }, {
    "id" : 8,
    "lat" : -3.9658949716607257,
    "long" : 1.8123443788690508,
    "category" : 0
  }, {
    "id" : 9,
    "lat" : 0.2268329158955241,
    "long" : 9.097225394036409,
    "category" : 0
  }, {
    "id" : 10,
    "lat" : 3.1479793799021816,
    "long" : 7.043160441016513,
    "category" : 0
  }, {
    "id" : 11,
    "lat" : 4.880057031654351,
    "long" : -7.761681198066113,
    "category" : 0
  }, {
    "id" : 12,
    "lat" : 11.803544266365243,
    "long" : 1.708516310575764,
    "category" : 0
  }, {
    "id" : 13,
    "lat" : -0.770156819708227,
    "long" : 0.30426748241556334,
    "category" : 0
  }, {
    "id" : 14,
    "lat" : 10.007904921984824,
    "long" : 2.2971636142365393,
    "category" : 0
  }, {
    "id" : 15,
    "lat" : 3.1588268876858634,
    "long" : 2.1322463104314213,
    "category" : 0
  }, {
    "id" : 16,
    "lat" : 9.131695327958251,
    "long" : 4.973782296627771,
    "category" : 0
  }, {
    "id" : 17,
    "lat" : 6.843875917693054,
    "long" : 4.29695970762974,
    "category" : 0
  }, {
    "id" : 18,
    "lat" : -1.0102560087655381,
    "long" : -4.45670827354143,
    "category" : 0
  }, {
    "id" : 19,
    "lat" : -10.035012314722856,
    "long" : 4.736436276551461,
    "category" : 0
  }, {
    "id" : 20,
    "lat" : -3.10650479751841,
    "long" : -1.9272174698681317,
    "category" : 0
  }, {
    "id" : 21,
    "lat" : -3.363556111911564,
    "long" : -8.307057549377204,
    "category" : 0
  }, {
    "id" : 22,
    "lat" : 4.4221181216840835,
    "long" : 6.242671939201633,
    "category" : 0
  }, {
    "id" : 23,
    "lat" : 2.472712267696353,
    "long" : 2.5838139406501677,
    "category" : 0
  }, {
    "id" : 24,
    "lat" : -3.6462982222467595,
    "long" : 10.94027814967852,
    "category" : 0
  }, {
    "id" : 25,
    "lat" : -6.183336882709336,
    "long" : -9.289972437898307,
    "category" : 0
  }, {
    "id" : 26,
    "lat" : -3.9097346380913116,
    "long" : 3.4641960979752873,
    "category" : 0
  }, {
    "id" : 27,
    "lat" : -6.10104717629634,
    "long" : 0.7501232626970715,
    "category" : 0
  }, {
    "id" : 28,
    "lat" : 11.111865041456742,
    "long" : 2.240832890291475,
    "category" : 0
  }, {
    "id" : 29,
    "lat" : -2.7330379085226135,
    "long" : 9.173618490809812,
    "category" : 0
  }, {
    "id" : 30,
    "lat" : -7.020515343659697,
    "long" : 3.385473066005053,
    "category" : 0
  }, {
    "id" : 31,
    "lat" : -1.4696719309682045,
    "long" : 0.3507094941893124,
    "category" : 0
  }, {
    "id" : 32,
    "lat" : 10.326427804817524,
    "long" : -0.6969580639688535,
    "category" : 0
  }, {
    "id" : 33,
    "lat" : 9.03933887278819,
    "long" : -6.4385142539591795,
    "category" : 0
  }, {
    "id" : 34,
    "lat" : 5.235521922117584,
    "long" : -6.701047639480143,
    "category" : 0
  }, {
    "id" : 35,
    "lat" : -4.571511691670958,
    "long" : 4.163525267491339,
    "category" : 0
  }, {
    "id" : 36,
    "lat" : -2.9501434458222016,
    "long" : 10.943170388723823,
    "category" : 0
  }, {
    "id" : 37,
    "lat" : -9.109481590075438,
    "long" : 2.302234787501448,
    "category" : 0
  }, {
    "id" : 38,
    "lat" : 4.037006895880003,
    "long" : -6.2545219173475965,
    "category" : 0
  }, {
    "id" : 39,
    "lat" : -5.325910221786418,
    "long" : -2.386575850130556,
    "category" : 0
  }, {
    "id" : 40,
    "lat" : 10.310054605381175,
    "long" : 3.5389779431269925,
    "category" : 1
  }, {
    "id" : 41,
    "lat" : -3.3931171544046084,
    "long" : -5.63029679529374,
    "category" : 2
  }, {
    "id" : 42,
    "lat" : -7.565284212680302,
    "long" : 3.4909813146460538,
    "category" : 2
  }, {
    "id" : 43,
    "lat" : 2.885844521131747,
    "long" : 5.635032729416801,
    "category" : 2
  }, {
    "id" : 44,
    "lat" : -5.227960819584792,
    "long" : -0.12090285490104877,
    "category" : 2
  }, {
    "id" : 45,
    "lat" : -8.152700550150241,
    "long" : 8.471938667737119,
    "category" : 2
  }, {
    "id" : 46,
    "lat" : 0.15813902412980124,
    "long" : 6.861029089029433,
    "category" : 2
  }, {
    "id" : 47,
    "lat" : -8.047870363663474,
    "long" : 0.561694228366096,
    "category" : 2
  }, {
    "id" : 48,
    "lat" : 0.15363609339296005,
    "long" : -1.846631325640773,
    "category" : 2
  }, {
    "id" : 49,
    "lat" : -0.1668722865865276,
    "long" : -7.810050847705539,
    "category" : 2
  }, {
    "id" : 50,
    "lat" : 9.922492881152738,
    "long" : -3.734708012148289,
    "category" : 2
  }, {
    "id" : 51,
    "lat" : 7.109911900706796,
    "long" : -2.8367396985813746,
    "category" : 2
  }, {
    "id" : 52,
    "lat" : -9.604250347626712,
    "long" : -4.380270530277278,
    "category" : 2
  }, {
    "id" : 53,
    "lat" : 4.011286260239809,
    "long" : 7.029677898587514,
    "category" : 2
  }, {
    "id" : 54,
    "lat" : -4.234591431211526,
    "long" : -4.094372264422605,
    "category" : 2
  }, {
    "id" : 55,
    "lat" : -6.049910319237735,
    "long" : -8.07731077777792,
    "category" : 2
  }, {
    "id" : 56,
    "lat" : -9.769489226823758,
    "long" : 6.2653901065699245,
    "category" : 2
  }, {
    "id" : 57,
    "lat" : -6.8502671501239165,
    "long" : -6.931492013636184,
    "category" : 2
  }, {
    "id" : 58,
    "lat" : 2.6707915242326217,
    "long" : -3.370794517872841,
    "category" : 2
  }, {
    "id" : 59,
    "lat" : 1.9987499637811446,
    "long" : 10.197198203197416,
    "category" : 2
  }, {
    "id" : 60,
    "lat" : 5.948378521798325,
    "long" : 9.577906136608751,
    "category" : 2
  }, {
    "id" : 61,
    "lat" : 9.397652314219531,
    "long" : 1.0690188686205262,
    "category" : 2
  }, {
    "id" : 62,
    "lat" : 9.405439241277525,
    "long" : -5.171441315763547,
    "category" : 2
  }, {
    "id" : 63,
    "lat" : 7.0103593117200695,
    "long" : 0.7855993985539883,
    "category" : 2
  }, {
    "id" : 64,
    "lat" : 2.564762854329411,
    "long" : 5.137511973011557,
    "category" : 2
  }, {
    "id" : 65,
    "lat" : 2.60221540110959,
    "long" : -5.268649123456506,
    "category" : 2
  }, {
    "id" : 66,
    "lat" : -6.505495732307389,
    "long" : 2.3037213783689134,
    "category" : 2
  }, {
    "id" : 67,
    "lat" : 0.7660259917765239,
    "long" : -4.459254584369258,
    "category" : 2
  }, {
    "id" : 68,
    "lat" : 7.033374682091284,
    "long" : -2.558504843882881,
    "category" : 2
  }, {
    "id" : 69,
    "lat" : -3.0154712397833445,
    "long" : 9.029288164706486,
    "category" : 2
  }, {
    "id" : 70,
    "lat" : 3.9819709422909386,
    "long" : 2.0891115866553456,
    "category" : 2
  }, {
    "id" : 71,
    "lat" : -3.754573220286305,
    "long" : 2.7481805265349775,
    "category" : 2
  }, {
    "id" : 72,
    "lat" : -0.6034629406835392,
    "long" : -5.752530433309341,
    "category" : 2
  }, {
    "id" : 73,
    "lat" : 1.963246718812529,
    "long" : -0.8241173417247888,
    "category" : 2
  }, {
    "id" : 74,
    "lat" : 5.939092161016378,
    "long" : 2.626976603374022,
    "category" : 2
  }, {
    "id" : 75,
    "lat" : 3.0178324615468806,
    "long" : -3.0090483078259793,
    "category" : 2
  }, {
    "id" : 76,
    "lat" : -9.112852489225686,
    "long" : -1.9722372935571806,
    "category" : 2
  }, {
    "id" : 77,
    "lat" : -5.248006726705975,
    "long" : -7.051251793403905,
    "category" : 2
  }, {
    "id" : 78,
    "lat" : -10.035723942787913,
    "long" : 5.024635460188877,
    "category" : 2
  }, {
    "id" : 79,
    "lat" : -2.6445756509615186,
    "long" : -6.374659264800544,
    "category" : 2
  }, {
    "id" : 80,
    "lat" : -9.136522901500483,
    "long" : -3.322848253592699,
    "category" : 2
  }, {
    "id" : 81,
    "lat" : -8.059497726219256,
    "long" : -1.5574393398525652,
    "category" : 2
  }, {
    "id" : 82,
    "lat" : 5.298691686857952,
    "long" : -3.9191207655359466,
    "category" : 2
  }, {
    "id" : 83,
    "lat" : 9.420275741790979,
    "long" : 2.3003012216603875,
    "category" : 2
  }, {
    "id" : 84,
    "lat" : -9.92967061725383,
    "long" : -6.542233508392438,
    "category" : 2
  }, {
    "id" : 85,
    "lat" : -5.07696411580416,
    "long" : 6.719187173063085,
    "category" : 2
  }, {
    "id" : 86,
    "lat" : 0.8850271354786183,
    "long" : 11.816491665423493,
    "category" : 2
  }, {
    "id" : 87,
    "lat" : 5.290681372918346,
    "long" : 10.566401876471586,
    "category" : 2
  }, {
    "id" : 88,
    "lat" : 7.987366345690929,
    "long" : -0.9233262572102142,
    "category" : 2
  }, {
    "id" : 89,
    "lat" : -0.03154473507242944,
    "long" : 7.600535078635602,
    "category" : 2
  }, {
    "id" : 90,
    "lat" : 6.002274457301662,
    "long" : 6.736387610492007,
    "category" : 2
  }, {
    "id" : 91,
    "lat" : -0.639709329539496,
    "long" : -10.025703550136617,
    "category" : 2
  }, {
    "id" : 92,
    "lat" : -5.639634511233372,
    "long" : 9.691009033574847,
    "category" : 2
  }, {
    "id" : 93,
    "lat" : -7.241789780147295,
    "long" : -2.172121004034285,
    "category" : 2
  }, {
    "id" : 94,
    "lat" : 0.3625450520815628,
    "long" : -4.388884802219547,
    "category" : 2
  }, {
    "id" : 95,
    "lat" : -7.067206049179187,
    "long" : -5.293704874665248,
    "category" : 2
  }, {
    "id" : 96,
    "lat" : 8.596352600971326,
    "long" : 1.9016764219796494,
    "category" : 2
  }, {
    "id" : 97,
    "lat" : -2.5933954528619356,
    "long" : -6.109106538668964,
    "category" : 2
  }, {
    "id" : 98,
    "lat" : -1.1726235137454886,
    "long" : -11.27387323664547,
    "category" : 2
  }, {
    "id" : 99,
    "lat" : 3.8053880656942165,
    "long" : 1.373478157178695,
    "category" : 2
  }, {
    "id" : 100,
    "lat" : 7.5246651167883165,
    "long" : 5.959747320926972,
    "category" : 2
  }, {
    "id" : 101,
    "lat" : 8.491117098802945,
    "long" : 6.82480550247038,
    "category" : 2
  }, {
    "id" : 102,
    "lat" : 2.6233222822609363,
    "long" : -11.489958219856922,
    "category" : 2
  }, {
    "id" : 103,
    "lat" : 5.29135637577724,
    "long" : -6.4221238247114485,
    "category" : 2
  }, {
    "id" : 104,
    "lat" : 2.895345222281888,
    "long" : -0.10084952874572779,
    "category" : 2
  }, {
    "id" : 105,
    "lat" : -7.391801806322031,
    "long" : -5.409003115051303,
    "category" : 2
  }, {
    "id" : 106,
    "lat" : -6.037169317647076,
    "long" : -9.447844245665927,
    "category" : 2
  }, {
    "id" : 107,
    "lat" : 6.372004763463918,
    "long" : 7.359951029837381,
    "category" : 2
  }, {
    "id" : 108,
    "lat" : 0.0062324454235032686,
    "long" : 10.87869147774226,
    "category" : 2
  }, {
    "id" : 109,
    "lat" : 6.397419268898524,
    "long" : -9.09087500727509,
    "category" : 2
  }, {
    "id" : 110,
    "lat" : -0.5903075263847006,
    "long" : 4.197477383774165,
    "category" : 2
  }, {
    "id" : 111,
    "lat" : 3.5391795332810116,
    "long" : -10.654054824232954,
    "category" : 2
  }, {
    "id" : 112,
    "lat" : 5.212892925530116,
    "long" : -2.6694794022485957,
    "category" : 2
  }, {
    "id" : 113,
    "lat" : 10.272761411697516,
    "long" : -4.951630549667228,
    "category" : 2
  }, {
    "id" : 114,
    "lat" : -0.08144979290501704,
    "long" : -0.5423584920132869,
    "category" : 2
  }, {
    "id" : 115,
    "lat" : -8.678979259639801,
    "long" : 7.8905220063662185,
    "category" : 2
  }, {
    "id" : 116,
    "lat" : 7.6305577130130855,
    "long" : 2.7654546098291743,
    "category" : 2
  }, {
    "id" : 117,
    "lat" : -1.4271219638161863,
    "long" : 9.489893126834946,
    "category" : 2
  }, {
    "id" : 118,
    "lat" : 3.5191042161609287,
    "long" : -2.2950739447989843,
    "category" : 2
  }, {
    "id" : 119,
    "lat" : -6.542078554142396,
    "long" : 2.603665782829168,
    "category" : 2
  }, {
    "id" : 120,
    "lat" : 7.881910193635878,
    "long" : -6.1248571055544225,
    "category" : 2
  }, {
    "id" : 121,
    "lat" : -8.426739913857629,
    "long" : 6.758472569841879,
    "category" : 2
  }, {
    "id" : 122,
    "lat" : -2.354851340109423,
    "long" : 5.061369971214648,
    "category" : 2
  }, {
    "id" : 123,
    "lat" : -8.502773808283012,
    "long" : -5.209662412411758,
    "category" : 2
  }, {
    "id" : 124,
    "lat" : 5.043827522156236,
    "long" : -8.475929821579273,
    "category" : 2
  }, {
    "id" : 125,
    "lat" : -2.2940778615484896,
    "long" : 9.962605460779606,
    "category" : 2
  }, {
    "id" : 126,
    "lat" : 1.0204433659352186,
    "long" : 0.8457354204810356,
    "category" : 2
  }, {
    "id" : 127,
    "lat" : 0.7511084184204372,
    "long" : 9.129195016351623,
    "category" : 2
  } ],
  "vehicles" : [ {
    "id" : 128,
    "canTake" : [ 0 ],
    "start" : 40,
    "end" : 40,
    "capacity" : 5,
    "availability" : [ "07h00:17h00", "18h00:20h00" ]
  }, {
    "id" : 129,
    "canTake" : [ 1 ],
    "start" : 40,
    "end" : 40,
    "capacity" : 5,
    "availability" : [ "07h00:14h00", "15h00:20h00" ]
  }, {
    "id" : 130,
    "canTake" : [ 1 ],
    "start" : 40,
    "end" : 40,
    "capacity" : 4,
    "availability" : [ "07h00:13h00", "14h00:20h00" ]
  }, {
    "id" : 131,
    "canTake" : [ 0 ],
    "start" : 40,
    "end" : 40,
    "capacity" : 4,
    "availability" : [ "07h00:20h00" ]
  }, {
    "id" : 132,
    "canTake" : [ 1 ],
    "start" : 40,
    "end" : 40,
    "capacity" : 5,
    "availability" : [ "07h00:18h00", "19h00:20h00" ]
  } ],
  "patients" : [ {
    "id" : 133,
    "category" : 0,
    "load" : 2,
    "start" : 41,
    "destination" : 0,
    "end" : 41,
    "rdvTime" : "15h36",
    "rdvDuration" : "00h42",
    "srvDuration" : "00h03"
  }, {
    "id" : 134,
    "category" : 1,
    "load" : 1,
    "start" : 42,
    "destination" : 1,
    "end" : 42,
    "rdvTime" : "12h07",
    "rdvDuration" : "01h07",
    "srvDuration" : "00h02"
  }, {
    "id" : 135,
    "category" : 0,
    "load" : 2,
    "start" : 43,
    "destination" : 2,
    "end" : 43,
    "rdvTime" : "14h37",
    "rdvDuration" : "00h34",
    "srvDuration" : "00h01"
  }, {
    "id" : 136,
    "category" : 1,
    "load" : 2,
    "start" : 44,
    "destination" : 3,
    "end" : 44,
    "rdvTime" : "12h45",
    "rdvDuration" : "01h17",
    "srvDuration" : "00h03"
  }, {
    "id" : 137,
    "category" : 1,
    "load" : 2,
    "start" : 45,
    "destination" : 4,
    "end" : 46,
    "rdvTime" : "08h56",
    "rdvDuration" : "01h18",
    "srvDuration" : "00h03"
  }, {
    "id" : 138,
    "category" : 0,
    "load" : 1,
    "start" : 47,
    "destination" : 5,
    "end" : 48,
    "rdvTime" : "14h56",
    "rdvDuration" : "02h40",
    "srvDuration" : "00h01"
  }, {
    "id" : 139,
    "category" : 1,
    "load" : 2,
    "start" : -1,
    "destination" : 6,
    "end" : 49,
    "rdvTime" : "10h14",
    "rdvDuration" : "02h31",
    "srvDuration" : "00h03"
  }, {
    "id" : 140,
    "category" : 0,
    "load" : 2,
    "start" : 50,
    "destination" : 7,
    "end" : 50,
    "rdvTime" : "08h12",
    "rdvDuration" : "00h57",
    "srvDuration" : "00h01"
  }, {
    "id" : 141,
    "category" : 0,
    "load" : 2,
    "start" : 51,
    "destination" : 8,
    "end" : 51,
    "rdvTime" : "10h39",
    "rdvDuration" : "03h00",
    "srvDuration" : "00h01"
  }, {
    "id" : 142,
    "category" : 0,
    "load" : 1,
    "start" : 52,
    "destination" : 9,
    "end" : 52,
    "rdvTime" : "14h34",
    "rdvDuration" : "02h49",
    "srvDuration" : "00h01"
  }, {
    "id" : 143,
    "category" : 1,
    "load" : 2,
    "start" : -1,
    "destination" : 10,
    "end" : 53,
    "rdvTime" : "15h09",
    "rdvDuration" : "01h09",
    "srvDuration" : "00h02"
  }, {
    "id" : 144,
    "category" : 0,
    "load" : 2,
    "start" : 54,
    "destination" : 11,
    "end" : 54,
    "rdvTime" : "11h57",
    "rdvDuration" : "01h16",
    "srvDuration" : "00h01"
  }, {
    "id" : 145,
    "category" : 0,
    "load" : 1,
    "start" : 55,
    "destination" : 12,
    "end" : 55,
    "rdvTime" : "08h49",
    "rdvDuration" : "02h16",
    "srvDuration" : "00h02"
  }, {
    "id" : 146,
    "category" : 1,
    "load" : 2,
    "start" : 56,
    "destination" : 13,
    "end" : 56,
    "rdvTime" : "12h37",
    "rdvDuration" : "02h34",
    "srvDuration" : "00h03"
  }, {
    "id" : 147,
    "category" : 1,
    "load" : 1,
    "start" : 57,
    "destination" : 14,
    "end" : 57,
    "rdvTime" : "11h42",
    "rdvDuration" : "01h36",
    "srvDuration" : "00h02"
  }, {
    "id" : 148,
    "category" : 0,
    "load" : 1,
    "start" : 58,
    "destination" : 15,
    "end" : 58,
    "rdvTime" : "09h59",
    "rdvDuration" : "02h17",
    "srvDuration" : "00h03"
  }, {
    "id" : 149,
    "category" : 0,
    "load" : 2,
    "start" : -1,
    "destination" : 16,
    "end" : 59,
    "rdvTime" : "10h02",
    "rdvDuration" : "00h20",
    "srvDuration" : "00h03"
  }, {
    "id" : 150,
    "category" : 1,
    "load" : 1,
    "start" : 60,
    "destination" : 17,
    "end" : -1,
    "rdvTime" : "10h50",
    "rdvDuration" : "02h12",
    "srvDuration" : "00h03"
  }, {
    "id" : 151,
    "category" : 0,
    "load" : 1,
    "start" : 61,
    "destination" : 18,
    "end" : 61,
    "rdvTime" : "11h59",
    "rdvDuration" : "00h41",
    "srvDuration" : "00h01"
  }, {
    "id" : 152,
    "category" : 1,
    "load" : 2,
    "start" : 62,
    "destination" : 19,
    "end" : 62,
    "rdvTime" : "11h45",
    "rdvDuration" : "02h43",
    "srvDuration" : "00h02"
  }, {
    "id" : 153,
    "category" : 0,
    "load" : 2,
    "start" : -1,
    "destination" : 20,
    "end" : 63,
    "rdvTime" : "12h28",
    "rdvDuration" : "02h56",
    "srvDuration" : "00h02"
  }, {
    "id" : 154,
    "category" : 1,
    "load" : 2,
    "start" : 64,
    "destination" : 21,
    "end" : -1,
    "rdvTime" : "08h31",
    "rdvDuration" : "01h28",
    "srvDuration" : "00h03"
  }, {
    "id" : 155,
    "category" : 1,
    "load" : 2,
    "start" : 65,
    "destination" : 22,
    "end" : 65,
    "rdvTime" : "08h52",
    "rdvDuration" : "02h47",
    "srvDuration" : "00h01"
  }, {
    "id" : 156,
    "category" : 0,
    "load" : 2,
    "start" : 66,
    "destination" : 23,
    "end" : 66,
    "rdvTime" : "15h09",
    "rdvDuration" : "01h32",
    "srvDuration" : "00h01"
  }, {
    "id" : 157,
    "category" : 0,
    "load" : 1,
    "start" : 67,
    "destination" : 24,
    "end" : 67,
    "rdvTime" : "14h40",
    "rdvDuration" : "01h11",
    "srvDuration" : "00h02"
  }, {
    "id" : 158,
    "category" : 0,
    "load" : 2,
    "start" : 68,
    "destination" : 25,
    "end" : 68,
    "rdvTime" : "15h08",
    "rdvDuration" : "01h33",
    "srvDuration" : "00h03"
  }, {
    "id" : 159,
    "category" : 1,
    "load" : 2,
    "start" : 69,
    "destination" : 26,
    "end" : 70,
    "rdvTime" : "13h35",
    "rdvDuration" : "00h43",
    "srvDuration" : "00h03"
  }, {
    "id" : 160,
    "category" : 0,
    "load" : 1,
    "start" : 71,
    "destination" : 27,
    "end" : 71,
    "rdvTime" : "12h08",
    "rdvDuration" : "00h39",
    "srvDuration" : "00h02"
  }, {
    "id" : 161,
    "category" : 1,
    "load" : 2,
    "start" : -1,
    "destination" : 28,
    "end" : 72,
    "rdvTime" : "11h00",
    "rdvDuration" : "01h11",
    "srvDuration" : "00h03"
  }, {
    "id" : 162,
    "category" : 1,
    "load" : 1,
    "start" : 73,
    "destination" : 29,
    "end" : 73,
    "rdvTime" : "08h06",
    "rdvDuration" : "00h32",
    "srvDuration" : "00h03"
  }, {
    "id" : 163,
    "category" : 0,
    "load" : 2,
    "start" : 74,
    "destination" : 30,
    "end" : -1,
    "rdvTime" : "14h59",
    "rdvDuration" : "00h31",
    "srvDuration" : "00h02"
  }, {
    "id" : 164,
    "category" : 1,
    "load" : 1,
    "start" : 75,
    "destination" : 31,
    "end" : 75,
    "rdvTime" : "11h07",
    "rdvDuration" : "01h04",
    "srvDuration" : "00h02"
  }, {
    "id" : 165,
    "category" : 1,
    "load" : 2,
    "start" : -1,
    "destination" : 32,
    "end" : 76,
    "rdvTime" : "12h15",
    "rdvDuration" : "01h39",
    "srvDuration" : "00h01"
  }, {
    "id" : 166,
    "category" : 0,
    "load" : 1,
    "start" : 77,
    "destination" : 33,
    "end" : 77,
    "rdvTime" : "13h27",
    "rdvDuration" : "00h29",
    "srvDuration" : "00h03"
  }, {
    "id" : 167,
    "category" : 0,
    "load" : 2,
    "start" : 78,
    "destination" : 34,
    "end" : 78,
    "rdvTime" : "13h44",
    "rdvDuration" : "00h16",
    "srvDuration" : "00h01"
  }, {
    "id" : 168,
    "category" : 0,
    "load" : 2,
    "start" : 79,
    "destination" : 35,
    "end" : 79,
    "rdvTime" : "11h43",
    "rdvDuration" : "00h22",
    "srvDuration" : "00h02"
  }, {
    "id" : 169,
    "category" : 0,
    "load" : 1,
    "start" : 80,
    "destination" : 36,
    "end" : 80,
    "rdvTime" : "10h27",
    "rdvDuration" : "00h23",
    "srvDuration" : "00h01"
  }, {
    "id" : 170,
    "category" : 0,
    "load" : 2,
    "start" : 81,
    "destination" : 37,
    "end" : 81,
    "rdvTime" : "15h32",
    "rdvDuration" : "01h43",
    "srvDuration" : "00h03"
  }, {
    "id" : 171,
    "category" : 0,
    "load" : 2,
    "start" : 82,
    "destination" : 38,
    "end" : 82,
    "rdvTime" : "08h11",
    "rdvDuration" : "01h42",
    "srvDuration" : "00h03"
  }, {
    "id" : 172,
    "category" : 1,
    "load" : 2,
    "start" : 83,
    "destination" : 39,
    "end" : 83,
    "rdvTime" : "11h34",
    "rdvDuration" : "02h57",
    "srvDuration" : "00h02"
  }, {
    "id" : 173,
    "category" : 1,
    "load" : 1,
    "start" : 84,
    "destination" : 21,
    "end" : 84,
    "rdvTime" : "08h40",
    "rdvDuration" : "02h02",
    "srvDuration" : "00h02"
  }, {
    "id" : 174,
    "category" : 0,
    "load" : 1,
    "start" : -1,
    "destination" : 4,
    "end" : 85,
    "rdvTime" : "14h00",
    "rdvDuration" : "01h15",
    "srvDuration" : "00h03"
  }, {
    "id" : 175,
    "category" : 1,
    "load" : 2,
    "start" : 86,
    "destination" : 22,
    "end" : 86,
    "rdvTime" : "11h28",
    "rdvDuration" : "02h15",
    "srvDuration" : "00h01"
  }, {
    "id" : 176,
    "category" : 1,
    "load" : 2,
    "start" : 87,
    "destination" : 1,
    "end" : 87,
    "rdvTime" : "10h02",
    "rdvDuration" : "01h04",
    "srvDuration" : "00h02"
  }, {
    "id" : 177,
    "category" : 0,
    "load" : 1,
    "start" : 88,
    "destination" : 37,
    "end" : 88,
    "rdvTime" : "13h59",
    "rdvDuration" : "01h12",
    "srvDuration" : "00h01"
  }, {
    "id" : 178,
    "category" : 1,
    "load" : 2,
    "start" : -1,
    "destination" : 23,
    "end" : 89,
    "rdvTime" : "08h58",
    "rdvDuration" : "00h22",
    "srvDuration" : "00h03"
  }, {
    "id" : 179,
    "category" : 0,
    "load" : 2,
    "start" : 90,
    "destination" : 33,
    "end" : -1,
    "rdvTime" : "11h50",
    "rdvDuration" : "02h58",
    "srvDuration" : "00h02"
  }, {
    "id" : 180,
    "category" : 1,
    "load" : 1,
    "start" : -1,
    "destination" : 32,
    "end" : 91,
    "rdvTime" : "14h22",
    "rdvDuration" : "00h52",
    "srvDuration" : "00h03"
  }, {
    "id" : 181,
    "category" : 0,
    "load" : 2,
    "start" : 92,
    "destination" : 39,
    "end" : 92,
    "rdvTime" : "13h43",
    "rdvDuration" : "02h48",
    "srvDuration" : "00h03"
  }, {
    "id" : 182,
    "category" : 0,
    "load" : 1,
    "start" : 93,
    "destination" : 2,
    "end" : -1,
    "rdvTime" : "09h54",
    "rdvDuration" : "00h49",
    "srvDuration" : "00h03"
  }, {
    "id" : 183,
    "category" : 1,
    "load" : 1,
    "start" : 94,
    "destination" : 2,
    "end" : 94,
    "rdvTime" : "10h00",
    "rdvDuration" : "02h10",
    "srvDuration" : "00h03"
  }, {
    "id" : 184,
    "category" : 0,
    "load" : 2,
    "start" : 95,
    "destination" : 1,
    "end" : 95,
    "rdvTime" : "11h19",
    "rdvDuration" : "00h30",
    "srvDuration" : "00h03"
  }, {
    "id" : 185,
    "category" : 0,
    "load" : 1,
    "start" : 96,
    "destination" : 6,
    "end" : 96,
    "rdvTime" : "13h48",
    "rdvDuration" : "00h46",
    "srvDuration" : "00h03"
  }, {
    "id" : 186,
    "category" : 1,
    "load" : 2,
    "start" : 97,
    "destination" : 30,
    "end" : 97,
    "rdvTime" : "12h32",
    "rdvDuration" : "02h52",
    "srvDuration" : "00h02"
  }, {
    "id" : 187,
    "category" : 1,
    "load" : 2,
    "start" : 98,
    "destination" : 26,
    "end" : 98,
    "rdvTime" : "12h31",
    "rdvDuration" : "01h21",
    "srvDuration" : "00h02"
  }, {
    "id" : 188,
    "category" : 1,
    "load" : 2,
    "start" : 99,
    "destination" : 30,
    "end" : 99,
    "rdvTime" : "14h31",
    "rdvDuration" : "00h39",
    "srvDuration" : "00h02"
  }, {
    "id" : 189,
    "category" : 1,
    "load" : 2,
    "start" : 100,
    "destination" : 25,
    "end" : 100,
    "rdvTime" : "14h24",
    "rdvDuration" : "02h40",
    "srvDuration" : "00h01"
  }, {
    "id" : 190,
    "category" : 0,
    "load" : 1,
    "start" : 101,
    "destination" : 38,
    "end" : -1,
    "rdvTime" : "14h39",
    "rdvDuration" : "01h18",
    "srvDuration" : "00h01"
  }, {
    "id" : 191,
    "category" : 1,
    "load" : 2,
    "start" : 102,
    "destination" : 27,
    "end" : 102,
    "rdvTime" : "11h43",
    "rdvDuration" : "02h39",
    "srvDuration" : "00h03"
  }, {
    "id" : 192,
    "category" : 1,
    "load" : 1,
    "start" : 103,
    "destination" : 31,
    "end" : -1,
    "rdvTime" : "10h04",
    "rdvDuration" : "01h34",
    "srvDuration" : "00h02"
  }, {
    "id" : 193,
    "category" : 1,
    "load" : 1,
    "start" : 104,
    "destination" : 32,
    "end" : -1,
    "rdvTime" : "14h30",
    "rdvDuration" : "02h27",
    "srvDuration" : "00h03"
  }, {
    "id" : 194,
    "category" : 0,
    "load" : 1,
    "start" : 105,
    "destination" : 13,
    "end" : 106,
    "rdvTime" : "08h52",
    "rdvDuration" : "02h51",
    "srvDuration" : "00h01"
  }, {
    "id" : 195,
    "category" : 0,
    "load" : 2,
    "start" : 107,
    "destination" : 23,
    "end" : -1,
    "rdvTime" : "14h32",
    "rdvDuration" : "02h10",
    "srvDuration" : "00h02"
  }, {
    "id" : 196,
    "category" : 1,
    "load" : 2,
    "start" : 108,
    "destination" : 4,
    "end" : 109,
    "rdvTime" : "09h35",
    "rdvDuration" : "00h49",
    "srvDuration" : "00h01"
  }, {
    "id" : 197,
    "category" : 1,
    "load" : 1,
    "start" : 110,
    "destination" : 27,
    "end" : 110,
    "rdvTime" : "15h45",
    "rdvDuration" : "02h08",
    "srvDuration" : "00h03"
  }, {
    "id" : 198,
    "category" : 1,
    "load" : 1,
    "start" : 111,
    "destination" : 35,
    "end" : 111,
    "rdvTime" : "15h16",
    "rdvDuration" : "02h49",
    "srvDuration" : "00h03"
  }, {
    "id" : 199,
    "category" : 0,
    "load" : 1,
    "start" : 112,
    "destination" : 4,
    "end" : 112,
    "rdvTime" : "13h19",
    "rdvDuration" : "01h05",
    "srvDuration" : "00h02"
  }, {
    "id" : 200,
    "category" : 1,
    "load" : 1,
    "start" : 113,
    "destination" : 12,
    "end" : -1,
    "rdvTime" : "15h52",
    "rdvDuration" : "02h15",
    "srvDuration" : "00h02"
  }, {
    "id" : 201,
    "category" : 1,
    "load" : 1,
    "start" : 114,
    "destination" : 35,
    "end" : 115,
    "rdvTime" : "12h32",
    "rdvDuration" : "02h51",
    "srvDuration" : "00h01"
  }, {
    "id" : 202,
    "category" : 1,
    "load" : 2,
    "start" : 116,
    "destination" : 3,
    "end" : 116,
    "rdvTime" : "10h15",
    "rdvDuration" : "02h41",
    "srvDuration" : "00h03"
  }, {
    "id" : 203,
    "category" : 0,
    "load" : 2,
    "start" : 117,
    "destination" : 34,
    "end" : 118,
    "rdvTime" : "15h32",
    "rdvDuration" : "01h30",
    "srvDuration" : "00h01"
  }, {
    "id" : 204,
    "category" : 1,
    "load" : 2,
    "start" : 119,
    "destination" : 1,
    "end" : 119,
    "rdvTime" : "14h15",
    "rdvDuration" : "01h33",
    "srvDuration" : "00h03"
  }, {
    "id" : 205,
    "category" : 0,
    "load" : 2,
    "start" : 120,
    "destination" : 14,
    "end" : 120,
    "rdvTime" : "09h04",
    "rdvDuration" : "02h05",
    "srvDuration" : "00h02"
  }, {
    "id" : 206,
    "category" : 1,
    "load" : 1,
    "start" : 121,
    "destination" : 3,
    "end" : 121,
    "rdvTime" : "10h50",
    "rdvDuration" : "01h46",
    "srvDuration" : "00h02"
  }, {
    "id" : 207,
    "category" : 0,
    "load" : 2,
    "start" : 122,
    "destination" : 35,
    "end" : 122,
    "rdvTime" : "12h41",
    "rdvDuration" : "01h53",
    "srvDuration" : "00h03"
  }, {
    "id" : 208,
    "category" : 0,
    "load" : 2,
    "start" : 123,
    "destination" : 18,
    "end" : 123,
    "rdvTime" : "11h51",
    "rdvDuration" : "02h39",
    "srvDuration" : "00h02"
  }, {
    "id" : 209,
    "category" : 0,
    "load" : 1,
    "start" : -1,
    "destination" : 3,
    "end" : 124,
    "rdvTime" : "15h45",
    "rdvDuration" : "02h30",
    "srvDuration" : "00h03"
  }, {
    "id" : 210,
    "category" : 1,
    "load" : 2,
    "start" : 125,
    "destination" : 2,
    "end" : 125,
    "rdvTime" : "11h53",
    "rdvDuration" : "01h18",
    "srvDuration" : "00h02"
  }, {
    "id" : 211,
    "category" : 0,
    "load" : 2,
    "start" : 126,
    "destination" : 37,
    "end" : 126,
    "rdvTime" : "14h42",
    "rdvDuration" : "01h59",
    "srvDuration" : "00h03"
  }, {
    "id" : 212,
    "category" : 0,
    "load" : 2,
    "start" : 127,
    "destination" : 24,
    "end" : 127,
    "rdvTime" : "13h48",
    "rdvDuration" : "02h16",
    "srvDuration" : "00h02"
  } ],
  "distMatrix" : [ [ 0, 17, 16, 17, 10, 11, 16, 15, 15, 11, 8, 14, 3, 12, 3, 8, 2, 4, 15, 21, 15, 19, 6, 9, 16, 22, 15, 17, 3, 14, 18, 13, 6, 11, 13, 15, 15, 20, 13, 18, 1, 18, 18, 8, 17, 19, 11, 19, 13, 17, 9, 9, 22, 7, 17, 21, 21, 21, 12, 10, 7, 4, 10, 6, 8, 13, 17, 14, 8, 14, 7, 15, 16, 10, 5, 11, 21, 20, 21, 18, 22, 20, 10, 3, 24, 16, 12, 8, 6, 11, 5, 19, 17, 19, 14, 21, 4, 17, 20, 8, 3, 3, 18, 13, 9, 21, 22, 5, 12, 15, 11, 17, 9, 10, 12, 20, 4, 13, 10, 17, 11, 19, 13, 22, 15, 14, 11, 11 ], [ 17, 0, 5, 4, 14, 13, 1, 10, 7, 14, 13, 9, 16, 6, 15, 9, 16, 13, 2, 12, 3, 4, 13, 9, 16, 5, 8, 6, 16, 14, 9, 5, 14, 12, 9, 9, 16, 9, 7, 3, 16, 1, 9, 12, 5, 14, 12, 7, 4, 4, 13, 10, 6, 14, 1, 4, 13, 4, 6, 16, 17, 14, 13, 12, 11, 6, 8, 4, 10, 14, 10, 8, 3, 6, 12, 6, 7, 3, 12, 2, 6, 6, 8, 14, 7, 12, 17, 17, 12, 13, 15, 6, 15, 5, 4, 4, 13, 1, 7, 9, 15, 16, 9, 9, 8, 4, 6, 15, 16, 10, 9, 9, 9, 13, 5, 14, 13, 14, 7, 8, 11, 13, 10, 5, 9, 15, 7, 14 ], [ 16, 5, 0, 8, 16, 15, 4, 14, 1, 10, 10, 12, 16, 3, 14, 8, 14, 12, 6, 7, 2, 9, 10, 7, 11, 10, 3, 2, 15, 9, 4, 3, 14, 15, 12, 4, 11, 5, 10, 3, 15, 6, 5, 9, 1, 9, 8, 4, 5, 9, 15, 12, 7, 11, 4, 9, 8, 8, 8, 12, 14, 14, 15, 11, 8, 9, 3, 7, 12, 9, 8, 2, 7, 6, 10, 8, 5, 7, 8, 7, 6, 4, 10, 14, 9, 6, 13, 14, 12, 8, 12, 11, 9, 4, 7, 6, 13, 7, 12, 8, 13, 14, 14, 12, 7, 7, 10, 13, 11, 14, 5, 13, 10, 15, 4, 9, 12, 10, 8, 3, 14, 8, 5, 7, 13, 10, 5, 10 ], [ 17, 4, 8, 0, 12, 11, 5, 7, 10, 17, 15, 6, 16, 8, 15, 11, 16, 14, 3, 15, 6, 3, 15, 11, 19, 5, 11, 10, 16, 17, 12, 8, 13, 10, 6, 12, 19, 13, 5, 7, 16, 3, 13, 14, 9, 18, 14, 11, 6, 1, 12, 9, 9, 15, 5, 5, 16, 6, 6, 18, 18, 13, 11, 12, 13, 4, 11, 4, 9, 17, 11, 11, 2, 7, 12, 6, 10, 4, 15, 2, 9, 9, 7, 14, 9, 15, 19, 19, 11, 15, 16, 3, 18, 8, 3, 6, 13, 2, 4, 10, 16, 17, 5, 6, 8, 7, 5, 17, 18, 8, 12, 5, 8, 12, 7, 17, 13, 17, 7, 12, 9, 16, 13, 8, 6, 18, 9, 17 ], [ 10, 14, 16, 12, 0, 2, 14, 6, 16, 18, 15, 6, 7, 13, 8, 11, 10, 10, 12, 23, 14, 14, 13, 11, 22, 17, 17, 18, 8, 20, 20, 13, 5, 2, 6, 18, 21, 21, 7, 16, 9, 14, 20, 13, 17, 23, 16, 20, 11, 11, 2, 4, 20, 14, 15, 17, 24, 18, 8, 18, 16, 7, 1, 7, 13, 8, 19, 10, 5, 20, 10, 17, 11, 10, 9, 8, 20, 16, 23, 13, 20, 19, 6, 8, 21, 20, 20, 17, 5, 17, 13, 12, 22, 18, 10, 18, 8, 13, 13, 10, 12, 12, 10, 5, 9, 18, 17, 13, 19, 6, 15, 9, 6, 1, 12, 23, 9, 19, 8, 19, 3, 23, 17, 19, 6, 20, 11, 18 ], [ 11, 13, 15, 11, 2, 0, 13, 5, 16, 18, 15, 5, 8, 12, 9, 11, 11, 11, 11, 22, 13, 13, 14, 11, 22, 16, 17, 17, 9, 20, 19, 13, 6, 0, 4, 18, 21, 21, 5, 15, 10, 13, 20, 14, 16, 23, 16, 19, 10, 10, 3, 4, 19, 15, 14, 16, 23, 16, 7, 18, 16, 8, 1, 8, 13, 7, 18, 9, 5, 20, 10, 16, 10, 9, 10, 7, 19, 15, 23, 12, 19, 18, 5, 9, 19, 20, 20, 18, 6, 17, 14, 11, 22, 17, 9, 17, 8, 12, 12, 10, 13, 13, 9, 4, 9, 17, 16, 14, 20, 4, 15, 7, 6, 2, 11, 23, 9, 19, 7, 18, 2, 22, 17, 18, 5, 20, 11, 18 ], [ 16, 1, 4, 5, 14, 13, 0, 11, 5, 13, 12, 9, 16, 5, 14, 9, 15, 13, 2, 11, 2, 5, 12, 8, 14, 6, 7, 5, 15, 13, 8, 4, 14, 13, 9, 8, 14, 8, 8, 2, 15, 2, 8, 11, 4, 13, 11, 6, 4, 5, 13, 10, 6, 13, 1, 5, 12, 5, 6, 15, 16, 13, 13, 11, 10, 6, 7, 4, 10, 13, 9, 6, 3, 6, 11, 6, 6, 4, 11, 3, 6, 5, 9, 14, 7, 10, 16, 16, 11, 12, 14, 7, 13, 4, 4, 4, 13, 3, 8, 9, 14, 16, 10, 9, 7, 5, 7, 15, 15, 11, 8, 10, 8, 14, 4, 13, 13, 13, 7, 7, 11, 12, 9, 6, 10, 14, 6, 13 ], [ 15, 10, 14, 7, 6, 5, 11, 0, 15, 20, 17, 2, 13, 12, 13, 12, 15, 14, 9, 22, 12, 10, 16, 13, 23, 12, 16, 16, 13, 21, 18, 13, 10, 4, 3, 17, 22, 19, 4, 14, 14, 10, 19, 16, 15, 23, 18, 17, 10, 7, 7, 7, 17, 17, 12, 12, 22, 13, 7, 20, 19, 11, 6, 10, 15, 6, 17, 7, 7, 21, 12, 16, 8, 10, 12, 7, 17, 12, 22, 9, 16, 16, 6, 12, 16, 20, 22, 20, 9, 18, 16, 7, 23, 15, 8, 14, 12, 9, 7, 11, 16, 17, 4, 3, 10, 14, 12, 17, 21, 1, 15, 3, 7, 6, 11, 23, 13, 21, 8, 18, 4, 22, 17, 15, 2, 21, 12, 20 ], [ 15, 7, 1, 10, 16, 16, 5, 15, 0, 8, 9, 13, 16, 4, 14, 7, 13, 11, 7, 7, 4, 10, 9, 6, 9, 11, 2, 2, 15, 7, 3, 3, 15, 15, 13, 2, 9, 5, 11, 4, 14, 7, 4, 8, 2, 8, 7, 4, 6, 10, 15, 12, 8, 10, 6, 10, 7, 9, 8, 10, 13, 13, 15, 11, 7, 10, 3, 8, 12, 7, 8, 1, 8, 6, 10, 8, 6, 9, 7, 8, 7, 5, 11, 13, 10, 5, 11, 13, 12, 7, 11, 12, 8, 5, 8, 8, 13, 8, 13, 8, 12, 13, 15, 12, 7, 8, 11, 12, 10, 15, 4, 15, 10, 16, 5, 8, 12, 8, 9, 3, 14, 7, 4, 8, 14, 8, 5, 9 ], [ 11, 14, 10, 17, 18, 18, 13, 20, 8, 0, 4, 17, 14, 9, 12, 8, 10, 8, 14, 11, 12, 18, 5, 7, 4, 19, 7, 10, 13, 3, 9, 9, 14, 18, 17, 7, 4, 12, 16, 13, 12, 15, 10, 4, 11, 8, 2, 12, 11, 17, 16, 14, 17, 4, 14, 18, 10, 18, 13, 2, 6, 12, 17, 11, 5, 15, 10, 14, 13, 3, 8, 7, 15, 10, 9, 12, 14, 17, 11, 16, 16, 13, 14, 11, 19, 6, 3, 5, 13, 2, 6, 19, 6, 14, 13, 16, 11, 15, 20, 9, 8, 9, 21, 16, 10, 16, 20, 6, 2, 19, 5, 20, 13, 17, 10, 9, 10, 2, 12, 9, 17, 9, 5, 17, 18, 3, 8, 1 ], [ 8, 13, 10, 15, 15, 15, 12, 17, 9, 4, 0, 15, 10, 8, 8, 5, 6, 5, 12, 13, 11, 17, 2, 5, 8, 19, 8, 11, 9, 6, 11, 8, 11, 15, 14, 8, 7, 13, 13, 13, 8, 14, 11, 1, 11, 11, 3, 13, 9, 15, 13, 11, 17, 1, 13, 18, 13, 17, 10, 3, 4, 9, 14, 7, 2, 12, 11, 12, 10, 6, 5, 8, 13, 8, 5, 10, 15, 16, 13, 15, 16, 14, 11, 8, 19, 8, 5, 4, 9, 3, 3, 17, 9, 14, 12, 16, 7, 14, 19, 6, 5, 5, 19, 14, 7, 16, 19, 3, 5, 16, 5, 18, 10, 14, 8, 12, 6, 5, 9, 11, 14, 12, 6, 17, 16, 6, 7, 3 ], [ 14, 9, 12, 6, 6, 5, 9, 2, 13, 17, 15, 0, 12, 10, 11, 10, 13, 12, 7, 19, 10, 8, 14, 11, 21, 11, 14, 14, 12, 19, 16, 10, 9, 4, 1, 15, 20, 17, 2, 12, 13, 9, 17, 14, 13, 21, 15, 15, 8, 5, 6, 5, 15, 15, 10, 11, 20, 12, 5, 18, 17, 10, 5, 9, 13, 3, 15, 5, 6, 19, 10, 14, 6, 8, 10, 5, 15, 10, 20, 8, 15, 14, 4, 11, 15, 18, 20, 18, 8, 16, 15, 6, 20, 13, 6, 12, 10, 8, 7, 9, 14, 15, 4, 1, 8, 12, 11, 15, 19, 2, 13, 3, 5, 6, 9, 21, 11, 18, 6, 15, 3, 20, 15, 14, 1, 19, 9, 17 ], [ 3, 16, 16, 16, 7, 8, 16, 13, 16, 14, 10, 12, 0, 13, 2, 9, 4, 6, 14, 22, 15, 18, 9, 9, 18, 21, 16, 18, 1, 16, 19, 13, 3, 9, 11, 17, 17, 21, 11, 18, 2, 17, 19, 10, 17, 21, 13, 20, 12, 15, 6, 7, 22, 9, 17, 20, 22, 21, 10, 13, 10, 2, 7, 5, 10, 12, 18, 13, 6, 17, 8, 16, 14, 10, 6, 10, 21, 19, 22, 17, 22, 20, 9, 2, 23, 18, 15, 11, 5, 13, 8, 17, 19, 19, 13, 20, 3, 16, 18, 8, 6, 6, 16, 10, 9, 20, 21, 8, 15, 12, 13, 15, 8, 7, 12, 21, 4, 15, 9, 18, 9, 21, 15, 21, 12, 16, 11, 13 ], [ 12, 6, 3, 8, 13, 12, 5, 12, 4, 9, 8, 10, 13, 0, 11, 4, 11, 9, 5, 10, 3, 9, 8, 4, 11, 11, 4, 5, 12, 9, 7, 1, 11, 12, 9, 5, 11, 9, 8, 5, 12, 6, 8, 6, 4, 11, 7, 7, 2, 8, 11, 8, 10, 8, 6, 10, 11, 9, 5, 10, 11, 10, 12, 8, 6, 7, 6, 5, 8, 9, 5, 4, 6, 3, 7, 5, 9, 9, 10, 7, 9, 8, 7, 10, 11, 8, 12, 12, 9, 7, 9, 10, 11, 7, 5, 8, 10, 7, 12, 5, 10, 11, 12, 9, 4, 9, 11, 10, 11, 12, 4, 12, 7, 12, 1, 11, 9, 9, 5, 6, 11, 10, 5, 9, 11, 10, 2, 9 ], [ 3, 15, 14, 15, 8, 9, 14, 13, 14, 12, 8, 11, 2, 11, 0, 7, 3, 4, 13, 20, 14, 17, 7, 8, 16, 20, 14, 16, 1, 14, 17, 12, 3, 9, 10, 15, 16, 19, 10, 16, 1, 16, 18, 8, 15, 19, 11, 18, 11, 14, 6, 6, 21, 8, 16, 19, 20, 19, 9, 11, 8, 1, 7, 3, 8, 11, 17, 11, 6, 15, 6, 14, 13, 9, 4, 9, 20, 18, 20, 15, 20, 18, 8, 1, 22, 16, 13, 10, 4, 11, 6, 16, 17, 18, 12, 19, 1, 15, 18, 6, 4, 5, 16, 10, 8, 19, 20, 6, 13, 12, 11, 14, 7, 7, 10, 20, 2, 14, 8, 17, 9, 19, 13, 20, 12, 14, 9, 12 ], [ 8, 9, 8, 11, 11, 11, 9, 12, 7, 8, 5, 10, 9, 4, 7, 0, 7, 4, 8, 13, 7, 12, 4, 1, 11, 15, 7, 9, 8, 9, 10, 5, 8, 10, 9, 8, 11, 12, 8, 10, 7, 10, 11, 4, 9, 13, 6, 11, 5, 10, 9, 6, 14, 5, 10, 14, 14, 14, 6, 8, 8, 6, 10, 4, 3, 7, 10, 7, 6, 9, 1, 7, 9, 3, 3, 5, 13, 12, 14, 10, 13, 12, 6, 6, 16, 9, 10, 9, 6, 6, 5, 13, 12, 11, 7, 13, 5, 10, 14, 1, 6, 7, 14, 9, 2, 13, 15, 6, 9, 12, 4, 13, 5, 10, 4, 13, 5, 9, 4, 10, 10, 12, 6, 14, 11, 10, 2, 7 ], [ 2, 16, 14, 16, 10, 11, 15, 15, 13, 10, 6, 13, 4, 11, 3, 7, 0, 2, 14, 19, 14, 18, 5, 7, 14, 21, 13, 16, 3, 13, 16, 12, 6, 11, 12, 14, 13, 18, 12, 16, 2, 16, 17, 6, 15, 18, 9, 18, 11, 16, 9, 8, 21, 6, 16, 20, 19, 20, 11, 9, 6, 4, 10, 5, 7, 12, 16, 13, 8, 13, 6, 13, 14, 9, 4, 10, 20, 19, 19, 16, 20, 18, 10, 3, 22, 14, 11, 7, 6, 10, 4, 18, 16, 18, 13, 19, 3, 16, 19, 6, 2, 2, 18, 12, 8, 20, 21, 4, 11, 14, 10, 17, 9, 10, 11, 18, 3, 11, 9, 16, 11, 18, 11, 20, 14, 12, 9, 9 ], [ 4, 13, 12, 14, 10, 11, 13, 14, 11, 8, 5, 12, 6, 9, 4, 4, 2, 0, 12, 17, 12, 16, 3, 5, 12, 19, 11, 13, 5, 11, 14, 9, 6, 11, 11, 11, 12, 16, 11, 14, 4, 14, 14, 4, 13, 16, 7, 15, 9, 14, 9, 7, 19, 4, 14, 18, 17, 18, 9, 8, 5, 4, 10, 4, 4, 10, 13, 11, 7, 11, 4, 11, 13, 7, 2, 8, 17, 17, 17, 14, 18, 16, 8, 3, 20, 12, 10, 6, 5, 8, 3, 16, 14, 16, 11, 17, 3, 14, 18, 4, 2, 3, 16, 11, 6, 17, 19, 3, 9, 13, 7, 15, 7, 10, 8, 16, 2, 10, 7, 13, 10, 15, 9, 18, 13, 11, 7, 8 ], [ 15, 2, 6, 3, 12, 11, 2, 9, 7, 14, 12, 7, 14, 5, 13, 8, 14, 12, 0, 13, 3, 5, 12, 8, 16, 7, 8, 7, 14, 14, 10, 5, 12, 10, 7, 9, 16, 11, 5, 5, 14, 3, 10, 11, 6, 15, 11, 9, 3, 3, 11, 8, 9, 13, 3, 6, 14, 6, 4, 15, 16, 12, 10, 10, 10, 4, 9, 2, 8, 14, 8, 8, 1, 5, 10, 4, 8, 5, 13, 3, 8, 8, 6, 12, 9, 12, 16, 16, 10, 12, 13, 6, 15, 7, 1, 6, 12, 2, 7, 8, 13, 15, 8, 7, 6, 6, 7, 14, 15, 9, 9, 8, 6, 11, 4, 15, 11, 14, 5, 9, 9, 13, 10, 8, 7, 14, 6, 14 ], [ 21, 12, 7, 15, 23, 22, 11, 22, 7, 11, 13, 19, 22, 10, 20, 13, 19, 17, 13, 0, 10, 15, 15, 13, 9, 15, 6, 6, 21, 9, 3, 10, 21, 22, 19, 5, 9, 3, 18, 9, 20, 12, 3, 13, 7, 4, 10, 5, 12, 16, 22, 19, 9, 14, 11, 13, 2, 12, 15, 13, 17, 20, 22, 17, 13, 16, 4, 14, 19, 8, 14, 7, 14, 13, 16, 15, 7, 13, 0, 13, 8, 7, 18, 20, 11, 5, 13, 16, 19, 10, 16, 17, 7, 7, 14, 10, 19, 13, 18, 14, 18, 19, 21, 19, 14, 10, 15, 17, 12, 21, 9, 21, 17, 23, 11, 3, 18, 10, 15, 4, 21, 3, 8, 10, 20, 9, 12, 12 ], [ 15, 3, 2, 6, 14, 13, 2, 12, 4, 12, 11, 10, 15, 3, 14, 7, 14, 12, 3, 10, 0, 6, 11, 7, 13, 8, 5, 4, 15, 11, 7, 3, 13, 13, 10, 6, 13, 7, 8, 2, 14, 4, 7, 10, 3, 12, 9, 6, 3, 7, 13, 10, 7, 11, 2, 7, 11, 6, 6, 13, 15, 13, 13, 10, 9, 7, 5, 5, 10, 11, 8, 5, 5, 5, 10, 6, 6, 6, 10, 4, 6, 5, 9, 13, 8, 9, 14, 15, 11, 10, 13, 8, 12, 4, 4, 5, 12, 4, 10, 8, 13, 15, 11, 10, 6, 6, 8, 13, 13, 12, 7, 11, 8, 14, 3, 11, 12, 12, 7, 6, 12, 10, 7, 6, 10, 12, 5, 12 ], [ 19, 4, 9, 3, 14, 13, 5, 10, 10, 18, 17, 8, 18, 9, 17, 12, 18, 16, 5, 15, 6, 0, 17, 12, 19, 3, 12, 9, 18, 17, 12, 9, 16, 13, 9, 13, 19, 12, 8, 6, 18, 3, 13, 15, 8, 17, 16, 10, 7, 3, 14, 12, 7, 17, 4, 3, 16, 4, 8, 19, 20, 16, 13, 14, 15, 7, 11, 6, 12, 17, 13, 11, 4, 9, 14, 8, 9, 2, 15, 2, 8, 8, 10, 17, 7, 15, 21, 21, 14, 16, 18, 3, 18, 7, 5, 5, 16, 2, 4, 12, 18, 19, 7, 9, 10, 5, 3, 18, 19, 10, 13, 7, 10, 14, 8, 17, 16, 18, 9, 11, 11, 16, 13, 6, 8, 18, 10, 18 ], [ 6, 13, 10, 15, 13, 14, 12, 16, 9, 5, 2, 14, 9, 8, 7, 4, 5, 3, 12, 15, 11, 17, 0, 4, 9, 19, 9, 12, 8, 8, 12, 8, 9, 13, 13, 9, 9, 14, 13, 13, 6, 14, 12, 2, 12, 13, 4, 14, 9, 15, 11, 9, 18, 1, 13, 18, 14, 17, 10, 5, 4, 7, 12, 6, 2, 12, 12, 11, 9, 8, 4, 9, 13, 7, 4, 9, 16, 16, 15, 14, 17, 15, 10, 6, 19, 10, 7, 4, 8, 5, 2, 17, 11, 14, 11, 16, 6, 14, 18, 5, 3, 4, 18, 13, 7, 17, 19, 2, 6, 15, 5, 17, 9, 13, 8, 13, 5, 7, 9, 12, 13, 13, 7, 17, 15, 8, 6, 5 ], [ 9, 9, 7, 11, 11, 11, 8, 13, 6, 7, 5, 11, 9, 4, 8, 1, 7, 5, 8, 13, 7, 12, 4, 0, 10, 15, 6, 9, 9, 8, 10, 5, 9, 11, 10, 7, 10, 12, 9, 9, 8, 10, 10, 3, 8, 12, 5, 11, 5, 11, 10, 7, 14, 5, 9, 14, 13, 13, 6, 8, 8, 7, 10, 5, 3, 8, 9, 7, 7, 8, 2, 6, 9, 3, 3, 6, 12, 12, 13, 10, 13, 11, 7, 7, 15, 9, 9, 8, 7, 6, 5, 13, 11, 11, 7, 12, 6, 10, 14, 2, 6, 7, 14, 9, 3, 13, 15, 6, 9, 12, 3, 13, 6, 11, 4, 12, 5, 8, 5, 9, 10, 12, 5, 13, 11, 9, 2, 7 ], [ 16, 16, 11, 19, 22, 22, 14, 23, 9, 4, 8, 21, 18, 11, 16, 11, 14, 12, 16, 9, 13, 19, 9, 10, 0, 20, 7, 10, 17, 2, 8, 11, 18, 22, 20, 7, 1, 10, 19, 13, 16, 17, 8, 8, 11, 5, 6, 11, 13, 19, 20, 17, 16, 9, 15, 19, 8, 18, 16, 6, 10, 16, 21, 15, 8, 17, 9, 16, 17, 2, 12, 8, 17, 13, 13, 15, 14, 18, 9, 17, 15, 13, 17, 16, 19, 4, 5, 9, 17, 5, 11, 21, 2, 14, 16, 17, 15, 17, 22, 12, 12, 13, 23, 20, 13, 17, 21, 11, 4, 22, 7, 23, 16, 21, 12, 6, 14, 3, 15, 9, 21, 6, 6, 17, 21, 2, 11, 5 ], [ 22, 5, 10, 5, 17, 16, 6, 12, 11, 19, 19, 11, 21, 11, 20, 15, 21, 19, 7, 15, 8, 3, 19, 15, 20, 0, 13, 10, 21, 19, 13, 11, 19, 15, 12, 14, 20, 12, 11, 7, 21, 5, 13, 17, 9, 18, 17, 10, 10, 6, 17, 15, 6, 19, 6, 1, 16, 2, 11, 21, 22, 19, 16, 17, 17, 10, 12, 8, 15, 19, 15, 12, 7, 12, 17, 11, 8, 2, 15, 5, 7, 8, 13, 19, 5, 16, 22, 23, 16, 18, 20, 6, 19, 7, 8, 4, 19, 5, 5, 15, 21, 22, 9, 12, 13, 4, 0, 21, 21, 13, 15, 10, 13, 17, 11, 17, 18, 19, 12, 12, 14, 16, 15, 5, 11, 20, 12, 20 ], [ 15, 8, 3, 11, 17, 17, 7, 16, 2, 7, 8, 14, 16, 4, 14, 7, 13, 11, 8, 6, 5, 12, 9, 6, 7, 13, 0, 3, 15, 6, 3, 4, 15, 16, 14, 1, 8, 5, 13, 6, 14, 9, 4, 7, 4, 7, 5, 5, 7, 12, 16, 13, 10, 9, 8, 12, 6, 11, 9, 9, 12, 14, 16, 11, 7, 11, 3, 9, 12, 6, 8, 1, 10, 7, 10, 9, 8, 11, 6, 10, 9, 7, 12, 13, 12, 3, 10, 12, 13, 6, 10, 14, 6, 7, 9, 9, 13, 10, 15, 8, 12, 13, 16, 14, 8, 10, 13, 11, 8, 16, 3, 16, 11, 16, 6, 7, 12, 7, 9, 3, 15, 6, 2, 10, 15, 7, 6, 7 ], [ 17, 6, 2, 10, 18, 17, 5, 16, 2, 10, 11, 14, 18, 5, 16, 9, 16, 13, 7, 6, 4, 9, 12, 9, 10, 10, 3, 0, 17, 9, 3, 5, 16, 17, 14, 4, 11, 3, 12, 3, 17, 7, 3, 10, 1, 8, 9, 2, 7, 10, 17, 14, 6, 12, 5, 9, 7, 8, 10, 12, 15, 16, 17, 13, 10, 11, 2, 9, 14, 9, 10, 3, 9, 8, 12, 10, 4, 8, 6, 8, 5, 3, 12, 16, 8, 6, 13, 15, 14, 9, 14, 12, 9, 3, 8, 6, 15, 8, 13, 10, 15, 16, 15, 13, 9, 6, 10, 14, 12, 16, 7, 15, 12, 17, 6, 8, 14, 10, 10, 2, 16, 6, 6, 6, 14, 10, 7, 11 ], [ 3, 16, 15, 16, 8, 9, 15, 13, 15, 13, 9, 12, 1, 12, 1, 8, 3, 5, 14, 21, 15, 18, 8, 9, 17, 21, 15, 17, 0, 15, 18, 13, 3, 9, 11, 16, 17, 20, 11, 17, 2, 17, 19, 9, 17, 20, 12, 19, 12, 15, 6, 6, 22, 9, 17, 20, 21, 20, 10, 12, 9, 2, 8, 4, 9, 11, 18, 12, 6, 16, 7, 15, 14, 10, 5, 10, 21, 19, 21, 16, 21, 20, 8, 2, 23, 17, 14, 10, 4, 12, 7, 17, 18, 19, 13, 20, 3, 16, 18, 7, 5, 5, 16, 10, 9, 20, 21, 7, 14, 12, 12, 15, 8, 7, 12, 21, 4, 14, 9, 18, 9, 20, 14, 21, 12, 15, 10, 12 ], [ 14, 14, 9, 17, 20, 20, 13, 21, 7, 3, 6, 19, 16, 9, 14, 9, 13, 11, 14, 9, 11, 17, 8, 8, 2, 19, 6, 9, 15, 0, 7, 9, 16, 20, 18, 5, 2, 9, 17, 12, 14, 15, 7, 7, 10, 5, 4, 10, 11, 17, 18, 16, 15, 7, 13, 18, 8, 17, 14, 5, 9, 15, 19, 13, 7, 15, 8, 14, 15, 0, 10, 7, 15, 11, 11, 13, 13, 16, 8, 16, 14, 12, 15, 14, 17, 3, 4, 8, 15, 3, 9, 19, 3, 12, 14, 15, 13, 15, 21, 10, 11, 11, 21, 18, 11, 15, 19, 9, 3, 20, 5, 21, 14, 19, 10, 6, 12, 1, 13, 8, 19, 6, 4, 15, 19, 1, 9, 3 ], [ 18, 9, 4, 12, 20, 19, 8, 18, 3, 9, 11, 16, 19, 7, 17, 10, 16, 14, 10, 3, 7, 12, 12, 10, 8, 13, 3, 3, 18, 7, 0, 6, 18, 19, 16, 3, 9, 2, 15, 6, 17, 10, 1, 10, 4, 5, 8, 3, 9, 13, 18, 15, 8, 12, 8, 12, 4, 10, 12, 11, 14, 17, 19, 14, 10, 13, 1, 11, 15, 7, 11, 3, 11, 10, 13, 12, 6, 11, 3, 11, 7, 5, 14, 16, 10, 4, 12, 14, 16, 8, 13, 15, 6, 6, 11, 9, 16, 10, 16, 11, 15, 16, 18, 16, 11, 9, 13, 14, 10, 18, 6, 18, 14, 19, 8, 5, 15, 8, 12, 1, 18, 4, 5, 9, 17, 8, 8, 10 ], [ 13, 5, 3, 8, 13, 13, 4, 13, 3, 9, 8, 10, 13, 1, 12, 5, 12, 9, 5, 10, 3, 9, 8, 5, 11, 11, 4, 5, 13, 9, 6, 0, 12, 13, 10, 5, 11, 8, 9, 5, 12, 6, 7, 7, 4, 11, 7, 7, 3, 8, 12, 9, 9, 9, 5, 10, 10, 9, 6, 10, 12, 11, 12, 8, 6, 7, 5, 5, 9, 9, 6, 3, 6, 4, 8, 6, 8, 8, 10, 7, 9, 7, 8, 11, 11, 7, 12, 12, 10, 7, 10, 10, 10, 6, 5, 8, 10, 7, 12, 5, 11, 12, 13, 10, 4, 8, 11, 11, 11, 12, 4, 12, 7, 13, 2, 10, 9, 9, 6, 6, 11, 9, 5, 9, 11, 10, 3, 9 ], [ 6, 14, 14, 13, 5, 6, 14, 10, 15, 14, 11, 9, 3, 11, 3, 8, 6, 6, 12, 21, 13, 16, 9, 9, 18, 19, 15, 16, 3, 16, 18, 12, 0, 6, 8, 16, 18, 20, 8, 16, 4, 15, 18, 10, 16, 21, 13, 18, 10, 13, 3, 4, 20, 10, 15, 18, 21, 18, 8, 14, 11, 2, 5, 4, 10, 9, 17, 10, 4, 17, 7, 14, 12, 8, 6, 8, 19, 17, 21, 14, 20, 18, 6, 3, 21, 17, 16, 12, 2, 13, 9, 14, 19, 18, 11, 18, 3, 14, 16, 7, 7, 8, 13, 8, 7, 18, 19, 9, 16, 9, 12, 12, 5, 4, 10, 21, 4, 16, 7, 17, 6, 20, 14, 19, 9, 17, 9, 14 ], [ 11, 12, 15, 10, 2, 0, 13, 4, 15, 18, 15, 4, 9, 12, 9, 10, 11, 11, 10, 22, 13, 13, 13, 11, 22, 15, 16, 17, 9, 20, 19, 13, 6, 0, 4, 17, 21, 20, 5, 15, 10, 12, 19, 14, 16, 23, 16, 18, 10, 9, 3, 4, 19, 14, 13, 15, 23, 16, 7, 18, 16, 8, 1, 8, 13, 7, 18, 9, 4, 20, 10, 16, 10, 9, 10, 7, 19, 14, 22, 12, 18, 18, 5, 9, 19, 19, 20, 17, 6, 17, 14, 10, 22, 17, 9, 16, 8, 12, 11, 9, 12, 13, 8, 4, 9, 16, 15, 14, 20, 4, 14, 7, 5, 2, 11, 23, 9, 19, 7, 18, 1, 22, 16, 18, 4, 20, 11, 18 ], [ 13, 9, 12, 6, 6, 4, 9, 3, 13, 17, 14, 1, 11, 9, 10, 9, 12, 11, 7, 19, 10, 9, 13, 10, 20, 12, 14, 14, 11, 18, 16, 10, 8, 4, 0, 15, 19, 17, 1, 11, 11, 9, 16, 13, 12, 20, 14, 15, 7, 6, 6, 4, 15, 14, 10, 11, 20, 12, 4, 17, 16, 9, 4, 8, 12, 3, 15, 5, 5, 18, 9, 13, 6, 7, 9, 4, 15, 10, 19, 8, 15, 14, 3, 10, 15, 17, 19, 17, 6, 15, 13, 7, 20, 13, 5, 12, 9, 8, 8, 8, 13, 14, 5, 0, 7, 13, 12, 14, 18, 3, 12, 4, 4, 5, 8, 20, 10, 18, 5, 15, 3, 19, 14, 14, 2, 18, 9, 16 ], [ 15, 9, 4, 12, 18, 18, 8, 17, 2, 7, 8, 15, 17, 5, 15, 8, 14, 11, 9, 5, 6, 13, 9, 7, 7, 14, 1, 4, 16, 5, 3, 5, 16, 17, 15, 0, 7, 5, 14, 7, 15, 10, 3, 8, 4, 6, 5, 5, 8, 13, 17, 14, 10, 9, 8, 12, 6, 11, 10, 9, 12, 14, 17, 12, 7, 12, 3, 10, 13, 5, 9, 2, 11, 8, 11, 10, 8, 11, 6, 11, 9, 7, 13, 14, 12, 3, 9, 12, 14, 6, 11, 15, 6, 7, 10, 10, 13, 10, 16, 9, 12, 13, 17, 14, 9, 10, 14, 11, 8, 17, 4, 17, 12, 17, 7, 6, 12, 6, 10, 3, 16, 5, 2, 10, 16, 6, 7, 7 ], [ 15, 16, 11, 19, 21, 21, 14, 22, 9, 4, 7, 20, 17, 11, 16, 11, 13, 12, 16, 9, 13, 19, 9, 10, 1, 20, 8, 11, 17, 2, 9, 11, 18, 21, 19, 7, 0, 11, 19, 14, 15, 17, 9, 8, 11, 6, 5, 12, 13, 19, 20, 17, 17, 8, 15, 19, 8, 18, 15, 5, 9, 16, 20, 14, 8, 17, 9, 16, 17, 2, 11, 8, 17, 13, 12, 15, 14, 18, 9, 17, 16, 14, 17, 15, 19, 5, 4, 8, 16, 4, 10, 21, 3, 14, 16, 17, 15, 17, 22, 12, 12, 12, 23, 19, 12, 17, 21, 10, 3, 22, 7, 23, 16, 21, 12, 6, 13, 2, 15, 9, 20, 7, 6, 17, 21, 1, 11, 4 ], [ 20, 9, 5, 13, 21, 21, 8, 19, 5, 12, 13, 17, 21, 9, 19, 12, 18, 16, 11, 3, 7, 12, 14, 12, 10, 12, 5, 3, 20, 9, 2, 8, 20, 20, 17, 5, 11, 0, 16, 6, 19, 10, 2, 12, 5, 6, 10, 2, 10, 13, 20, 17, 7, 14, 8, 11, 4, 10, 13, 14, 17, 19, 20, 16, 12, 14, 3, 12, 17, 9, 13, 5, 12, 12, 15, 13, 4, 10, 3, 11, 6, 4, 16, 19, 9, 6, 14, 17, 17, 11, 16, 15, 8, 5, 12, 8, 18, 11, 16, 13, 17, 18, 18, 17, 12, 8, 12, 16, 13, 19, 9, 18, 15, 21, 9, 6, 17, 11, 13, 3, 19, 5, 7, 8, 18, 10, 10, 12 ], [ 13, 7, 10, 5, 7, 5, 8, 4, 11, 16, 13, 2, 11, 8, 10, 8, 12, 11, 5, 18, 8, 8, 13, 9, 19, 11, 13, 12, 11, 17, 15, 9, 8, 5, 1, 14, 19, 16, 0, 10, 12, 7, 15, 12, 11, 19, 14, 14, 6, 4, 6, 5, 14, 13, 9, 10, 19, 11, 3, 17, 16, 9, 5, 8, 11, 2, 14, 4, 5, 17, 8, 12, 5, 6, 9, 3, 14, 9, 18, 7, 13, 13, 3, 10, 14, 16, 18, 17, 7, 14, 13, 6, 19, 12, 4, 11, 9, 7, 7, 8, 13, 14, 5, 1, 6, 11, 11, 14, 18, 4, 11, 4, 4, 6, 7, 19, 10, 17, 4, 14, 4, 18, 13, 13, 2, 17, 8, 16 ], [ 18, 3, 3, 7, 16, 15, 2, 14, 4, 13, 13, 12, 18, 5, 16, 10, 16, 14, 5, 9, 2, 6, 13, 9, 13, 7, 6, 3, 17, 12, 6, 5, 16, 15, 11, 7, 14, 6, 10, 0, 17, 4, 6, 11, 2, 11, 11, 4, 6, 7, 15, 12, 5, 13, 2, 6, 10, 5, 8, 15, 16, 15, 15, 13, 11, 8, 5, 6, 12, 12, 10, 5, 6, 7, 12, 8, 4, 5, 9, 5, 4, 3, 11, 15, 6, 9, 16, 17, 13, 11, 15, 9, 12, 2, 6, 3, 15, 5, 10, 10, 15, 17, 12, 11, 9, 4, 7, 15, 14, 14, 8, 12, 11, 16, 6, 11, 14, 13, 9, 5, 14, 10, 8, 4, 12, 13, 7, 13 ], [ 1, 16, 15, 16, 9, 10, 15, 14, 14, 12, 8, 13, 2, 12, 1, 7, 2, 4, 14, 20, 14, 18, 6, 8, 16, 21, 14, 17, 2, 14, 17, 12, 4, 10, 11, 15, 15, 19, 12, 17, 0, 16, 18, 8, 16, 19, 11, 19, 11, 15, 7, 7, 21, 7, 16, 20, 20, 20, 10, 11, 7, 3, 9, 4, 8, 12, 17, 12, 7, 14, 6, 14, 14, 9, 4, 10, 20, 19, 20, 16, 21, 19, 9, 2, 23, 16, 13, 9, 5, 11, 5, 17, 17, 18, 13, 19, 2, 16, 19, 7, 4, 4, 17, 11, 8, 20, 21, 5, 13, 13, 11, 16, 8, 8, 11, 19, 3, 13, 9, 17, 10, 19, 13, 21, 13, 14, 10, 11 ], [ 18, 1, 6, 3, 14, 13, 2, 10, 7, 15, 14, 9, 17, 6, 16, 10, 16, 14, 3, 12, 4, 3, 14, 10, 17, 5, 9, 7, 17, 15, 10, 6, 15, 12, 9, 10, 17, 10, 7, 4, 16, 0, 10, 13, 6, 15, 13, 8, 5, 4, 13, 11, 6, 15, 2, 4, 13, 4, 6, 17, 18, 14, 13, 12, 12, 6, 9, 4, 11, 15, 11, 8, 3, 7, 12, 7, 7, 2, 13, 1, 6, 6, 9, 15, 7, 12, 18, 18, 12, 14, 16, 5, 15, 5, 4, 4, 14, 1, 6, 10, 16, 17, 8, 9, 8, 4, 5, 16, 17, 10, 10, 9, 9, 14, 6, 15, 14, 15, 8, 9, 11, 13, 11, 5, 9, 16, 8, 15 ], [ 18, 9, 5, 13, 20, 20, 8, 19, 4, 10, 11, 17, 19, 8, 18, 11, 17, 14, 10, 3, 7, 13, 12, 10, 8, 13, 4, 3, 19, 7, 1, 7, 18, 19, 16, 3, 9, 2, 15, 6, 18, 10, 0, 11, 4, 5, 8, 3, 9, 14, 19, 16, 8, 12, 8, 12, 4, 10, 12, 12, 15, 17, 19, 15, 10, 13, 2, 12, 16, 7, 12, 4, 12, 10, 14, 12, 6, 11, 3, 11, 7, 5, 15, 17, 10, 4, 12, 15, 16, 9, 14, 15, 6, 6, 11, 9, 16, 11, 16, 12, 15, 16, 18, 16, 11, 9, 13, 14, 11, 19, 7, 18, 14, 20, 9, 5, 15, 9, 13, 1, 18, 3, 5, 9, 17, 8, 9, 10 ], [ 8, 12, 9, 14, 13, 14, 11, 16, 8, 4, 1, 14, 10, 6, 8, 4, 6, 4, 11, 13, 10, 15, 2, 3, 8, 17, 7, 10, 9, 7, 10, 7, 10, 14, 13, 8, 8, 12, 12, 11, 8, 13, 11, 0, 10, 11, 3, 12, 8, 14, 12, 9, 16, 2, 12, 16, 13, 16, 9, 5, 5, 8, 13, 6, 1, 11, 10, 10, 9, 7, 4, 7, 12, 7, 4, 9, 14, 15, 13, 13, 15, 13, 10, 7, 18, 8, 6, 5, 8, 4, 3, 16, 9, 13, 10, 15, 7, 13, 17, 4, 5, 6, 17, 12, 6, 15, 18, 4, 6, 15, 4, 16, 9, 13, 7, 12, 6, 6, 8, 10, 13, 11, 5, 16, 14, 7, 5, 4 ], [ 17, 5, 1, 9, 17, 16, 4, 15, 2, 11, 11, 13, 17, 4, 15, 9, 15, 13, 6, 7, 3, 8, 12, 8, 11, 9, 4, 1, 17, 10, 4, 4, 16, 16, 12, 4, 11, 5, 11, 2, 16, 6, 4, 10, 0, 9, 9, 3, 6, 9, 16, 13, 6, 12, 4, 8, 8, 7, 9, 13, 15, 15, 15, 12, 9, 9, 3, 7, 13, 9, 9, 3, 7, 7, 12, 9, 4, 7, 7, 7, 5, 3, 11, 15, 8, 7, 13, 15, 13, 9, 13, 11, 10, 3, 7, 5, 14, 7, 12, 9, 14, 15, 14, 12, 8, 6, 9, 14, 12, 15, 6, 14, 11, 16, 5, 9, 13, 10, 9, 3, 14, 8, 6, 6, 13, 11, 6, 11 ], [ 19, 14, 9, 18, 23, 23, 13, 23, 8, 8, 11, 21, 21, 11, 19, 13, 18, 16, 15, 4, 12, 17, 13, 12, 5, 18, 7, 8, 20, 5, 5, 11, 21, 23, 20, 6, 6, 6, 19, 11, 19, 15, 5, 11, 9, 0, 8, 8, 13, 18, 22, 19, 13, 12, 13, 17, 3, 15, 16, 10, 14, 19, 22, 17, 11, 17, 6, 16, 19, 5, 14, 7, 16, 14, 15, 16, 10, 16, 4, 16, 12, 10, 18, 19, 15, 4, 10, 14, 19, 8, 14, 20, 3, 11, 15, 14, 18, 16, 21, 14, 16, 17, 23, 20, 14, 14, 18, 15, 9, 23, 9, 22, 17, 23, 12, 1, 17, 7, 16, 6, 22, 2, 7, 14, 21, 6, 12, 9 ], [ 11, 12, 8, 14, 16, 16, 11, 18, 7, 2, 3, 15, 13, 7, 11, 6, 9, 7, 11, 10, 9, 16, 4, 5, 6, 17, 5, 9, 12, 4, 8, 7, 13, 16, 14, 5, 5, 10, 14, 11, 11, 13, 8, 3, 9, 8, 0, 10, 9, 15, 14, 12, 15, 4, 12, 16, 10, 15, 11, 4, 6, 11, 15, 9, 3, 12, 8, 11, 12, 4, 6, 6, 13, 8, 7, 10, 13, 15, 10, 14, 14, 12, 12, 10, 17, 5, 5, 6, 11, 1, 6, 17, 6, 12, 11, 14, 10, 13, 18, 7, 7, 8, 19, 14, 7, 14, 17, 6, 4, 17, 3, 18, 11, 16, 7, 9, 9, 3, 10, 8, 15, 9, 3, 15, 16, 4, 6, 2 ], [ 19, 7, 4, 11, 20, 19, 6, 17, 4, 12, 13, 15, 20, 7, 18, 11, 18, 15, 9, 5, 6, 10, 14, 11, 11, 10, 5, 2, 19, 10, 3, 7, 18, 18, 15, 5, 12, 2, 14, 4, 19, 8, 3, 12, 3, 8, 10, 0, 9, 11, 18, 16, 5, 14, 6, 9, 6, 8, 11, 14, 17, 17, 18, 15, 12, 12, 2, 10, 15, 10, 12, 5, 10, 10, 14, 12, 3, 8, 5, 9, 4, 2, 14, 18, 7, 7, 14, 17, 16, 11, 15, 13, 9, 3, 10, 6, 17, 9, 14, 12, 16, 18, 16, 15, 11, 6, 10, 16, 13, 17, 8, 16, 14, 19, 8, 7, 16, 11, 12, 3, 17, 6, 7, 6, 16, 11, 9, 12 ], [ 13, 4, 5, 6, 11, 10, 4, 10, 6, 11, 9, 8, 12, 2, 11, 5, 11, 9, 3, 12, 3, 7, 9, 5, 13, 10, 7, 7, 12, 11, 9, 3, 10, 10, 7, 8, 13, 10, 6, 6, 11, 5, 9, 8, 6, 13, 9, 9, 0, 6, 10, 7, 10, 10, 5, 9, 13, 9, 3, 12, 13, 10, 10, 7, 7, 4, 8, 3, 7, 11, 5, 6, 4, 2, 7, 3, 9, 8, 12, 5, 9, 8, 6, 10, 11, 10, 14, 13, 8, 9, 10, 8, 13, 7, 3, 8, 9, 5, 10, 5, 11, 12, 10, 7, 3, 8, 10, 11, 13, 10, 6, 9, 5, 11, 1, 13, 9, 11, 3, 8, 9, 12, 7, 9, 8, 12, 3, 11 ], [ 17, 4, 9, 1, 11, 10, 5, 7, 10, 17, 15, 5, 15, 8, 14, 10, 16, 14, 3, 16, 7, 3, 15, 11, 19, 6, 12, 10, 15, 17, 13, 8, 13, 9, 6, 13, 19, 13, 4, 7, 15, 4, 14, 14, 9, 18, 15, 11, 6, 0, 11, 9, 10, 15, 6, 6, 17, 7, 5, 18, 18, 13, 10, 11, 13, 4, 12, 3, 9, 17, 11, 11, 2, 7, 12, 6, 11, 5, 16, 3, 10, 10, 7, 14, 10, 15, 20, 19, 11, 15, 16, 2, 18, 9, 3, 7, 13, 3, 4, 10, 16, 17, 5, 6, 8, 8, 6, 17, 19, 7, 12, 5, 7, 11, 7, 18, 13, 17, 7, 12, 8, 17, 13, 9, 5, 18, 9, 17 ], [ 9, 13, 15, 12, 2, 3, 13, 7, 15, 16, 13, 6, 6, 11, 6, 9, 9, 9, 11, 22, 13, 14, 11, 10, 20, 17, 16, 17, 6, 18, 18, 12, 3, 3, 6, 17, 20, 20, 6, 15, 7, 13, 19, 12, 16, 22, 14, 18, 10, 11, 0, 3, 20, 12, 14, 17, 22, 17, 7, 16, 14, 5, 2, 5, 12, 7, 18, 9, 3, 18, 8, 15, 11, 8, 8, 7, 19, 16, 22, 13, 19, 18, 5, 6, 20, 18, 18, 15, 3, 15, 11, 12, 21, 17, 10, 17, 6, 13, 13, 8, 10, 11, 11, 5, 8, 17, 17, 12, 18, 6, 13, 9, 5, 1, 11, 22, 7, 17, 7, 18, 3, 21, 15, 18, 7, 18, 10, 16 ], [ 9, 10, 12, 9, 4, 4, 10, 7, 12, 14, 11, 5, 7, 8, 6, 6, 8, 7, 8, 19, 10, 12, 9, 7, 17, 15, 13, 14, 6, 16, 15, 9, 4, 4, 4, 14, 17, 17, 5, 12, 7, 11, 16, 9, 13, 19, 12, 16, 7, 9, 3, 0, 17, 10, 11, 14, 19, 15, 4, 14, 12, 5, 3, 4, 9, 5, 15, 7, 0, 16, 6, 12, 8, 6, 6, 4, 16, 13, 19, 10, 16, 15, 2, 6, 17, 15, 16, 14, 2, 13, 10, 11, 18, 14, 7, 14, 5, 10, 12, 5, 9, 10, 10, 4, 5, 15, 15, 10, 15, 6, 10, 9, 2, 4, 8, 19, 6, 15, 4, 15, 3, 18, 12, 16, 6, 16, 7, 14 ], [ 22, 6, 7, 9, 20, 19, 6, 17, 8, 17, 17, 15, 22, 10, 21, 14, 21, 19, 9, 9, 7, 7, 18, 14, 16, 6, 10, 6, 22, 15, 8, 9, 20, 19, 15, 10, 17, 7, 14, 5, 21, 6, 8, 16, 6, 13, 15, 5, 10, 10, 20, 17, 0, 18, 5, 5, 11, 4, 12, 19, 21, 20, 19, 17, 15, 12, 7, 10, 17, 15, 15, 9, 9, 12, 17, 13, 2, 5, 9, 7, 1, 3, 15, 20, 2, 12, 19, 21, 18, 15, 19, 11, 15, 3, 10, 3, 19, 7, 11, 15, 20, 21, 14, 15, 13, 2, 6, 20, 18, 17, 12, 15, 15, 20, 10, 12, 19, 16, 13, 8, 18, 11, 12, 1, 15, 16, 12, 17 ], [ 7, 14, 11, 15, 14, 15, 13, 17, 10, 4, 1, 15, 9, 8, 8, 5, 6, 4, 13, 14, 11, 17, 1, 5, 9, 19, 9, 12, 9, 7, 12, 9, 10, 14, 14, 9, 8, 14, 13, 13, 7, 15, 12, 2, 12, 12, 4, 14, 10, 15, 12, 10, 18, 0, 14, 18, 14, 18, 10, 4, 3, 8, 13, 7, 2, 12, 12, 12, 10, 7, 5, 9, 14, 8, 5, 10, 16, 17, 14, 15, 17, 15, 11, 7, 19, 9, 6, 4, 9, 4, 2, 18, 10, 15, 12, 17, 7, 15, 19, 6, 4, 4, 19, 14, 7, 17, 19, 2, 6, 16, 5, 18, 10, 14, 9, 13, 6, 6, 9, 11, 14, 12, 7, 18, 16, 7, 7, 4 ], [ 17, 1, 4, 5, 15, 14, 1, 12, 6, 14, 13, 10, 17, 6, 16, 10, 16, 14, 3, 11, 2, 4, 13, 9, 15, 6, 8, 5, 17, 13, 8, 5, 15, 13, 10, 8, 15, 8, 9, 2, 16, 2, 8, 12, 4, 13, 12, 6, 5, 6, 14, 11, 5, 14, 0, 4, 12, 4, 7, 16, 17, 15, 14, 12, 11, 7, 7, 5, 11, 13, 10, 7, 4, 7, 12, 7, 5, 3, 11, 3, 5, 5, 10, 15, 6, 11, 17, 17, 13, 12, 15, 7, 14, 4, 5, 3, 14, 3, 8, 10, 15, 17, 10, 10, 8, 3, 6, 16, 16, 12, 9, 10, 10, 15, 5, 13, 14, 14, 8, 7, 12, 12, 9, 4, 10, 14, 7, 14 ], [ 21, 4, 9, 5, 17, 16, 5, 12, 10, 18, 18, 11, 20, 10, 19, 14, 20, 18, 6, 13, 7, 3, 18, 14, 19, 1, 12, 9, 20, 18, 12, 10, 18, 15, 11, 12, 19, 11, 10, 6, 20, 4, 12, 16, 8, 17, 16, 9, 9, 6, 17, 14, 5, 18, 4, 0, 15, 1, 10, 20, 21, 18, 16, 16, 16, 9, 10, 8, 14, 17, 14, 11, 6, 11, 16, 10, 7, 1, 14, 4, 6, 7, 12, 19, 4, 15, 21, 22, 16, 17, 19, 6, 18, 6, 7, 3, 18, 4, 6, 14, 20, 21, 9, 11, 12, 3, 1, 20, 20, 12, 13, 10, 12, 17, 10, 16, 17, 18, 11, 11, 14, 15, 14, 4, 11, 18, 11, 19 ], [ 21, 13, 8, 16, 24, 23, 12, 22, 7, 10, 13, 20, 22, 11, 20, 14, 19, 17, 14, 2, 11, 16, 14, 13, 8, 16, 6, 7, 21, 8, 4, 10, 21, 23, 20, 6, 8, 4, 19, 10, 20, 13, 4, 13, 8, 3, 10, 6, 13, 17, 22, 19, 11, 14, 12, 15, 0, 14, 16, 12, 16, 20, 22, 18, 12, 17, 5, 15, 19, 7, 14, 7, 15, 14, 16, 16, 8, 14, 1, 15, 10, 8, 18, 20, 13, 5, 12, 16, 19, 10, 16, 19, 5, 9, 15, 12, 19, 14, 20, 14, 17, 18, 22, 20, 14, 12, 16, 16, 11, 22, 9, 22, 17, 23, 12, 2, 18, 9, 16, 5, 22, 1, 8, 12, 21, 8, 12, 11 ], [ 21, 4, 8, 6, 18, 16, 5, 13, 9, 18, 17, 12, 21, 9, 19, 14, 20, 18, 6, 12, 6, 4, 17, 13, 18, 2, 11, 8, 20, 17, 10, 9, 18, 16, 12, 11, 18, 10, 11, 5, 20, 4, 10, 16, 7, 15, 15, 8, 9, 7, 17, 15, 4, 18, 4, 1, 14, 0, 10, 19, 21, 18, 16, 16, 15, 10, 9, 8, 15, 16, 14, 10, 6, 11, 16, 11, 5, 2, 12, 4, 4, 6, 13, 19, 3, 14, 20, 21, 16, 16, 19, 7, 17, 5, 8, 2, 18, 4, 7, 14, 19, 21, 11, 12, 12, 2, 3, 19, 19, 13, 13, 11, 13, 17, 9, 15, 17, 17, 11, 10, 15, 14, 13, 2, 12, 17, 11, 18 ], [ 12, 6, 8, 6, 8, 7, 6, 7, 8, 13, 10, 5, 10, 5, 9, 6, 11, 9, 4, 15, 6, 8, 10, 6, 16, 11, 9, 10, 10, 14, 12, 6, 8, 7, 4, 10, 15, 13, 3, 8, 10, 6, 12, 9, 9, 16, 11, 11, 3, 5, 7, 4, 12, 10, 7, 10, 16, 10, 0, 14, 13, 8, 7, 6, 9, 2, 11, 2, 4, 14, 6, 9, 4, 3, 7, 1, 12, 9, 15, 6, 12, 11, 3, 9, 13, 13, 15, 14, 6, 11, 11, 7, 15, 10, 3, 10, 8, 6, 9, 5, 11, 12, 8, 4, 3, 10, 11, 11, 14, 7, 8, 7, 3, 8, 4, 16, 8, 13, 1, 11, 6, 15, 10, 11, 6, 14, 5, 13 ], [ 10, 16, 12, 18, 18, 18, 15, 20, 10, 2, 3, 18, 13, 10, 11, 8, 9, 8, 15, 13, 13, 19, 5, 8, 6, 21, 9, 12, 12, 5, 11, 10, 14, 18, 17, 9, 5, 14, 17, 15, 11, 17, 12, 5, 13, 10, 4, 14, 12, 18, 16, 14, 19, 4, 16, 20, 12, 19, 14, 0, 4, 12, 17, 11, 5, 15, 12, 15, 14, 5, 8, 9, 16, 11, 9, 13, 16, 19, 13, 17, 18, 15, 14, 11, 21, 8, 2, 3, 13, 3, 5, 20, 8, 15, 15, 18, 11, 17, 22, 9, 7, 7, 22, 17, 10, 18, 21, 5, 2, 20, 7, 21, 13, 17, 11, 11, 9, 3, 13, 11, 17, 11, 7, 19, 19, 4, 9, 2 ], [ 7, 17, 14, 18, 16, 16, 16, 19, 13, 6, 4, 17, 10, 11, 8, 8, 6, 5, 16, 17, 15, 20, 4, 8, 10, 22, 12, 15, 9, 9, 14, 12, 11, 16, 16, 12, 9, 17, 16, 16, 7, 18, 15, 5, 15, 14, 6, 17, 13, 18, 14, 12, 21, 3, 17, 21, 16, 21, 13, 4, 0, 9, 15, 9, 6, 15, 14, 15, 12, 9, 8, 12, 17, 11, 7, 13, 19, 20, 17, 18, 20, 18, 14, 8, 23, 11, 6, 1, 11, 6, 3, 21, 12, 18, 15, 20, 8, 18, 22, 8, 4, 4, 21, 16, 10, 20, 22, 2, 6, 19, 8, 20, 12, 15, 12, 15, 7, 7, 12, 14, 16, 15, 9, 21, 18, 8, 10, 5 ], [ 4, 14, 14, 13, 7, 8, 13, 11, 13, 12, 9, 10, 2, 10, 1, 6, 4, 4, 12, 20, 13, 16, 7, 7, 16, 19, 14, 16, 2, 15, 17, 11, 2, 8, 9, 14, 16, 19, 9, 15, 3, 14, 17, 8, 15, 19, 11, 17, 10, 13, 5, 5, 20, 8, 15, 18, 20, 18, 8, 12, 9, 0, 6, 2, 8, 9, 16, 10, 4, 15, 6, 13, 12, 8, 4, 8, 19, 17, 20, 14, 19, 18, 6, 1, 21, 16, 14, 10, 2, 11, 7, 15, 17, 17, 11, 18, 1, 14, 16, 6, 5, 6, 14, 9, 7, 18, 19, 7, 14, 11, 10, 13, 6, 6, 10, 19, 2, 14, 7, 16, 7, 19, 12, 19, 10, 15, 8, 12 ], [ 10, 13, 15, 11, 1, 1, 13, 6, 15, 17, 14, 5, 7, 12, 7, 10, 10, 10, 10, 22, 13, 13, 12, 10, 21, 16, 16, 17, 8, 19, 19, 12, 5, 1, 4, 17, 20, 20, 5, 15, 9, 13, 19, 13, 15, 22, 15, 18, 10, 10, 2, 3, 19, 13, 14, 16, 22, 16, 7, 17, 15, 6, 0, 6, 12, 7, 18, 9, 4, 19, 9, 15, 10, 9, 9, 7, 19, 15, 22, 12, 19, 18, 4, 7, 19, 19, 19, 16, 4, 16, 12, 11, 21, 17, 9, 16, 7, 12, 12, 9, 11, 12, 9, 4, 8, 17, 16, 13, 19, 5, 14, 8, 5, 1, 11, 22, 8, 18, 7, 18, 2, 21, 16, 18, 5, 19, 10, 17 ], [ 6, 12, 11, 12, 7, 8, 11, 10, 11, 11, 7, 9, 5, 8, 3, 4, 5, 4, 10, 17, 10, 14, 6, 5, 15, 17, 11, 13, 4, 13, 14, 8, 4, 8, 8, 12, 14, 16, 8, 13, 4, 12, 15, 6, 12, 17, 9, 15, 7, 11, 5, 4, 17, 7, 12, 16, 18, 16, 6, 11, 9, 2, 6, 0, 6, 7, 14, 8, 3, 13, 3, 11, 10, 5, 2, 6, 16, 15, 18, 12, 17, 15, 5, 3, 18, 13, 13, 10, 2, 10, 6, 13, 15, 15, 8, 15, 2, 12, 15, 3, 5, 6, 13, 7, 4, 16, 17, 7, 12, 10, 8, 12, 4, 7, 7, 17, 2, 12, 5, 14, 7, 17, 10, 17, 9, 13, 6, 10 ], [ 8, 11, 8, 13, 13, 13, 10, 15, 7, 5, 2, 13, 10, 6, 8, 3, 7, 4, 10, 13, 9, 15, 2, 3, 8, 17, 7, 10, 9, 7, 10, 6, 10, 13, 12, 7, 8, 12, 11, 11, 8, 12, 10, 1, 9, 11, 3, 12, 7, 13, 12, 9, 15, 2, 11, 16, 12, 15, 9, 5, 6, 8, 12, 6, 0, 10, 10, 10, 9, 7, 3, 7, 11, 6, 4, 8, 14, 14, 13, 13, 14, 13, 9, 7, 17, 8, 7, 6, 8, 4, 4, 15, 9, 12, 10, 14, 7, 12, 17, 4, 5, 6, 17, 12, 5, 15, 17, 4, 6, 15, 3, 16, 8, 13, 6, 12, 6, 6, 7, 9, 12, 11, 5, 15, 14, 7, 5, 4 ], [ 13, 6, 9, 4, 8, 7, 6, 6, 10, 15, 12, 3, 12, 7, 11, 7, 12, 10, 4, 16, 7, 7, 12, 8, 17, 10, 11, 11, 11, 15, 13, 7, 9, 7, 3, 12, 17, 14, 2, 8, 12, 6, 13, 11, 9, 17, 12, 12, 4, 4, 7, 5, 12, 12, 7, 9, 17, 10, 2, 15, 15, 9, 7, 7, 10, 0, 12, 2, 5, 15, 7, 10, 3, 4, 9, 2, 12, 8, 16, 5, 12, 11, 3, 10, 13, 14, 17, 16, 7, 13, 12, 6, 17, 10, 2, 10, 9, 5, 7, 7, 12, 13, 6, 3, 5, 10, 10, 13, 16, 5, 10, 5, 4, 8, 5, 17, 9, 15, 3, 12, 5, 16, 11, 11, 4, 16, 6, 15 ], [ 17, 8, 3, 11, 19, 18, 7, 17, 3, 10, 11, 15, 18, 6, 17, 10, 16, 13, 9, 4, 5, 11, 12, 9, 9, 12, 3, 2, 18, 8, 1, 5, 17, 18, 15, 3, 9, 3, 14, 5, 17, 9, 2, 10, 3, 6, 8, 2, 8, 12, 18, 15, 7, 12, 7, 10, 5, 9, 11, 12, 14, 16, 18, 14, 10, 12, 0, 10, 14, 8, 10, 3, 10, 9, 12, 11, 5, 9, 4, 9, 6, 4, 13, 16, 9, 5, 12, 14, 15, 8, 13, 14, 7, 5, 10, 8, 15, 9, 15, 10, 14, 16, 17, 15, 10, 8, 12, 14, 11, 17, 6, 16, 13, 18, 7, 6, 14, 9, 11, 0, 17, 5, 5, 8, 16, 9, 8, 10 ], [ 14, 4, 7, 4, 10, 9, 4, 7, 8, 14, 12, 5, 13, 5, 11, 7, 13, 11, 2, 14, 5, 6, 11, 7, 16, 8, 9, 9, 12, 14, 11, 5, 10, 9, 5, 10, 16, 12, 4, 6, 12, 4, 12, 10, 7, 16, 11, 10, 3, 3, 9, 7, 10, 12, 5, 8, 15, 8, 2, 15, 15, 10, 9, 8, 10, 2, 10, 0, 7, 14, 7, 9, 2, 4, 9, 3, 10, 7, 14, 4, 10, 9, 5, 11, 11, 13, 16, 16, 8, 12, 12, 6, 16, 8, 0, 8, 10, 4, 7, 7, 12, 14, 7, 5, 5, 8, 8, 13, 15, 7, 9, 7, 5, 10, 4, 16, 10, 14, 4, 10, 7, 15, 10, 9, 6, 15, 5, 14 ], [ 8, 10, 12, 9, 5, 5, 10, 7, 12, 13, 10, 6, 6, 8, 6, 6, 8, 7, 8, 19, 10, 12, 9, 7, 17, 15, 12, 14, 6, 15, 15, 9, 4, 4, 5, 13, 17, 17, 5, 12, 7, 11, 16, 9, 13, 19, 12, 15, 7, 9, 3, 0, 17, 10, 11, 14, 19, 15, 4, 14, 12, 4, 4, 3, 9, 5, 14, 7, 0, 15, 6, 12, 8, 5, 5, 4, 16, 13, 19, 10, 16, 15, 2, 5, 17, 15, 16, 13, 2, 12, 9, 11, 18, 14, 7, 14, 5, 10, 12, 5, 9, 9, 10, 4, 5, 15, 15, 10, 15, 7, 10, 9, 2, 4, 7, 19, 5, 15, 4, 15, 4, 18, 12, 16, 6, 16, 7, 13 ], [ 14, 14, 9, 17, 20, 20, 13, 21, 7, 3, 6, 19, 17, 9, 15, 9, 13, 11, 14, 8, 11, 17, 8, 8, 2, 19, 6, 9, 16, 0, 7, 9, 17, 20, 18, 5, 2, 9, 17, 12, 14, 15, 7, 7, 9, 5, 4, 10, 11, 17, 18, 16, 15, 7, 13, 17, 7, 16, 14, 5, 9, 15, 19, 13, 7, 15, 8, 14, 15, 0, 10, 6, 15, 11, 11, 13, 13, 16, 8, 15, 14, 12, 15, 14, 17, 3, 5, 8, 15, 3, 9, 19, 3, 12, 14, 15, 14, 15, 20, 10, 11, 12, 21, 18, 11, 15, 19, 10, 4, 20, 5, 21, 14, 19, 10, 6, 12, 2, 13, 7, 19, 6, 4, 15, 19, 1, 9, 4 ], [ 7, 10, 8, 11, 10, 10, 9, 12, 8, 8, 5, 10, 8, 5, 6, 1, 6, 4, 8, 14, 8, 13, 4, 2, 12, 15, 8, 10, 7, 10, 11, 6, 7, 10, 9, 9, 11, 13, 8, 10, 6, 11, 12, 4, 9, 14, 6, 12, 5, 11, 8, 6, 15, 5, 10, 14, 14, 14, 6, 8, 8, 6, 9, 3, 3, 7, 10, 7, 6, 10, 0, 8, 9, 4, 2, 5, 14, 13, 14, 11, 14, 13, 6, 5, 16, 10, 10, 9, 5, 7, 5, 13, 12, 12, 7, 13, 5, 11, 14, 1, 5, 7, 14, 9, 2, 14, 15, 6, 10, 11, 5, 13, 5, 9, 5, 14, 4, 9, 4, 11, 9, 13, 7, 14, 11, 10, 3, 8 ], [ 15, 8, 2, 11, 17, 16, 6, 16, 1, 7, 8, 14, 16, 4, 14, 7, 13, 11, 8, 7, 5, 11, 9, 6, 8, 12, 1, 3, 15, 7, 3, 3, 14, 16, 13, 2, 8, 5, 12, 5, 14, 8, 4, 7, 3, 7, 6, 5, 6, 11, 15, 12, 9, 9, 7, 11, 7, 10, 9, 9, 12, 13, 15, 11, 7, 10, 3, 9, 12, 6, 8, 0, 9, 7, 10, 9, 7, 10, 7, 9, 8, 6, 11, 13, 11, 4, 10, 12, 12, 6, 11, 13, 7, 6, 8, 9, 12, 9, 14, 8, 12, 13, 16, 13, 7, 9, 12, 11, 9, 16, 3, 15, 10, 16, 5, 7, 11, 7, 9, 3, 15, 6, 3, 9, 14, 7, 5, 8 ], [ 16, 3, 7, 2, 11, 10, 3, 8, 8, 15, 13, 6, 14, 6, 13, 9, 14, 13, 1, 14, 5, 4, 13, 9, 17, 7, 10, 9, 14, 15, 11, 6, 12, 10, 6, 11, 17, 12, 5, 6, 14, 3, 12, 12, 7, 16, 13, 10, 4, 2, 11, 8, 9, 14, 4, 6, 15, 6, 4, 16, 17, 12, 10, 10, 11, 3, 10, 2, 8, 15, 9, 9, 0, 6, 11, 5, 9, 5, 14, 2, 9, 9, 6, 13, 9, 13, 18, 17, 10, 13, 14, 4, 16, 8, 2, 6, 12, 2, 6, 8, 14, 16, 7, 6, 7, 7, 7, 15, 17, 8, 10, 6, 7, 11, 5, 16, 12, 15, 5, 10, 8, 15, 11, 8, 6, 16, 7, 15 ], [ 10, 6, 6, 7, 10, 9, 6, 10, 6, 10, 8, 8, 10, 3, 9, 3, 9, 7, 5, 13, 5, 9, 7, 3, 13, 12, 7, 8, 10, 11, 10, 4, 8, 9, 7, 8, 13, 12, 6, 7, 9, 7, 10, 7, 7, 14, 8, 10, 2, 7, 8, 6, 12, 8, 7, 11, 14, 11, 3, 11, 11, 8, 9, 5, 6, 4, 9, 4, 5, 11, 4, 7, 6, 0, 5, 2, 11, 10, 13, 7, 11, 10, 5, 8, 13, 10, 13, 12, 6, 9, 9, 10, 13, 9, 4, 10, 7, 7, 11, 3, 9, 10, 11, 7, 1, 10, 12, 9, 12, 9, 6, 10, 4, 9, 2, 14, 7, 11, 2, 9, 8, 13, 7, 11, 8, 12, 2, 10 ], [ 5, 12, 10, 12, 9, 10, 11, 12, 10, 9, 5, 10, 6, 7, 4, 3, 4, 2, 10, 16, 10, 14, 4, 3, 13, 17, 10, 12, 5, 11, 13, 8, 6, 10, 9, 11, 12, 15, 9, 12, 4, 12, 14, 4, 12, 15, 7, 14, 7, 12, 8, 6, 17, 5, 12, 16, 16, 16, 7, 9, 7, 4, 9, 2, 4, 9, 12, 9, 5, 11, 2, 10, 11, 5, 0, 6, 16, 15, 16, 12, 16, 15, 7, 3, 18, 12, 10, 8, 4, 8, 4, 14, 14, 14, 9, 15, 3, 12, 16, 2, 4, 5, 15, 9, 4, 16, 17, 5, 10, 12, 7, 13, 5, 9, 7, 16, 2, 10, 5, 12, 9, 15, 9, 16, 11, 11, 5, 8 ], [ 11, 6, 8, 6, 8, 7, 6, 7, 8, 12, 10, 5, 10, 5, 9, 5, 10, 8, 4, 15, 6, 8, 9, 6, 15, 11, 9, 10, 10, 13, 12, 6, 8, 7, 4, 10, 15, 13, 3, 8, 10, 7, 12, 9, 9, 16, 10, 12, 3, 6, 7, 4, 13, 10, 7, 10, 16, 11, 1, 13, 13, 8, 7, 6, 8, 2, 11, 3, 4, 13, 5, 9, 5, 2, 6, 0, 12, 9, 15, 7, 12, 11, 2, 8, 13, 13, 15, 14, 5, 11, 10, 8, 15, 10, 3, 10, 7, 6, 9, 4, 10, 11, 8, 4, 3, 11, 11, 11, 14, 7, 8, 8, 2, 8, 4, 16, 7, 13, 1, 11, 6, 15, 10, 12, 6, 14, 4, 12 ], [ 21, 7, 5, 10, 20, 19, 6, 17, 6, 14, 15, 15, 21, 9, 20, 13, 20, 17, 8, 7, 6, 9, 16, 12, 14, 8, 8, 4, 21, 13, 6, 8, 19, 19, 15, 8, 14, 4, 14, 4, 20, 7, 6, 14, 4, 10, 13, 3, 9, 11, 19, 16, 2, 16, 5, 7, 8, 5, 12, 16, 19, 19, 19, 16, 14, 12, 5, 10, 16, 13, 14, 7, 9, 11, 16, 12, 0, 6, 7, 8, 1, 1, 15, 19, 5, 10, 17, 19, 17, 13, 17, 12, 12, 2, 10, 4, 18, 8, 12, 13, 18, 20, 15, 15, 12, 4, 8, 18, 16, 17, 11, 15, 14, 20, 9, 10, 17, 14, 13, 5, 17, 9, 10, 3, 16, 14, 11, 15 ], [ 20, 3, 7, 4, 16, 15, 4, 12, 9, 17, 16, 10, 19, 9, 18, 12, 19, 17, 5, 13, 6, 2, 16, 12, 18, 2, 11, 8, 19, 16, 11, 8, 17, 14, 10, 11, 18, 10, 9, 5, 19, 2, 11, 15, 7, 16, 15, 8, 8, 5, 16, 13, 5, 17, 3, 1, 14, 2, 9, 19, 20, 17, 15, 15, 14, 8, 9, 7, 13, 16, 13, 10, 5, 10, 15, 9, 6, 0, 13, 3, 5, 6, 11, 17, 5, 14, 20, 21, 15, 16, 18, 5, 17, 5, 6, 3, 16, 3, 6, 12, 18, 20, 9, 11, 11, 3, 3, 19, 19, 12, 12, 9, 11, 16, 8, 15, 16, 17, 10, 10, 13, 14, 12, 4, 10, 17, 10, 17 ], [ 21, 12, 8, 15, 23, 23, 11, 22, 7, 11, 13, 20, 22, 10, 20, 14, 19, 17, 13, 0, 10, 15, 15, 13, 9, 15, 6, 6, 21, 8, 3, 10, 21, 22, 19, 6, 9, 3, 18, 9, 20, 13, 3, 13, 7, 4, 10, 5, 12, 16, 22, 19, 9, 14, 11, 14, 1, 12, 15, 13, 17, 20, 22, 18, 13, 16, 4, 14, 19, 8, 14, 7, 14, 13, 16, 15, 7, 13, 0, 14, 8, 7, 18, 20, 12, 5, 13, 16, 19, 10, 16, 18, 6, 8, 14, 11, 19, 13, 19, 14, 18, 19, 21, 19, 14, 11, 15, 17, 12, 22, 9, 21, 17, 23, 11, 3, 18, 10, 15, 4, 21, 2, 8, 10, 20, 9, 12, 12 ], [ 18, 2, 7, 2, 13, 12, 3, 9, 8, 16, 15, 8, 17, 7, 15, 10, 16, 14, 3, 13, 4, 2, 14, 10, 17, 5, 10, 8, 16, 16, 11, 7, 14, 12, 8, 11, 17, 11, 7, 5, 16, 1, 11, 13, 7, 16, 14, 9, 5, 3, 13, 10, 7, 15, 3, 4, 15, 4, 6, 17, 18, 14, 12, 12, 13, 5, 9, 4, 10, 15, 11, 9, 2, 7, 12, 7, 8, 3, 14, 0, 7, 7, 8, 15, 7, 13, 19, 19, 12, 14, 16, 4, 16, 6, 4, 5, 14, 0, 5, 10, 16, 17, 7, 8, 8, 5, 5, 16, 17, 9, 11, 8, 9, 13, 6, 15, 14, 16, 7, 10, 11, 14, 11, 6, 8, 16, 8, 16 ], [ 22, 6, 6, 9, 20, 19, 6, 16, 7, 16, 16, 15, 22, 9, 20, 13, 20, 18, 8, 8, 6, 8, 17, 13, 15, 7, 9, 5, 21, 14, 7, 9, 20, 18, 15, 9, 16, 6, 13, 4, 21, 6, 7, 15, 5, 12, 14, 4, 9, 10, 19, 16, 1, 17, 5, 6, 10, 4, 12, 18, 20, 19, 19, 17, 14, 12, 6, 10, 16, 14, 14, 8, 9, 11, 16, 12, 1, 5, 8, 7, 0, 2, 14, 19, 3, 11, 18, 20, 17, 14, 18, 11, 13, 2, 10, 3, 18, 7, 11, 14, 19, 20, 14, 15, 12, 3, 7, 19, 17, 17, 11, 15, 14, 19, 9, 11, 18, 15, 13, 6, 17, 10, 11, 2, 15, 15, 11, 16 ], [ 20, 6, 4, 9, 19, 18, 5, 16, 5, 13, 14, 14, 20, 8, 18, 12, 18, 16, 8, 7, 5, 8, 15, 11, 13, 8, 7, 3, 20, 12, 5, 7, 18, 18, 14, 7, 14, 4, 13, 3, 19, 6, 5, 13, 3, 10, 12, 2, 8, 10, 18, 15, 3, 15, 5, 7, 8, 6, 11, 15, 18, 18, 18, 15, 13, 11, 4, 9, 15, 12, 13, 6, 9, 10, 15, 11, 1, 6, 7, 7, 2, 0, 14, 18, 5, 9, 16, 18, 16, 12, 16, 11, 12, 1, 9, 4, 17, 7, 12, 12, 17, 19, 15, 14, 11, 4, 8, 17, 15, 16, 9, 15, 13, 19, 8, 9, 16, 13, 12, 4, 17, 8, 9, 4, 15, 13, 9, 14 ], [ 10, 8, 10, 7, 6, 5, 9, 6, 11, 14, 11, 4, 9, 7, 8, 6, 10, 8, 6, 18, 9, 10, 10, 7, 17, 13, 12, 12, 8, 15, 14, 8, 6, 5, 3, 13, 17, 16, 3, 11, 9, 9, 15, 10, 11, 18, 12, 14, 6, 7, 5, 2, 15, 11, 10, 12, 18, 13, 3, 14, 14, 6, 4, 5, 9, 3, 13, 5, 2, 15, 6, 11, 6, 5, 7, 2, 15, 11, 18, 8, 14, 14, 0, 7, 15, 15, 16, 14, 4, 13, 11, 9, 17, 13, 5, 12, 7, 8, 10, 5, 10, 11, 8, 3, 5, 13, 13, 11, 16, 5, 10, 7, 1, 5, 6, 18, 7, 15, 2, 14, 3, 17, 12, 14, 5, 16, 6, 14 ], [ 3, 14, 14, 14, 8, 9, 14, 12, 13, 11, 8, 11, 2, 10, 1, 6, 3, 3, 12, 20, 13, 17, 6, 7, 16, 19, 13, 16, 2, 14, 16, 11, 3, 9, 10, 14, 15, 19, 10, 15, 2, 15, 17, 7, 15, 19, 10, 18, 10, 14, 6, 6, 20, 7, 15, 19, 20, 19, 9, 11, 8, 1, 7, 3, 7, 10, 16, 11, 5, 14, 5, 13, 13, 8, 3, 8, 19, 17, 20, 15, 19, 18, 7, 0, 21, 15, 13, 9, 4, 11, 6, 16, 17, 17, 11, 18, 1, 15, 17, 6, 4, 5, 15, 10, 7, 18, 19, 6, 13, 12, 10, 14, 7, 7, 10, 19, 2, 13, 7, 16, 9, 18, 12, 19, 12, 14, 9, 11 ], [ 24, 7, 9, 9, 21, 19, 7, 16, 10, 19, 19, 15, 23, 11, 22, 16, 22, 20, 9, 11, 8, 7, 19, 15, 19, 5, 12, 8, 23, 17, 10, 11, 21, 19, 15, 12, 19, 9, 14, 6, 23, 7, 10, 18, 8, 15, 17, 7, 11, 10, 20, 17, 2, 19, 6, 4, 13, 3, 13, 21, 23, 21, 19, 18, 17, 13, 9, 11, 17, 17, 16, 11, 9, 13, 18, 13, 5, 5, 12, 7, 3, 5, 15, 21, 0, 14, 21, 23, 19, 17, 21, 10, 17, 5, 11, 3, 20, 7, 10, 16, 21, 23, 13, 15, 14, 3, 5, 21, 20, 17, 14, 14, 16, 20, 12, 14, 20, 18, 14, 10, 18, 13, 14, 2, 15, 18, 13, 19 ], [ 16, 12, 6, 15, 20, 20, 10, 20, 5, 6, 8, 18, 18, 8, 16, 9, 14, 12, 12, 5, 9, 15, 10, 9, 4, 16, 3, 6, 17, 3, 4, 7, 17, 19, 17, 3, 5, 6, 16, 9, 16, 12, 4, 8, 7, 4, 5, 7, 10, 15, 18, 15, 12, 9, 11, 15, 5, 14, 13, 8, 11, 16, 19, 13, 8, 14, 5, 13, 15, 3, 10, 4, 13, 10, 12, 13, 10, 14, 5, 13, 11, 9, 15, 15, 14, 0, 8, 11, 15, 5, 11, 17, 3, 9, 12, 12, 14, 13, 18, 10, 13, 14, 20, 17, 10, 12, 16, 11, 7, 20, 5, 19, 14, 19, 9, 4, 13, 5, 12, 4, 18, 3, 3, 12, 18, 4, 8, 6 ], [ 12, 17, 13, 19, 20, 20, 16, 22, 11, 3, 5, 20, 15, 12, 13, 10, 11, 10, 16, 13, 14, 21, 7, 9, 5, 22, 10, 13, 14, 4, 12, 12, 16, 20, 19, 9, 4, 14, 18, 16, 13, 18, 12, 6, 13, 10, 5, 14, 14, 20, 18, 16, 19, 6, 17, 21, 12, 20, 15, 2, 6, 14, 19, 13, 7, 17, 12, 16, 16, 5, 10, 10, 18, 13, 10, 15, 17, 20, 13, 19, 18, 16, 16, 13, 21, 8, 0, 5, 15, 4, 7, 22, 7, 16, 16, 19, 13, 18, 23, 11, 9, 9, 23, 19, 12, 19, 22, 7, 1, 22, 8, 23, 15, 19, 12, 10, 11, 3, 14, 12, 19, 11, 7, 19, 21, 4, 11, 3 ], [ 8, 17, 14, 19, 17, 18, 16, 20, 13, 5, 4, 18, 11, 12, 10, 9, 7, 6, 16, 16, 15, 21, 4, 8, 9, 23, 12, 15, 10, 8, 14, 12, 12, 17, 17, 12, 8, 17, 17, 17, 9, 18, 15, 5, 15, 14, 6, 17, 13, 19, 15, 14, 21, 4, 17, 22, 16, 21, 14, 3, 1, 10, 16, 10, 6, 16, 14, 16, 13, 8, 9, 12, 17, 12, 8, 14, 19, 21, 16, 19, 20, 18, 14, 9, 23, 11, 5, 0, 12, 6, 4, 21, 11, 18, 16, 20, 9, 18, 23, 9, 5, 5, 22, 17, 11, 20, 23, 3, 5, 20, 9, 21, 13, 16, 12, 14, 8, 7, 13, 14, 17, 14, 9, 21, 19, 8, 11, 5 ], [ 6, 12, 12, 11, 5, 6, 11, 9, 12, 13, 9, 8, 5, 9, 4, 6, 6, 5, 10, 19, 11, 14, 8, 7, 17, 16, 13, 14, 4, 15, 16, 10, 2, 6, 6, 14, 16, 17, 7, 13, 5, 12, 16, 8, 13, 19, 11, 16, 8, 11, 3, 2, 18, 9, 13, 16, 19, 16, 6, 13, 11, 2, 4, 2, 8, 7, 15, 8, 2, 15, 5, 12, 10, 6, 4, 5, 17, 15, 19, 12, 17, 16, 4, 4, 19, 15, 15, 12, 0, 12, 8, 13, 17, 15, 8, 16, 3, 12, 14, 5, 7, 8, 12, 6, 5, 16, 16, 8, 14, 8, 10, 11, 3, 5, 8, 19, 4, 14, 5, 15, 5, 18, 12, 17, 8, 15, 7, 12 ], [ 11, 13, 8, 15, 17, 17, 12, 18, 7, 2, 3, 16, 13, 7, 11, 6, 10, 8, 12, 10, 10, 16, 5, 6, 5, 18, 6, 9, 12, 3, 8, 7, 13, 17, 15, 6, 4, 11, 14, 11, 11, 14, 9, 4, 9, 8, 1, 11, 9, 15, 15, 13, 15, 4, 12, 17, 10, 16, 11, 3, 6, 11, 16, 10, 4, 13, 8, 12, 12, 3, 7, 6, 13, 9, 8, 11, 13, 16, 10, 14, 14, 12, 13, 11, 17, 5, 4, 6, 12, 0, 6, 18, 6, 12, 12, 15, 10, 14, 19, 7, 8, 9, 19, 15, 8, 15, 18, 6, 3, 18, 3, 19, 12, 16, 8, 9, 9, 2, 11, 8, 16, 8, 3, 15, 17, 3, 7, 2 ], [ 5, 15, 12, 16, 13, 14, 14, 16, 11, 6, 3, 15, 8, 9, 6, 5, 4, 3, 13, 16, 13, 18, 2, 5, 11, 20, 10, 14, 7, 9, 13, 10, 9, 14, 13, 11, 10, 16, 13, 15, 5, 16, 14, 3, 13, 14, 6, 15, 10, 16, 11, 10, 19, 2, 15, 19, 16, 19, 11, 5, 3, 7, 12, 6, 4, 12, 13, 12, 9, 9, 5, 11, 14, 9, 4, 10, 17, 18, 16, 16, 18, 16, 11, 6, 21, 11, 7, 4, 8, 6, 0, 18, 12, 16, 12, 18, 5, 15, 19, 6, 2, 2, 19, 13, 8, 18, 20, 1, 7, 16, 7, 18, 9, 12, 9, 15, 4, 8, 9, 13, 13, 14, 9, 19, 15, 9, 8, 6 ], [ 19, 6, 11, 3, 12, 11, 7, 7, 12, 19, 17, 6, 17, 10, 16, 13, 18, 16, 6, 17, 8, 3, 17, 13, 21, 6, 14, 12, 17, 19, 15, 10, 14, 10, 7, 15, 21, 15, 6, 9, 17, 5, 15, 16, 11, 20, 17, 13, 8, 2, 12, 11, 11, 18, 7, 6, 19, 7, 7, 20, 21, 15, 11, 13, 15, 6, 14, 6, 11, 19, 13, 13, 4, 10, 14, 8, 12, 5, 18, 4, 11, 11, 9, 16, 10, 17, 22, 21, 13, 18, 18, 0, 20, 10, 6, 8, 15, 4, 1, 12, 18, 19, 4, 7, 11, 8, 5, 19, 21, 7, 14, 4, 9, 12, 9, 20, 15, 20, 9, 14, 9, 19, 15, 9, 6, 20, 11, 19 ], [ 17, 15, 9, 18, 22, 22, 13, 23, 8, 6, 9, 20, 19, 11, 17, 12, 16, 14, 15, 7, 12, 18, 11, 11, 2, 19, 6, 9, 18, 3, 6, 10, 19, 22, 20, 6, 3, 8, 19, 12, 17, 15, 6, 9, 10, 3, 6, 9, 13, 18, 21, 18, 15, 10, 14, 18, 5, 17, 15, 8, 12, 17, 21, 15, 9, 17, 7, 16, 18, 3, 12, 7, 16, 13, 14, 15, 12, 17, 6, 16, 13, 12, 17, 17, 17, 3, 7, 11, 17, 6, 12, 20, 0, 12, 15, 15, 16, 16, 21, 13, 14, 14, 23, 19, 13, 15, 19, 12, 6, 22, 7, 22, 16, 22, 12, 4, 15, 4, 15, 7, 21, 4, 6, 15, 21, 3, 11, 6 ], [ 19, 5, 4, 8, 18, 17, 4, 15, 5, 14, 14, 13, 19, 7, 18, 11, 18, 16, 7, 7, 4, 7, 14, 11, 14, 7, 7, 3, 19, 12, 6, 6, 18, 17, 13, 7, 14, 5, 12, 2, 18, 5, 6, 13, 3, 11, 12, 3, 7, 9, 17, 14, 3, 15, 4, 6, 9, 5, 10, 15, 18, 17, 17, 15, 12, 10, 5, 8, 14, 12, 12, 6, 8, 9, 14, 10, 2, 5, 8, 6, 2, 1, 13, 17, 5, 9, 16, 18, 15, 12, 16, 10, 12, 0, 8, 3, 16, 6, 11, 12, 17, 18, 14, 13, 10, 3, 7, 17, 15, 15, 9, 14, 12, 18, 7, 10, 16, 13, 11, 5, 16, 9, 9, 3, 14, 13, 9, 14 ], [ 14, 4, 7, 3, 10, 9, 4, 8, 8, 13, 12, 6, 13, 5, 12, 7, 13, 11, 1, 14, 4, 5, 11, 7, 16, 8, 9, 8, 13, 14, 11, 5, 11, 9, 5, 10, 16, 12, 4, 6, 13, 4, 11, 10, 7, 15, 11, 10, 3, 3, 10, 7, 10, 12, 5, 7, 15, 8, 3, 15, 15, 11, 9, 8, 10, 2, 10, 0, 7, 14, 7, 8, 2, 4, 9, 3, 10, 6, 14, 4, 10, 9, 5, 11, 11, 12, 16, 16, 8, 12, 12, 6, 15, 8, 0, 7, 10, 3, 7, 7, 13, 14, 7, 5, 5, 8, 8, 13, 15, 8, 9, 7, 5, 10, 4, 15, 10, 14, 4, 10, 8, 14, 10, 9, 6, 15, 5, 14 ], [ 21, 4, 6, 6, 18, 17, 4, 14, 8, 16, 16, 12, 20, 8, 19, 13, 19, 17, 6, 10, 5, 5, 16, 12, 17, 4, 9, 6, 20, 15, 9, 8, 18, 16, 12, 10, 17, 8, 11, 3, 19, 4, 9, 15, 5, 14, 14, 6, 8, 7, 17, 14, 3, 17, 3, 3, 12, 2, 10, 18, 20, 18, 16, 15, 14, 10, 8, 8, 14, 15, 13, 9, 6, 10, 15, 10, 4, 3, 11, 5, 3, 4, 12, 18, 3, 12, 19, 20, 16, 15, 18, 8, 15, 3, 7, 0, 17, 5, 8, 13, 18, 20, 12, 12, 11, 0, 4, 18, 18, 14, 11, 12, 13, 17, 8, 13, 17, 16, 11, 8, 15, 12, 11, 1, 13, 16, 10, 16 ], [ 4, 13, 13, 13, 8, 8, 13, 12, 13, 11, 7, 10, 3, 10, 1, 5, 3, 3, 12, 19, 12, 16, 6, 6, 15, 19, 13, 15, 3, 13, 16, 10, 3, 8, 9, 13, 15, 18, 9, 15, 2, 14, 16, 7, 14, 18, 10, 17, 9, 13, 6, 5, 19, 7, 14, 18, 19, 18, 8, 11, 8, 1, 7, 2, 7, 9, 15, 10, 5, 14, 5, 12, 12, 7, 3, 7, 18, 16, 19, 14, 18, 17, 7, 1, 20, 14, 13, 9, 3, 10, 5, 15, 16, 16, 10, 17, 0, 14, 16, 5, 4, 5, 15, 9, 6, 18, 19, 6, 12, 11, 9, 14, 6, 7, 9, 18, 1, 13, 7, 15, 8, 18, 11, 19, 11, 14, 8, 11 ], [ 17, 1, 7, 2, 13, 12, 3, 9, 8, 15, 14, 8, 16, 7, 15, 10, 16, 14, 2, 13, 4, 2, 14, 10, 17, 5, 10, 8, 16, 15, 10, 7, 14, 12, 8, 10, 17, 11, 7, 5, 16, 1, 11, 13, 7, 16, 13, 9, 5, 3, 13, 10, 7, 15, 3, 4, 14, 4, 6, 17, 18, 14, 12, 12, 12, 5, 9, 4, 10, 15, 11, 9, 2, 7, 12, 6, 8, 3, 13, 0, 7, 7, 8, 15, 7, 13, 18, 18, 12, 14, 15, 4, 16, 6, 3, 5, 14, 0, 5, 10, 16, 17, 7, 8, 8, 5, 5, 16, 17, 9, 10, 8, 9, 13, 6, 15, 14, 16, 7, 10, 10, 14, 11, 6, 8, 16, 8, 16 ], [ 20, 7, 12, 4, 13, 12, 8, 7, 13, 20, 19, 7, 18, 12, 18, 14, 19, 18, 7, 18, 10, 4, 18, 14, 22, 5, 15, 13, 18, 21, 16, 12, 16, 11, 8, 16, 22, 16, 7, 10, 19, 6, 16, 17, 12, 21, 18, 14, 10, 4, 13, 12, 11, 19, 8, 6, 20, 7, 9, 22, 22, 16, 12, 15, 17, 7, 15, 7, 12, 20, 14, 14, 6, 11, 16, 9, 12, 6, 19, 5, 11, 12, 10, 17, 10, 18, 23, 23, 14, 19, 19, 1, 21, 11, 7, 8, 16, 5, 0, 14, 19, 21, 4, 8, 12, 9, 5, 20, 22, 8, 15, 5, 11, 13, 11, 21, 17, 21, 10, 15, 10, 19, 16, 10, 7, 21, 12, 20 ], [ 8, 9, 8, 10, 10, 10, 9, 11, 8, 9, 6, 9, 8, 5, 6, 1, 6, 4, 8, 14, 8, 12, 5, 2, 12, 15, 8, 10, 7, 10, 11, 5, 7, 9, 8, 9, 12, 13, 8, 10, 7, 10, 12, 4, 9, 14, 7, 12, 5, 10, 8, 5, 15, 6, 10, 14, 14, 14, 5, 9, 8, 6, 9, 3, 4, 7, 10, 7, 5, 10, 1, 8, 8, 3, 2, 4, 13, 12, 14, 10, 14, 12, 5, 6, 16, 10, 11, 9, 5, 7, 6, 12, 13, 12, 7, 13, 5, 10, 14, 0, 6, 7, 13, 8, 2, 13, 15, 7, 10, 11, 5, 12, 4, 9, 4, 14, 4, 10, 4, 10, 9, 13, 7, 14, 10, 11, 3, 8 ], [ 3, 15, 13, 16, 12, 13, 14, 16, 12, 8, 5, 14, 6, 10, 4, 6, 2, 2, 13, 18, 13, 18, 3, 6, 12, 21, 12, 15, 5, 11, 15, 11, 7, 12, 13, 12, 12, 17, 13, 15, 4, 16, 15, 5, 14, 16, 7, 16, 11, 16, 10, 9, 20, 4, 15, 20, 17, 19, 11, 7, 4, 5, 11, 5, 5, 12, 14, 12, 9, 11, 5, 12, 14, 9, 4, 10, 18, 18, 18, 16, 19, 17, 10, 4, 21, 13, 9, 5, 7, 8, 2, 18, 14, 17, 13, 18, 4, 16, 19, 6, 0, 1, 18, 13, 8, 19, 21, 2, 9, 15, 8, 17, 9, 11, 10, 16, 3, 10, 9, 14, 12, 16, 10, 20, 15, 11, 8, 7 ], [ 3, 16, 14, 17, 12, 13, 16, 17, 13, 9, 5, 15, 6, 11, 5, 7, 2, 3, 15, 19, 15, 19, 4, 7, 13, 22, 13, 16, 5, 11, 16, 12, 8, 13, 14, 13, 12, 18, 14, 17, 4, 17, 16, 6, 15, 17, 8, 18, 12, 17, 11, 10, 21, 4, 17, 21, 18, 21, 12, 7, 4, 6, 12, 6, 6, 13, 16, 14, 9, 12, 7, 13, 16, 10, 5, 11, 20, 20, 19, 17, 20, 19, 11, 5, 23, 14, 9, 5, 8, 9, 2, 19, 14, 18, 14, 20, 5, 17, 21, 7, 1, 0, 19, 14, 9, 20, 22, 2, 9, 16, 9, 18, 10, 12, 11, 17, 4, 10, 10, 16, 13, 17, 11, 21, 16, 11, 10, 8 ], [ 18, 9, 14, 5, 10, 9, 10, 4, 15, 21, 19, 4, 16, 12, 16, 14, 18, 16, 8, 21, 11, 7, 18, 14, 23, 9, 16, 15, 16, 21, 18, 13, 13, 8, 5, 17, 23, 18, 5, 12, 17, 8, 18, 17, 14, 23, 19, 16, 10, 5, 11, 10, 14, 19, 10, 9, 22, 11, 8, 22, 21, 14, 9, 13, 17, 6, 17, 7, 10, 21, 14, 16, 7, 11, 15, 8, 15, 9, 21, 7, 14, 15, 8, 15, 13, 20, 23, 22, 12, 19, 19, 4, 23, 14, 7, 12, 15, 7, 4, 13, 18, 19, 0, 6, 11, 12, 9, 19, 23, 4, 16, 1, 9, 10, 11, 22, 15, 21, 9, 17, 8, 21, 17, 13, 4, 22, 12, 21 ], [ 13, 9, 12, 6, 5, 4, 9, 3, 12, 16, 14, 1, 10, 9, 10, 9, 12, 11, 7, 19, 10, 9, 13, 9, 20, 12, 14, 13, 10, 18, 16, 10, 8, 4, 0, 14, 19, 17, 1, 11, 11, 9, 16, 12, 12, 20, 14, 15, 7, 6, 5, 4, 15, 14, 10, 11, 20, 12, 4, 17, 16, 9, 4, 7, 12, 3, 15, 5, 4, 18, 9, 13, 6, 7, 9, 4, 15, 11, 19, 8, 15, 14, 3, 10, 15, 17, 19, 17, 6, 15, 13, 7, 19, 13, 5, 12, 9, 8, 8, 8, 13, 14, 6, 0, 7, 13, 12, 14, 18, 3, 12, 5, 4, 5, 8, 20, 9, 17, 4, 15, 3, 19, 14, 14, 2, 18, 8, 16 ], [ 9, 8, 7, 8, 9, 9, 7, 10, 7, 10, 7, 8, 9, 4, 8, 2, 8, 6, 6, 14, 6, 10, 7, 3, 13, 13, 8, 9, 9, 11, 11, 4, 7, 9, 7, 9, 12, 12, 6, 9, 8, 8, 11, 6, 8, 14, 7, 11, 3, 8, 8, 5, 13, 7, 8, 12, 14, 12, 3, 10, 10, 7, 8, 4, 5, 5, 10, 5, 5, 11, 2, 7, 7, 1, 4, 3, 12, 11, 14, 8, 12, 11, 5, 7, 14, 10, 12, 11, 5, 8, 8, 11, 13, 10, 5, 11, 6, 8, 12, 2, 8, 9, 11, 7, 0, 12, 13, 8, 11, 10, 6, 11, 3, 9, 3, 14, 6, 11, 2, 10, 8, 13, 7, 12, 9, 11, 2, 9 ], [ 21, 4, 7, 7, 18, 17, 5, 14, 8, 16, 16, 12, 20, 9, 19, 13, 20, 17, 6, 10, 6, 5, 17, 13, 17, 4, 10, 6, 20, 15, 9, 8, 18, 16, 13, 10, 17, 8, 11, 4, 20, 4, 9, 15, 6, 14, 14, 6, 8, 8, 17, 15, 2, 17, 3, 3, 12, 2, 10, 18, 20, 18, 17, 16, 15, 10, 8, 8, 15, 15, 14, 9, 7, 10, 16, 11, 4, 3, 11, 5, 3, 4, 13, 18, 3, 12, 19, 20, 16, 15, 18, 8, 15, 3, 8, 0, 18, 5, 9, 13, 19, 20, 12, 13, 12, 0, 4, 19, 18, 14, 12, 12, 13, 18, 9, 13, 17, 16, 11, 8, 15, 12, 12, 1, 13, 16, 10, 17 ], [ 22, 6, 10, 5, 17, 16, 7, 12, 11, 20, 19, 11, 21, 11, 20, 15, 21, 19, 7, 15, 8, 3, 19, 15, 21, 0, 13, 10, 21, 19, 13, 11, 19, 15, 12, 14, 21, 12, 11, 7, 21, 5, 13, 18, 9, 18, 17, 10, 10, 6, 17, 15, 6, 19, 6, 1, 16, 3, 11, 21, 22, 19, 16, 17, 17, 10, 12, 8, 15, 19, 15, 12, 7, 12, 17, 11, 8, 3, 15, 5, 7, 8, 13, 19, 5, 16, 22, 23, 16, 18, 20, 5, 19, 7, 8, 4, 19, 5, 5, 15, 21, 22, 9, 12, 13, 4, 0, 21, 21, 12, 15, 10, 13, 17, 11, 18, 18, 19, 12, 12, 14, 16, 15, 5, 11, 20, 12, 20 ], [ 5, 15, 13, 17, 13, 14, 15, 17, 12, 6, 3, 15, 8, 10, 6, 6, 4, 3, 14, 17, 13, 18, 2, 6, 11, 21, 11, 14, 7, 9, 14, 11, 9, 14, 14, 11, 10, 16, 14, 15, 5, 16, 14, 4, 14, 15, 6, 16, 11, 17, 12, 10, 20, 2, 16, 20, 16, 19, 11, 5, 2, 7, 13, 7, 4, 13, 14, 13, 10, 10, 6, 11, 15, 9, 5, 11, 18, 19, 17, 16, 19, 17, 11, 6, 21, 11, 7, 3, 8, 6, 1, 19, 12, 17, 13, 18, 6, 16, 20, 7, 2, 2, 19, 14, 8, 19, 21, 0, 7, 16, 8, 18, 10, 13, 10, 15, 5, 8, 10, 14, 14, 15, 9, 19, 16, 9, 8, 6 ], [ 12, 16, 11, 18, 19, 20, 15, 21, 10, 2, 5, 19, 15, 11, 13, 9, 11, 9, 15, 12, 13, 19, 6, 9, 4, 21, 8, 12, 14, 3, 10, 11, 16, 20, 18, 8, 3, 13, 18, 14, 13, 17, 11, 6, 12, 9, 4, 13, 13, 19, 18, 15, 18, 6, 16, 20, 11, 19, 14, 2, 6, 14, 19, 12, 6, 16, 11, 15, 15, 4, 10, 9, 17, 12, 10, 14, 16, 19, 12, 17, 17, 15, 16, 13, 20, 7, 1, 5, 14, 3, 7, 21, 6, 15, 15, 18, 12, 17, 22, 10, 9, 9, 23, 18, 11, 18, 21, 7, 0, 21, 7, 22, 15, 19, 11, 9, 11, 2, 14, 11, 19, 9, 6, 18, 20, 2, 10, 2 ], [ 15, 10, 14, 8, 6, 4, 11, 1, 15, 19, 16, 2, 12, 12, 12, 12, 14, 13, 9, 21, 12, 10, 15, 12, 22, 13, 16, 16, 12, 20, 18, 12, 9, 4, 3, 17, 22, 19, 4, 14, 13, 10, 19, 15, 15, 23, 17, 17, 10, 7, 6, 6, 17, 16, 12, 12, 22, 13, 7, 20, 19, 11, 5, 10, 15, 5, 17, 7, 7, 20, 11, 16, 8, 9, 12, 7, 17, 12, 22, 9, 17, 16, 5, 12, 17, 20, 22, 20, 8, 18, 16, 7, 22, 15, 8, 14, 11, 9, 8, 11, 15, 16, 4, 3, 10, 14, 12, 16, 21, 0, 15, 3, 7, 6, 11, 23, 12, 20, 7, 17, 3, 22, 17, 15, 1, 21, 11, 19 ], [ 11, 9, 5, 12, 15, 15, 8, 15, 4, 5, 5, 13, 13, 4, 11, 4, 10, 7, 9, 9, 7, 13, 5, 3, 7, 15, 3, 7, 12, 5, 6, 4, 12, 14, 12, 4, 7, 9, 11, 8, 11, 10, 7, 4, 6, 9, 3, 8, 6, 12, 13, 10, 12, 5, 9, 13, 9, 13, 8, 7, 8, 10, 14, 8, 3, 10, 6, 9, 10, 5, 5, 3, 10, 6, 7, 8, 11, 12, 9, 11, 11, 9, 10, 10, 14, 5, 8, 9, 10, 3, 7, 14, 7, 9, 9, 11, 9, 10, 15, 5, 8, 9, 16, 12, 6, 12, 15, 8, 7, 15, 0, 15, 9, 14, 5, 9, 8, 5, 8, 6, 13, 8, 2, 12, 14, 6, 4, 5 ], [ 17, 9, 13, 5, 9, 7, 10, 3, 15, 20, 18, 3, 15, 12, 14, 13, 17, 15, 8, 21, 11, 7, 17, 13, 23, 10, 16, 15, 15, 21, 18, 12, 12, 7, 4, 17, 23, 18, 4, 12, 16, 9, 18, 16, 14, 22, 18, 16, 9, 5, 9, 9, 15, 18, 10, 10, 22, 11, 7, 21, 20, 13, 8, 12, 16, 5, 16, 7, 9, 21, 13, 15, 6, 10, 13, 8, 15, 9, 21, 8, 15, 15, 7, 14, 14, 19, 23, 21, 11, 19, 18, 4, 22, 14, 7, 12, 14, 8, 5, 12, 17, 18, 1, 5, 11, 12, 10, 18, 22, 3, 15, 0, 8, 9, 11, 22, 14, 21, 8, 17, 6, 21, 17, 13, 3, 21, 12, 20 ], [ 9, 9, 10, 8, 6, 6, 8, 7, 10, 13, 10, 5, 8, 7, 7, 5, 9, 7, 6, 17, 8, 10, 9, 6, 16, 13, 11, 12, 8, 14, 14, 7, 5, 5, 4, 12, 16, 15, 4, 11, 8, 9, 14, 9, 11, 17, 11, 14, 5, 7, 5, 2, 15, 10, 10, 12, 17, 13, 3, 13, 12, 6, 5, 4, 8, 4, 13, 5, 2, 14, 5, 10, 7, 4, 5, 2, 14, 11, 17, 9, 14, 13, 1, 7, 16, 14, 15, 13, 3, 12, 9, 9, 16, 12, 5, 13, 6, 9, 11, 4, 9, 10, 9, 4, 3, 13, 13, 10, 15, 7, 9, 8, 0, 6, 6, 17, 6, 14, 2, 13, 4, 17, 11, 14, 6, 15, 5, 13 ], [ 10, 13, 15, 12, 1, 2, 14, 6, 16, 17, 14, 6, 7, 12, 7, 10, 10, 10, 11, 23, 14, 14, 13, 11, 21, 17, 16, 17, 7, 19, 19, 13, 4, 2, 5, 17, 21, 21, 6, 16, 8, 14, 20, 13, 16, 23, 16, 19, 11, 11, 1, 4, 20, 14, 15, 17, 23, 17, 8, 17, 15, 6, 1, 7, 13, 8, 18, 10, 4, 19, 9, 16, 11, 9, 9, 8, 20, 16, 23, 13, 19, 19, 5, 7, 20, 19, 19, 16, 5, 16, 12, 12, 22, 18, 10, 17, 7, 13, 13, 9, 11, 12, 10, 5, 9, 18, 17, 13, 19, 6, 14, 9, 6, 0, 11, 23, 8, 19, 7, 18, 3, 22, 16, 19, 6, 20, 11, 17 ], [ 12, 5, 4, 7, 12, 11, 4, 11, 5, 10, 8, 9, 12, 1, 10, 4, 11, 8, 4, 11, 3, 8, 8, 4, 12, 11, 6, 6, 12, 10, 8, 2, 10, 11, 8, 7, 12, 9, 7, 6, 11, 6, 9, 7, 5, 12, 7, 8, 1, 7, 11, 8, 10, 9, 5, 10, 12, 9, 4, 11, 12, 10, 11, 7, 6, 5, 7, 4, 7, 10, 5, 5, 5, 2, 7, 4, 9, 8, 11, 6, 9, 8, 6, 10, 12, 9, 12, 12, 8, 8, 9, 9, 12, 7, 4, 8, 9, 6, 11, 4, 10, 11, 11, 8, 3, 9, 11, 10, 11, 11, 5, 11, 6, 11, 0, 12, 8, 10, 4, 7, 10, 11, 6, 10, 9, 11, 2, 10 ], [ 20, 14, 9, 17, 23, 23, 13, 23, 8, 9, 12, 21, 21, 11, 20, 13, 18, 16, 15, 3, 11, 17, 13, 12, 6, 17, 7, 8, 21, 6, 5, 10, 21, 23, 20, 6, 6, 6, 19, 11, 19, 15, 5, 12, 9, 1, 9, 7, 13, 18, 22, 19, 12, 13, 13, 16, 2, 15, 16, 11, 15, 19, 22, 17, 12, 17, 6, 16, 19, 6, 14, 7, 16, 14, 16, 16, 10, 15, 3, 15, 11, 9, 18, 19, 14, 4, 10, 14, 19, 9, 15, 20, 4, 10, 15, 13, 18, 15, 21, 14, 16, 17, 22, 20, 14, 13, 18, 15, 9, 23, 9, 22, 17, 23, 12, 0, 17, 7, 16, 6, 22, 1, 7, 13, 21, 7, 12, 10 ], [ 4, 13, 12, 13, 9, 9, 13, 13, 12, 10, 6, 11, 4, 9, 2, 5, 3, 2, 11, 18, 12, 16, 5, 5, 14, 18, 12, 14, 4, 12, 15, 9, 4, 9, 10, 12, 13, 17, 10, 14, 3, 14, 15, 6, 13, 17, 9, 16, 9, 13, 7, 6, 19, 6, 14, 17, 18, 17, 8, 9, 7, 2, 8, 2, 6, 9, 14, 10, 5, 12, 4, 11, 12, 7, 2, 7, 17, 16, 18, 14, 18, 16, 7, 2, 20, 13, 11, 8, 4, 9, 4, 15, 15, 16, 10, 17, 1, 14, 17, 4, 3, 4, 15, 9, 6, 17, 18, 5, 11, 12, 8, 14, 6, 8, 8, 17, 0, 11, 7, 14, 9, 17, 10, 18, 12, 12, 7, 9 ], [ 13, 14, 10, 17, 19, 19, 13, 21, 8, 2, 5, 18, 15, 9, 14, 9, 11, 10, 14, 10, 12, 18, 7, 8, 3, 19, 7, 10, 14, 1, 8, 9, 16, 19, 18, 6, 2, 11, 17, 13, 13, 15, 9, 6, 10, 7, 3, 11, 11, 17, 17, 15, 16, 6, 14, 18, 9, 17, 13, 3, 7, 14, 18, 12, 6, 15, 9, 14, 15, 2, 9, 7, 15, 11, 10, 13, 14, 17, 10, 16, 15, 13, 15, 13, 18, 5, 3, 7, 14, 2, 8, 20, 4, 13, 14, 16, 13, 16, 21, 10, 10, 10, 21, 17, 11, 16, 19, 8, 2, 20, 5, 21, 14, 19, 10, 7, 11, 0, 13, 9, 18, 8, 5, 16, 19, 1, 9, 2 ], [ 10, 7, 8, 7, 8, 7, 7, 8, 9, 12, 9, 6, 9, 5, 8, 4, 9, 7, 5, 15, 7, 9, 9, 5, 15, 12, 9, 10, 9, 13, 12, 6, 7, 7, 5, 10, 15, 13, 4, 9, 9, 8, 13, 8, 9, 16, 10, 12, 3, 7, 7, 4, 13, 9, 8, 11, 16, 11, 1, 13, 12, 7, 7, 5, 7, 3, 11, 4, 4, 13, 4, 9, 5, 2, 5, 1, 13, 10, 15, 7, 13, 12, 2, 7, 14, 12, 14, 13, 5, 11, 9, 9, 15, 11, 4, 11, 7, 7, 10, 4, 9, 10, 9, 4, 2, 11, 12, 10, 14, 7, 8, 8, 2, 7, 4, 16, 7, 13, 0, 11, 6, 15, 9, 12, 6, 14, 4, 12 ], [ 17, 8, 3, 12, 19, 18, 7, 18, 3, 9, 11, 15, 18, 6, 17, 10, 16, 13, 9, 4, 6, 11, 12, 9, 9, 12, 3, 2, 18, 8, 1, 6, 17, 18, 15, 3, 9, 3, 14, 5, 17, 9, 1, 10, 3, 6, 8, 3, 8, 12, 18, 15, 8, 11, 7, 11, 5, 10, 11, 11, 14, 16, 18, 14, 9, 12, 0, 10, 15, 7, 11, 3, 10, 9, 12, 11, 5, 10, 4, 10, 6, 4, 14, 16, 10, 4, 12, 14, 15, 8, 13, 14, 7, 5, 10, 8, 15, 10, 15, 10, 14, 16, 17, 15, 10, 8, 12, 14, 11, 17, 6, 17, 13, 18, 7, 6, 14, 9, 11, 0, 17, 5, 5, 8, 16, 8, 8, 10 ], [ 11, 11, 14, 9, 3, 2, 11, 4, 14, 17, 14, 3, 9, 11, 9, 10, 11, 10, 9, 21, 12, 11, 13, 10, 21, 14, 15, 16, 9, 19, 18, 11, 6, 1, 3, 16, 20, 19, 4, 14, 10, 11, 18, 13, 14, 22, 15, 17, 9, 8, 3, 3, 18, 14, 12, 14, 22, 15, 6, 17, 16, 7, 2, 7, 12, 5, 17, 7, 4, 19, 9, 15, 8, 8, 9, 6, 17, 13, 21, 11, 17, 17, 3, 9, 18, 18, 19, 17, 5, 16, 13, 9, 21, 16, 8, 15, 8, 10, 10, 9, 12, 13, 8, 3, 8, 15, 14, 14, 19, 3, 13, 6, 4, 3, 10, 22, 9, 18, 6, 17, 0, 21, 15, 16, 4, 19, 10, 17 ], [ 19, 13, 8, 16, 23, 22, 12, 22, 7, 9, 12, 20, 21, 10, 19, 12, 18, 15, 13, 3, 10, 16, 13, 12, 6, 16, 6, 6, 20, 6, 4, 9, 20, 22, 19, 5, 7, 5, 18, 10, 19, 13, 3, 11, 8, 2, 9, 6, 12, 17, 21, 18, 11, 12, 12, 15, 1, 14, 15, 11, 15, 19, 21, 17, 11, 16, 5, 15, 18, 6, 13, 6, 15, 13, 15, 15, 9, 14, 2, 14, 10, 8, 17, 18, 13, 3, 11, 14, 18, 8, 14, 19, 4, 9, 14, 12, 18, 14, 19, 13, 16, 17, 21, 19, 13, 12, 16, 15, 9, 22, 8, 21, 17, 22, 11, 1, 17, 8, 15, 5, 21, 0, 6, 12, 20, 7, 11, 9 ], [ 13, 10, 5, 13, 17, 17, 9, 17, 4, 5, 6, 15, 15, 5, 13, 6, 11, 9, 10, 8, 7, 13, 7, 5, 6, 15, 2, 6, 14, 4, 5, 5, 14, 16, 14, 2, 6, 7, 13, 8, 13, 11, 5, 5, 6, 7, 3, 7, 7, 13, 15, 12, 12, 7, 9, 14, 8, 13, 10, 7, 9, 12, 16, 10, 5, 11, 5, 10, 12, 4, 7, 3, 11, 7, 9, 10, 10, 12, 8, 11, 11, 9, 12, 12, 14, 3, 7, 9, 12, 3, 9, 15, 6, 9, 10, 11, 11, 11, 16, 7, 10, 11, 17, 14, 7, 12, 15, 9, 6, 17, 2, 17, 11, 16, 6, 7, 10, 5, 9, 5, 15, 6, 0, 12, 15, 5, 5, 5 ], [ 22, 5, 7, 8, 19, 18, 6, 15, 8, 17, 17, 14, 21, 9, 20, 14, 20, 18, 8, 10, 6, 6, 17, 13, 17, 5, 10, 6, 21, 15, 9, 9, 19, 18, 14, 10, 17, 8, 13, 4, 21, 5, 9, 16, 6, 14, 15, 6, 9, 9, 18, 16, 1, 18, 4, 4, 12, 2, 11, 19, 21, 19, 18, 17, 15, 11, 8, 9, 16, 15, 14, 9, 8, 11, 16, 12, 3, 4, 10, 6, 2, 4, 14, 19, 2, 12, 19, 21, 17, 15, 19, 9, 15, 3, 9, 1, 19, 6, 10, 14, 20, 21, 13, 14, 12, 1, 5, 19, 18, 15, 12, 13, 14, 19, 10, 13, 18, 16, 12, 8, 16, 12, 12, 0, 14, 16, 11, 17 ], [ 15, 9, 13, 6, 6, 5, 10, 2, 14, 18, 16, 1, 12, 11, 12, 11, 14, 13, 7, 20, 10, 8, 15, 11, 21, 11, 15, 14, 12, 19, 17, 11, 9, 4, 2, 16, 21, 18, 2, 12, 13, 9, 17, 14, 13, 21, 16, 16, 8, 5, 7, 6, 15, 16, 10, 11, 21, 12, 6, 19, 18, 10, 5, 9, 14, 4, 16, 6, 6, 19, 11, 14, 6, 8, 11, 6, 16, 10, 20, 8, 15, 15, 5, 12, 15, 18, 21, 19, 8, 17, 15, 6, 21, 14, 6, 13, 11, 8, 7, 10, 15, 16, 4, 2, 9, 13, 11, 16, 20, 1, 14, 3, 6, 6, 9, 21, 12, 19, 6, 16, 4, 20, 15, 14, 0, 20, 10, 18 ], [ 14, 15, 10, 18, 20, 20, 14, 21, 8, 3, 6, 19, 16, 10, 14, 10, 12, 11, 14, 9, 12, 18, 8, 9, 2, 20, 7, 10, 15, 1, 8, 10, 17, 20, 18, 6, 1, 10, 17, 13, 14, 16, 8, 7, 11, 6, 4, 11, 12, 18, 18, 16, 16, 7, 14, 18, 8, 17, 14, 4, 8, 15, 19, 13, 7, 16, 9, 15, 16, 1, 10, 7, 16, 12, 11, 14, 14, 17, 9, 16, 15, 13, 16, 14, 18, 4, 4, 8, 15, 3, 9, 20, 3, 13, 15, 16, 14, 16, 21, 11, 11, 11, 22, 18, 11, 16, 20, 9, 2, 21, 6, 21, 15, 20, 11, 7, 12, 1, 14, 8, 19, 7, 5, 16, 20, 0, 10, 3 ], [ 11, 7, 5, 9, 11, 11, 6, 12, 5, 8, 7, 9, 11, 2, 9, 2, 9, 7, 6, 12, 5, 10, 6, 2, 11, 12, 6, 7, 10, 9, 8, 3, 9, 11, 9, 7, 11, 10, 8, 7, 10, 8, 9, 5, 6, 12, 6, 9, 3, 9, 10, 7, 12, 7, 7, 11, 12, 11, 5, 9, 10, 8, 10, 6, 5, 6, 8, 5, 7, 9, 3, 5, 7, 2, 5, 4, 11, 10, 12, 8, 11, 9, 6, 9, 13, 8, 11, 11, 7, 7, 8, 11, 11, 9, 5, 10, 8, 8, 12, 3, 8, 10, 12, 8, 2, 10, 12, 8, 10, 11, 4, 12, 5, 11, 2, 12, 7, 9, 4, 8, 10, 11, 5, 11, 10, 10, 0, 8 ], [ 11, 14, 10, 17, 18, 18, 13, 20, 9, 1, 3, 17, 13, 9, 12, 7, 9, 8, 14, 12, 12, 18, 5, 7, 5, 20, 7, 11, 12, 3, 10, 9, 14, 18, 16, 7, 4, 12, 16, 13, 11, 15, 10, 4, 11, 9, 2, 12, 11, 17, 16, 14, 17, 4, 14, 19, 11, 18, 13, 2, 5, 12, 17, 10, 4, 15, 10, 14, 13, 4, 8, 8, 15, 10, 8, 12, 15, 17, 12, 16, 16, 14, 14, 11, 19, 6, 3, 5, 12, 2, 6, 19, 6, 14, 14, 16, 11, 16, 20, 8, 7, 8, 21, 16, 9, 17, 20, 6, 2, 19, 5, 20, 13, 17, 10, 10, 9, 2, 12, 10, 17, 9, 5, 17, 18, 3, 8, 0 ] ]
}