{
  "version" : "0.3",
  "id" : 2072880610,
  "name" : "PTP-RAND-2_8_2_16",
  "coordType" : "Eucl",
  "sameVehicleBackward" : false,
  "maxWaitTime" : "00h30",
  "places" : [ {
    "id" : 0,
    "lat" : 2.2315158142452804,
    "long" : 4.985038787841086,
    "category" : 0
  }, {
    "id" : 1,
    "lat" : -0.9275620553505772,
    "long" : 9.642569175994263,
    "category" : 0
  }, {
    "id" : 2,
    "lat" : 0.6532141699156124,
    "long" : 3.035682933968146,
    "category" : 0
  }, {
    "id" : 3,
    "lat" : 3.5874867017210863,
    "long" : 1.5457580489939746,
    "category" : 0
  }, {
    "id" : 4,
    "lat" : 1.1639289928381205,
    "long" : 6.80314046405865,
    "category" : 0
  }, {
    "id" : 5,
    "lat" : 3.6361577369958344,
    "long" : 6.016892950032234,
    "category" : 0
  }, {
    "id" : 6,
    "lat" : -4.995138909279857,
    "long" : 10.277699501587582,
    "category" : 0
  }, {
    "id" : 7,
    "lat" : -0.2150767239931643,
    "long" : 9.859474803770105,
    "category" : 0
  }, {
    "id" : 8,
    "lat" : -6.008532253229231,
    "long" : -7.049215291450365,
    "category" : 1
  }, {
    "id" : 9,
    "lat" : -1.0384419533715359,
    "long" : 5.8223246496378405,
    "category" : 2
  }, {
    "id" : 10,
    "lat" : -2.62986143637347,
    "long" : -0.84522493899829,
    "category" : 2
  }, {
    "id" : 11,
    "lat" : -1.3956943870854743,
    "long" : -7.833948923504649,
    "category" : 2
  }, {
    "id" : 12,
    "lat" : 7.296631612016507,
    "long" : 5.625404728656338,
    "category" : 2
  }, {
    "id" : 13,
    "lat" : -4.504228402346152,
    "long" : -3.735983112966742,
    "category" : 2
  }, {
    "id" : 14,
    "lat" : -9.072192842374456,
    "long" : 4.149540654578753,
    "category" : 2
  }, {
    "id" : 15,
    "lat" : 2.754147722958442,
    "long" : 9.35173221065882,
    "category" : 2
  }, {
    "id" : 16,
    "lat" : -7.744052274981531,
    "long" : 8.140224597265574,
    "category" : 2
  }, {
    "id" : 17,
    "lat" : -3.563854106005188,
    "long" : -3.8824872622476927,
    "category" : 2
  }, {
    "id" : 18,
    "lat" : 6.661112219925426,
    "long" : -0.4479299888794368,
    "category" : 2
  }, {
    "id" : 19,
    "lat" : 10.78740230638452,
    "long" : -5.15308204313701,
    "category" : 2
  }, {
    "id" : 20,
    "lat" : 3.5888367410195485,
    "long" : -11.120263289560365,
    "category" : 2
  }, {
    "id" : 21,
    "lat" : 0.10124430370227605,
    "long" : -4.638497164825773,
    "category" : 2
  }, {
    "id" : 22,
    "lat" : -1.6648018021161148,
    "long" : 8.873314944905008,
    "category" : 2
  }, {
    "id" : 23,
    "lat" : 7.389284804130566,
    "long" : -4.299792121177102,
    "category" : 2
  }, {
    "id" : 24,
    "lat" : -1.1419897171169222,
    "long" : -8.286639408513343,
    "category" : 2
  } ],
  "vehicles" : [ {
    "id" : 25,
    "canTake" : [ 0 ],
    "start" : 8,
    "end" : 8,
    "capacity" : 4,
    "availability" : [ "07h00:09h00", "11h00:20h00" ]
  }, {
    "id" : 26,
    "canTake" : [ 0, 1 ],
    "start" : 8,
    "end" : 8,
    "capacity" : 4,
    "availability" : [ "07h00:20h00" ]
  } ],
  "patients" : [ {
    "id" : 27,
    "category" : 1,
    "load" : 2,
    "start" : 9,
    "destination" : 0,
    "end" : 9,
    "rdvTime" : "09h16",
    "rdvDuration" : "00h50",
    "srvDuration" : "00h03"
  }, {
    "id" : 28,
    "category" : 0,
    "load" : 2,
    "start" : 10,
    "destination" : 1,
    "end" : -1,
    "rdvTime" : "12h36",
    "rdvDuration" : "02h55",
    "srvDuration" : "00h01"
  }, {
    "id" : 29,
    "category" : 1,
    "load" : 2,
    "start" : -1,
    "destination" : 2,
    "end" : 11,
    "rdvTime" : "08h14",
    "rdvDuration" : "02h22",
    "srvDuration" : "00h03"
  }, {
    "id" : 30,
    "category" : 1,
    "load" : 2,
    "start" : 12,
    "destination" : 3,
    "end" : 12,
    "rdvTime" : "12h42",
    "rdvDuration" : "00h56",
    "srvDuration" : "00h01"
  }, {
    "id" : 31,
    "category" : 1,
    "load" : 1,
    "start" : 13,
    "destination" : 4,
    "end" : -1,
    "rdvTime" : "10h28",
    "rdvDuration" : "00h48",
    "srvDuration" : "00h02"
  }, {
    "id" : 32,
    "category" : 0,
    "load" : 2,
    "start" : 14,
    "destination" : 5,
    "end" : 14,
    "rdvTime" : "15h12",
    "rdvDuration" : "00h23",
    "srvDuration" : "00h01"
  }, {
    "id" : 33,
    "category" : 0,
    "load" : 2,
    "start" : 15,
    "destination" : 6,
    "end" : 15,
    "rdvTime" : "14h27",
    "rdvDuration" : "02h29",
    "srvDuration" : "00h02"
  }, {
    "id" : 34,
    "category" : 0,
    "load" : 1,
    "start" : 16,
    "destination" : 7,
    "end" : 16,
    "rdvTime" : "14h22",
    "rdvDuration" : "01h02",
    "srvDuration" : "00h03"
  }, {
    "id" : 35,
    "category" : 0,
    "load" : 1,
    "start" : 17,
    "destination" : 0,
    "end" : -1,
    "rdvTime" : "11h41",
    "rdvDuration" : "00h21",
    "srvDuration" : "00h02"
  }, {
    "id" : 36,
    "category" : 1,
    "load" : 1,
    "start" : 18,
    "destination" : 7,
    "end" : 18,
    "rdvTime" : "14h10",
    "rdvDuration" : "00h42",
    "srvDuration" : "00h03"
  }, {
    "id" : 37,
    "category" : 0,
    "load" : 1,
    "start" : 19,
    "destination" : 4,
    "end" : -1,
    "rdvTime" : "15h56",
    "rdvDuration" : "01h01",
    "srvDuration" : "00h03"
  }, {
    "id" : 38,
    "category" : 1,
    "load" : 1,
    "start" : 20,
    "destination" : 1,
    "end" : 20,
    "rdvTime" : "15h56",
    "rdvDuration" : "01h38",
    "srvDuration" : "00h01"
  }, {
    "id" : 39,
    "category" : 0,
    "load" : 1,
    "start" : -1,
    "destination" : 4,
    "end" : 21,
    "rdvTime" : "08h04",
    "rdvDuration" : "00h16",
    "srvDuration" : "00h02"
  }, {
    "id" : 40,
    "category" : 1,
    "load" : 1,
    "start" : 22,
    "destination" : 4,
    "end" : -1,
    "rdvTime" : "08h39",
    "rdvDuration" : "02h36",
    "srvDuration" : "00h01"
  }, {
    "id" : 41,
    "category" : 1,
    "load" : 2,
    "start" : 23,
    "destination" : 4,
    "end" : 23,
    "rdvTime" : "10h14",
    "rdvDuration" : "01h09",
    "srvDuration" : "00h01"
  }, {
    "id" : 42,
    "category" : 1,
    "load" : 2,
    "start" : 24,
    "destination" : 2,
    "end" : 24,
    "rdvTime" : "10h08",
    "rdvDuration" : "00h20",
    "srvDuration" : "00h01"
  } ],
  "distMatrix" : [ [ 0, 6, 3, 4, 2, 2, 9, 5, 15, 3, 8, 13, 5, 11, 11, 4, 10, 11, 7, 13, 16, 10, 6, 11, 14 ], [ 6, 0, 7, 9, 4, 6, 4, 1, 17, 4, 11, 17, 9, 14, 10, 4, 7, 14, 13, 19, 21, 14, 1, 16, 18 ], [ 3, 7, 0, 3, 4, 4, 9, 7, 12, 3, 5, 11, 7, 9, 10, 7, 10, 8, 7, 13, 14, 8, 6, 10, 11 ], [ 4, 9, 3, 0, 6, 4, 12, 9, 13, 6, 7, 11, 6, 10, 13, 8, 13, 9, 4, 10, 13, 7, 9, 7, 11 ], [ 2, 4, 4, 6, 0, 3, 7, 3, 16, 2, 9, 15, 6, 12, 11, 3, 9, 12, 9, 15, 18, 11, 4, 13, 15 ], [ 2, 6, 4, 4, 3, 0, 10, 5, 16, 5, 9, 15, 4, 13, 13, 3, 12, 12, 7, 13, 17, 11, 6, 11, 15 ], [ 9, 4, 9, 12, 7, 10, 0, 5, 17, 6, 11, 18, 13, 14, 7, 8, 3, 14, 16, 22, 23, 16, 4, 19, 19 ], [ 5, 1, 7, 9, 3, 5, 5, 0, 18, 4, 11, 18, 9, 14, 11, 3, 8, 14, 12, 19, 21, 15, 2, 16, 18 ], [ 15, 17, 12, 13, 16, 16, 17, 18, 0, 14, 7, 5, 18, 4, 12, 19, 15, 4, 14, 17, 10, 7, 17, 14, 5 ], [ 3, 4, 3, 6, 2, 5, 6, 4, 14, 0, 7, 14, 8, 10, 8, 5, 7, 10, 10, 16, 18, 11, 3, 13, 14 ], [ 8, 11, 5, 7, 9, 9, 11, 11, 7, 7, 0, 7, 12, 3, 8, 12, 10, 3, 9, 14, 12, 5, 10, 11, 8 ], [ 13, 17, 11, 11, 15, 15, 18, 18, 5, 14, 7, 0, 16, 5, 14, 18, 17, 5, 11, 12, 6, 4, 17, 9, 1 ], [ 5, 9, 7, 6, 6, 4, 13, 9, 18, 8, 12, 16, 0, 15, 16, 6, 15, 14, 6, 11, 17, 13, 10, 10, 16 ], [ 11, 14, 9, 10, 12, 13, 14, 14, 4, 10, 3, 5, 15, 0, 9, 15, 12, 1, 12, 15, 11, 5, 13, 12, 6 ], [ 11, 10, 10, 13, 11, 13, 7, 11, 12, 8, 8, 14, 16, 9, 0, 13, 4, 10, 16, 22, 20, 13, 9, 19, 15 ], [ 4, 4, 7, 8, 3, 3, 8, 3, 19, 5, 12, 18, 6, 15, 13, 0, 11, 15, 11, 17, 20, 14, 4, 14, 18 ], [ 10, 7, 10, 13, 9, 12, 3, 8, 15, 7, 10, 17, 15, 12, 4, 11, 0, 13, 17, 23, 22, 15, 6, 20, 18 ], [ 11, 14, 8, 9, 12, 12, 14, 14, 4, 10, 3, 5, 14, 1, 10, 15, 13, 0, 11, 14, 10, 4, 13, 11, 5 ], [ 7, 13, 7, 4, 9, 7, 16, 12, 14, 10, 9, 11, 6, 12, 16, 11, 17, 11, 0, 6, 11, 8, 12, 4, 11 ], [ 13, 19, 13, 10, 15, 13, 22, 19, 17, 16, 14, 12, 11, 15, 22, 17, 23, 14, 6, 0, 9, 11, 19, 4, 12 ], [ 16, 21, 14, 13, 18, 17, 23, 21, 10, 18, 12, 6, 17, 11, 20, 20, 22, 10, 11, 9, 0, 7, 21, 8, 6 ], [ 10, 14, 8, 7, 11, 11, 16, 15, 7, 11, 5, 4, 13, 5, 13, 14, 15, 4, 8, 11, 7, 0, 14, 7, 4 ], [ 6, 1, 6, 9, 4, 6, 4, 2, 17, 3, 10, 17, 10, 13, 9, 4, 6, 13, 12, 19, 21, 14, 0, 16, 17 ], [ 11, 16, 10, 7, 13, 11, 19, 16, 14, 13, 11, 9, 10, 12, 19, 14, 20, 11, 4, 4, 8, 7, 16, 0, 9 ], [ 14, 18, 11, 11, 15, 15, 19, 18, 5, 14, 8, 1, 16, 6, 15, 18, 18, 5, 11, 12, 6, 4, 17, 9, 0 ] ]
}