{
  "version" : "0.3",
  "id" : 786193449,
  "name" : "PTP-RAND-2_24_4_48",
  "coordType" : "Eucl",
  "sameVehicleBackward" : false,
  "maxWaitTime" : "00h30",
  "places" : [ {
    "id" : 0,
    "lat" : 6.665628787688854,
    "long" : -7.158975382819947,
    "category" : 0
  }, {
    "id" : 1,
    "lat" : 6.690717757497329,
    "long" : -6.794141523705423,
    "category" : 0
  }, {
    "id" : 2,
    "lat" : -1.1548198619710128,
    "long" : 7.20689045884635,
    "category" : 0
  }, {
    "id" : 3,
    "lat" : -9.61296064254609,
    "long" : -1.4949084642066517,
    "category" : 0
  }, {
    "id" : 4,
    "lat" : 8.540899304891163,
    "long" : -7.075273699578336,
    "category" : 0
  }, {
    "id" : 5,
    "lat" : 3.4365210390108847,
    "long" : -9.650812056964847,
    "category" : 0
  }, {
    "id" : 6,
    "lat" : -4.9646992907139635,
    "long" : 5.185430904690259,
    "category" : 0
  }, {
    "id" : 7,
    "lat" : -1.392922768277002,
    "long" : -8.49556092921406,
    "category" : 0
  }, {
    "id" : 8,
    "lat" : -8.689298813616201,
    "long" : 2.771168309794056,
    "category" : 0
  }, {
    "id" : 9,
    "lat" : 2.420294966974275,
    "long" : -11.465797016991562,
    "category" : 0
  }, {
    "id" : 10,
    "lat" : -3.3543384212604384,
    "long" : -1.060079561300415,
    "category" : 0
  }, {
    "id" : 11,
    "lat" : -8.96836285786651,
    "long" : 1.0728654983744528,
    "category" : 0
  }, {
    "id" : 12,
    "lat" : -7.842144166087492,
    "long" : -5.499079754931752,
    "category" : 0
  }, {
    "id" : 13,
    "lat" : -5.092400593507247,
    "long" : 4.995668086504007,
    "category" : 0
  }, {
    "id" : 14,
    "lat" : 0.8832900894554354,
    "long" : 0.2929928830952547,
    "category" : 0
  }, {
    "id" : 15,
    "lat" : -1.0202457601593913,
    "long" : -9.202456326518144,
    "category" : 0
  }, {
    "id" : 16,
    "lat" : -7.154692872314771,
    "long" : 4.842597570787731,
    "category" : 0
  }, {
    "id" : 17,
    "lat" : 2.241522354219274,
    "long" : 6.718423378014961,
    "category" : 0
  }, {
    "id" : 18,
    "lat" : -0.7997881579855064,
    "long" : 3.6994321011976883,
    "category" : 0
  }, {
    "id" : 19,
    "lat" : -2.7536455343378163,
    "long" : 8.351684115305481,
    "category" : 0
  }, {
    "id" : 20,
    "lat" : -2.4093816962899965,
    "long" : 8.101498974004912,
    "category" : 0
  }, {
    "id" : 21,
    "lat" : -1.1431216574815273,
    "long" : -6.848012428260855,
    "category" : 0
  }, {
    "id" : 22,
    "lat" : -5.82541908712134,
    "long" : 3.137240973841176,
    "category" : 0
  }, {
    "id" : 23,
    "lat" : -11.641162271701422,
    "long" : -1.2336053986192737,
    "category" : 0
  }, {
    "id" : 24,
    "lat" : -5.988208204875109,
    "long" : -6.849140358709056,
    "category" : 1
  }, {
    "id" : 25,
    "lat" : -1.727265188380132,
    "long" : 1.7865592087802398,
    "category" : 2
  }, {
    "id" : 26,
    "lat" : -10.088468951446744,
    "long" : -0.10896106219916259,
    "category" : 2
  }, {
    "id" : 27,
    "lat" : -1.609027499165527,
    "long" : 2.024487572839529,
    "category" : 2
  }, {
    "id" : 28,
    "lat" : -0.48700573106748724,
    "long" : 4.097480661454554,
    "category" : 2
  }, {
    "id" : 29,
    "lat" : -6.121389744114156,
    "long" : 6.5931750228319865,
    "category" : 2
  }, {
    "id" : 30,
    "lat" : 0.5146946480750596,
    "long" : 6.219774728238993,
    "category" : 2
  }, {
    "id" : 31,
    "lat" : 5.115750632888556,
    "long" : -0.10909734326524577,
    "category" : 2
  }, {
    "id" : 32,
    "lat" : -4.9322748064150455,
    "long" : 4.498081624836432,
    "category" : 2
  }, {
    "id" : 33,
    "lat" : -3.0082075584489294,
    "long" : 9.909596880849564,
    "category" : 2
  }, {
    "id" : 34,
    "lat" : -4.122902686731967,
    "long" : 8.131375874201803,
    "category" : 2
  }, {
    "id" : 35,
    "lat" : 2.684830483431365,
    "long" : -7.427183842367736,
    "category" : 2
  }, {
    "id" : 36,
    "lat" : 4.35884316654498,
    "long" : 2.8868958488467453,
    "category" : 2
  }, {
    "id" : 37,
    "lat" : 5.9122140043585185,
    "long" : -2.935399986321231,
    "category" : 2
  }, {
    "id" : 38,
    "lat" : 0.2554525759354182,
    "long" : 0.3444052666505048,
    "category" : 2
  }, {
    "id" : 39,
    "lat" : 6.179661744233216,
    "long" : 1.4286975251548053,
    "category" : 2
  }, {
    "id" : 40,
    "lat" : 7.357946282051176,
    "long" : 8.870826657873765,
    "category" : 2
  }, {
    "id" : 41,
    "lat" : 9.294898505679072,
    "long" : -6.879051872254528,
    "category" : 2
  }, {
    "id" : 42,
    "lat" : -8.20120781249312,
    "long" : 7.821570057705405,
    "category" : 2
  }, {
    "id" : 43,
    "lat" : -7.282327577543016,
    "long" : 4.721708441636116,
    "category" : 2
  }, {
    "id" : 44,
    "lat" : -1.5798572199395189,
    "long" : -0.6936503783176651,
    "category" : 2
  }, {
    "id" : 45,
    "lat" : 1.3395157593829852,
    "long" : -4.832199537879777,
    "category" : 2
  }, {
    "id" : 46,
    "lat" : -2.476254086125979,
    "long" : 8.744047616188695,
    "category" : 2
  }, {
    "id" : 47,
    "lat" : 9.218052906425887,
    "long" : -5.138721278124255,
    "category" : 2
  }, {
    "id" : 48,
    "lat" : 8.363350855065443,
    "long" : -5.91196765734064,
    "category" : 2
  }, {
    "id" : 49,
    "lat" : 8.124712894335788,
    "long" : -3.255813389724355,
    "category" : 2
  }, {
    "id" : 50,
    "lat" : 5.28832190667138,
    "long" : -6.770399103068435,
    "category" : 2
  }, {
    "id" : 51,
    "lat" : 1.0610314791140147,
    "long" : -8.386895744483308,
    "category" : 2
  }, {
    "id" : 52,
    "lat" : 0.5937252390365853,
    "long" : -8.530700709237577,
    "category" : 2
  }, {
    "id" : 53,
    "lat" : -2.4171749825935596,
    "long" : -1.342496950789438,
    "category" : 2
  }, {
    "id" : 54,
    "lat" : -10.543358341186908,
    "long" : -1.3380006079840938,
    "category" : 2
  }, {
    "id" : 55,
    "lat" : -6.207499654926043,
    "long" : -4.459504412439043,
    "category" : 2
  }, {
    "id" : 56,
    "lat" : 2.365404170625062,
    "long" : -7.777316386764602,
    "category" : 2
  }, {
    "id" : 57,
    "lat" : 2.1671932302330097,
    "long" : -3.6431373873907535,
    "category" : 2
  }, {
    "id" : 58,
    "lat" : 10.842906027072404,
    "long" : -1.4214875624012404,
    "category" : 2
  }, {
    "id" : 59,
    "lat" : 3.3922612019967144,
    "long" : 5.2394654873558935,
    "category" : 2
  }, {
    "id" : 60,
    "lat" : -2.2568870206084015,
    "long" : -5.778230477420378,
    "category" : 2
  }, {
    "id" : 61,
    "lat" : -1.6943609923124634,
    "long" : 3.6306273150566692,
    "category" : 2
  }, {
    "id" : 62,
    "lat" : 2.560454519248032,
    "long" : -8.426161769557174,
    "category" : 2
  }, {
    "id" : 63,
    "lat" : 2.8182886079842104,
    "long" : -4.120817980264419,
    "category" : 2
  }, {
    "id" : 64,
    "lat" : 10.394101454030942,
    "long" : -0.3867788220780152,
    "category" : 2
  }, {
    "id" : 65,
    "lat" : -10.80676305195428,
    "long" : -2.367381513025444,
    "category" : 2
  }, {
    "id" : 66,
    "lat" : -7.450574500333807,
    "long" : -2.2135271628923907,
    "category" : 2
  }, {
    "id" : 67,
    "lat" : 1.53942487082224,
    "long" : -8.459203945618441,
    "category" : 2
  }, {
    "id" : 68,
    "lat" : -4.833370559769202,
    "long" : 3.9518630086488784,
    "category" : 2
  }, {
    "id" : 69,
    "lat" : -0.17569622918374275,
    "long" : 2.6988077473340537,
    "category" : 2
  }, {
    "id" : 70,
    "lat" : 4.785962664715607,
    "long" : 6.740700429100639,
    "category" : 2
  }, {
    "id" : 71,
    "lat" : 10.190990621390887,
    "long" : -4.351170357390935,
    "category" : 2
  }, {
    "id" : 72,
    "lat" : -1.9785283000467577,
    "long" : -7.9432078695854615,
    "category" : 2
  }, {
    "id" : 73,
    "lat" : 6.69210007127811,
    "long" : 5.004038944017203,
    "category" : 2
  } ],
  "vehicles" : [ {
    "id" : 74,
    "canTake" : [ 1 ],
    "start" : 24,
    "end" : 24,
    "capacity" : 5,
    "availability" : [ "07h00:17h00", "19h00:20h00" ]
  }, {
    "id" : 75,
    "canTake" : [ 1 ],
    "start" : 24,
    "end" : 24,
    "capacity" : 4,
    "availability" : [ "07h00:20h00" ]
  }, {
    "id" : 76,
    "canTake" : [ 1 ],
    "start" : 24,
    "end" : 24,
    "capacity" : 6,
    "availability" : [ "07h00:12h00", "14h00:20h00" ]
  }, {
    "id" : 77,
    "canTake" : [ 0, 1 ],
    "start" : 24,
    "end" : 24,
    "capacity" : 4,
    "availability" : [ "07h00:20h00" ]
  } ],
  "patients" : [ {
    "id" : 78,
    "category" : 1,
    "load" : 2,
    "start" : 25,
    "destination" : 0,
    "end" : -1,
    "rdvTime" : "10h19",
    "rdvDuration" : "00h47",
    "srvDuration" : "00h03"
  }, {
    "id" : 79,
    "category" : 0,
    "load" : 2,
    "start" : -1,
    "destination" : 1,
    "end" : 26,
    "rdvTime" : "13h08",
    "rdvDuration" : "02h53",
    "srvDuration" : "00h02"
  }, {
    "id" : 80,
    "category" : 1,
    "load" : 1,
    "start" : -1,
    "destination" : 2,
    "end" : 27,
    "rdvTime" : "15h36",
    "rdvDuration" : "01h43",
    "srvDuration" : "00h03"
  }, {
    "id" : 81,
    "category" : 0,
    "load" : 1,
    "start" : 28,
    "destination" : 3,
    "end" : 28,
    "rdvTime" : "10h32",
    "rdvDuration" : "00h54",
    "srvDuration" : "00h03"
  }, {
    "id" : 82,
    "category" : 1,
    "load" : 2,
    "start" : 29,
    "destination" : 4,
    "end" : 29,
    "rdvTime" : "14h34",
    "rdvDuration" : "00h55",
    "srvDuration" : "00h03"
  }, {
    "id" : 83,
    "category" : 0,
    "load" : 1,
    "start" : 30,
    "destination" : 5,
    "end" : 30,
    "rdvTime" : "08h11",
    "rdvDuration" : "00h44",
    "srvDuration" : "00h03"
  }, {
    "id" : 84,
    "category" : 1,
    "load" : 1,
    "start" : 31,
    "destination" : 6,
    "end" : 31,
    "rdvTime" : "13h07",
    "rdvDuration" : "02h16",
    "srvDuration" : "00h03"
  }, {
    "id" : 85,
    "category" : 1,
    "load" : 1,
    "start" : 32,
    "destination" : 7,
    "end" : 32,
    "rdvTime" : "15h35",
    "rdvDuration" : "02h11",
    "srvDuration" : "00h01"
  }, {
    "id" : 86,
    "category" : 1,
    "load" : 1,
    "start" : 33,
    "destination" : 8,
    "end" : 33,
    "rdvTime" : "12h06",
    "rdvDuration" : "01h42",
    "srvDuration" : "00h01"
  }, {
    "id" : 87,
    "category" : 1,
    "load" : 1,
    "start" : 34,
    "destination" : 9,
    "end" : 34,
    "rdvTime" : "13h45",
    "rdvDuration" : "02h46",
    "srvDuration" : "00h02"
  }, {
    "id" : 88,
    "category" : 0,
    "load" : 2,
    "start" : 35,
    "destination" : 10,
    "end" : 35,
    "rdvTime" : "15h33",
    "rdvDuration" : "01h42",
    "srvDuration" : "00h01"
  }, {
    "id" : 89,
    "category" : 1,
    "load" : 1,
    "start" : 36,
    "destination" : 11,
    "end" : 36,
    "rdvTime" : "09h17",
    "rdvDuration" : "00h50",
    "srvDuration" : "00h03"
  }, {
    "id" : 90,
    "category" : 0,
    "load" : 2,
    "start" : 37,
    "destination" : 12,
    "end" : -1,
    "rdvTime" : "15h12",
    "rdvDuration" : "02h59",
    "srvDuration" : "00h02"
  }, {
    "id" : 91,
    "category" : 1,
    "load" : 1,
    "start" : 38,
    "destination" : 13,
    "end" : 38,
    "rdvTime" : "13h44",
    "rdvDuration" : "01h24",
    "srvDuration" : "00h03"
  }, {
    "id" : 92,
    "category" : 0,
    "load" : 2,
    "start" : 39,
    "destination" : 14,
    "end" : 39,
    "rdvTime" : "14h12",
    "rdvDuration" : "00h28",
    "srvDuration" : "00h01"
  }, {
    "id" : 93,
    "category" : 1,
    "load" : 1,
    "start" : 40,
    "destination" : 15,
    "end" : -1,
    "rdvTime" : "15h25",
    "rdvDuration" : "02h52",
    "srvDuration" : "00h02"
  }, {
    "id" : 94,
    "category" : 1,
    "load" : 2,
    "start" : 41,
    "destination" : 16,
    "end" : 41,
    "rdvTime" : "13h04",
    "rdvDuration" : "00h21",
    "srvDuration" : "00h03"
  }, {
    "id" : 95,
    "category" : 0,
    "load" : 2,
    "start" : 42,
    "destination" : 17,
    "end" : 42,
    "rdvTime" : "09h12",
    "rdvDuration" : "01h37",
    "srvDuration" : "00h01"
  }, {
    "id" : 96,
    "category" : 0,
    "load" : 1,
    "start" : 43,
    "destination" : 18,
    "end" : 43,
    "rdvTime" : "15h08",
    "rdvDuration" : "01h03",
    "srvDuration" : "00h01"
  }, {
    "id" : 97,
    "category" : 0,
    "load" : 1,
    "start" : 44,
    "destination" : 19,
    "end" : 44,
    "rdvTime" : "09h16",
    "rdvDuration" : "00h21",
    "srvDuration" : "00h01"
  }, {
    "id" : 98,
    "category" : 0,
    "load" : 2,
    "start" : 45,
    "destination" : 20,
    "end" : 45,
    "rdvTime" : "09h04",
    "rdvDuration" : "00h22",
    "srvDuration" : "00h02"
  }, {
    "id" : 99,
    "category" : 1,
    "load" : 1,
    "start" : 46,
    "destination" : 21,
    "end" : 46,
    "rdvTime" : "13h55",
    "rdvDuration" : "02h16",
    "srvDuration" : "00h03"
  }, {
    "id" : 100,
    "category" : 1,
    "load" : 1,
    "start" : 47,
    "destination" : 22,
    "end" : -1,
    "rdvTime" : "11h08",
    "rdvDuration" : "01h00",
    "srvDuration" : "00h03"
  }, {
    "id" : 101,
    "category" : 1,
    "load" : 1,
    "start" : 48,
    "destination" : 23,
    "end" : 48,
    "rdvTime" : "13h15",
    "rdvDuration" : "02h16",
    "srvDuration" : "00h03"
  }, {
    "id" : 102,
    "category" : 1,
    "load" : 1,
    "start" : -1,
    "destination" : 18,
    "end" : 49,
    "rdvTime" : "08h04",
    "rdvDuration" : "00h52",
    "srvDuration" : "00h01"
  }, {
    "id" : 103,
    "category" : 1,
    "load" : 1,
    "start" : 50,
    "destination" : 18,
    "end" : 50,
    "rdvTime" : "13h18",
    "rdvDuration" : "01h08",
    "srvDuration" : "00h02"
  }, {
    "id" : 104,
    "category" : 1,
    "load" : 1,
    "start" : -1,
    "destination" : 13,
    "end" : 51,
    "rdvTime" : "13h40",
    "rdvDuration" : "01h46",
    "srvDuration" : "00h02"
  }, {
    "id" : 105,
    "category" : 0,
    "load" : 2,
    "start" : 52,
    "destination" : 11,
    "end" : 52,
    "rdvTime" : "10h51",
    "rdvDuration" : "02h18",
    "srvDuration" : "00h02"
  }, {
    "id" : 106,
    "category" : 0,
    "load" : 2,
    "start" : 53,
    "destination" : 10,
    "end" : 53,
    "rdvTime" : "09h12",
    "rdvDuration" : "01h27",
    "srvDuration" : "00h01"
  }, {
    "id" : 107,
    "category" : 1,
    "load" : 1,
    "start" : 54,
    "destination" : 3,
    "end" : 54,
    "rdvTime" : "10h25",
    "rdvDuration" : "02h26",
    "srvDuration" : "00h01"
  }, {
    "id" : 108,
    "category" : 1,
    "load" : 2,
    "start" : 55,
    "destination" : 1,
    "end" : -1,
    "rdvTime" : "14h11",
    "rdvDuration" : "03h00",
    "srvDuration" : "00h01"
  }, {
    "id" : 109,
    "category" : 1,
    "load" : 1,
    "start" : -1,
    "destination" : 7,
    "end" : 56,
    "rdvTime" : "10h35",
    "rdvDuration" : "02h03",
    "srvDuration" : "00h02"
  }, {
    "id" : 110,
    "category" : 0,
    "load" : 2,
    "start" : 57,
    "destination" : 18,
    "end" : 57,
    "rdvTime" : "15h18",
    "rdvDuration" : "02h42",
    "srvDuration" : "00h01"
  }, {
    "id" : 111,
    "category" : 1,
    "load" : 2,
    "start" : 58,
    "destination" : 21,
    "end" : -1,
    "rdvTime" : "11h30",
    "rdvDuration" : "01h46",
    "srvDuration" : "00h02"
  }, {
    "id" : 112,
    "category" : 1,
    "load" : 2,
    "start" : 59,
    "destination" : 3,
    "end" : 59,
    "rdvTime" : "15h26",
    "rdvDuration" : "02h02",
    "srvDuration" : "00h01"
  }, {
    "id" : 113,
    "category" : 1,
    "load" : 1,
    "start" : -1,
    "destination" : 7,
    "end" : 60,
    "rdvTime" : "12h22",
    "rdvDuration" : "00h53",
    "srvDuration" : "00h01"
  }, {
    "id" : 114,
    "category" : 1,
    "load" : 1,
    "start" : 61,
    "destination" : 18,
    "end" : 61,
    "rdvTime" : "08h22",
    "rdvDuration" : "01h07",
    "srvDuration" : "00h02"
  }, {
    "id" : 115,
    "category" : 0,
    "load" : 1,
    "start" : -1,
    "destination" : 17,
    "end" : 62,
    "rdvTime" : "09h08",
    "rdvDuration" : "02h30",
    "srvDuration" : "00h03"
  }, {
    "id" : 116,
    "category" : 0,
    "load" : 2,
    "start" : 63,
    "destination" : 4,
    "end" : 64,
    "rdvTime" : "14h07",
    "rdvDuration" : "00h35",
    "srvDuration" : "00h01"
  }, {
    "id" : 117,
    "category" : 1,
    "load" : 1,
    "start" : 65,
    "destination" : 4,
    "end" : 65,
    "rdvTime" : "11h19",
    "rdvDuration" : "02h03",
    "srvDuration" : "00h03"
  }, {
    "id" : 118,
    "category" : 1,
    "load" : 1,
    "start" : 66,
    "destination" : 22,
    "end" : 66,
    "rdvTime" : "13h50",
    "rdvDuration" : "02h00",
    "srvDuration" : "00h02"
  }, {
    "id" : 119,
    "category" : 1,
    "load" : 1,
    "start" : 67,
    "destination" : 15,
    "end" : 67,
    "rdvTime" : "12h46",
    "rdvDuration" : "01h54",
    "srvDuration" : "00h03"
  }, {
    "id" : 120,
    "category" : 0,
    "load" : 1,
    "start" : 68,
    "destination" : 11,
    "end" : 68,
    "rdvTime" : "13h16",
    "rdvDuration" : "01h52",
    "srvDuration" : "00h03"
  }, {
    "id" : 121,
    "category" : 0,
    "load" : 2,
    "start" : 69,
    "destination" : 18,
    "end" : -1,
    "rdvTime" : "10h52",
    "rdvDuration" : "01h16",
    "srvDuration" : "00h02"
  }, {
    "id" : 122,
    "category" : 0,
    "load" : 1,
    "start" : 70,
    "destination" : 10,
    "end" : 70,
    "rdvTime" : "11h14",
    "rdvDuration" : "01h55",
    "srvDuration" : "00h01"
  }, {
    "id" : 123,
    "category" : 1,
    "load" : 2,
    "start" : 71,
    "destination" : 9,
    "end" : 71,
    "rdvTime" : "12h51",
    "rdvDuration" : "02h03",
    "srvDuration" : "00h01"
  }, {
    "id" : 124,
    "category" : 1,
    "load" : 2,
    "start" : 72,
    "destination" : 13,
    "end" : 72,
    "rdvTime" : "11h48",
    "rdvDuration" : "02h51",
    "srvDuration" : "00h01"
  }, {
    "id" : 125,
    "category" : 0,
    "load" : 1,
    "start" : -1,
    "destination" : 21,
    "end" : 73,
    "rdvTime" : "11h26",
    "rdvDuration" : "00h55",
    "srvDuration" : "00h01"
  } ],
  "distMatrix" : [ [ 0, 0, 16, 17, 2, 4, 17, 8, 18, 6, 12, 18, 15, 17, 9, 8, 18, 15, 13, 18, 18, 8, 16, 19, 13, 12, 18, 12, 13, 19, 15, 7, 16, 20, 19, 4, 10, 4, 10, 9, 16, 3, 21, 18, 10, 6, 18, 3, 2, 4, 1, 6, 6, 11, 18, 13, 4, 6, 7, 13, 9, 14, 4, 5, 8, 18, 15, 5, 16, 12, 14, 5, 9, 12 ], [ 0, 0, 16, 17, 2, 4, 17, 8, 18, 6, 12, 18, 15, 17, 9, 8, 18, 14, 13, 18, 17, 8, 16, 19, 13, 12, 18, 12, 13, 19, 14, 7, 16, 19, 18, 4, 10, 4, 10, 8, 16, 3, 21, 18, 10, 6, 18, 3, 2, 4, 1, 6, 6, 11, 18, 13, 4, 6, 7, 12, 9, 13, 4, 5, 7, 18, 15, 5, 16, 12, 14, 4, 9, 12 ], [ 16, 16, 0, 12, 17, 17, 4, 16, 9, 19, 9, 10, 14, 5, 7, 16, 6, 3, 4, 2, 2, 14, 6, 13, 15, 5, 12, 5, 3, 5, 2, 10, 5, 3, 3, 15, 7, 12, 7, 9, 9, 18, 7, 7, 8, 12, 2, 16, 16, 14, 15, 16, 16, 9, 13, 13, 15, 11, 15, 5, 13, 4, 16, 12, 14, 14, 11, 16, 5, 5, 6, 16, 15, 8 ], [ 17, 17, 12, 0, 19, 15, 8, 11, 4, 16, 6, 3, 4, 8, 11, 12, 7, 14, 10, 12, 12, 10, 6, 2, 6, 9, 1, 9, 11, 9, 13, 15, 8, 13, 11, 14, 15, 16, 10, 16, 20, 20, 9, 7, 8, 11, 12, 19, 19, 18, 16, 13, 12, 7, 1, 5, 14, 12, 20, 15, 9, 9, 14, 13, 20, 1, 2, 13, 7, 10, 17, 20, 10, 18 ], [ 2, 2, 17, 19, 0, 6, 18, 10, 20, 8, 13, 19, 16, 18, 11, 10, 20, 15, 14, 19, 19, 10, 18, 21, 15, 14, 20, 14, 14, 20, 16, 8, 18, 21, 20, 6, 11, 5, 11, 9, 16, 1, 22, 20, 12, 8, 19, 2, 1, 4, 3, 8, 8, 12, 20, 15, 6, 7, 6, 13, 11, 15, 6, 6, 7, 20, 17, 7, 17, 13, 14, 3, 11, 12 ], [ 4, 4, 17, 15, 6, 0, 17, 5, 17, 2, 11, 16, 12, 17, 10, 4, 18, 16, 14, 19, 19, 5, 16, 17, 10, 13, 17, 13, 14, 19, 16, 10, 16, 21, 19, 2, 13, 7, 10, 11, 19, 6, 21, 18, 10, 5, 19, 7, 6, 8, 3, 3, 3, 10, 16, 11, 2, 6, 11, 15, 7, 14, 2, 6, 12, 16, 13, 2, 16, 13, 16, 9, 6, 15 ], [ 17, 17, 4, 8, 18, 17, 0, 14, 4, 18, 6, 6, 11, 0, 8, 15, 2, 7, 4, 4, 4, 13, 2, 9, 12, 5, 7, 5, 5, 2, 6, 11, 1, 5, 3, 15, 10, 14, 7, 12, 13, 19, 4, 2, 7, 12, 4, 18, 17, 16, 16, 15, 15, 7, 9, 10, 15, 11, 17, 8, 11, 4, 16, 12, 16, 10, 8, 15, 1, 5, 10, 18, 13, 12 ], [ 8, 8, 16, 11, 10, 5, 14, 0, 13, 5, 8, 12, 7, 14, 9, 1, 15, 16, 12, 17, 17, 2, 12, 13, 5, 10, 12, 11, 13, 16, 15, 11, 13, 18, 17, 4, 13, 9, 9, 12, 19, 11, 18, 14, 8, 5, 17, 11, 10, 11, 7, 2, 2, 7, 12, 6, 4, 6, 14, 15, 3, 12, 4, 6, 14, 11, 9, 3, 13, 11, 16, 12, 1, 16 ], [ 18, 18, 9, 4, 20, 17, 4, 13, 0, 18, 7, 2, 8, 4, 10, 14, 3, 12, 8, 8, 8, 12, 3, 5, 10, 7, 3, 7, 8, 5, 10, 14, 4, 9, 7, 15, 13, 16, 9, 15, 17, 20, 5, 2, 8, 13, 9, 20, 19, 18, 17, 15, 15, 8, 5, 8, 15, 13, 20, 12, 11, 7, 16, 13, 19, 6, 5, 15, 4, 9, 14, 20, 13, 16 ], [ 6, 6, 19, 16, 8, 2, 18, 5, 18, 0, 12, 17, 12, 18, 12, 4, 19, 18, 16, 20, 20, 6, 17, 17, 10, 14, 17, 14, 16, 20, 18, 12, 18, 22, 21, 4, 14, 9, 12, 13, 21, 8, 22, 19, 11, 7, 21, 9, 8, 10, 6, 3, 3, 11, 16, 11, 4, 8, 13, 17, 7, 16, 3, 7, 14, 16, 14, 3, 17, 14, 18, 11, 6, 17 ], [ 12, 12, 9, 6, 13, 11, 6, 8, 7, 12, 0, 6, 6, 6, 4, 8, 7, 10, 5, 9, 9, 6, 5, 8, 6, 3, 7, 4, 6, 8, 8, 9, 6, 11, 9, 9, 9, 9, 4, 10, 15, 14, 10, 7, 2, 6, 10, 13, 13, 12, 10, 9, 8, 1, 7, 4, 9, 6, 14, 9, 5, 5, 9, 7, 14, 8, 4, 9, 5, 5, 11, 14, 7, 12 ], [ 18, 18, 10, 3, 19, 16, 6, 12, 2, 17, 6, 0, 7, 6, 10, 13, 4, 13, 9, 10, 10, 11, 4, 4, 8, 7, 2, 7, 9, 6, 11, 14, 5, 11, 9, 14, 13, 15, 9, 15, 18, 20, 7, 4, 8, 12, 10, 19, 19, 18, 16, 14, 14, 7, 3, 6, 14, 12, 20, 13, 10, 8, 15, 13, 19, 4, 4, 14, 5, 9, 15, 20, 11, 16 ], [ 15, 15, 14, 4, 16, 12, 11, 7, 8, 12, 6, 7, 0, 11, 10, 8, 10, 16, 12, 15, 15, 7, 9, 6, 2, 10, 6, 10, 12, 12, 14, 14, 10, 16, 14, 11, 15, 14, 10, 16, 21, 17, 13, 10, 8, 9, 15, 17, 16, 16, 13, 9, 9, 7, 5, 2, 10, 10, 19, 16, 6, 11, 11, 11, 19, 4, 3, 10, 10, 11, 18, 18, 6, 18 ], [ 17, 17, 5, 8, 18, 17, 0, 14, 4, 18, 6, 6, 11, 0, 8, 15, 2, 8, 4, 4, 4, 12, 2, 9, 12, 5, 7, 5, 5, 2, 6, 11, 1, 5, 3, 15, 10, 14, 7, 12, 13, 19, 4, 2, 7, 12, 5, 18, 17, 16, 16, 15, 15, 7, 8, 10, 15, 11, 17, 8, 11, 4, 15, 12, 16, 9, 8, 15, 1, 5, 10, 18, 13, 12 ], [ 9, 9, 7, 11, 11, 10, 8, 9, 10, 12, 4, 10, 10, 8, 0, 10, 9, 7, 4, 9, 8, 7, 7, 13, 10, 3, 11, 3, 4, 9, 6, 4, 7, 10, 9, 8, 4, 6, 1, 5, 11, 11, 12, 9, 3, 5, 9, 10, 10, 8, 8, 9, 9, 4, 12, 9, 8, 4, 10, 6, 7, 4, 9, 5, 10, 12, 9, 9, 7, 3, 8, 10, 9, 7 ], [ 8, 8, 16, 12, 10, 4, 15, 1, 14, 4, 8, 13, 8, 15, 10, 0, 15, 16, 13, 18, 17, 2, 13, 13, 5, 11, 13, 11, 13, 17, 15, 11, 14, 19, 18, 4, 13, 9, 10, 13, 20, 11, 18, 15, 9, 5, 18, 11, 10, 11, 7, 2, 2, 8, 12, 7, 4, 6, 14, 15, 4, 13, 4, 6, 14, 12, 9, 3, 14, 12, 17, 12, 2, 16 ], [ 18, 18, 6, 7, 20, 18, 2, 15, 3, 19, 7, 4, 10, 2, 9, 15, 0, 10, 6, 6, 6, 13, 2, 8, 12, 6, 6, 6, 7, 2, 8, 13, 2, 7, 4, 16, 12, 15, 9, 14, 15, 20, 3, 0, 8, 13, 6, 19, 19, 17, 17, 16, 15, 8, 7, 9, 16, 13, 19, 11, 12, 6, 16, 13, 18, 8, 7, 16, 2, 7, 12, 20, 14, 14 ], [ 15, 14, 3, 14, 15, 16, 7, 16, 12, 18, 10, 13, 16, 8, 7, 16, 10, 0, 4, 5, 5, 14, 9, 16, 16, 6, 14, 6, 4, 8, 2, 7, 8, 6, 7, 14, 4, 10, 7, 7, 6, 15, 11, 10, 8, 12, 5, 14, 14, 12, 14, 15, 15, 9, 15, 14, 14, 10, 12, 2, 13, 5, 15, 11, 11, 16, 13, 15, 8, 5, 3, 14, 15, 5 ], [ 13, 13, 4, 10, 14, 14, 4, 12, 8, 16, 5, 9, 12, 4, 4, 13, 6, 4, 0, 5, 5, 11, 5, 12, 12, 2, 10, 2, 1, 6, 3, 7, 4, 7, 6, 12, 5, 9, 4, 7, 10, 15, 8, 7, 4, 9, 5, 13, 13, 11, 12, 12, 12, 5, 11, 10, 12, 8, 13, 4, 10, 1, 13, 9, 12, 12, 9, 12, 4, 1, 6, 14, 12, 8 ], [ 18, 18, 2, 12, 19, 19, 4, 17, 8, 20, 9, 10, 15, 4, 9, 18, 6, 5, 5, 0, 0, 15, 6, 13, 16, 7, 11, 6, 5, 4, 4, 12, 4, 2, 1, 17, 9, 14, 9, 11, 10, 19, 5, 6, 9, 14, 0, 18, 18, 16, 17, 17, 17, 10, 12, 13, 17, 13, 17, 7, 14, 5, 18, 14, 16, 13, 12, 17, 5, 6, 8, 18, 16, 10 ], [ 18, 17, 2, 12, 19, 19, 4, 17, 8, 20, 9, 10, 15, 4, 8, 17, 6, 5, 5, 0, 0, 15, 6, 13, 15, 6, 11, 6, 4, 4, 3, 11, 4, 2, 2, 16, 9, 14, 8, 11, 10, 19, 6, 6, 9, 13, 1, 18, 18, 15, 17, 17, 17, 9, 12, 13, 17, 13, 16, 6, 14, 5, 17, 13, 15, 13, 11, 17, 5, 6, 7, 18, 16, 10 ], [ 8, 8, 14, 10, 10, 5, 13, 2, 12, 6, 6, 11, 7, 12, 7, 2, 13, 14, 11, 15, 15, 0, 11, 12, 5, 9, 11, 9, 11, 14, 13, 9, 12, 17, 15, 4, 11, 8, 7, 11, 18, 10, 16, 13, 6, 3, 16, 11, 10, 10, 6, 3, 2, 6, 11, 6, 4, 5, 13, 13, 2, 10, 4, 5, 13, 11, 8, 3, 11, 10, 15, 12, 1, 14 ], [ 16, 16, 6, 6, 18, 16, 2, 12, 3, 17, 5, 4, 9, 2, 7, 13, 2, 9, 5, 6, 6, 11, 0, 7, 10, 4, 5, 4, 5, 3, 7, 11, 2, 7, 5, 14, 10, 13, 7, 12, 14, 18, 5, 2, 6, 11, 7, 17, 17, 15, 15, 13, 13, 6, 7, 8, 14, 10, 17, 9, 10, 4, 14, 11, 17, 7, 6, 14, 1, 6, 11, 18, 12, 13 ], [ 19, 19, 13, 2, 21, 17, 9, 13, 5, 17, 8, 4, 6, 9, 13, 13, 8, 16, 12, 13, 13, 12, 7, 0, 8, 10, 2, 11, 12, 10, 14, 17, 9, 14, 12, 16, 17, 18, 12, 18, 22, 22, 10, 7, 10, 13, 14, 21, 21, 20, 18, 15, 14, 9, 1, 6, 15, 14, 22, 16, 10, 11, 16, 15, 22, 1, 4, 15, 9, 12, 18, 22, 12, 19 ], [ 13, 13, 15, 6, 15, 10, 12, 5, 10, 10, 6, 8, 2, 12, 10, 5, 12, 16, 12, 16, 15, 5, 10, 8, 0, 10, 8, 10, 12, 13, 15, 13, 11, 17, 15, 9, 14, 13, 10, 15, 21, 15, 15, 12, 8, 8, 16, 15, 14, 15, 11, 7, 7, 7, 7, 2, 8, 9, 18, 15, 4, 11, 9, 9, 18, 7, 5, 8, 11, 11, 17, 16, 4, 17 ], [ 12, 12, 5, 9, 14, 13, 5, 10, 7, 14, 3, 7, 10, 5, 3, 11, 6, 6, 2, 7, 6, 9, 4, 10, 10, 0, 9, 0, 3, 7, 5, 7, 4, 8, 7, 10, 6, 9, 2, 8, 12, 14, 9, 6, 2, 7, 7, 13, 13, 11, 11, 11, 11, 3, 9, 8, 10, 7, 13, 6, 8, 2, 11, 7, 12, 10, 7, 11, 4, 2, 8, 13, 10, 9 ], [ 18, 18, 12, 1, 20, 17, 7, 12, 3, 17, 7, 2, 6, 7, 11, 13, 6, 14, 10, 11, 11, 11, 5, 2, 8, 9, 0, 9, 10, 8, 12, 15, 7, 12, 10, 15, 15, 16, 10, 16, 20, 21, 8, 6, 9, 12, 12, 20, 19, 18, 17, 14, 14, 8, 1, 6, 15, 13, 21, 15, 10, 9, 15, 14, 20, 2, 3, 14, 7, 10, 16, 21, 11, 18 ], [ 12, 12, 5, 9, 14, 13, 5, 11, 7, 14, 4, 7, 10, 5, 3, 11, 6, 6, 2, 6, 6, 9, 4, 11, 10, 0, 9, 0, 2, 6, 5, 7, 4, 8, 7, 10, 6, 9, 3, 8, 11, 14, 9, 6, 3, 7, 7, 13, 13, 11, 11, 11, 11, 3, 10, 8, 11, 7, 13, 6, 8, 2, 11, 8, 12, 10, 7, 11, 4, 2, 8, 13, 10, 9 ], [ 13, 13, 3, 11, 14, 14, 5, 13, 8, 16, 6, 9, 12, 5, 4, 13, 7, 4, 1, 5, 4, 11, 5, 12, 12, 3, 10, 2, 0, 6, 2, 7, 4, 6, 5, 12, 5, 10, 4, 7, 9, 15, 9, 7, 5, 9, 5, 13, 13, 11, 12, 13, 13, 6, 11, 10, 12, 8, 13, 4, 10, 1, 13, 9, 12, 12, 9, 13, 4, 1, 6, 14, 12, 7 ], [ 19, 19, 5, 9, 20, 19, 2, 16, 5, 20, 8, 6, 12, 2, 9, 17, 2, 8, 6, 4, 4, 14, 3, 10, 13, 7, 8, 6, 6, 0, 7, 13, 2, 5, 3, 17, 11, 15, 9, 13, 14, 20, 2, 2, 9, 14, 4, 19, 19, 17, 18, 17, 17, 9, 9, 11, 17, 13, 19, 10, 13, 5, 17, 14, 18, 10, 9, 17, 3, 7, 11, 20, 15, 13 ], [ 15, 14, 2, 13, 16, 16, 6, 15, 10, 18, 8, 11, 14, 6, 6, 15, 8, 2, 3, 4, 3, 13, 7, 14, 15, 5, 12, 5, 2, 7, 0, 8, 6, 5, 5, 14, 5, 11, 6, 7, 7, 16, 9, 8, 7, 11, 4, 14, 14, 12, 14, 15, 15, 8, 13, 13, 14, 10, 13, 3, 12, 3, 15, 11, 12, 14, 12, 15, 6, 4, 4, 14, 14, 6 ], [ 7, 7, 10, 15, 8, 10, 11, 11, 14, 12, 9, 14, 14, 11, 4, 11, 13, 7, 7, 12, 11, 9, 11, 17, 13, 7, 15, 7, 7, 13, 8, 0, 11, 13, 12, 8, 3, 3, 5, 2, 9, 8, 15, 13, 7, 6, 12, 6, 7, 4, 7, 9, 10, 8, 16, 12, 8, 5, 6, 6, 9, 8, 9, 5, 5, 16, 13, 9, 11, 6, 7, 7, 11, 5 ], [ 16, 16, 5, 8, 18, 16, 1, 13, 4, 18, 6, 5, 10, 1, 7, 14, 2, 8, 4, 4, 4, 12, 2, 9, 11, 4, 7, 4, 4, 2, 6, 11, 0, 6, 4, 14, 9, 13, 7, 12, 13, 18, 5, 2, 6, 11, 5, 17, 17, 15, 15, 14, 14, 6, 8, 9, 14, 11, 17, 8, 11, 3, 15, 12, 16, 9, 7, 14, 1, 5, 10, 18, 13, 12 ], [ 20, 19, 3, 13, 21, 21, 5, 18, 9, 22, 11, 11, 16, 5, 10, 19, 7, 6, 7, 2, 2, 17, 7, 14, 17, 8, 12, 8, 6, 5, 5, 13, 6, 0, 2, 18, 10, 16, 10, 13, 10, 21, 6, 7, 11, 15, 1, 19, 19, 17, 19, 19, 19, 11, 14, 15, 18, 15, 18, 8, 16, 6, 19, 15, 17, 15, 13, 19, 6, 8, 8, 19, 18, 11 ], [ 19, 18, 3, 11, 20, 19, 3, 17, 7, 21, 9, 9, 14, 3, 9, 18, 4, 7, 6, 1, 2, 15, 5, 12, 15, 7, 10, 7, 5, 3, 5, 12, 4, 2, 0, 17, 10, 15, 9, 12, 12, 20, 4, 5, 9, 14, 2, 19, 19, 17, 18, 17, 17, 10, 11, 13, 17, 13, 18, 8, 14, 5, 18, 14, 17, 12, 11, 18, 4, 7, 9, 19, 16, 11 ], [ 4, 4, 15, 14, 6, 2, 15, 4, 15, 4, 9, 14, 11, 15, 8, 4, 16, 14, 12, 17, 16, 4, 14, 16, 9, 10, 15, 10, 12, 17, 14, 8, 14, 18, 17, 0, 10, 6, 8, 10, 17, 7, 19, 16, 8, 3, 17, 7, 6, 7, 3, 2, 2, 8, 15, 9, 0, 4, 10, 13, 5, 12, 1, 3, 10, 14, 11, 2, 14, 11, 14, 8, 5, 13 ], [ 10, 10, 7, 15, 11, 13, 10, 13, 13, 14, 9, 13, 15, 10, 4, 13, 12, 4, 5, 9, 9, 11, 10, 17, 14, 6, 15, 6, 5, 11, 5, 3, 9, 10, 10, 10, 0, 6, 5, 2, 7, 11, 13, 12, 7, 8, 9, 9, 10, 7, 10, 12, 12, 8, 15, 13, 11, 7, 8, 3, 11, 6, 11, 7, 7, 16, 13, 12, 9, 5, 4, 9, 13, 3 ], [ 4, 4, 12, 16, 5, 7, 14, 9, 16, 9, 9, 15, 14, 14, 6, 9, 15, 10, 9, 14, 14, 8, 13, 18, 13, 9, 16, 9, 10, 15, 11, 3, 13, 16, 15, 6, 6, 0, 7, 4, 12, 5, 18, 15, 8, 5, 14, 4, 4, 2, 4, 7, 8, 8, 17, 12, 6, 4, 5, 9, 9, 10, 6, 3, 5, 17, 13, 7, 13, 8, 10, 5, 9, 8 ], [ 10, 10, 7, 10, 11, 10, 7, 9, 9, 12, 4, 9, 10, 7, 1, 10, 9, 7, 4, 9, 8, 7, 7, 12, 10, 2, 10, 3, 4, 9, 6, 5, 7, 10, 9, 8, 5, 7, 0, 6, 11, 12, 11, 9, 2, 5, 9, 11, 10, 9, 9, 9, 9, 3, 11, 8, 8, 4, 11, 6, 7, 4, 9, 5, 10, 11, 8, 9, 6, 2, 8, 11, 9, 8 ], [ 9, 8, 9, 16, 9, 11, 12, 12, 15, 13, 10, 15, 16, 12, 5, 13, 14, 7, 7, 11, 11, 11, 12, 18, 15, 8, 16, 8, 7, 13, 7, 2, 12, 13, 12, 10, 2, 4, 6, 0, 8, 9, 16, 14, 8, 8, 11, 7, 8, 5, 8, 11, 11, 9, 17, 14, 10, 6, 5, 5, 11, 8, 10, 6, 5, 17, 14, 11, 11, 6, 5, 7, 12, 4 ], [ 16, 16, 9, 20, 16, 19, 13, 19, 17, 21, 15, 18, 21, 13, 11, 20, 15, 6, 10, 10, 10, 18, 14, 22, 21, 12, 20, 11, 9, 14, 7, 9, 13, 10, 12, 17, 7, 12, 11, 8, 0, 16, 16, 15, 13, 15, 10, 14, 15, 12, 16, 18, 19, 14, 21, 19, 17, 14, 11, 5, 18, 10, 18, 14, 10, 21, 18, 18, 13, 10, 3, 14, 19, 4 ], [ 3, 3, 18, 20, 1, 6, 19, 11, 20, 8, 14, 20, 17, 19, 11, 11, 20, 15, 15, 19, 19, 10, 18, 22, 15, 14, 21, 14, 15, 20, 16, 8, 18, 21, 20, 7, 11, 5, 12, 9, 16, 0, 23, 20, 13, 8, 20, 2, 1, 4, 4, 8, 9, 13, 21, 16, 7, 8, 6, 13, 12, 15, 7, 7, 7, 21, 17, 8, 18, 13, 14, 3, 11, 12 ], [ 21, 21, 7, 9, 22, 21, 4, 18, 5, 22, 10, 7, 13, 4, 12, 18, 3, 11, 8, 5, 6, 16, 5, 10, 15, 9, 8, 9, 9, 2, 9, 15, 5, 6, 4, 19, 13, 18, 11, 16, 16, 23, 0, 3, 11, 16, 6, 22, 22, 20, 20, 19, 19, 11, 9, 12, 19, 15, 21, 12, 15, 8, 19, 16, 20, 11, 10, 19, 5, 10, 13, 22, 17, 15 ], [ 18, 18, 7, 7, 20, 18, 2, 14, 2, 19, 7, 4, 10, 2, 9, 15, 0, 10, 7, 6, 6, 13, 2, 7, 12, 6, 6, 6, 7, 2, 8, 13, 2, 7, 5, 16, 12, 15, 9, 14, 15, 20, 3, 0, 8, 13, 6, 19, 19, 17, 17, 16, 15, 8, 7, 9, 16, 13, 19, 11, 12, 6, 16, 13, 18, 8, 7, 16, 3, 7, 12, 20, 14, 14 ], [ 10, 10, 8, 8, 12, 10, 7, 8, 8, 11, 2, 8, 8, 7, 3, 9, 8, 8, 4, 9, 9, 6, 6, 10, 8, 2, 9, 3, 5, 9, 7, 7, 6, 11, 9, 8, 7, 8, 2, 8, 13, 13, 11, 8, 0, 5, 9, 12, 11, 10, 9, 8, 8, 1, 9, 6, 8, 5, 12, 8, 5, 4, 9, 6, 12, 9, 6, 8, 6, 4, 10, 12, 7, 10 ], [ 6, 6, 12, 11, 8, 5, 12, 5, 13, 7, 6, 12, 9, 12, 5, 5, 13, 12, 9, 14, 13, 3, 11, 13, 8, 7, 12, 7, 9, 14, 11, 6, 11, 15, 14, 3, 8, 5, 5, 8, 15, 8, 16, 13, 5, 0, 14, 8, 7, 7, 4, 4, 4, 5, 12, 8, 3, 1, 10, 10, 4, 9, 4, 2, 10, 12, 9, 4, 11, 8, 12, 9, 5, 11 ], [ 18, 18, 2, 12, 19, 19, 4, 17, 9, 21, 10, 10, 15, 5, 9, 18, 6, 5, 5, 0, 1, 16, 7, 14, 16, 7, 12, 7, 5, 4, 4, 12, 5, 1, 2, 17, 9, 14, 9, 11, 10, 20, 6, 6, 9, 14, 0, 18, 18, 16, 17, 17, 18, 10, 13, 14, 17, 13, 17, 7, 15, 5, 18, 14, 16, 14, 12, 18, 5, 6, 8, 18, 17, 10 ], [ 3, 3, 16, 19, 2, 7, 18, 11, 20, 9, 13, 19, 17, 18, 10, 11, 19, 14, 13, 18, 18, 11, 17, 21, 15, 13, 20, 13, 13, 19, 14, 6, 17, 19, 19, 7, 9, 4, 11, 7, 14, 2, 22, 19, 12, 8, 18, 0, 1, 2, 4, 9, 9, 12, 20, 15, 7, 7, 4, 12, 11, 14, 7, 6, 5, 20, 17, 8, 17, 12, 13, 1, 12, 10 ], [ 2, 2, 16, 19, 1, 6, 17, 10, 19, 8, 13, 19, 16, 17, 10, 10, 19, 14, 13, 18, 18, 10, 17, 21, 14, 13, 19, 13, 13, 19, 14, 7, 17, 19, 19, 6, 10, 4, 10, 8, 15, 1, 22, 19, 11, 7, 18, 1, 0, 3, 3, 8, 8, 12, 19, 15, 6, 7, 5, 12, 11, 14, 6, 6, 6, 19, 16, 7, 16, 12, 13, 2, 11, 11 ], [ 4, 4, 14, 18, 4, 8, 16, 11, 18, 10, 12, 18, 16, 16, 8, 11, 17, 12, 11, 16, 15, 10, 15, 20, 15, 11, 18, 11, 11, 17, 12, 4, 15, 17, 17, 7, 7, 2, 9, 5, 12, 4, 20, 17, 10, 7, 16, 2, 3, 0, 5, 9, 9, 11, 19, 14, 7, 6, 3, 10, 11, 12, 8, 5, 4, 19, 16, 8, 15, 10, 11, 2, 11, 8 ], [ 1, 1, 15, 16, 3, 3, 16, 7, 17, 6, 10, 16, 13, 16, 8, 7, 17, 14, 12, 17, 17, 6, 15, 18, 11, 11, 17, 11, 12, 18, 14, 7, 15, 19, 18, 3, 10, 4, 9, 8, 16, 4, 20, 17, 9, 4, 17, 4, 3, 5, 0, 5, 5, 9, 17, 12, 3, 4, 8, 12, 8, 13, 3, 4, 8, 17, 14, 4, 15, 11, 14, 5, 7, 12 ], [ 6, 6, 16, 13, 8, 3, 15, 2, 15, 3, 9, 14, 9, 15, 9, 2, 16, 15, 12, 17, 17, 3, 13, 15, 7, 11, 14, 11, 13, 17, 15, 9, 14, 19, 17, 2, 12, 7, 9, 11, 18, 8, 19, 16, 8, 4, 17, 9, 8, 9, 5, 0, 0, 8, 14, 8, 1, 5, 12, 14, 4, 12, 1, 5, 12, 13, 11, 0, 14, 11, 16, 10, 3, 15 ], [ 6, 6, 16, 12, 8, 3, 15, 2, 15, 3, 8, 14, 9, 15, 9, 2, 15, 15, 12, 17, 17, 2, 13, 14, 7, 11, 14, 11, 13, 17, 15, 10, 14, 19, 17, 2, 12, 8, 9, 11, 19, 9, 19, 15, 8, 4, 18, 9, 8, 9, 5, 0, 0, 8, 13, 8, 2, 5, 12, 14, 4, 12, 2, 5, 13, 13, 10, 1, 14, 11, 16, 10, 3, 15 ], [ 11, 11, 9, 7, 12, 10, 7, 7, 8, 11, 1, 7, 7, 7, 4, 8, 8, 9, 5, 10, 9, 6, 6, 9, 7, 3, 8, 3, 6, 9, 8, 8, 6, 11, 10, 8, 8, 8, 3, 9, 14, 13, 11, 8, 1, 5, 10, 12, 12, 11, 9, 8, 8, 0, 8, 5, 8, 5, 13, 9, 4, 5, 9, 6, 13, 8, 5, 8, 6, 5, 11, 13, 7, 11 ], [ 18, 18, 13, 1, 20, 16, 9, 12, 5, 16, 7, 3, 5, 8, 12, 12, 7, 15, 11, 12, 12, 11, 7, 1, 7, 9, 1, 10, 11, 9, 13, 16, 8, 14, 11, 15, 15, 17, 11, 17, 21, 21, 9, 7, 9, 12, 13, 20, 19, 19, 17, 14, 13, 8, 0, 5, 14, 13, 21, 15, 9, 10, 15, 14, 21, 1, 3, 14, 8, 11, 17, 21, 11, 18 ], [ 13, 13, 13, 5, 15, 11, 10, 6, 8, 11, 4, 6, 2, 10, 9, 7, 9, 14, 10, 13, 13, 6, 8, 6, 2, 8, 6, 8, 10, 11, 13, 12, 9, 15, 13, 9, 13, 12, 8, 14, 19, 16, 12, 9, 6, 8, 14, 15, 15, 14, 12, 8, 8, 5, 5, 0, 9, 8, 17, 14, 4, 9, 10, 9, 17, 5, 3, 9, 9, 9, 16, 16, 5, 16 ], [ 4, 4, 15, 14, 6, 2, 15, 4, 15, 4, 9, 14, 10, 15, 8, 4, 16, 14, 12, 17, 17, 4, 14, 15, 8, 10, 15, 11, 12, 17, 14, 8, 14, 18, 17, 0, 11, 6, 8, 10, 17, 7, 19, 16, 8, 3, 17, 7, 6, 7, 3, 1, 2, 8, 14, 9, 0, 4, 11, 13, 5, 12, 1, 4, 11, 14, 11, 1, 14, 11, 15, 9, 4, 13 ], [ 6, 6, 11, 12, 7, 6, 11, 6, 13, 8, 6, 12, 10, 11, 4, 6, 13, 10, 8, 13, 13, 5, 10, 14, 9, 7, 13, 7, 8, 13, 10, 5, 11, 15, 13, 4, 7, 4, 4, 6, 14, 8, 15, 13, 5, 1, 13, 7, 7, 6, 4, 5, 5, 5, 13, 8, 4, 0, 9, 9, 5, 8, 5, 1, 9, 13, 10, 5, 10, 7, 11, 8, 6, 10 ], [ 7, 7, 15, 20, 6, 11, 17, 14, 20, 13, 14, 20, 19, 17, 10, 14, 19, 12, 13, 17, 16, 13, 17, 22, 18, 13, 21, 13, 13, 19, 13, 6, 17, 18, 18, 10, 8, 5, 11, 5, 11, 6, 21, 19, 12, 10, 17, 4, 5, 3, 8, 12, 12, 13, 21, 17, 11, 9, 0, 10, 14, 14, 11, 8, 1, 22, 18, 12, 17, 12, 10, 3, 14, 8 ], [ 13, 12, 5, 15, 13, 15, 8, 15, 12, 17, 9, 13, 16, 8, 6, 15, 11, 2, 4, 7, 6, 13, 9, 16, 15, 6, 15, 6, 4, 10, 3, 6, 8, 8, 8, 13, 3, 9, 6, 5, 5, 13, 12, 11, 8, 10, 7, 12, 12, 10, 12, 14, 14, 9, 15, 14, 13, 9, 10, 0, 12, 5, 14, 9, 9, 16, 13, 14, 8, 4, 2, 12, 14, 3 ], [ 9, 9, 13, 9, 11, 7, 11, 3, 11, 7, 5, 10, 6, 11, 7, 4, 12, 13, 10, 14, 14, 2, 10, 10, 4, 8, 10, 8, 10, 13, 12, 9, 11, 16, 14, 5, 11, 9, 7, 11, 18, 12, 15, 12, 5, 4, 15, 11, 11, 11, 8, 4, 4, 4, 9, 4, 5, 5, 14, 12, 0, 9, 5, 5, 14, 9, 6, 5, 10, 9, 14, 13, 2, 14 ], [ 14, 13, 4, 9, 15, 14, 4, 12, 7, 16, 5, 8, 11, 4, 4, 13, 6, 5, 1, 5, 5, 10, 4, 11, 11, 2, 9, 2, 1, 5, 3, 8, 3, 6, 5, 12, 6, 10, 4, 8, 10, 15, 8, 6, 4, 9, 5, 14, 14, 12, 13, 12, 12, 5, 10, 9, 12, 8, 14, 5, 9, 0, 13, 9, 13, 11, 8, 13, 3, 2, 7, 14, 12, 8 ], [ 4, 4, 16, 14, 6, 2, 16, 4, 16, 3, 9, 15, 11, 15, 9, 4, 16, 15, 13, 18, 17, 4, 14, 16, 9, 11, 15, 11, 13, 17, 15, 9, 15, 19, 18, 1, 11, 6, 9, 10, 18, 7, 19, 16, 9, 4, 18, 7, 6, 8, 3, 1, 2, 9, 15, 10, 1, 5, 11, 14, 5, 13, 0, 4, 11, 15, 12, 1, 14, 11, 15, 9, 5, 14 ], [ 5, 5, 12, 13, 6, 6, 12, 6, 13, 7, 7, 13, 11, 12, 5, 6, 13, 11, 9, 14, 13, 5, 11, 15, 9, 7, 14, 8, 9, 14, 11, 5, 12, 15, 14, 3, 7, 3, 5, 6, 14, 7, 16, 13, 6, 2, 14, 6, 6, 5, 4, 5, 5, 6, 14, 9, 4, 1, 8, 9, 5, 9, 4, 0, 8, 14, 10, 5, 11, 7, 11, 7, 6, 10 ], [ 8, 7, 14, 20, 7, 12, 16, 14, 19, 14, 14, 19, 19, 16, 10, 14, 18, 11, 12, 16, 15, 13, 17, 22, 18, 12, 20, 12, 12, 18, 12, 5, 16, 17, 17, 10, 7, 5, 10, 5, 10, 7, 20, 18, 12, 10, 16, 5, 6, 4, 8, 12, 13, 13, 21, 17, 11, 9, 1, 9, 14, 13, 11, 8, 0, 21, 18, 12, 16, 11, 9, 4, 14, 7 ], [ 18, 18, 14, 1, 20, 16, 10, 11, 6, 16, 8, 4, 4, 9, 12, 12, 8, 16, 12, 13, 13, 11, 7, 1, 7, 10, 2, 10, 12, 10, 14, 16, 9, 15, 12, 14, 16, 17, 11, 17, 21, 21, 11, 8, 9, 12, 14, 20, 19, 19, 17, 13, 13, 8, 1, 5, 14, 13, 22, 16, 9, 11, 15, 14, 21, 0, 3, 14, 9, 12, 18, 21, 10, 19 ], [ 15, 15, 11, 2, 17, 13, 8, 9, 5, 14, 4, 4, 3, 8, 9, 9, 7, 13, 9, 12, 11, 8, 6, 4, 5, 7, 3, 7, 9, 9, 12, 13, 7, 13, 11, 11, 13, 13, 8, 14, 18, 17, 10, 7, 6, 9, 12, 17, 16, 16, 14, 11, 10, 5, 3, 3, 11, 10, 18, 13, 6, 8, 12, 10, 18, 3, 0, 11, 7, 9, 15, 18, 8, 16 ], [ 5, 5, 16, 13, 7, 2, 15, 3, 15, 3, 9, 14, 10, 15, 9, 3, 16, 15, 12, 17, 17, 3, 14, 15, 8, 11, 14, 11, 13, 17, 15, 9, 14, 19, 18, 2, 12, 7, 9, 11, 18, 8, 19, 16, 8, 4, 18, 8, 7, 8, 4, 0, 1, 8, 14, 9, 1, 5, 12, 14, 5, 13, 1, 5, 12, 14, 11, 0, 14, 11, 16, 10, 4, 14 ], [ 16, 16, 5, 7, 17, 16, 1, 13, 4, 17, 5, 5, 10, 1, 7, 14, 2, 8, 4, 5, 5, 11, 1, 9, 11, 4, 7, 4, 4, 3, 6, 11, 1, 6, 4, 14, 9, 13, 6, 11, 13, 18, 5, 3, 6, 11, 5, 17, 16, 15, 15, 14, 14, 6, 8, 9, 14, 10, 17, 8, 10, 3, 14, 11, 16, 9, 7, 14, 0, 5, 10, 17, 12, 12 ], [ 12, 12, 5, 10, 13, 13, 5, 11, 9, 14, 5, 9, 11, 5, 3, 12, 7, 5, 1, 6, 6, 10, 6, 12, 11, 2, 10, 2, 1, 7, 4, 6, 5, 8, 7, 11, 5, 8, 2, 6, 10, 13, 10, 7, 4, 8, 6, 12, 12, 10, 11, 11, 11, 5, 11, 9, 11, 7, 12, 4, 9, 2, 11, 7, 11, 12, 9, 11, 5, 0, 6, 13, 11, 7 ], [ 14, 14, 6, 17, 14, 16, 10, 16, 14, 18, 11, 15, 18, 10, 8, 17, 12, 3, 6, 8, 7, 15, 11, 18, 17, 8, 16, 8, 6, 11, 4, 7, 10, 8, 9, 14, 4, 10, 8, 5, 3, 14, 13, 12, 10, 12, 8, 13, 13, 11, 14, 16, 16, 11, 17, 16, 15, 11, 10, 2, 14, 7, 15, 11, 9, 18, 15, 16, 10, 6, 0, 12, 16, 3 ], [ 5, 4, 16, 20, 3, 9, 18, 12, 20, 11, 14, 20, 18, 18, 10, 12, 20, 14, 14, 18, 18, 12, 18, 22, 16, 13, 21, 13, 14, 20, 14, 7, 18, 19, 19, 8, 9, 5, 11, 7, 14, 3, 22, 20, 12, 9, 18, 1, 2, 2, 5, 10, 10, 13, 21, 16, 9, 8, 3, 12, 13, 14, 9, 7, 4, 21, 18, 10, 17, 13, 12, 0, 13, 10 ], [ 9, 9, 15, 10, 11, 6, 13, 1, 13, 6, 7, 11, 6, 13, 9, 2, 14, 15, 12, 16, 16, 1, 12, 12, 4, 10, 11, 10, 12, 15, 14, 11, 13, 18, 16, 5, 13, 9, 9, 12, 19, 11, 17, 14, 7, 5, 17, 12, 11, 11, 7, 3, 3, 7, 11, 5, 4, 6, 14, 14, 2, 12, 5, 6, 14, 10, 8, 4, 12, 11, 16, 13, 0, 16 ], [ 12, 12, 8, 18, 12, 15, 12, 16, 16, 17, 12, 16, 18, 12, 7, 16, 14, 5, 8, 10, 10, 14, 13, 19, 17, 9, 18, 9, 7, 13, 6, 5, 12, 11, 11, 13, 3, 8, 8, 4, 4, 12, 15, 14, 10, 11, 10, 10, 11, 8, 12, 15, 15, 11, 18, 16, 13, 10, 8, 3, 14, 8, 14, 10, 7, 19, 16, 14, 12, 7, 3, 10, 16, 0 ] ]
}