{
  "version" : "0.3",
  "id" : 1260881443,
  "name" : "PTP-RAND-1_32_4_64",
  "coordType" : "Eucl",
  "sameVehicleBackward" : false,
  "maxWaitTime" : "00h30",
  "places" : [ {
    "id" : 0,
    "lat" : 4.704058475923069,
    "long" : 3.7932900295006133,
    "category" : 0
  }, {
    "id" : 1,
    "lat" : 5.226027696243416,
    "long" : -8.355218883721102,
    "category" : 0
  }, {
    "id" : 2,
    "lat" : 0.05316188377002736,
    "long" : -2.8400511031015485,
    "category" : 0
  }, {
    "id" : 3,
    "lat" : -5.60766106388409,
    "long" : 5.9747961747138625,
    "category" : 0
  }, {
    "id" : 4,
    "lat" : 8.24656722521856,
    "long" : -2.9455232762652512,
    "category" : 0
  }, {
    "id" : 5,
    "lat" : -7.730181166792339,
    "long" : -2.3202396382002237,
    "category" : 0
  }, {
    "id" : 6,
    "lat" : 2.732522994758717,
    "long" : -1.8350709736022595,
    "category" : 0
  }, {
    "id" : 7,
    "lat" : -3.5018403161452616,
    "long" : -4.821986330373466,
    "category" : 0
  }, {
    "id" : 8,
    "lat" : 2.464544609402933,
    "long" : -2.600233253156714,
    "category" : 0
  }, {
    "id" : 9,
    "lat" : 1.3275868434214921,
    "long" : -5.231503604924872,
    "category" : 0
  }, {
    "id" : 10,
    "lat" : 3.358703504058178,
    "long" : 3.151659535250543,
    "category" : 0
  }, {
    "id" : 11,
    "lat" : 5.53371547650025,
    "long" : 2.3858931805083587,
    "category" : 0
  }, {
    "id" : 12,
    "lat" : 5.6889317712193135,
    "long" : 1.0740884844223006,
    "category" : 0
  }, {
    "id" : 13,
    "lat" : -1.1132863821427157,
    "long" : -1.213552488133269,
    "category" : 0
  }, {
    "id" : 14,
    "lat" : -8.131310484307336,
    "long" : 3.3946719630008406,
    "category" : 0
  }, {
    "id" : 15,
    "lat" : 0.7954737043319456,
    "long" : -9.092892969226806,
    "category" : 0
  }, {
    "id" : 16,
    "lat" : -9.310629725819963,
    "long" : -0.41021991360060694,
    "category" : 0
  }, {
    "id" : 17,
    "lat" : 3.8751427395302973,
    "long" : 3.1289767361199545,
    "category" : 0
  }, {
    "id" : 18,
    "lat" : 0.7008669214974815,
    "long" : -0.9356106029319271,
    "category" : 0
  }, {
    "id" : 19,
    "lat" : -7.658388630286939,
    "long" : -5.7697209451242895,
    "category" : 0
  }, {
    "id" : 20,
    "lat" : 3.64290433510518,
    "long" : -3.780578635866443,
    "category" : 0
  }, {
    "id" : 21,
    "lat" : 7.688939358425656,
    "long" : -3.2464279858517475,
    "category" : 0
  }, {
    "id" : 22,
    "lat" : 3.5768384532836572,
    "long" : 4.714151737195084,
    "category" : 0
  }, {
    "id" : 23,
    "lat" : 8.909292318247497,
    "long" : 0.40871487302304643,
    "category" : 0
  }, {
    "id" : 24,
    "lat" : -0.32075560670830344,
    "long" : 7.7936602823046455,
    "category" : 0
  }, {
    "id" : 25,
    "lat" : -6.1323121137112935,
    "long" : -2.968491655613756,
    "category" : 0
  }, {
    "id" : 26,
    "lat" : -4.120459880579675,
    "long" : -2.0648048113651862,
    "category" : 0
  }, {
    "id" : 27,
    "lat" : 3.390252346155805,
    "long" : 5.24572829837492,
    "category" : 0
  }, {
    "id" : 28,
    "lat" : -0.7784401164277654,
    "long" : 0.4196454396457666,
    "category" : 0
  }, {
    "id" : 29,
    "lat" : -6.419676089445039,
    "long" : 6.776752444143298,
    "category" : 0
  }, {
    "id" : 30,
    "lat" : -1.2155516951328833,
    "long" : 0.12338256621622136,
    "category" : 0
  }, {
    "id" : 31,
    "lat" : 5.367566156329117,
    "long" : -4.277932268261358,
    "category" : 0
  }, {
    "id" : 32,
    "lat" : -9.195948346608315,
    "long" : -1.1080394037376415,
    "category" : 1
  }, {
    "id" : 33,
    "lat" : 5.194958503026758,
    "long" : -4.475106505735316,
    "category" : 2
  }, {
    "id" : 34,
    "lat" : 9.373506134498106,
    "long" : -2.4431348794611405,
    "category" : 2
  }, {
    "id" : 35,
    "lat" : 7.458026966041995,
    "long" : 2.3335370294437827,
    "category" : 2
  }, {
    "id" : 36,
    "lat" : 2.1756135275844968,
    "long" : -9.218539094869811,
    "category" : 2
  }, {
    "id" : 37,
    "lat" : -4.733416949998241,
    "long" : 4.630040744100471,
    "category" : 2
  }, {
    "id" : 38,
    "lat" : -4.1013974877041885,
    "long" : -6.732511848996853,
    "category" : 2
  }, {
    "id" : 39,
    "lat" : -0.10451375590153916,
    "long" : -8.581997232446525,
    "category" : 2
  }, {
    "id" : 40,
    "lat" : -3.4501995413116213,
    "long" : 8.472006357962071,
    "category" : 2
  }, {
    "id" : 41,
    "lat" : 1.6128748618110837,
    "long" : -6.440427889874608,
    "category" : 2
  }, {
    "id" : 42,
    "lat" : -7.505613062647251,
    "long" : -6.392569956805538,
    "category" : 2
  }, {
    "id" : 43,
    "lat" : 0.368249470353956,
    "long" : 3.9432545912864363,
    "category" : 2
  }, {
    "id" : 44,
    "lat" : -3.329269456554256,
    "long" : -2.2465150340456326,
    "category" : 2
  }, {
    "id" : 45,
    "lat" : 0.17701683407357038,
    "long" : -4.417065840925297,
    "category" : 2
  }, {
    "id" : 46,
    "lat" : -7.71690002691096,
    "long" : 0.4673167226865761,
    "category" : 2
  }, {
    "id" : 47,
    "lat" : 0.9872695677720309,
    "long" : -3.3320952065511644,
    "category" : 2
  }, {
    "id" : 48,
    "lat" : -6.4585919401422665,
    "long" : 3.3901464445435585,
    "category" : 2
  }, {
    "id" : 49,
    "lat" : 3.9334612964011977,
    "long" : 6.181967770996253,
    "category" : 2
  }, {
    "id" : 50,
    "lat" : 2.756209306247069,
    "long" : 0.5669490032218247,
    "category" : 2
  }, {
    "id" : 51,
    "lat" : -1.9913955940142858,
    "long" : 0.24547873265006,
    "category" : 2
  }, {
    "id" : 52,
    "lat" : -7.426508057767252,
    "long" : 6.533828662808181,
    "category" : 2
  }, {
    "id" : 53,
    "lat" : -8.708611306899632,
    "long" : -2.686222074883679,
    "category" : 2
  }, {
    "id" : 54,
    "lat" : 3.954777887940318,
    "long" : -5.240195859953261,
    "category" : 2
  }, {
    "id" : 55,
    "lat" : 4.0408202076468305,
    "long" : -3.6251355168303117,
    "category" : 2
  }, {
    "id" : 56,
    "lat" : 2.0692482091617586,
    "long" : 5.6105063331235066,
    "category" : 2
  }, {
    "id" : 57,
    "lat" : 1.6195163227743636,
    "long" : -4.9515674350063685,
    "category" : 2
  }, {
    "id" : 58,
    "lat" : -4.066646245624405,
    "long" : 0.5459192278071928,
    "category" : 2
  }, {
    "id" : 59,
    "lat" : 6.532899569053389,
    "long" : 6.970481927577331,
    "category" : 2
  }, {
    "id" : 60,
    "lat" : -1.159728926951323,
    "long" : 2.8311630180028584,
    "category" : 2
  }, {
    "id" : 61,
    "lat" : -2.801661146883577,
    "long" : -3.116844474676878,
    "category" : 2
  }, {
    "id" : 62,
    "lat" : -5.106283246678193,
    "long" : 4.801021385690785,
    "category" : 2
  }, {
    "id" : 63,
    "lat" : 0.17412524455132497,
    "long" : -7.438699850794971,
    "category" : 2
  }, {
    "id" : 64,
    "lat" : -0.6434956004388959,
    "long" : 3.9362301789095353,
    "category" : 2
  }, {
    "id" : 65,
    "lat" : -3.581823450682354,
    "long" : -9.173620176040775,
    "category" : 2
  }, {
    "id" : 66,
    "lat" : -5.520402414905977,
    "long" : -2.1883219963167337,
    "category" : 2
  }, {
    "id" : 67,
    "lat" : 8.341933226566677,
    "long" : -1.0920998439774667,
    "category" : 2
  }, {
    "id" : 68,
    "lat" : -7.2786534024889225,
    "long" : 0.9954017058138858,
    "category" : 2
  }, {
    "id" : 69,
    "lat" : -2.768064429526715,
    "long" : -6.118858348268693,
    "category" : 2
  }, {
    "id" : 70,
    "lat" : 7.713028178388153,
    "long" : 3.9296039823884974,
    "category" : 2
  }, {
    "id" : 71,
    "lat" : -0.5111099671789098,
    "long" : 2.4280365382297466,
    "category" : 2
  }, {
    "id" : 72,
    "lat" : -3.3231808586303524,
    "long" : 2.3448206225930357,
    "category" : 2
  }, {
    "id" : 73,
    "lat" : -1.078682184570849,
    "long" : -8.432705405200522,
    "category" : 2
  }, {
    "id" : 74,
    "lat" : 1.6943133456027488,
    "long" : 3.178812604786848,
    "category" : 2
  }, {
    "id" : 75,
    "lat" : -2.7071249569485794,
    "long" : -6.695380342013823,
    "category" : 2
  }, {
    "id" : 76,
    "lat" : -0.5409994749857976,
    "long" : 4.3232822350807645,
    "category" : 2
  }, {
    "id" : 77,
    "lat" : -4.447414697612737,
    "long" : 6.4908531880329585,
    "category" : 2
  }, {
    "id" : 78,
    "lat" : 5.082030713163744,
    "long" : -7.859667306899065,
    "category" : 2
  }, {
    "id" : 79,
    "lat" : 5.002564857291845,
    "long" : -8.16021020706028,
    "category" : 2
  }, {
    "id" : 80,
    "lat" : 3.5436294480926778,
    "long" : -9.346389532838959,
    "category" : 2
  }, {
    "id" : 81,
    "lat" : -6.898442469883984,
    "long" : -4.83653701074197,
    "category" : 2
  }, {
    "id" : 82,
    "lat" : -1.6612487655025971,
    "long" : -2.3635547051623638,
    "category" : 2
  }, {
    "id" : 83,
    "lat" : -4.841717355435454,
    "long" : -0.5018113311606218,
    "category" : 2
  }, {
    "id" : 84,
    "lat" : 7.320297312821986,
    "long" : 2.928063725097059,
    "category" : 2
  }, {
    "id" : 85,
    "lat" : 1.088914292478801,
    "long" : 1.7954735117111753,
    "category" : 2
  }, {
    "id" : 86,
    "lat" : -6.15069419413475,
    "long" : 0.29576979099809286,
    "category" : 2
  }, {
    "id" : 87,
    "lat" : -9.694714590388148,
    "long" : 1.157602217761442,
    "category" : 2
  }, {
    "id" : 88,
    "lat" : -2.7381690435718915,
    "long" : 4.210593917790021,
    "category" : 2
  }, {
    "id" : 89,
    "lat" : -2.112476818795184,
    "long" : 3.6836085287103306,
    "category" : 2
  }, {
    "id" : 90,
    "lat" : 2.2370331528384244,
    "long" : -7.296514780902502,
    "category" : 2
  }, {
    "id" : 91,
    "lat" : -2.464080529759481,
    "long" : 5.725021549716738,
    "category" : 2
  }, {
    "id" : 92,
    "lat" : 6.19386020247779,
    "long" : 0.011324759757941852,
    "category" : 2
  }, {
    "id" : 93,
    "lat" : -5.728200254396424,
    "long" : 7.596064060301348,
    "category" : 2
  }, {
    "id" : 94,
    "lat" : 0.6232021781183635,
    "long" : 3.4464608825797436,
    "category" : 2
  }, {
    "id" : 95,
    "lat" : -2.7846608669944724,
    "long" : 8.856684868914376,
    "category" : 2
  }, {
    "id" : 96,
    "lat" : 8.402171830499798,
    "long" : 4.073228092693388,
    "category" : 2
  }, {
    "id" : 97,
    "lat" : -3.3229190718257406,
    "long" : 6.468670430167388,
    "category" : 2
  } ],
  "vehicles" : [ {
    "id" : 98,
    "canTake" : [ 1 ],
    "start" : 32,
    "end" : 32,
    "capacity" : 6,
    "availability" : [ "07h00:09h00", "10h00:20h00" ]
  }, {
    "id" : 99,
    "canTake" : [ 0 ],
    "start" : 32,
    "end" : 32,
    "capacity" : 6,
    "availability" : [ "07h00:09h00", "11h00:20h00" ]
  }, {
    "id" : 100,
    "canTake" : [ 0 ],
    "start" : 32,
    "end" : 32,
    "capacity" : 5,
    "availability" : [ "07h00:11h00", "12h00:20h00" ]
  }, {
    "id" : 101,
    "canTake" : [ 1 ],
    "start" : 32,
    "end" : 32,
    "capacity" : 5,
    "availability" : [ "07h00:20h00" ]
  } ],
  "patients" : [ {
    "id" : 102,
    "category" : 1,
    "load" : 2,
    "start" : 33,
    "destination" : 0,
    "end" : 33,
    "rdvTime" : "15h12",
    "rdvDuration" : "01h27",
    "srvDuration" : "00h02"
  }, {
    "id" : 103,
    "category" : 1,
    "load" : 2,
    "start" : 34,
    "destination" : 1,
    "end" : -1,
    "rdvTime" : "10h41",
    "rdvDuration" : "02h19",
    "srvDuration" : "00h05"
  }, {
    "id" : 104,
    "category" : 0,
    "load" : 1,
    "start" : 35,
    "destination" : 2,
    "end" : 35,
    "rdvTime" : "11h44",
    "rdvDuration" : "02h08",
    "srvDuration" : "00h03"
  }, {
    "id" : 105,
    "category" : 0,
    "load" : 1,
    "start" : 36,
    "destination" : 3,
    "end" : 36,
    "rdvTime" : "15h06",
    "rdvDuration" : "01h35",
    "srvDuration" : "00h05"
  }, {
    "id" : 106,
    "category" : 1,
    "load" : 1,
    "start" : 37,
    "destination" : 4,
    "end" : 37,
    "rdvTime" : "14h24",
    "rdvDuration" : "02h08",
    "srvDuration" : "00h01"
  }, {
    "id" : 107,
    "category" : 0,
    "load" : 2,
    "start" : 38,
    "destination" : 5,
    "end" : 38,
    "rdvTime" : "11h41",
    "rdvDuration" : "00h33",
    "srvDuration" : "00h03"
  }, {
    "id" : 108,
    "category" : 1,
    "load" : 2,
    "start" : 39,
    "destination" : 6,
    "end" : 39,
    "rdvTime" : "08h27",
    "rdvDuration" : "02h44",
    "srvDuration" : "00h02"
  }, {
    "id" : 109,
    "category" : 1,
    "load" : 2,
    "start" : 40,
    "destination" : 7,
    "end" : 40,
    "rdvTime" : "10h22",
    "rdvDuration" : "01h58",
    "srvDuration" : "00h03"
  }, {
    "id" : 110,
    "category" : 0,
    "load" : 2,
    "start" : 41,
    "destination" : 8,
    "end" : 41,
    "rdvTime" : "13h09",
    "rdvDuration" : "00h44",
    "srvDuration" : "00h02"
  }, {
    "id" : 111,
    "category" : 1,
    "load" : 1,
    "start" : 42,
    "destination" : 9,
    "end" : -1,
    "rdvTime" : "13h54",
    "rdvDuration" : "02h52",
    "srvDuration" : "00h02"
  }, {
    "id" : 112,
    "category" : 1,
    "load" : 2,
    "start" : 43,
    "destination" : 10,
    "end" : 43,
    "rdvTime" : "10h21",
    "rdvDuration" : "02h07",
    "srvDuration" : "00h03"
  }, {
    "id" : 113,
    "category" : 0,
    "load" : 1,
    "start" : 44,
    "destination" : 11,
    "end" : 44,
    "rdvTime" : "08h37",
    "rdvDuration" : "02h25",
    "srvDuration" : "00h03"
  }, {
    "id" : 114,
    "category" : 1,
    "load" : 2,
    "start" : 45,
    "destination" : 12,
    "end" : 45,
    "rdvTime" : "09h48",
    "rdvDuration" : "02h56",
    "srvDuration" : "00h01"
  }, {
    "id" : 115,
    "category" : 1,
    "load" : 1,
    "start" : 46,
    "destination" : 13,
    "end" : 46,
    "rdvTime" : "11h03",
    "rdvDuration" : "01h20",
    "srvDuration" : "00h05"
  }, {
    "id" : 116,
    "category" : 0,
    "load" : 2,
    "start" : 47,
    "destination" : 14,
    "end" : 47,
    "rdvTime" : "13h51",
    "rdvDuration" : "00h58",
    "srvDuration" : "00h02"
  }, {
    "id" : 117,
    "category" : 0,
    "load" : 1,
    "start" : 48,
    "destination" : 15,
    "end" : 48,
    "rdvTime" : "09h53",
    "rdvDuration" : "02h18",
    "srvDuration" : "00h03"
  }, {
    "id" : 118,
    "category" : 0,
    "load" : 2,
    "start" : 49,
    "destination" : 16,
    "end" : 49,
    "rdvTime" : "12h12",
    "rdvDuration" : "02h06",
    "srvDuration" : "00h02"
  }, {
    "id" : 119,
    "category" : 0,
    "load" : 2,
    "start" : 50,
    "destination" : 17,
    "end" : 50,
    "rdvTime" : "14h21",
    "rdvDuration" : "00h23",
    "srvDuration" : "00h03"
  }, {
    "id" : 120,
    "category" : 0,
    "load" : 2,
    "start" : 51,
    "destination" : 18,
    "end" : 51,
    "rdvTime" : "08h59",
    "rdvDuration" : "01h35",
    "srvDuration" : "00h05"
  }, {
    "id" : 121,
    "category" : 1,
    "load" : 1,
    "start" : 52,
    "destination" : 19,
    "end" : 52,
    "rdvTime" : "13h36",
    "rdvDuration" : "02h09",
    "srvDuration" : "00h01"
  }, {
    "id" : 122,
    "category" : 0,
    "load" : 1,
    "start" : 53,
    "destination" : 20,
    "end" : 53,
    "rdvTime" : "08h53",
    "rdvDuration" : "02h49",
    "srvDuration" : "00h05"
  }, {
    "id" : 123,
    "category" : 1,
    "load" : 2,
    "start" : 54,
    "destination" : 21,
    "end" : 54,
    "rdvTime" : "14h59",
    "rdvDuration" : "02h53",
    "srvDuration" : "00h03"
  }, {
    "id" : 124,
    "category" : 1,
    "load" : 2,
    "start" : 55,
    "destination" : 22,
    "end" : 55,
    "rdvTime" : "08h11",
    "rdvDuration" : "02h06",
    "srvDuration" : "00h04"
  }, {
    "id" : 125,
    "category" : 0,
    "load" : 2,
    "start" : 56,
    "destination" : 23,
    "end" : 56,
    "rdvTime" : "15h40",
    "rdvDuration" : "00h58",
    "srvDuration" : "00h01"
  }, {
    "id" : 126,
    "category" : 0,
    "load" : 2,
    "start" : -1,
    "destination" : 24,
    "end" : 57,
    "rdvTime" : "09h30",
    "rdvDuration" : "01h40",
    "srvDuration" : "00h01"
  }, {
    "id" : 127,
    "category" : 0,
    "load" : 1,
    "start" : 58,
    "destination" : 25,
    "end" : 58,
    "rdvTime" : "15h55",
    "rdvDuration" : "00h53",
    "srvDuration" : "00h05"
  }, {
    "id" : 128,
    "category" : 0,
    "load" : 1,
    "start" : 59,
    "destination" : 26,
    "end" : -1,
    "rdvTime" : "09h43",
    "rdvDuration" : "01h34",
    "srvDuration" : "00h05"
  }, {
    "id" : 129,
    "category" : 1,
    "load" : 1,
    "start" : 60,
    "destination" : 27,
    "end" : 60,
    "rdvTime" : "11h30",
    "rdvDuration" : "01h09",
    "srvDuration" : "00h01"
  }, {
    "id" : 130,
    "category" : 0,
    "load" : 1,
    "start" : 61,
    "destination" : 28,
    "end" : 61,
    "rdvTime" : "08h56",
    "rdvDuration" : "02h43",
    "srvDuration" : "00h05"
  }, {
    "id" : 131,
    "category" : 1,
    "load" : 2,
    "start" : 62,
    "destination" : 29,
    "end" : 62,
    "rdvTime" : "10h18",
    "rdvDuration" : "00h30",
    "srvDuration" : "00h03"
  }, {
    "id" : 132,
    "category" : 1,
    "load" : 1,
    "start" : 63,
    "destination" : 30,
    "end" : 63,
    "rdvTime" : "12h13",
    "rdvDuration" : "02h25",
    "srvDuration" : "00h01"
  }, {
    "id" : 133,
    "category" : 1,
    "load" : 2,
    "start" : 64,
    "destination" : 31,
    "end" : 64,
    "rdvTime" : "12h08",
    "rdvDuration" : "01h17",
    "srvDuration" : "00h02"
  }, {
    "id" : 134,
    "category" : 0,
    "load" : 1,
    "start" : 65,
    "destination" : 23,
    "end" : 65,
    "rdvTime" : "15h39",
    "rdvDuration" : "00h32",
    "srvDuration" : "00h05"
  }, {
    "id" : 135,
    "category" : 1,
    "load" : 1,
    "start" : 66,
    "destination" : 26,
    "end" : 66,
    "rdvTime" : "10h23",
    "rdvDuration" : "01h54",
    "srvDuration" : "00h01"
  }, {
    "id" : 136,
    "category" : 1,
    "load" : 2,
    "start" : 67,
    "destination" : 4,
    "end" : 67,
    "rdvTime" : "09h13",
    "rdvDuration" : "02h02",
    "srvDuration" : "00h02"
  }, {
    "id" : 137,
    "category" : 1,
    "load" : 1,
    "start" : 68,
    "destination" : 13,
    "end" : 68,
    "rdvTime" : "13h31",
    "rdvDuration" : "02h31",
    "srvDuration" : "00h03"
  }, {
    "id" : 138,
    "category" : 1,
    "load" : 2,
    "start" : 69,
    "destination" : 24,
    "end" : 69,
    "rdvTime" : "11h21",
    "rdvDuration" : "00h43",
    "srvDuration" : "00h04"
  }, {
    "id" : 139,
    "category" : 0,
    "load" : 1,
    "start" : 70,
    "destination" : 24,
    "end" : 70,
    "rdvTime" : "11h23",
    "rdvDuration" : "01h07",
    "srvDuration" : "00h04"
  }, {
    "id" : 140,
    "category" : 1,
    "load" : 1,
    "start" : 71,
    "destination" : 3,
    "end" : -1,
    "rdvTime" : "10h58",
    "rdvDuration" : "01h37",
    "srvDuration" : "00h03"
  }, {
    "id" : 141,
    "category" : 0,
    "load" : 2,
    "start" : 72,
    "destination" : 16,
    "end" : 72,
    "rdvTime" : "10h19",
    "rdvDuration" : "01h58",
    "srvDuration" : "00h01"
  }, {
    "id" : 142,
    "category" : 1,
    "load" : 2,
    "start" : 73,
    "destination" : 11,
    "end" : 73,
    "rdvTime" : "13h17",
    "rdvDuration" : "00h17",
    "srvDuration" : "00h02"
  }, {
    "id" : 143,
    "category" : 1,
    "load" : 2,
    "start" : 74,
    "destination" : 21,
    "end" : 74,
    "rdvTime" : "15h12",
    "rdvDuration" : "00h53",
    "srvDuration" : "00h02"
  }, {
    "id" : 144,
    "category" : 0,
    "load" : 2,
    "start" : -1,
    "destination" : 8,
    "end" : 75,
    "rdvTime" : "15h43",
    "rdvDuration" : "02h00",
    "srvDuration" : "00h03"
  }, {
    "id" : 145,
    "category" : 0,
    "load" : 1,
    "start" : 76,
    "destination" : 12,
    "end" : -1,
    "rdvTime" : "15h39",
    "rdvDuration" : "00h34",
    "srvDuration" : "00h03"
  }, {
    "id" : 146,
    "category" : 1,
    "load" : 2,
    "start" : 77,
    "destination" : 4,
    "end" : 77,
    "rdvTime" : "11h11",
    "rdvDuration" : "01h51",
    "srvDuration" : "00h01"
  }, {
    "id" : 147,
    "category" : 1,
    "load" : 1,
    "start" : 78,
    "destination" : 19,
    "end" : -1,
    "rdvTime" : "08h38",
    "rdvDuration" : "01h07",
    "srvDuration" : "00h04"
  }, {
    "id" : 148,
    "category" : 1,
    "load" : 1,
    "start" : 79,
    "destination" : 25,
    "end" : 79,
    "rdvTime" : "09h12",
    "rdvDuration" : "02h28",
    "srvDuration" : "00h02"
  }, {
    "id" : 149,
    "category" : 1,
    "load" : 1,
    "start" : 80,
    "destination" : 25,
    "end" : 80,
    "rdvTime" : "10h27",
    "rdvDuration" : "01h29",
    "srvDuration" : "00h02"
  }, {
    "id" : 150,
    "category" : 0,
    "load" : 2,
    "start" : 81,
    "destination" : 22,
    "end" : 81,
    "rdvTime" : "09h10",
    "rdvDuration" : "00h58",
    "srvDuration" : "00h01"
  }, {
    "id" : 151,
    "category" : 0,
    "load" : 1,
    "start" : 82,
    "destination" : 29,
    "end" : 82,
    "rdvTime" : "09h21",
    "rdvDuration" : "01h05",
    "srvDuration" : "00h03"
  }, {
    "id" : 152,
    "category" : 1,
    "load" : 2,
    "start" : 83,
    "destination" : 3,
    "end" : 83,
    "rdvTime" : "15h29",
    "rdvDuration" : "00h35",
    "srvDuration" : "00h03"
  }, {
    "id" : 153,
    "category" : 1,
    "load" : 1,
    "start" : 84,
    "destination" : 6,
    "end" : 84,
    "rdvTime" : "10h20",
    "rdvDuration" : "01h44",
    "srvDuration" : "00h03"
  }, {
    "id" : 154,
    "category" : 1,
    "load" : 1,
    "start" : 85,
    "destination" : 15,
    "end" : 85,
    "rdvTime" : "11h14",
    "rdvDuration" : "00h51",
    "srvDuration" : "00h04"
  }, {
    "id" : 155,
    "category" : 0,
    "load" : 2,
    "start" : 86,
    "destination" : 11,
    "end" : 86,
    "rdvTime" : "15h21",
    "rdvDuration" : "02h26",
    "srvDuration" : "00h05"
  }, {
    "id" : 156,
    "category" : 0,
    "load" : 1,
    "start" : -1,
    "destination" : 1,
    "end" : 87,
    "rdvTime" : "14h56",
    "rdvDuration" : "01h44",
    "srvDuration" : "00h01"
  }, {
    "id" : 157,
    "category" : 0,
    "load" : 1,
    "start" : 88,
    "destination" : 19,
    "end" : 89,
    "rdvTime" : "09h47",
    "rdvDuration" : "01h33",
    "srvDuration" : "00h02"
  }, {
    "id" : 158,
    "category" : 0,
    "load" : 1,
    "start" : 90,
    "destination" : 15,
    "end" : 90,
    "rdvTime" : "08h48",
    "rdvDuration" : "01h04",
    "srvDuration" : "00h04"
  }, {
    "id" : 159,
    "category" : 1,
    "load" : 1,
    "start" : 91,
    "destination" : 23,
    "end" : -1,
    "rdvTime" : "09h06",
    "rdvDuration" : "01h00",
    "srvDuration" : "00h05"
  }, {
    "id" : 160,
    "category" : 0,
    "load" : 1,
    "start" : 92,
    "destination" : 21,
    "end" : -1,
    "rdvTime" : "15h47",
    "rdvDuration" : "01h49",
    "srvDuration" : "00h05"
  }, {
    "id" : 161,
    "category" : 0,
    "load" : 1,
    "start" : -1,
    "destination" : 3,
    "end" : 93,
    "rdvTime" : "13h15",
    "rdvDuration" : "00h55",
    "srvDuration" : "00h04"
  }, {
    "id" : 162,
    "category" : 1,
    "load" : 2,
    "start" : 94,
    "destination" : 13,
    "end" : 94,
    "rdvTime" : "15h18",
    "rdvDuration" : "00h48",
    "srvDuration" : "00h05"
  }, {
    "id" : 163,
    "category" : 1,
    "load" : 2,
    "start" : 95,
    "destination" : 14,
    "end" : 95,
    "rdvTime" : "13h50",
    "rdvDuration" : "01h33",
    "srvDuration" : "00h01"
  }, {
    "id" : 164,
    "category" : 1,
    "load" : 2,
    "start" : 96,
    "destination" : 23,
    "end" : 96,
    "rdvTime" : "10h41",
    "rdvDuration" : "01h45",
    "srvDuration" : "00h05"
  }, {
    "id" : 165,
    "category" : 1,
    "load" : 2,
    "start" : 97,
    "destination" : 8,
    "end" : 97,
    "rdvTime" : "14h46",
    "rdvDuration" : "00h34",
    "srvDuration" : "00h05"
  } ],
  "distMatrix" : [ [ 0, 12, 8, 11, 8, 14, 6, 12, 7, 10, 1, 2, 3, 8, 13, 13, 15, 1, 6, 16, 8, 8, 1, 5, 6, 13, 11, 2, 6, 12, 7, 8, 15, 8, 8, 3, 13, 9, 14, 13, 9, 11, 16, 4, 10, 9, 13, 8, 11, 3, 4, 8, 12, 15, 9, 7, 3, 9, 9, 4, 6, 10, 10, 12, 5, 15, 12, 6, 12, 12, 3, 5, 8, 14, 3, 13, 5, 10, 12, 12, 13, 14, 9, 10, 3, 4, 11, 15, 7, 7, 11, 7, 4, 11, 4, 9, 4, 8 ], [ 12, 0, 8, 18, 6, 14, 7, 9, 6, 5, 12, 11, 9, 10, 18, 4, 17, 12, 9, 13, 5, 6, 13, 10, 17, 13, 11, 14, 11, 19, 11, 4, 16, 4, 7, 11, 3, 16, 9, 5, 19, 4, 13, 13, 11, 6, 16, 7, 17, 15, 9, 11, 20, 15, 3, 5, 14, 5, 13, 15, 13, 10, 17, 5, 14, 9, 12, 8, 16, 8, 13, 12, 14, 6, 12, 8, 14, 18, 1, 0, 2, 13, 9, 13, 11, 11, 14, 18, 15, 14, 3, 16, 8, 19, 13, 19, 13, 17 ], [ 8, 8, 0, 10, 8, 8, 3, 4, 2, 3, 7, 8, 7, 2, 10, 6, 10, 7, 2, 8, 4, 8, 8, 9, 11, 6, 4, 9, 3, 12, 3, 6, 9, 5, 9, 9, 7, 9, 6, 6, 12, 4, 8, 7, 3, 2, 8, 1, 9, 10, 4, 4, 12, 9, 5, 4, 9, 3, 5, 12, 6, 3, 9, 5, 7, 7, 6, 8, 8, 4, 10, 5, 6, 6, 6, 5, 7, 10, 7, 7, 7, 7, 2, 5, 9, 5, 7, 11, 8, 7, 5, 9, 7, 12, 6, 12, 11, 10 ], [ 11, 18, 10, 0, 16, 9, 11, 11, 12, 13, 9, 12, 12, 8, 4, 16, 7, 10, 9, 12, 13, 16, 9, 16, 6, 9, 8, 9, 7, 1, 7, 15, 8, 15, 17, 14, 17, 2, 13, 16, 3, 14, 13, 6, 9, 12, 6, 11, 3, 10, 10, 7, 2, 9, 15, 14, 8, 13, 6, 12, 5, 10, 1, 15, 5, 15, 8, 16, 5, 12, 13, 6, 4, 15, 8, 13, 5, 1, 17, 18, 18, 11, 9, 7, 13, 8, 6, 6, 3, 4, 15, 3, 13, 2, 7, 4, 14, 2 ], [ 8, 6, 8, 16, 0, 16, 6, 12, 6, 7, 8, 6, 5, 10, 18, 10, 18, 7, 8, 16, 5, 1, 9, 3, 14, 14, 12, 10, 10, 18, 10, 3, 18, 3, 1, 5, 9, 15, 13, 10, 16, 7, 16, 10, 12, 8, 16, 7, 16, 10, 7, 11, 18, 17, 5, 4, 11, 7, 13, 10, 11, 11, 15, 9, 11, 13, 14, 2, 16, 11, 7, 10, 13, 11, 9, 12, 11, 16, 6, 6, 8, 15, 10, 13, 6, 9, 15, 18, 13, 12, 7, 14, 4, 18, 10, 16, 7, 15 ], [ 14, 14, 8, 9, 16, 0, 10, 5, 10, 10, 12, 14, 14, 7, 6, 11, 2, 13, 9, 3, 11, 15, 13, 17, 13, 2, 4, 13, 7, 9, 7, 13, 2, 13, 17, 16, 12, 8, 6, 10, 12, 10, 4, 10, 4, 8, 3, 9, 6, 14, 11, 6, 9, 1, 12, 12, 13, 10, 5, 17, 8, 5, 8, 9, 9, 8, 2, 16, 3, 6, 17, 9, 6, 9, 11, 7, 10, 9, 14, 14, 13, 3, 6, 3, 16, 10, 3, 4, 8, 8, 11, 10, 14, 10, 10, 12, 17, 10 ], [ 6, 7, 3, 11, 6, 10, 0, 7, 1, 4, 5, 5, 4, 4, 12, 8, 12, 5, 2, 11, 2, 5, 7, 7, 10, 9, 7, 7, 4, 13, 4, 4, 12, 4, 7, 6, 7, 10, 8, 7, 12, 5, 11, 6, 6, 4, 11, 2, 11, 8, 2, 5, 13, 11, 4, 2, 7, 3, 7, 10, 6, 6, 10, 6, 7, 10, 8, 6, 10, 7, 8, 5, 7, 8, 5, 7, 7, 11, 6, 7, 8, 10, 4, 8, 7, 4, 9, 13, 8, 7, 5, 9, 4, 13, 6, 12, 8, 10 ], [ 12, 9, 4, 11, 12, 5, 7, 0, 6, 5, 11, 12, 11, 4, 9, 6, 7, 11, 6, 4, 7, 11, 12, 13, 13, 3, 3, 12, 6, 12, 5, 9, 7, 9, 13, 13, 7, 10, 2, 5, 13, 5, 4, 10, 3, 4, 7, 5, 9, 13, 8, 5, 12, 6, 7, 8, 12, 5, 5, 15, 8, 2, 10, 5, 9, 4, 3, 12, 7, 1, 14, 8, 7, 4, 10, 2, 10, 11, 9, 9, 8, 3, 3, 5, 13, 8, 6, 9, 9, 9, 6, 11, 11, 13, 9, 14, 15, 11 ], [ 7, 6, 2, 12, 6, 10, 1, 6, 0, 3, 6, 6, 5, 4, 12, 7, 12, 6, 2, 11, 2, 5, 7, 7, 11, 9, 7, 8, 4, 13, 5, 3, 12, 3, 7, 7, 7, 10, 8, 7, 13, 4, 11, 7, 6, 3, 11, 2, 11, 9, 3, 5, 13, 11, 3, 2, 8, 2, 7, 10, 7, 5, 11, 5, 7, 9, 8, 6, 10, 6, 8, 6, 8, 7, 6, 7, 8, 11, 6, 6, 7, 10, 4, 8, 7, 5, 9, 13, 9, 8, 5, 10, 5, 13, 6, 13, 9, 11 ], [ 10, 5, 3, 13, 7, 10, 4, 5, 3, 0, 9, 9, 8, 5, 13, 4, 12, 9, 4, 9, 3, 7, 10, 9, 13, 8, 6, 11, 6, 14, 6, 4, 11, 4, 9, 10, 4, 12, 6, 4, 15, 1, 9, 9, 6, 1, 11, 2, 12, 12, 6, 6, 15, 10, 3, 3, 11, 0, 8, 13, 8, 5, 12, 2, 9, 6, 7, 8, 11, 4, 11, 8, 9, 4, 8, 4, 10, 13, 5, 5, 5, 8, 4, 8, 10, 7, 9, 13, 10, 10, 2, 12, 7, 15, 9, 15, 12, 13 ], [ 1, 12, 7, 9, 8, 12, 5, 11, 6, 9, 0, 2, 3, 6, 11, 13, 13, 1, 5, 14, 7, 8, 2, 6, 6, 11, 9, 2, 5, 10, 5, 8, 13, 8, 8, 4, 12, 8, 12, 12, 9, 10, 14, 3, 9, 8, 11, 7, 10, 3, 3, 6, 11, 13, 8, 7, 3, 8, 8, 5, 5, 9, 9, 11, 4, 14, 10, 7, 11, 11, 4, 4, 7, 12, 2, 12, 4, 8, 11, 11, 12, 13, 7, 9, 4, 3, 10, 13, 6, 5, 11, 6, 4, 10, 3, 8, 5, 7 ], [ 2, 11, 8, 12, 6, 14, 5, 12, 6, 9, 2, 0, 1, 8, 14, 12, 15, 2, 6, 16, 6, 6, 3, 4, 8, 13, 11, 4, 7, 13, 7, 7, 15, 7, 6, 2, 12, 11, 13, 12, 11, 10, 16, 5, 10, 9, 13, 7, 12, 4, 3, 8, 14, 15, 8, 6, 5, 8, 10, 5, 7, 10, 11, 11, 6, 15, 12, 4, 13, 12, 3, 6, 9, 13, 4, 12, 6, 11, 10, 11, 12, 14, 9, 11, 2, 4, 12, 15, 8, 8, 10, 9, 2, 12, 5, 11, 3, 10 ], [ 3, 9, 7, 12, 5, 14, 4, 11, 5, 8, 3, 1, 0, 7, 14, 11, 15, 3, 5, 15, 5, 5, 4, 3, 9, 12, 10, 5, 7, 13, 7, 5, 15, 6, 5, 2, 11, 11, 13, 11, 12, 9, 15, 6, 10, 8, 13, 6, 12, 5, 3, 8, 14, 15, 7, 5, 6, 7, 10, 6, 7, 9, 11, 10, 7, 14, 12, 3, 13, 11, 4, 6, 9, 12, 5, 11, 7, 11, 9, 9, 11, 14, 8, 11, 2, 5, 12, 15, 9, 8, 9, 9, 1, 13, 6, 12, 4, 11 ], [ 8, 10, 2, 8, 10, 7, 4, 4, 4, 5, 6, 8, 7, 0, 8, 8, 8, 7, 2, 8, 5, 9, 8, 10, 9, 5, 3, 8, 2, 10, 1, 7, 8, 7, 11, 9, 9, 7, 6, 7, 10, 6, 8, 5, 2, 3, 7, 3, 7, 9, 4, 2, 10, 8, 6, 6, 8, 5, 3, 11, 4, 3, 7, 6, 5, 8, 5, 9, 7, 5, 10, 4, 4, 7, 5, 6, 6, 8, 9, 9, 9, 7, 1, 4, 9, 4, 5, 9, 6, 5, 7, 7, 7, 10, 5, 10, 11, 8 ], [ 13, 18, 10, 4, 18, 6, 12, 9, 12, 13, 11, 14, 14, 8, 0, 15, 4, 12, 10, 9, 14, 17, 12, 17, 9, 7, 7, 12, 8, 4, 8, 16, 5, 15, 18, 16, 16, 4, 11, 14, 7, 14, 10, 9, 7, 11, 3, 11, 2, 12, 11, 7, 3, 6, 15, 14, 10, 13, 5, 15, 7, 8, 3, 14, 8, 13, 6, 17, 3, 11, 16, 8, 5, 14, 10, 11, 8, 5, 17, 17, 17, 8, 9, 5, 15, 9, 4, 3, 5, 6, 15, 6, 15, 5, 9, 8, 17, 6 ], [ 13, 4, 6, 16, 10, 11, 8, 6, 7, 4, 13, 12, 11, 8, 15, 0, 13, 13, 8, 9, 6, 9, 14, 12, 17, 9, 9, 15, 10, 17, 9, 7, 13, 6, 11, 13, 1, 15, 5, 1, 18, 3, 9, 13, 8, 5, 13, 6, 14, 16, 10, 10, 18, 11, 5, 6, 15, 4, 11, 17, 12, 7, 15, 2, 13, 4, 9, 11, 13, 5, 15, 12, 12, 2, 12, 4, 13, 16, 4, 4, 3, 9, 7, 10, 14, 11, 12, 15, 14, 13, 2, 15, 11, 18, 13, 18, 15, 16 ], [ 15, 17, 10, 7, 18, 2, 12, 7, 12, 12, 13, 15, 15, 8, 4, 13, 0, 14, 10, 6, 13, 17, 14, 18, 12, 4, 5, 14, 9, 8, 8, 15, 1, 15, 19, 17, 14, 7, 8, 12, 11, 12, 6, 11, 6, 10, 2, 11, 5, 15, 12, 7, 7, 2, 14, 14, 13, 12, 5, 17, 9, 7, 7, 12, 10, 10, 4, 18, 2, 9, 18, 9, 7, 11, 12, 9, 10, 8, 16, 16, 16, 5, 8, 4, 17, 11, 3, 2, 8, 8, 13, 9, 16, 9, 11, 11, 18, 9 ], [ 1, 12, 7, 10, 7, 13, 5, 11, 6, 9, 1, 2, 3, 7, 12, 13, 14, 0, 5, 15, 7, 7, 2, 6, 6, 12, 10, 2, 5, 11, 6, 8, 14, 8, 8, 4, 12, 9, 13, 12, 9, 10, 15, 4, 9, 8, 12, 7, 10, 3, 3, 7, 12, 14, 8, 7, 3, 8, 8, 5, 5, 9, 9, 11, 5, 14, 11, 6, 11, 11, 4, 4, 7, 13, 2, 12, 5, 9, 11, 11, 12, 13, 8, 9, 3, 3, 10, 14, 7, 6, 11, 7, 4, 11, 3, 9, 5, 8 ], [ 6, 9, 2, 9, 8, 9, 2, 6, 2, 4, 5, 6, 5, 2, 10, 8, 10, 5, 0, 10, 4, 7, 6, 8, 9, 7, 5, 7, 2, 10, 2, 6, 10, 6, 9, 8, 8, 8, 8, 8, 10, 6, 10, 5, 4, 4, 9, 2, 8, 8, 3, 3, 11, 10, 5, 4, 7, 4, 5, 10, 4, 4, 8, 7, 5, 9, 6, 8, 8, 6, 9, 4, 5, 8, 4, 7, 5, 9, 8, 8, 9, 9, 3, 6, 8, 3, 7, 11, 6, 5, 7, 7, 6, 11, 4, 10, 9, 8 ], [ 16, 13, 8, 12, 16, 3, 11, 4, 11, 9, 14, 16, 15, 8, 9, 9, 6, 15, 10, 0, 11, 16, 15, 18, 15, 3, 5, 16, 9, 13, 9, 13, 5, 13, 17, 17, 10, 11, 4, 8, 15, 9, 1, 13, 6, 8, 6, 9, 9, 17, 12, 8, 12, 3, 12, 12, 15, 9, 7, 19, 11, 6, 11, 8, 12, 5, 4, 17, 7, 5, 18, 11, 9, 7, 13, 5, 12, 13, 13, 13, 12, 1, 7, 6, 17, 12, 6, 7, 11, 11, 10, 13, 15, 14, 12, 15, 19, 13 ], [ 8, 5, 4, 13, 5, 11, 2, 7, 2, 3, 7, 6, 5, 5, 14, 6, 13, 7, 4, 11, 0, 4, 8, 7, 12, 10, 8, 9, 6, 15, 6, 2, 13, 2, 6, 7, 6, 12, 8, 6, 14, 3, 11, 8, 7, 4, 12, 3, 12, 10, 4, 7, 15, 12, 1, 0, 10, 2, 9, 11, 8, 6, 12, 5, 9, 9, 9, 5, 12, 7, 9, 7, 9, 7, 7, 7, 9, 13, 4, 5, 6, 11, 5, 9, 8, 6, 11, 14, 10, 9, 4, 11, 5, 15, 8, 14, 9, 12 ], [ 8, 6, 8, 16, 1, 15, 5, 11, 5, 7, 8, 6, 5, 9, 17, 9, 17, 7, 7, 16, 4, 0, 9, 4, 14, 14, 12, 10, 9, 17, 10, 3, 17, 3, 2, 6, 8, 15, 12, 9, 16, 7, 16, 10, 11, 8, 16, 7, 16, 10, 6, 10, 18, 16, 4, 4, 10, 6, 12, 10, 11, 10, 15, 9, 11, 13, 13, 2, 16, 11, 7, 10, 12, 10, 9, 11, 11, 16, 5, 6, 7, 15, 9, 13, 6, 8, 14, 18, 13, 12, 7, 14, 4, 17, 10, 16, 7, 15 ], [ 1, 13, 8, 9, 9, 13, 7, 12, 7, 10, 2, 3, 4, 8, 12, 14, 14, 2, 6, 15, 8, 9, 0, 7, 5, 12, 10, 1, 6, 10, 7, 9, 14, 9, 9, 5, 14, 8, 14, 14, 8, 11, 16, 3, 10, 10, 12, 8, 10, 2, 4, 7, 11, 14, 10, 8, 2, 10, 9, 4, 5, 10, 9, 13, 4, 16, 11, 8, 11, 13, 4, 5, 7, 14, 2, 13, 4, 8, 13, 13, 14, 14, 9, 10, 4, 4, 11, 14, 6, 6, 12, 6, 5, 10, 3, 8, 5, 7 ], [ 5, 10, 9, 16, 3, 17, 7, 13, 7, 9, 6, 4, 3, 10, 17, 12, 18, 6, 8, 18, 7, 4, 7, 0, 12, 15, 13, 7, 10, 17, 10, 6, 18, 6, 3, 2, 12, 14, 15, 13, 15, 10, 18, 9, 13, 10, 17, 9, 16, 8, 6, 11, 17, 18, 8, 6, 9, 9, 13, 7, 10, 12, 15, 12, 10, 16, 15, 2, 16, 13, 4, 10, 12, 13, 8, 14, 10, 15, 9, 9, 11, 17, 11, 14, 3, 8, 15, 19, 12, 11, 10, 13, 3, 16, 9, 14, 4, 14 ], [ 6, 17, 11, 6, 14, 13, 10, 13, 11, 13, 6, 8, 9, 9, 9, 17, 12, 6, 9, 15, 12, 14, 5, 12, 0, 12, 11, 5, 7, 6, 8, 13, 13, 13, 14, 10, 17, 5, 15, 16, 3, 14, 16, 4, 10, 12, 10, 11, 8, 5, 8, 8, 7, 13, 14, 12, 3, 13, 8, 7, 5, 11, 6, 15, 4, 17, 11, 12, 10, 14, 9, 5, 6, 16, 5, 15, 3, 4, 17, 17, 18, 14, 10, 9, 9, 6, 9, 11, 4, 4, 15, 3, 10, 5, 4, 3, 9, 3 ], [ 13, 13, 6, 9, 14, 2, 9, 3, 9, 8, 11, 13, 12, 5, 7, 9, 4, 12, 7, 3, 10, 14, 12, 15, 12, 0, 2, 13, 6, 10, 6, 12, 4, 11, 16, 15, 10, 8, 4, 8, 12, 8, 4, 9, 3, 6, 4, 7, 6, 14, 10, 5, 10, 3, 10, 10, 12, 8, 4, 16, 8, 3, 8, 8, 9, 7, 1, 15, 4, 5, 15, 8, 6, 7, 10, 5, 9, 10, 12, 12, 12, 2, 5, 3, 15, 9, 3, 5, 8, 8, 9, 9, 13, 11, 9, 12, 16, 10 ], [ 11, 11, 4, 8, 12, 4, 7, 3, 7, 6, 9, 11, 10, 3, 7, 9, 5, 10, 5, 5, 8, 12, 10, 13, 11, 2, 0, 10, 4, 9, 4, 10, 5, 10, 13, 12, 10, 7, 5, 8, 11, 7, 5, 7, 1, 5, 4, 5, 6, 12, 7, 3, 9, 5, 9, 8, 10, 6, 3, 14, 6, 2, 7, 7, 7, 7, 1, 13, 4, 4, 13, 6, 4, 7, 8, 5, 7, 9, 11, 11, 11, 4, 2, 2, 12, 6, 3, 6, 6, 6, 8, 8, 11, 10, 7, 11, 14, 9 ], [ 2, 14, 9, 9, 10, 13, 7, 12, 8, 11, 2, 4, 5, 8, 12, 15, 14, 2, 7, 16, 9, 10, 1, 7, 5, 13, 10, 0, 6, 10, 7, 10, 14, 10, 10, 5, 15, 8, 14, 14, 8, 12, 16, 3, 10, 10, 12, 9, 10, 1, 5, 7, 11, 14, 11, 9, 1, 10, 9, 4, 5, 10, 9, 13, 4, 16, 12, 8, 11, 13, 5, 5, 7, 14, 3, 13, 4, 8, 13, 14, 15, 14, 9, 10, 5, 4, 11, 14, 6, 6, 13, 6, 6, 9, 3, 7, 5, 7 ], [ 6, 11, 3, 7, 10, 7, 4, 6, 4, 6, 5, 7, 7, 2, 8, 10, 9, 5, 2, 9, 6, 9, 6, 10, 7, 6, 4, 6, 0, 8, 1, 8, 9, 8, 11, 8, 10, 6, 8, 9, 8, 7, 10, 4, 4, 5, 7, 4, 6, 7, 4, 1, 9, 9, 7, 6, 6, 6, 3, 10, 2, 4, 6, 8, 4, 10, 5, 9, 7, 7, 9, 2, 3, 9, 4, 7, 4, 7, 10, 10, 11, 8, 3, 4, 8, 2, 5, 9, 4, 4, 8, 6, 7, 9, 3, 9, 10, 7 ], [ 12, 19, 12, 1, 18, 9, 13, 12, 13, 14, 10, 13, 13, 10, 4, 17, 8, 11, 10, 13, 15, 17, 10, 17, 6, 10, 9, 10, 8, 0, 8, 16, 8, 16, 18, 15, 18, 3, 14, 17, 3, 15, 13, 7, 10, 13, 6, 13, 3, 10, 11, 8, 1, 10, 16, 15, 9, 14, 7, 13, 7, 11, 2, 16, 6, 16, 9, 17, 6, 13, 14, 7, 5, 16, 9, 14, 6, 2, 19, 19, 19, 12, 10, 7, 14, 9, 6, 7, 4, 5, 17, 4, 14, 1, 8, 4, 15, 3 ], [ 7, 11, 3, 7, 10, 7, 4, 5, 5, 6, 5, 7, 7, 1, 8, 9, 8, 6, 2, 9, 6, 10, 7, 10, 8, 6, 4, 7, 1, 8, 0, 8, 8, 8, 11, 9, 10, 6, 7, 9, 9, 7, 9, 4, 3, 5, 7, 4, 6, 8, 4, 1, 9, 8, 7, 6, 6, 6, 3, 10, 3, 4, 6, 8, 4, 10, 5, 10, 6, 6, 10, 2, 3, 9, 4, 7, 4, 7, 10, 10, 11, 8, 3, 4, 9, 3, 5, 9, 4, 4, 8, 6, 7, 9, 4, 9, 10, 7 ], [ 8, 4, 6, 15, 3, 13, 4, 9, 3, 4, 8, 7, 5, 7, 16, 7, 15, 8, 6, 13, 2, 3, 9, 6, 13, 12, 10, 10, 8, 16, 8, 0, 15, 0, 4, 7, 6, 13, 10, 7, 16, 4, 13, 10, 9, 5, 14, 4, 14, 11, 6, 9, 17, 14, 2, 1, 10, 4, 11, 11, 10, 8, 14, 6, 10, 10, 11, 4, 14, 8, 9, 9, 11, 8, 8, 8, 10, 15, 4, 4, 5, 12, 7, 11, 7, 7, 12, 16, 12, 11, 4, 13, 4, 16, 9, 15, 9, 14 ], [ 15, 16, 9, 8, 18, 2, 12, 7, 12, 11, 13, 15, 15, 8, 5, 13, 1, 14, 10, 5, 13, 17, 14, 18, 13, 4, 5, 14, 9, 8, 8, 15, 0, 15, 19, 17, 14, 7, 8, 12, 11, 12, 6, 11, 6, 10, 2, 10, 5, 15, 12, 7, 8, 2, 14, 13, 13, 11, 5, 18, 9, 7, 7, 11, 10, 10, 4, 18, 3, 8, 18, 9, 7, 11, 12, 9, 10, 9, 16, 16, 15, 4, 8, 4, 17, 11, 3, 2, 8, 9, 13, 10, 15, 9, 11, 12, 18, 10 ], [ 8, 4, 5, 15, 3, 13, 4, 9, 3, 4, 8, 7, 6, 7, 15, 6, 15, 8, 6, 13, 2, 3, 9, 6, 13, 11, 10, 10, 8, 16, 8, 0, 15, 0, 5, 7, 6, 13, 10, 7, 16, 4, 13, 10, 9, 5, 14, 4, 14, 11, 6, 9, 17, 14, 1, 1, 11, 4, 11, 12, 10, 8, 14, 6, 10, 10, 11, 5, 14, 8, 9, 9, 11, 7, 8, 8, 11, 15, 3, 4, 5, 12, 7, 11, 8, 7, 12, 16, 12, 11, 4, 13, 5, 16, 9, 16, 9, 14 ], [ 8, 7, 9, 17, 1, 17, 7, 13, 7, 9, 8, 6, 5, 11, 18, 11, 19, 8, 9, 17, 6, 2, 9, 3, 14, 16, 13, 10, 11, 18, 11, 4, 19, 5, 0, 5, 10, 16, 14, 11, 17, 9, 17, 11, 13, 9, 17, 8, 17, 10, 7, 12, 19, 18, 6, 5, 11, 8, 14, 10, 12, 12, 16, 10, 12, 15, 15, 2, 17, 13, 7, 11, 14, 12, 10, 13, 12, 16, 7, 7, 9, 16, 11, 14, 6, 9, 16, 19, 14, 13, 9, 14, 4, 18, 11, 17, 7, 16 ], [ 3, 11, 9, 14, 5, 16, 6, 13, 7, 10, 4, 2, 2, 9, 16, 13, 17, 4, 8, 17, 7, 6, 5, 2, 10, 15, 12, 5, 8, 15, 9, 7, 17, 7, 5, 0, 13, 12, 15, 13, 13, 11, 17, 7, 12, 10, 15, 9, 14, 5, 5, 10, 15, 17, 8, 7, 6, 9, 12, 5, 9, 12, 13, 12, 8, 16, 14, 4, 15, 13, 2, 8, 11, 14, 6, 14, 8, 13, 10, 11, 12, 16, 10, 13, 1, 6, 14, 17, 10, 10, 11, 10, 3, 14, 7, 12, 2, 12 ], [ 13, 3, 7, 17, 9, 12, 7, 7, 7, 4, 12, 12, 11, 9, 16, 1, 14, 12, 8, 10, 6, 8, 14, 12, 17, 10, 10, 15, 10, 18, 10, 6, 14, 6, 10, 13, 0, 15, 7, 2, 19, 3, 10, 13, 9, 5, 14, 6, 15, 16, 10, 10, 18, 13, 4, 6, 15, 4, 12, 17, 13, 8, 16, 3, 13, 6, 10, 10, 14, 6, 14, 12, 13, 3, 12, 5, 14, 17, 3, 3, 1, 10, 8, 11, 13, 11, 13, 16, 14, 14, 2, 16, 10, 19, 13, 19, 15, 17 ], [ 9, 16, 9, 2, 15, 8, 10, 10, 10, 12, 8, 11, 11, 7, 4, 15, 7, 9, 8, 11, 12, 15, 8, 14, 5, 8, 7, 8, 6, 3, 6, 13, 7, 13, 16, 12, 15, 0, 11, 14, 4, 13, 11, 5, 7, 10, 5, 10, 2, 9, 9, 5, 3, 8, 13, 12, 7, 11, 4, 12, 4, 8, 0, 13, 4, 14, 7, 14, 4, 11, 12, 5, 3, 14, 7, 12, 4, 2, 16, 16, 16, 10, 8, 5, 12, 6, 5, 6, 2, 3, 14, 3, 12, 3, 5, 5, 13, 2 ], [ 14, 9, 6, 13, 13, 6, 8, 2, 8, 6, 12, 13, 13, 6, 11, 5, 8, 13, 8, 4, 8, 12, 14, 15, 15, 4, 5, 14, 8, 14, 7, 10, 8, 10, 14, 15, 7, 11, 0, 4, 15, 6, 3, 12, 5, 5, 8, 6, 10, 15, 10, 7, 14, 6, 8, 9, 14, 6, 7, 17, 10, 4, 12, 4, 11, 2, 5, 14, 8, 1, 16, 10, 9, 3, 11, 1, 12, 13, 9, 9, 8, 3, 5, 6, 15, 10, 7, 10, 11, 11, 6, 13, 12, 14, 11, 16, 17, 13 ], [ 13, 5, 6, 16, 10, 10, 7, 5, 7, 4, 12, 12, 11, 7, 14, 1, 12, 12, 8, 8, 6, 9, 14, 13, 16, 8, 8, 14, 9, 17, 9, 7, 12, 7, 11, 13, 2, 14, 4, 0, 17, 3, 8, 13, 7, 4, 12, 5, 14, 15, 10, 9, 17, 10, 5, 6, 14, 4, 10, 17, 11, 6, 14, 1, 13, 4, 8, 11, 12, 4, 15, 11, 11, 1, 12, 3, 13, 16, 5, 5, 4, 8, 6, 9, 14, 10, 11, 14, 13, 12, 3, 15, 11, 17, 12, 18, 15, 15 ], [ 9, 19, 12, 3, 16, 12, 12, 13, 13, 15, 9, 11, 12, 10, 7, 18, 11, 9, 10, 15, 14, 16, 8, 15, 3, 12, 11, 8, 8, 3, 9, 16, 11, 16, 17, 13, 19, 4, 15, 17, 0, 16, 15, 6, 11, 13, 9, 13, 6, 8, 10, 8, 4, 12, 16, 14, 6, 14, 8, 10, 6, 12, 4, 16, 5, 18, 11, 15, 8, 15, 12, 7, 6, 17, 7, 15, 5, 2, 18, 19, 19, 14, 11, 9, 12, 8, 9, 10, 4, 5, 17, 3, 13, 2, 6, 1, 13, 2 ], [ 11, 4, 4, 14, 7, 10, 5, 5, 4, 1, 10, 10, 9, 6, 14, 3, 12, 10, 6, 9, 3, 7, 11, 10, 14, 8, 7, 12, 7, 15, 7, 4, 12, 4, 9, 11, 3, 13, 6, 3, 16, 0, 9, 10, 6, 2, 12, 3, 13, 13, 7, 8, 16, 11, 3, 4, 12, 1, 9, 14, 10, 6, 13, 2, 11, 6, 8, 9, 12, 4, 12, 9, 10, 3, 10, 4, 11, 14, 4, 4, 3, 9, 5, 9, 11, 8, 10, 14, 12, 11, 1, 13, 8, 16, 10, 16, 13, 14 ], [ 16, 13, 8, 13, 16, 4, 11, 4, 11, 9, 14, 16, 15, 8, 10, 9, 6, 15, 10, 1, 11, 16, 16, 18, 16, 4, 5, 16, 10, 13, 9, 13, 6, 13, 17, 17, 10, 11, 3, 8, 15, 9, 0, 13, 6, 8, 7, 9, 10, 17, 12, 9, 13, 4, 12, 12, 15, 9, 8, 19, 11, 6, 11, 8, 12, 5, 5, 17, 7, 5, 18, 11, 10, 7, 13, 5, 13, 13, 13, 13, 11, 2, 7, 6, 18, 12, 7, 8, 12, 11, 10, 13, 15, 14, 13, 16, 19, 14 ], [ 4, 13, 7, 6, 10, 10, 6, 10, 7, 9, 3, 5, 6, 5, 9, 13, 11, 4, 5, 13, 8, 10, 3, 9, 4, 9, 7, 3, 4, 7, 4, 10, 11, 10, 11, 7, 13, 5, 12, 13, 6, 10, 13, 0, 7, 8, 9, 7, 7, 4, 4, 4, 8, 11, 10, 8, 2, 9, 6, 7, 2, 8, 6, 11, 1, 14, 9, 9, 8, 11, 7, 2, 4, 12, 2, 11, 1, 5, 13, 13, 14, 11, 7, 7, 7, 2, 7, 10, 3, 2, 11, 3, 7, 7, 1, 6, 8, 4 ], [ 10, 11, 3, 9, 12, 4, 6, 3, 6, 6, 9, 10, 10, 2, 7, 8, 6, 9, 4, 6, 7, 11, 10, 13, 10, 3, 1, 10, 4, 10, 3, 9, 6, 9, 13, 12, 9, 7, 5, 7, 11, 6, 6, 7, 0, 4, 5, 4, 6, 11, 7, 3, 10, 5, 8, 7, 10, 6, 3, 13, 6, 1, 7, 6, 7, 7, 2, 12, 5, 4, 13, 5, 5, 7, 7, 4, 7, 9, 10, 10, 10, 4, 2, 2, 12, 6, 4, 7, 6, 6, 8, 8, 10, 10, 7, 11, 13, 9 ], [ 9, 6, 2, 12, 8, 8, 4, 4, 3, 1, 8, 9, 8, 3, 11, 5, 10, 8, 4, 8, 4, 8, 10, 10, 12, 6, 5, 10, 5, 13, 5, 5, 10, 5, 9, 10, 5, 10, 5, 4, 13, 2, 8, 8, 4, 0, 9, 1, 10, 11, 6, 5, 13, 9, 4, 4, 10, 2, 7, 13, 7, 3, 11, 3, 8, 6, 6, 9, 9, 3, 11, 7, 8, 4, 8, 4, 9, 12, 6, 6, 6, 7, 3, 6, 10, 6, 8, 11, 9, 8, 4, 10, 7, 13, 8, 14, 12, 11 ], [ 13, 16, 8, 6, 16, 3, 11, 7, 11, 11, 11, 13, 13, 7, 3, 13, 2, 12, 9, 6, 12, 16, 12, 17, 10, 4, 4, 12, 7, 6, 7, 14, 2, 14, 17, 15, 14, 5, 8, 12, 9, 12, 7, 9, 5, 9, 0, 9, 3, 13, 10, 6, 6, 3, 13, 12, 11, 11, 4, 16, 7, 6, 5, 11, 8, 10, 3, 16, 1, 8, 16, 7, 5, 11, 10, 9, 8, 7, 15, 15, 15, 5, 7, 3, 15, 9, 2, 2, 6, 6, 13, 7, 14, 7, 9, 10, 17, 7 ], [ 8, 7, 1, 11, 7, 9, 2, 5, 2, 2, 7, 7, 6, 3, 11, 6, 11, 7, 2, 9, 3, 7, 8, 9, 11, 7, 5, 9, 4, 13, 4, 4, 10, 4, 8, 9, 6, 10, 6, 5, 13, 3, 9, 7, 4, 1, 9, 0, 10, 10, 4, 5, 13, 10, 4, 3, 9, 2, 6, 12, 7, 4, 10, 4, 7, 7, 7, 8, 9, 5, 10, 6, 7, 6, 7, 5, 8, 11, 6, 6, 7, 8, 3, 6, 9, 5, 8, 12, 8, 8, 4, 10, 6, 13, 7, 13, 10, 11 ], [ 11, 17, 9, 3, 16, 6, 11, 9, 11, 12, 10, 12, 12, 7, 2, 14, 5, 10, 8, 9, 12, 16, 10, 16, 8, 6, 6, 10, 6, 3, 6, 14, 5, 14, 17, 14, 15, 2, 10, 14, 6, 13, 10, 7, 6, 10, 3, 10, 0, 11, 10, 5, 3, 6, 14, 13, 9, 12, 4, 13, 5, 7, 2, 13, 6, 13, 6, 15, 3, 10, 14, 6, 3, 13, 8, 11, 6, 4, 16, 16, 16, 8, 7, 4, 14, 8, 3, 4, 4, 4, 14, 5, 13, 4, 7, 7, 15, 4 ], [ 3, 15, 10, 10, 10, 14, 8, 13, 9, 12, 3, 4, 5, 9, 12, 16, 15, 3, 8, 17, 10, 10, 2, 8, 5, 14, 12, 1, 7, 10, 8, 11, 15, 11, 10, 5, 16, 9, 15, 15, 8, 13, 17, 4, 11, 11, 13, 10, 11, 0, 6, 8, 11, 15, 11, 10, 2, 11, 10, 3, 6, 11, 9, 14, 5, 17, 13, 9, 12, 14, 4, 6, 8, 15, 4, 14, 5, 8, 14, 14, 16, 15, 10, 11, 5, 5, 12, 15, 7, 7, 14, 6, 7, 10, 4, 7, 5, 7 ], [ 4, 9, 4, 10, 7, 11, 2, 8, 3, 6, 3, 3, 3, 4, 11, 10, 12, 3, 3, 12, 4, 6, 4, 6, 8, 10, 7, 5, 4, 11, 4, 6, 12, 6, 7, 5, 10, 9, 10, 10, 10, 7, 12, 4, 7, 6, 10, 4, 10, 6, 0, 5, 12, 12, 6, 4, 5, 6, 7, 7, 5, 7, 9, 8, 5, 12, 9, 6, 10, 9, 6, 4, 6, 10, 3, 9, 5, 9, 9, 9, 10, 11, 5, 8, 5, 2, 9, 12, 7, 6, 8, 7, 3, 11, 4, 10, 7, 8 ], [ 8, 11, 4, 7, 11, 6, 5, 5, 5, 6, 6, 8, 8, 2, 7, 10, 7, 7, 3, 8, 7, 10, 7, 11, 8, 5, 3, 7, 1, 8, 1, 9, 7, 9, 12, 10, 10, 5, 7, 9, 8, 8, 9, 4, 3, 5, 6, 5, 5, 8, 5, 0, 8, 7, 8, 7, 7, 6, 2, 11, 3, 3, 6, 8, 4, 10, 4, 10, 5, 6, 10, 3, 2, 9, 5, 7, 4, 7, 11, 11, 11, 7, 3, 3, 10, 3, 4, 8, 4, 3, 9, 5, 8, 8, 4, 9, 11, 6 ], [ 12, 20, 12, 2, 18, 9, 13, 12, 13, 15, 11, 14, 14, 10, 3, 18, 7, 12, 11, 12, 15, 18, 11, 17, 7, 10, 9, 11, 9, 1, 9, 17, 8, 17, 19, 15, 18, 3, 14, 17, 4, 16, 13, 8, 10, 13, 6, 13, 3, 11, 12, 8, 0, 9, 16, 15, 10, 15, 7, 14, 7, 11, 3, 16, 7, 16, 9, 18, 6, 13, 15, 8, 6, 16, 10, 14, 7, 3, 19, 19, 19, 11, 11, 7, 15, 10, 6, 6, 5, 6, 17, 5, 15, 2, 9, 5, 16, 4 ], [ 15, 15, 9, 9, 17, 1, 11, 6, 11, 10, 13, 15, 15, 8, 6, 11, 2, 14, 10, 3, 12, 16, 14, 18, 13, 3, 5, 14, 9, 10, 8, 14, 2, 14, 18, 17, 13, 8, 6, 10, 12, 11, 4, 11, 5, 9, 3, 10, 6, 15, 12, 7, 9, 0, 13, 13, 14, 11, 6, 18, 9, 6, 8, 10, 10, 8, 3, 17, 4, 7, 18, 10, 7, 10, 12, 7, 11, 10, 15, 15, 14, 3, 7, 4, 17, 11, 4, 4, 9, 9, 12, 10, 15, 11, 11, 13, 18, 11 ], [ 9, 3, 5, 15, 5, 12, 4, 7, 3, 3, 8, 8, 7, 6, 15, 5, 14, 8, 5, 12, 1, 4, 10, 8, 14, 10, 9, 11, 7, 16, 7, 2, 14, 1, 6, 8, 4, 13, 8, 5, 16, 3, 12, 10, 8, 4, 13, 4, 14, 11, 6, 8, 16, 13, 0, 2, 11, 2, 10, 12, 10, 7, 14, 4, 10, 9, 10, 6, 13, 7, 10, 9, 11, 6, 9, 7, 11, 14, 3, 3, 4, 11, 6, 10, 9, 8, 12, 15, 12, 11, 3, 13, 6, 16, 9, 16, 10, 14 ], [ 7, 5, 4, 14, 4, 12, 2, 8, 2, 3, 7, 6, 5, 6, 14, 6, 14, 7, 4, 12, 0, 4, 8, 6, 12, 10, 8, 9, 6, 15, 6, 1, 13, 1, 5, 7, 6, 12, 9, 6, 14, 4, 12, 8, 7, 4, 12, 3, 13, 10, 4, 7, 15, 13, 2, 0, 9, 3, 9, 11, 8, 7, 12, 5, 9, 9, 10, 5, 12, 7, 8, 8, 9, 7, 7, 7, 9, 13, 4, 5, 6, 11, 6, 9, 7, 6, 11, 15, 10, 10, 4, 11, 4, 15, 8, 14, 9, 12 ], [ 3, 14, 9, 8, 11, 13, 7, 12, 8, 11, 3, 5, 6, 8, 10, 15, 13, 3, 7, 15, 10, 10, 2, 9, 3, 12, 10, 1, 6, 9, 6, 10, 13, 11, 11, 6, 15, 7, 14, 14, 6, 12, 15, 2, 10, 10, 11, 9, 9, 2, 5, 7, 10, 14, 11, 9, 0, 11, 8, 5, 4, 10, 7, 13, 3, 16, 11, 9, 10, 13, 6, 4, 6, 14, 2, 13, 3, 7, 14, 14, 15, 14, 9, 9, 6, 4, 10, 13, 5, 5, 13, 5, 7, 8, 3, 6, 7, 5 ], [ 9, 5, 3, 13, 7, 10, 3, 5, 2, 0, 8, 8, 7, 5, 13, 4, 12, 8, 4, 9, 2, 6, 10, 9, 13, 8, 6, 10, 6, 14, 6, 4, 11, 4, 8, 9, 4, 11, 6, 4, 14, 1, 9, 9, 6, 2, 11, 2, 12, 11, 6, 6, 15, 11, 2, 3, 11, 0, 8, 13, 8, 5, 12, 3, 9, 7, 8, 8, 11, 5, 11, 8, 9, 4, 8, 5, 10, 13, 5, 5, 5, 9, 4, 8, 10, 7, 9, 13, 10, 9, 2, 11, 7, 15, 8, 14, 11, 12 ], [ 9, 13, 5, 6, 13, 5, 7, 5, 7, 8, 8, 10, 10, 3, 5, 11, 5, 8, 5, 7, 9, 12, 9, 13, 8, 4, 3, 9, 3, 7, 3, 11, 5, 11, 14, 12, 12, 4, 7, 10, 8, 9, 8, 6, 3, 7, 4, 6, 4, 10, 7, 2, 7, 6, 10, 9, 8, 8, 0, 12, 4, 4, 4, 9, 5, 10, 3, 13, 3, 7, 12, 4, 2, 9, 6, 7, 5, 6, 12, 13, 12, 6, 4, 1, 12, 5, 2, 6, 4, 4, 10, 5, 10, 7, 6, 8, 13, 6 ], [ 4, 15, 12, 12, 10, 17, 10, 15, 10, 13, 5, 5, 6, 11, 15, 17, 17, 5, 10, 19, 11, 10, 4, 7, 7, 16, 14, 4, 10, 13, 10, 11, 18, 12, 10, 5, 17, 12, 17, 17, 10, 14, 19, 7, 13, 13, 16, 12, 13, 3, 7, 11, 14, 18, 12, 11, 5, 13, 12, 0, 9, 14, 12, 16, 8, 19, 15, 8, 15, 16, 3, 8, 11, 17, 6, 16, 8, 11, 15, 15, 17, 18, 12, 14, 4, 8, 14, 17, 10, 9, 15, 9, 7, 12, 7, 10, 3, 10 ], [ 6, 13, 6, 5, 11, 8, 6, 8, 7, 8, 5, 7, 7, 4, 7, 12, 9, 5, 4, 11, 8, 11, 5, 10, 5, 8, 6, 5, 2, 7, 3, 10, 9, 10, 12, 9, 13, 4, 10, 11, 6, 10, 11, 2, 6, 7, 7, 7, 5, 6, 5, 3, 7, 9, 10, 8, 4, 8, 4, 9, 0, 6, 4, 10, 1, 12, 7, 10, 6, 9, 9, 1, 2, 11, 3, 10, 2, 5, 12, 13, 13, 10, 5, 5, 8, 2, 6, 9, 2, 1, 11, 3, 8, 7, 2, 6, 10, 4 ], [ 10, 10, 3, 10, 11, 5, 6, 2, 5, 5, 9, 10, 9, 3, 8, 7, 7, 9, 4, 6, 6, 10, 10, 12, 11, 3, 2, 10, 4, 11, 4, 8, 7, 8, 12, 12, 8, 8, 4, 6, 12, 6, 6, 8, 1, 3, 6, 4, 7, 11, 7, 3, 11, 6, 7, 7, 10, 5, 4, 14, 6, 0, 8, 5, 7, 6, 3, 11, 6, 3, 13, 6, 5, 6, 8, 4, 8, 10, 9, 9, 9, 4, 1, 3, 12, 6, 5, 8, 7, 7, 7, 9, 10, 11, 7, 12, 13, 10 ], [ 10, 17, 9, 1, 15, 8, 10, 10, 11, 12, 9, 11, 11, 7, 3, 15, 7, 9, 8, 11, 12, 15, 9, 15, 6, 8, 7, 9, 6, 2, 6, 14, 7, 14, 16, 13, 16, 0, 12, 14, 4, 13, 11, 6, 7, 11, 5, 10, 2, 9, 9, 6, 3, 8, 14, 12, 7, 12, 4, 12, 4, 8, 0, 13, 5, 14, 7, 15, 4, 11, 13, 5, 3, 14, 7, 12, 5, 2, 16, 16, 17, 10, 8, 5, 13, 7, 5, 6, 2, 3, 14, 3, 12, 3, 6, 5, 14, 2 ], [ 12, 5, 5, 15, 9, 9, 6, 5, 5, 2, 11, 11, 10, 6, 14, 2, 12, 11, 7, 8, 5, 9, 13, 12, 15, 8, 7, 13, 8, 16, 8, 6, 11, 6, 10, 12, 3, 13, 4, 1, 16, 2, 8, 11, 6, 3, 11, 4, 13, 14, 8, 8, 16, 10, 4, 5, 13, 3, 9, 16, 10, 5, 13, 0, 11, 4, 8, 10, 11, 3, 14, 10, 10, 2, 11, 3, 12, 15, 5, 5, 4, 8, 5, 9, 13, 9, 10, 13, 12, 11, 2, 13, 10, 16, 11, 17, 14, 14 ], [ 5, 14, 7, 5, 11, 9, 7, 9, 7, 9, 4, 6, 7, 5, 8, 13, 10, 5, 5, 12, 9, 11, 4, 10, 4, 9, 7, 4, 4, 6, 4, 10, 10, 10, 12, 8, 13, 4, 11, 13, 5, 11, 12, 1, 7, 8, 8, 7, 6, 5, 5, 4, 7, 10, 10, 9, 3, 9, 5, 8, 1, 7, 5, 11, 0, 13, 8, 10, 7, 10, 8, 2, 3, 12, 2, 11, 0, 5, 13, 13, 14, 11, 6, 6, 8, 3, 7, 9, 2, 1, 12, 3, 8, 6, 1, 5, 9, 4 ], [ 15, 9, 7, 15, 13, 8, 10, 4, 9, 6, 14, 15, 14, 8, 13, 4, 10, 14, 9, 5, 9, 13, 16, 16, 17, 7, 7, 16, 10, 16, 10, 10, 10, 10, 15, 16, 6, 14, 2, 4, 18, 6, 5, 14, 7, 6, 10, 7, 13, 17, 12, 10, 16, 8, 9, 9, 16, 7, 10, 19, 12, 6, 14, 4, 13, 0, 7, 14, 11, 3, 17, 12, 12, 3, 13, 3, 14, 16, 9, 9, 7, 5, 7, 9, 16, 12, 10, 12, 13, 13, 6, 15, 13, 17, 13, 18, 18, 16 ], [ 12, 12, 6, 8, 14, 2, 8, 3, 8, 7, 10, 12, 12, 5, 6, 9, 4, 11, 6, 4, 9, 13, 11, 15, 11, 1, 1, 12, 5, 9, 5, 11, 4, 11, 15, 14, 10, 7, 5, 8, 11, 8, 5, 9, 2, 6, 3, 7, 6, 13, 9, 4, 9, 3, 10, 10, 11, 8, 3, 15, 7, 3, 7, 8, 8, 7, 0, 14, 4, 5, 15, 7, 5, 8, 9, 5, 8, 9, 12, 12, 12, 3, 4, 2, 14, 8, 3, 5, 7, 7, 9, 8, 12, 10, 8, 11, 15, 9 ], [ 6, 8, 8, 16, 2, 16, 6, 12, 6, 8, 7, 4, 3, 9, 17, 11, 18, 6, 8, 17, 5, 2, 8, 2, 12, 15, 13, 8, 9, 17, 10, 4, 18, 5, 2, 4, 10, 14, 14, 11, 15, 9, 17, 9, 12, 9, 16, 8, 15, 9, 6, 10, 18, 17, 6, 5, 9, 8, 13, 8, 10, 11, 15, 10, 10, 14, 14, 0, 16, 12, 5, 10, 12, 12, 8, 12, 10, 15, 8, 8, 10, 16, 10, 13, 4, 8, 15, 18, 12, 11, 9, 13, 2, 17, 9, 15, 5, 14 ], [ 12, 16, 8, 5, 16, 3, 10, 7, 10, 11, 11, 13, 13, 7, 3, 13, 2, 11, 8, 7, 12, 16, 11, 16, 10, 4, 4, 11, 7, 6, 6, 14, 3, 14, 17, 15, 14, 4, 8, 12, 8, 12, 7, 8, 5, 9, 1, 9, 3, 12, 10, 5, 6, 4, 13, 12, 10, 11, 3, 15, 6, 6, 4, 11, 7, 11, 4, 16, 0, 8, 15, 7, 4, 11, 9, 9, 8, 6, 15, 15, 15, 6, 7, 3, 15, 8, 1, 2, 6, 6, 13, 7, 14, 7, 8, 9, 16, 7 ], [ 12, 8, 4, 12, 11, 6, 7, 1, 6, 4, 11, 12, 11, 5, 11, 5, 9, 11, 6, 5, 7, 11, 13, 13, 14, 5, 4, 13, 7, 13, 6, 8, 8, 8, 13, 13, 6, 11, 1, 4, 15, 4, 5, 11, 4, 3, 8, 5, 10, 14, 9, 6, 13, 7, 7, 7, 13, 5, 7, 16, 9, 3, 11, 3, 10, 3, 5, 12, 8, 0, 15, 9, 8, 3, 10, 1, 11, 13, 8, 8, 7, 4, 4, 6, 14, 9, 7, 10, 10, 10, 5, 12, 11, 14, 10, 15, 15, 13 ], [ 3, 13, 10, 13, 7, 17, 8, 14, 8, 11, 4, 3, 4, 10, 16, 15, 18, 4, 9, 18, 9, 7, 4, 4, 9, 15, 13, 5, 9, 14, 10, 9, 18, 9, 7, 2, 14, 12, 16, 15, 12, 12, 18, 7, 13, 11, 16, 10, 14, 4, 6, 10, 15, 18, 10, 8, 6, 11, 12, 3, 9, 13, 13, 14, 8, 17, 15, 5, 15, 15, 0, 8, 11, 15, 6, 15, 8, 12, 12, 12, 14, 17, 11, 13, 1, 7, 14, 18, 10, 10, 12, 10, 4, 14, 7, 12, 1, 11 ], [ 5, 12, 5, 6, 10, 9, 5, 8, 6, 8, 4, 6, 6, 4, 8, 12, 9, 4, 4, 11, 7, 10, 5, 10, 5, 8, 6, 5, 2, 7, 2, 9, 9, 9, 11, 8, 12, 5, 10, 11, 7, 9, 11, 2, 5, 7, 7, 6, 6, 6, 4, 3, 8, 10, 9, 8, 4, 8, 4, 8, 1, 6, 5, 10, 2, 12, 7, 10, 7, 9, 8, 0, 3, 11, 2, 9, 2, 6, 12, 12, 12, 10, 5, 5, 8, 2, 6, 9, 3, 2, 10, 4, 7, 7, 2, 7, 9, 5 ], [ 8, 14, 6, 4, 13, 6, 7, 7, 8, 9, 7, 9, 9, 4, 5, 12, 7, 7, 5, 9, 9, 12, 7, 12, 6, 6, 4, 7, 3, 5, 3, 11, 7, 11, 14, 11, 13, 3, 9, 11, 6, 10, 10, 4, 5, 8, 5, 7, 3, 8, 6, 2, 6, 7, 11, 9, 6, 9, 2, 11, 2, 5, 3, 10, 3, 12, 5, 12, 4, 8, 11, 3, 0, 11, 5, 9, 3, 4, 13, 13, 14, 8, 5, 3, 11, 4, 3, 6, 2, 2, 11, 3, 10, 6, 4, 7, 12, 4 ], [ 14, 6, 6, 15, 11, 9, 8, 4, 7, 4, 12, 13, 12, 7, 14, 2, 11, 13, 8, 7, 7, 10, 14, 13, 16, 7, 7, 14, 9, 16, 9, 8, 11, 7, 12, 14, 3, 14, 3, 1, 17, 3, 7, 12, 7, 4, 11, 6, 13, 15, 10, 9, 16, 10, 6, 7, 14, 4, 9, 17, 11, 6, 14, 2, 12, 3, 8, 12, 11, 3, 15, 11, 11, 0, 12, 2, 13, 15, 6, 6, 5, 7, 6, 9, 14, 10, 10, 13, 13, 12, 4, 14, 11, 17, 12, 17, 16, 15 ], [ 3, 12, 6, 8, 9, 11, 5, 10, 6, 8, 2, 4, 5, 5, 10, 12, 12, 2, 4, 13, 7, 9, 2, 8, 5, 10, 8, 3, 4, 9, 4, 8, 12, 8, 10, 6, 12, 7, 11, 12, 7, 10, 13, 2, 7, 8, 10, 7, 8, 4, 3, 5, 10, 12, 9, 7, 2, 8, 6, 6, 3, 8, 7, 11, 2, 13, 9, 8, 9, 10, 6, 2, 5, 12, 0, 11, 3, 7, 12, 12, 13, 12, 6, 8, 6, 2, 8, 12, 5, 4, 10, 5, 6, 9, 1, 7, 7, 6 ], [ 13, 8, 5, 13, 12, 7, 7, 2, 7, 4, 12, 12, 11, 6, 11, 4, 9, 12, 7, 5, 7, 11, 13, 14, 15, 5, 5, 13, 7, 14, 7, 8, 9, 8, 13, 14, 5, 12, 1, 3, 15, 4, 5, 11, 4, 4, 9, 5, 11, 14, 9, 7, 14, 7, 7, 7, 13, 5, 7, 16, 10, 4, 12, 3, 11, 3, 5, 12, 9, 1, 15, 9, 9, 2, 11, 0, 11, 13, 8, 8, 7, 5, 4, 7, 14, 9, 8, 11, 11, 10, 5, 12, 11, 15, 11, 16, 15, 13 ], [ 5, 14, 7, 5, 11, 10, 7, 10, 8, 10, 4, 6, 7, 6, 8, 13, 10, 5, 5, 12, 9, 11, 4, 10, 3, 9, 7, 4, 4, 6, 4, 10, 10, 11, 12, 8, 14, 4, 12, 13, 5, 11, 13, 1, 7, 9, 8, 8, 6, 5, 5, 4, 7, 11, 11, 9, 3, 10, 5, 8, 2, 8, 5, 12, 0, 14, 8, 10, 8, 11, 8, 2, 3, 13, 3, 11, 0, 4, 13, 14, 14, 11, 7, 6, 8, 3, 7, 10, 2, 2, 12, 2, 8, 6, 1, 5, 9, 4 ], [ 10, 18, 10, 1, 16, 9, 11, 11, 11, 13, 8, 11, 11, 8, 5, 16, 8, 9, 9, 13, 13, 16, 8, 15, 4, 10, 9, 8, 7, 2, 7, 15, 9, 15, 16, 13, 17, 2, 13, 16, 2, 14, 13, 5, 9, 12, 7, 11, 4, 8, 9, 7, 3, 10, 14, 13, 7, 13, 6, 11, 5, 10, 2, 15, 5, 16, 9, 15, 6, 13, 12, 6, 4, 15, 7, 13, 4, 0, 17, 17, 18, 12, 9, 7, 12, 7, 6, 7, 3, 4, 15, 2, 12, 2, 6, 3, 13, 1 ], [ 12, 1, 7, 17, 6, 14, 6, 9, 6, 5, 11, 10, 9, 9, 17, 4, 16, 11, 8, 13, 4, 5, 13, 9, 17, 12, 11, 13, 10, 19, 10, 4, 16, 3, 7, 10, 3, 16, 9, 5, 18, 4, 13, 13, 10, 6, 15, 6, 16, 14, 9, 11, 19, 15, 3, 4, 14, 5, 12, 15, 12, 9, 16, 5, 13, 9, 12, 8, 15, 8, 12, 12, 13, 6, 12, 8, 13, 17, 0, 0, 2, 12, 9, 12, 11, 10, 14, 17, 14, 14, 3, 16, 8, 19, 12, 18, 12, 17 ], [ 12, 0, 7, 18, 6, 14, 7, 9, 6, 5, 11, 11, 9, 9, 17, 4, 16, 11, 8, 13, 5, 6, 13, 9, 17, 12, 11, 14, 10, 19, 10, 4, 16, 4, 7, 11, 3, 16, 9, 5, 19, 4, 13, 13, 10, 6, 15, 6, 16, 14, 9, 11, 19, 15, 3, 5, 14, 5, 13, 15, 13, 9, 16, 5, 13, 9, 12, 8, 15, 8, 12, 12, 13, 6, 12, 8, 14, 17, 0, 0, 2, 12, 9, 12, 11, 11, 14, 17, 15, 14, 3, 16, 8, 19, 12, 19, 13, 17 ], [ 13, 2, 7, 18, 8, 13, 8, 8, 7, 5, 12, 12, 11, 9, 17, 3, 16, 12, 9, 12, 6, 7, 14, 11, 18, 12, 11, 15, 11, 19, 11, 5, 15, 5, 9, 12, 1, 16, 8, 4, 19, 3, 11, 14, 10, 6, 15, 7, 16, 16, 10, 11, 19, 14, 4, 6, 15, 5, 12, 17, 13, 9, 17, 4, 14, 7, 12, 10, 15, 7, 14, 12, 14, 5, 13, 7, 14, 18, 2, 2, 0, 11, 9, 12, 13, 11, 14, 17, 15, 14, 2, 16, 10, 19, 13, 19, 14, 17 ], [ 14, 13, 7, 11, 15, 3, 10, 3, 10, 8, 13, 14, 14, 7, 8, 9, 5, 13, 9, 1, 11, 15, 14, 17, 14, 2, 4, 14, 8, 12, 8, 12, 4, 12, 16, 16, 10, 10, 3, 8, 14, 9, 2, 11, 4, 7, 5, 8, 8, 15, 11, 7, 11, 3, 11, 11, 14, 9, 6, 18, 10, 4, 10, 8, 11, 5, 3, 16, 6, 4, 17, 10, 8, 7, 12, 5, 11, 12, 12, 12, 11, 0, 6, 5, 16, 10, 5, 7, 10, 10, 9, 11, 14, 12, 11, 14, 18, 12 ], [ 9, 9, 2, 9, 10, 6, 4, 3, 4, 4, 7, 9, 8, 1, 9, 7, 8, 8, 3, 7, 5, 9, 9, 11, 10, 5, 2, 9, 3, 10, 3, 7, 8, 7, 11, 10, 8, 8, 5, 6, 11, 5, 7, 7, 2, 3, 7, 3, 7, 10, 5, 3, 11, 7, 6, 6, 9, 4, 4, 12, 5, 1, 8, 5, 6, 7, 4, 10, 7, 4, 11, 5, 5, 6, 6, 4, 7, 9, 9, 9, 9, 6, 0, 4, 10, 5, 5, 9, 7, 6, 6, 8, 8, 11, 6, 11, 12, 9 ], [ 10, 13, 5, 7, 13, 3, 8, 5, 8, 8, 9, 11, 11, 4, 5, 10, 4, 9, 6, 6, 9, 13, 10, 14, 9, 3, 2, 10, 4, 7, 4, 11, 4, 11, 14, 13, 11, 5, 6, 9, 9, 9, 6, 7, 2, 6, 3, 6, 4, 11, 8, 3, 7, 4, 10, 9, 9, 8, 1, 14, 5, 3, 5, 9, 6, 9, 2, 13, 3, 6, 13, 5, 3, 9, 8, 7, 6, 7, 12, 12, 12, 5, 4, 0, 13, 6, 2, 5, 5, 5, 10, 7, 11, 8, 7, 10, 14, 7 ], [ 3, 11, 9, 13, 6, 16, 7, 13, 7, 10, 4, 2, 2, 9, 15, 14, 17, 3, 8, 17, 8, 6, 4, 3, 9, 15, 12, 5, 8, 14, 9, 7, 17, 8, 6, 1, 13, 12, 15, 14, 12, 11, 18, 7, 12, 10, 15, 9, 14, 5, 5, 10, 15, 17, 9, 7, 6, 10, 12, 4, 8, 12, 13, 13, 8, 16, 14, 4, 15, 14, 1, 8, 11, 14, 6, 14, 8, 12, 11, 11, 13, 16, 10, 13, 0, 6, 14, 17, 10, 9, 11, 10, 3, 14, 7, 12, 2, 11 ], [ 4, 11, 5, 8, 9, 10, 4, 8, 5, 7, 3, 4, 5, 4, 9, 11, 11, 3, 3, 12, 6, 8, 4, 8, 6, 9, 6, 4, 2, 9, 3, 7, 11, 7, 9, 6, 11, 6, 10, 10, 8, 8, 12, 2, 6, 6, 9, 5, 8, 5, 2, 3, 10, 11, 8, 6, 4, 7, 5, 8, 2, 6, 7, 9, 3, 12, 8, 8, 8, 9, 7, 2, 4, 10, 2, 9, 3, 7, 10, 11, 11, 10, 5, 6, 6, 0, 7, 11, 5, 4, 9, 5, 5, 9, 2, 8, 8, 6 ], [ 11, 14, 7, 6, 15, 3, 9, 6, 9, 9, 10, 12, 12, 5, 4, 12, 3, 10, 7, 6, 11, 14, 11, 15, 9, 3, 3, 11, 5, 6, 5, 12, 3, 12, 16, 14, 13, 5, 7, 11, 9, 10, 7, 7, 4, 8, 2, 8, 3, 12, 9, 4, 6, 4, 12, 11, 10, 9, 2, 14, 6, 5, 5, 10, 7, 10, 3, 15, 1, 7, 14, 6, 3, 10, 8, 8, 7, 6, 14, 14, 14, 5, 5, 2, 14, 7, 0, 4, 5, 5, 11, 7, 12, 7, 7, 9, 15, 7 ], [ 15, 18, 11, 6, 18, 4, 13, 9, 13, 13, 13, 15, 15, 9, 3, 15, 2, 14, 11, 7, 14, 18, 14, 19, 11, 5, 6, 14, 9, 7, 9, 16, 2, 16, 19, 17, 16, 6, 10, 14, 10, 14, 8, 10, 7, 11, 2, 12, 4, 15, 12, 8, 6, 4, 15, 15, 13, 13, 6, 17, 9, 8, 6, 13, 9, 12, 5, 18, 2, 10, 18, 9, 6, 13, 12, 11, 10, 7, 17, 17, 17, 7, 9, 5, 17, 11, 4, 0, 8, 8, 15, 9, 16, 8, 11, 10, 18, 8 ], [ 7, 15, 8, 3, 13, 8, 8, 9, 9, 10, 6, 8, 9, 6, 5, 14, 8, 7, 6, 11, 10, 13, 6, 12, 4, 8, 6, 6, 4, 4, 4, 12, 8, 12, 14, 10, 14, 2, 11, 13, 4, 12, 12, 3, 6, 9, 6, 8, 4, 7, 7, 4, 5, 9, 12, 10, 5, 10, 4, 10, 2, 7, 2, 12, 2, 13, 7, 12, 6, 10, 10, 3, 2, 13, 5, 11, 2, 3, 14, 15, 15, 10, 7, 5, 10, 5, 5, 8, 0, 1, 13, 2, 10, 5, 3, 5, 11, 2 ], [ 7, 14, 7, 4, 12, 8, 7, 9, 8, 10, 5, 8, 8, 5, 6, 13, 8, 6, 5, 11, 9, 12, 6, 11, 4, 8, 6, 6, 4, 5, 4, 11, 9, 11, 13, 10, 14, 3, 11, 12, 5, 11, 11, 2, 6, 8, 6, 8, 4, 7, 6, 3, 6, 9, 11, 10, 5, 9, 4, 9, 1, 7, 3, 11, 1, 13, 7, 11, 6, 10, 10, 2, 2, 12, 4, 10, 2, 4, 14, 14, 14, 10, 6, 5, 9, 4, 5, 8, 1, 0, 12, 2, 9, 5, 3, 5, 11, 3 ], [ 11, 3, 5, 15, 7, 11, 5, 6, 5, 2, 11, 10, 9, 7, 15, 2, 13, 11, 7, 10, 4, 7, 12, 10, 15, 9, 8, 13, 8, 17, 8, 4, 13, 4, 9, 11, 2, 14, 6, 3, 17, 1, 10, 11, 8, 4, 13, 4, 14, 14, 8, 9, 17, 12, 3, 4, 13, 2, 10, 15, 11, 7, 14, 2, 12, 6, 9, 9, 13, 5, 12, 10, 11, 4, 10, 5, 12, 15, 3, 3, 2, 9, 6, 10, 11, 9, 11, 15, 13, 12, 0, 14, 8, 17, 11, 17, 13, 15 ], [ 7, 16, 9, 3, 14, 10, 9, 11, 10, 12, 6, 9, 9, 7, 6, 15, 9, 7, 7, 13, 11, 14, 6, 13, 3, 9, 8, 6, 6, 4, 6, 13, 10, 13, 14, 10, 16, 3, 13, 15, 3, 13, 13, 3, 8, 10, 7, 10, 5, 6, 7, 5, 5, 10, 13, 11, 5, 11, 5, 9, 3, 9, 3, 13, 3, 15, 8, 13, 7, 12, 10, 4, 3, 14, 5, 12, 2, 2, 16, 16, 16, 11, 8, 7, 10, 5, 7, 9, 2, 2, 14, 0, 10, 4, 4, 3, 11, 1 ], [ 4, 8, 7, 13, 4, 14, 4, 11, 5, 7, 4, 2, 1, 7, 15, 11, 16, 4, 6, 15, 5, 4, 5, 3, 10, 13, 11, 6, 7, 14, 7, 4, 15, 5, 4, 3, 10, 12, 12, 11, 13, 8, 15, 7, 10, 7, 14, 6, 13, 7, 3, 8, 15, 15, 6, 4, 7, 7, 10, 7, 8, 10, 12, 10, 8, 13, 12, 2, 14, 11, 4, 7, 10, 11, 6, 11, 8, 12, 8, 8, 10, 14, 8, 11, 3, 5, 12, 16, 10, 9, 8, 10, 0, 14, 7, 13, 5, 12 ], [ 11, 19, 12, 2, 18, 10, 13, 13, 13, 15, 10, 12, 13, 10, 5, 18, 9, 11, 11, 14, 15, 17, 10, 16, 5, 11, 10, 9, 9, 1, 9, 16, 9, 16, 18, 14, 19, 3, 14, 17, 2, 16, 14, 7, 10, 13, 7, 13, 4, 10, 11, 8, 2, 11, 16, 15, 8, 15, 7, 12, 7, 11, 3, 16, 6, 17, 10, 17, 7, 14, 14, 7, 6, 17, 9, 15, 6, 2, 19, 19, 19, 12, 11, 8, 14, 9, 7, 8, 5, 5, 17, 4, 14, 0, 8, 3, 15, 3 ], [ 4, 13, 6, 7, 10, 10, 6, 9, 6, 9, 3, 5, 6, 5, 9, 13, 11, 3, 4, 12, 8, 10, 3, 9, 4, 9, 7, 3, 3, 8, 4, 9, 11, 9, 11, 7, 13, 5, 11, 12, 6, 10, 13, 1, 7, 8, 9, 7, 7, 4, 4, 4, 9, 11, 9, 8, 3, 8, 6, 7, 2, 7, 6, 11, 1, 13, 8, 9, 8, 10, 7, 2, 4, 12, 1, 11, 1, 6, 12, 12, 13, 11, 6, 7, 7, 2, 7, 11, 3, 3, 11, 4, 7, 8, 0, 6, 8, 5 ], [ 9, 19, 12, 4, 16, 12, 12, 14, 13, 15, 8, 11, 12, 10, 8, 18, 11, 9, 10, 15, 14, 16, 8, 14, 3, 12, 11, 7, 9, 4, 9, 15, 12, 16, 17, 12, 19, 5, 16, 18, 1, 16, 16, 6, 11, 14, 10, 13, 7, 7, 10, 9, 5, 13, 16, 14, 6, 14, 8, 10, 6, 12, 5, 17, 5, 18, 11, 15, 9, 15, 12, 7, 7, 17, 7, 16, 5, 3, 18, 19, 19, 14, 11, 10, 12, 8, 9, 10, 5, 5, 17, 3, 13, 3, 6, 0, 12, 2 ], [ 4, 13, 11, 14, 7, 17, 8, 15, 9, 12, 5, 3, 4, 11, 17, 15, 18, 5, 9, 19, 9, 7, 5, 4, 9, 16, 14, 5, 10, 15, 10, 9, 18, 9, 7, 2, 15, 13, 17, 15, 13, 13, 19, 8, 13, 12, 17, 10, 15, 5, 7, 11, 16, 18, 10, 9, 7, 11, 13, 3, 10, 13, 14, 14, 9, 18, 15, 5, 16, 15, 1, 9, 12, 16, 7, 15, 9, 13, 12, 13, 14, 18, 12, 14, 2, 8, 15, 18, 11, 11, 13, 11, 5, 15, 8, 12, 0, 12 ], [ 8, 17, 10, 2, 15, 10, 10, 11, 11, 13, 7, 10, 11, 8, 6, 16, 9, 8, 8, 13, 12, 15, 7, 14, 3, 10, 9, 7, 7, 3, 7, 14, 10, 14, 16, 12, 17, 2, 13, 15, 2, 14, 14, 4, 9, 11, 7, 11, 4, 7, 8, 6, 4, 11, 14, 12, 5, 12, 6, 10, 4, 10, 2, 14, 4, 16, 9, 14, 7, 13, 11, 5, 4, 15, 6, 13, 4, 1, 17, 17, 17, 12, 9, 7, 11, 6, 7, 8, 2, 3, 15, 1, 12, 3, 5, 2, 12, 0 ] ]
}