{
  "version" : "0.3",
  "id" : 2051818084,
  "name" : "PTP-RAND-1_8_2_16",
  "coordType" : "Eucl",
  "sameVehicleBackward" : false,
  "maxWaitTime" : "00h30",
  "places" : [ {
    "id" : 0,
    "lat" : -0.2065519841331551,
    "long" : 5.95283358599662,
    "category" : 0
  }, {
    "id" : 1,
    "lat" : 6.942565130388147,
    "long" : -4.9404188167998955,
    "category" : 0
  }, {
    "id" : 2,
    "lat" : -0.6343457914525908,
    "long" : 6.469167507864435,
    "category" : 0
  }, {
    "id" : 3,
    "lat" : -8.332018141385442,
    "long" : 1.6177857499258241,
    "category" : 0
  }, {
    "id" : 4,
    "lat" : -7.781496602792525,
    "long" : -4.578160950655445,
    "category" : 0
  }, {
    "id" : 5,
    "lat" : -5.779635948691384,
    "long" : -5.723178601529058,
    "category" : 0
  }, {
    "id" : 6,
    "lat" : -6.614455723292589,
    "long" : -5.908312414287983,
    "category" : 0
  }, {
    "id" : 7,
    "lat" : -2.3472550721454177,
    "long" : -4.333354827054376,
    "category" : 0
  }, {
    "id" : 8,
    "lat" : -6.904363551994656,
    "long" : -6.412556839138358,
    "category" : 1
  }, {
    "id" : 9,
    "lat" : 0.8529767726992882,
    "long" : 8.052208760889323,
    "category" : 2
  }, {
    "id" : 10,
    "lat" : -0.8084918446753576,
    "long" : -8.611699486565932,
    "category" : 2
  }, {
    "id" : 11,
    "lat" : -3.665437841649443,
    "long" : 5.713196506599383,
    "category" : 2
  }, {
    "id" : 12,
    "lat" : 5.993586977506838,
    "long" : 4.084006937430383,
    "category" : 2
  }, {
    "id" : 13,
    "lat" : -5.138461901066815,
    "long" : 0.5092882225753685,
    "category" : 2
  }, {
    "id" : 14,
    "lat" : 5.324296601740542,
    "long" : 7.356321740091185,
    "category" : 2
  }, {
    "id" : 15,
    "lat" : 8.406656235543595,
    "long" : -2.6878057053970976,
    "category" : 2
  }, {
    "id" : 16,
    "lat" : 2.23745370446215,
    "long" : 7.913167899290955,
    "category" : 2
  }, {
    "id" : 17,
    "lat" : -4.263157057696355,
    "long" : 2.671697902729323,
    "category" : 2
  }, {
    "id" : 18,
    "lat" : -7.194970231864012,
    "long" : 2.13206560727792,
    "category" : 2
  }, {
    "id" : 19,
    "lat" : -2.0650683131021754,
    "long" : 1.2476930529537908,
    "category" : 2
  }, {
    "id" : 20,
    "lat" : -0.015625983067894197,
    "long" : 8.479290702023977,
    "category" : 2
  }, {
    "id" : 21,
    "lat" : -3.2058257892766395,
    "long" : -6.545106799964279,
    "category" : 2
  }, {
    "id" : 22,
    "lat" : -5.935602315156692,
    "long" : -4.78602019812612,
    "category" : 2
  }, {
    "id" : 23,
    "lat" : 2.9322107184002113,
    "long" : -0.4303861263953254,
    "category" : 2
  }, {
    "id" : 24,
    "lat" : -7.8267399799164235,
    "long" : 2.2171812586396773,
    "category" : 2
  }, {
    "id" : 25,
    "lat" : 5.4003966304800075,
    "long" : -1.3155874574803683,
    "category" : 2
  } ],
  "vehicles" : [ {
    "id" : 26,
    "canTake" : [ 0, 1 ],
    "start" : 8,
    "end" : 8,
    "capacity" : 6,
    "availability" : [ "07h00:20h00" ]
  }, {
    "id" : 27,
    "canTake" : [ 0 ],
    "start" : 8,
    "end" : 8,
    "capacity" : 4,
    "availability" : [ "07h00:15h00", "17h00:20h00" ]
  } ],
  "patients" : [ {
    "id" : 28,
    "category" : 0,
    "load" : 2,
    "start" : 9,
    "destination" : 0,
    "end" : 9,
    "rdvTime" : "09h37",
    "rdvDuration" : "01h26",
    "srvDuration" : "00h04"
  }, {
    "id" : 29,
    "category" : 1,
    "load" : 2,
    "start" : 10,
    "destination" : 1,
    "end" : 11,
    "rdvTime" : "13h55",
    "rdvDuration" : "00h22",
    "srvDuration" : "00h05"
  }, {
    "id" : 30,
    "category" : 0,
    "load" : 1,
    "start" : 12,
    "destination" : 2,
    "end" : 12,
    "rdvTime" : "13h16",
    "rdvDuration" : "01h27",
    "srvDuration" : "00h02"
  }, {
    "id" : 31,
    "category" : 0,
    "load" : 1,
    "start" : 13,
    "destination" : 3,
    "end" : 13,
    "rdvTime" : "13h26",
    "rdvDuration" : "00h50",
    "srvDuration" : "00h02"
  }, {
    "id" : 32,
    "category" : 1,
    "load" : 1,
    "start" : 14,
    "destination" : 4,
    "end" : 14,
    "rdvTime" : "15h37",
    "rdvDuration" : "00h59",
    "srvDuration" : "00h03"
  }, {
    "id" : 33,
    "category" : 1,
    "load" : 2,
    "start" : 15,
    "destination" : 5,
    "end" : -1,
    "rdvTime" : "13h02",
    "rdvDuration" : "02h20",
    "srvDuration" : "00h02"
  }, {
    "id" : 34,
    "category" : 1,
    "load" : 1,
    "start" : 16,
    "destination" : 6,
    "end" : 16,
    "rdvTime" : "11h48",
    "rdvDuration" : "00h40",
    "srvDuration" : "00h03"
  }, {
    "id" : 35,
    "category" : 1,
    "load" : 2,
    "start" : 17,
    "destination" : 7,
    "end" : 17,
    "rdvTime" : "14h43",
    "rdvDuration" : "02h17",
    "srvDuration" : "00h01"
  }, {
    "id" : 36,
    "category" : 1,
    "load" : 2,
    "start" : 18,
    "destination" : 0,
    "end" : 18,
    "rdvTime" : "10h07",
    "rdvDuration" : "02h21",
    "srvDuration" : "00h04"
  }, {
    "id" : 37,
    "category" : 0,
    "load" : 2,
    "start" : 19,
    "destination" : 5,
    "end" : 19,
    "rdvTime" : "13h12",
    "rdvDuration" : "00h18",
    "srvDuration" : "00h05"
  }, {
    "id" : 38,
    "category" : 0,
    "load" : 2,
    "start" : -1,
    "destination" : 7,
    "end" : 20,
    "rdvTime" : "10h43",
    "rdvDuration" : "00h42",
    "srvDuration" : "00h03"
  }, {
    "id" : 39,
    "category" : 0,
    "load" : 1,
    "start" : 21,
    "destination" : 2,
    "end" : -1,
    "rdvTime" : "11h50",
    "rdvDuration" : "02h54",
    "srvDuration" : "00h02"
  }, {
    "id" : 40,
    "category" : 0,
    "load" : 2,
    "start" : 22,
    "destination" : 6,
    "end" : 22,
    "rdvTime" : "15h35",
    "rdvDuration" : "02h44",
    "srvDuration" : "00h03"
  }, {
    "id" : 41,
    "category" : 0,
    "load" : 1,
    "start" : 23,
    "destination" : 4,
    "end" : 23,
    "rdvTime" : "09h46",
    "rdvDuration" : "02h51",
    "srvDuration" : "00h01"
  }, {
    "id" : 42,
    "category" : 0,
    "load" : 1,
    "start" : 24,
    "destination" : 0,
    "end" : 24,
    "rdvTime" : "14h39",
    "rdvDuration" : "01h15",
    "srvDuration" : "00h03"
  }, {
    "id" : 43,
    "category" : 0,
    "load" : 2,
    "start" : 25,
    "destination" : 2,
    "end" : 25,
    "rdvTime" : "15h06",
    "rdvDuration" : "01h23",
    "srvDuration" : "00h04"
  } ],
  "distMatrix" : [ [ 0, 13, 1, 9, 13, 13, 13, 11, 14, 2, 15, 3, 6, 7, 6, 12, 3, 5, 8, 5, 3, 13, 12, 7, 8, 9 ], [ 13, 0, 14, 17, 15, 13, 14, 9, 14, 14, 9, 15, 9, 13, 12, 3, 14, 14, 16, 11, 15, 10, 13, 6, 16, 4 ], [ 1, 14, 0, 9, 13, 13, 14, 11, 14, 2, 15, 3, 7, 7, 6, 13, 3, 5, 8, 5, 2, 13, 12, 8, 8, 10 ], [ 9, 17, 9, 0, 6, 8, 8, 8, 8, 11, 13, 6, 15, 3, 15, 17, 12, 4, 1, 6, 11, 10, 7, 11, 1, 14 ], [ 13, 15, 13, 6, 0, 2, 2, 5, 2, 15, 8, 11, 16, 6, 18, 16, 16, 8, 7, 8, 15, 5, 2, 11, 7, 14 ], [ 13, 13, 13, 8, 2, 0, 1, 4, 1, 15, 6, 12, 15, 6, 17, 15, 16, 9, 8, 8, 15, 3, 1, 10, 8, 12 ], [ 13, 14, 14, 8, 2, 1, 0, 5, 1, 16, 6, 12, 16, 7, 18, 15, 16, 9, 8, 8, 16, 3, 1, 11, 8, 13 ], [ 11, 9, 11, 8, 5, 4, 5, 0, 5, 13, 5, 10, 12, 6, 14, 11, 13, 7, 8, 6, 13, 2, 4, 7, 9, 8 ], [ 14, 14, 14, 8, 2, 1, 1, 5, 0, 16, 6, 13, 17, 7, 18, 16, 17, 9, 9, 9, 16, 4, 2, 12, 9, 13 ], [ 2, 14, 2, 11, 15, 15, 16, 13, 16, 0, 17, 5, 6, 10, 5, 13, 1, 7, 10, 7, 1, 15, 15, 9, 10, 10 ], [ 15, 9, 15, 13, 8, 6, 6, 5, 6, 17, 0, 15, 14, 10, 17, 11, 17, 12, 12, 10, 17, 3, 6, 9, 13, 10 ], [ 3, 15, 3, 6, 11, 12, 12, 10, 13, 5, 15, 0, 10, 5, 9, 15, 6, 3, 5, 5, 5, 12, 11, 9, 5, 11 ], [ 6, 9, 7, 15, 16, 15, 16, 12, 17, 6, 14, 10, 0, 12, 3, 7, 5, 10, 13, 9, 7, 14, 15, 5, 14, 5 ], [ 7, 13, 7, 3, 6, 6, 7, 6, 7, 10, 10, 5, 12, 0, 13, 14, 10, 2, 3, 3, 9, 7, 5, 8, 3, 11 ], [ 6, 12, 6, 15, 18, 17, 18, 14, 18, 5, 17, 9, 3, 13, 0, 11, 3, 11, 14, 10, 5, 16, 17, 8, 14, 9 ], [ 12, 3, 13, 17, 16, 15, 15, 11, 16, 13, 11, 15, 7, 14, 11, 0, 12, 14, 16, 11, 14, 12, 14, 6, 17, 3 ], [ 3, 14, 3, 12, 16, 16, 16, 13, 17, 1, 17, 6, 5, 10, 3, 12, 0, 8, 11, 8, 2, 15, 15, 8, 12, 10 ], [ 5, 14, 5, 4, 8, 9, 9, 7, 9, 7, 12, 3, 10, 2, 11, 14, 8, 0, 3, 3, 7, 9, 8, 8, 4, 10 ], [ 8, 16, 8, 1, 7, 8, 8, 8, 9, 10, 12, 5, 13, 3, 14, 16, 11, 3, 0, 5, 10, 10, 7, 10, 1, 13 ], [ 5, 11, 5, 6, 8, 8, 8, 6, 9, 7, 10, 5, 9, 3, 10, 11, 8, 3, 5, 0, 8, 8, 7, 5, 6, 8 ], [ 3, 15, 2, 11, 15, 15, 16, 13, 16, 1, 17, 5, 7, 9, 5, 14, 2, 7, 10, 8, 0, 15, 15, 9, 10, 11 ], [ 13, 10, 13, 10, 5, 3, 3, 2, 4, 15, 3, 12, 14, 7, 16, 12, 15, 9, 10, 8, 15, 0, 3, 9, 10, 10 ], [ 12, 13, 12, 7, 2, 1, 1, 4, 2, 15, 6, 11, 15, 5, 17, 14, 15, 8, 7, 7, 15, 3, 0, 10, 7, 12 ], [ 7, 6, 8, 11, 11, 10, 11, 7, 12, 9, 9, 9, 5, 8, 8, 6, 8, 8, 10, 5, 9, 9, 10, 0, 11, 3 ], [ 8, 16, 8, 1, 7, 8, 8, 9, 9, 10, 13, 5, 14, 3, 14, 17, 12, 4, 1, 6, 10, 10, 7, 11, 0, 14 ], [ 9, 4, 10, 14, 14, 12, 13, 8, 13, 10, 10, 11, 5, 11, 9, 3, 10, 10, 13, 8, 11, 10, 12, 3, 14, 0 ] ]
}