{
  "version" : "0.3",
  "id" : 1374895992,
  "name" : "PTP-RAND-3_8_2_16",
  "coordType" : "Eucl",
  "sameVehicleBackward" : false,
  "maxWaitTime" : "00h30",
  "places" : [ {
    "id" : 0,
    "lat" : -3.3392893139086524,
    "long" : -10.232825312448908,
    "category" : 0
  }, {
    "id" : 1,
    "lat" : -3.20387609960342,
    "long" : 2.747989313531909,
    "category" : 0
  }, {
    "id" : 2,
    "lat" : -4.831585741567028,
    "long" : 4.73008900179333,
    "category" : 0
  }, {
    "id" : 3,
    "lat" : -4.772984087935457,
    "long" : 4.319159197357273,
    "category" : 0
  }, {
    "id" : 4,
    "lat" : -8.37864864606785,
    "long" : 4.536760590190127,
    "category" : 0
  }, {
    "id" : 5,
    "lat" : 10.58777862521163,
    "long" : 1.4422504273931651,
    "category" : 0
  }, {
    "id" : 6,
    "lat" : -3.4804720025575224,
    "long" : -0.8232735002534566,
    "category" : 0
  }, {
    "id" : 7,
    "lat" : -1.8730383342874446,
    "long" : -11.339199608369553,
    "category" : 0
  }, {
    "id" : 8,
    "lat" : 1.3337798748071987,
    "long" : 4.791420208145419,
    "category" : 1
  }, {
    "id" : 9,
    "lat" : 4.797336272548803,
    "long" : -4.996685539749323,
    "category" : 2
  }, {
    "id" : 10,
    "lat" : -4.642174726235982,
    "long" : -4.747172593141209,
    "category" : 2
  }, {
    "id" : 11,
    "lat" : -3.766839006462637,
    "long" : -6.919840517385439,
    "category" : 2
  }, {
    "id" : 12,
    "lat" : -6.634557615755151,
    "long" : 5.06853533536883,
    "category" : 2
  }, {
    "id" : 13,
    "lat" : -5.358277382586047,
    "long" : 10.62000861512488,
    "category" : 2
  }, {
    "id" : 14,
    "lat" : -2.036639660729913,
    "long" : 6.751968730305136,
    "category" : 2
  }, {
    "id" : 15,
    "lat" : -1.1985240760088895,
    "long" : 4.033410408524786,
    "category" : 2
  }, {
    "id" : 16,
    "lat" : 0.35060278377217924,
    "long" : -0.43900044999660104,
    "category" : 2
  }, {
    "id" : 17,
    "lat" : 0.023800200021037173,
    "long" : 8.023746826276254,
    "category" : 2
  }, {
    "id" : 18,
    "lat" : 9.992041952089066,
    "long" : 1.1485137076769818,
    "category" : 2
  }, {
    "id" : 19,
    "lat" : -5.513681578002072,
    "long" : 3.361042360783107,
    "category" : 2
  }, {
    "id" : 20,
    "lat" : -6.167228711780465,
    "long" : 0.7358071908540924,
    "category" : 2
  }, {
    "id" : 21,
    "lat" : -4.491520197511932,
    "long" : -0.6544702192733598,
    "category" : 2
  }, {
    "id" : 22,
    "lat" : -4.520417613747356,
    "long" : -8.434030318794964,
    "category" : 2
  }, {
    "id" : 23,
    "lat" : -5.841295373831424,
    "long" : 7.807556120287962,
    "category" : 2
  }, {
    "id" : 24,
    "lat" : -1.6585453699254247,
    "long" : -7.438911696054523,
    "category" : 2
  }, {
    "id" : 25,
    "lat" : -0.1398484297228539,
    "long" : 11.743552301339417,
    "category" : 2
  }, {
    "id" : 26,
    "lat" : 9.576773701217485,
    "long" : -3.474049439738077,
    "category" : 2
  } ],
  "vehicles" : [ {
    "id" : 27,
    "canTake" : [ 1 ],
    "start" : 8,
    "end" : 8,
    "capacity" : 4,
    "availability" : [ "07h00:17h00", "18h00:20h00" ]
  }, {
    "id" : 28,
    "canTake" : [ 0, 1 ],
    "start" : 8,
    "end" : 8,
    "capacity" : 6,
    "availability" : [ "07h00:10h00", "12h00:20h00" ]
  } ],
  "patients" : [ {
    "id" : 29,
    "category" : 1,
    "load" : 1,
    "start" : 9,
    "destination" : 0,
    "end" : 9,
    "rdvTime" : "09h40",
    "rdvDuration" : "00h17",
    "srvDuration" : "00h03"
  }, {
    "id" : 30,
    "category" : 1,
    "load" : 2,
    "start" : 10,
    "destination" : 1,
    "end" : 10,
    "rdvTime" : "12h30",
    "rdvDuration" : "00h40",
    "srvDuration" : "00h03"
  }, {
    "id" : 31,
    "category" : 0,
    "load" : 2,
    "start" : 11,
    "destination" : 2,
    "end" : 11,
    "rdvTime" : "08h16",
    "rdvDuration" : "00h59",
    "srvDuration" : "00h03"
  }, {
    "id" : 32,
    "category" : 0,
    "load" : 2,
    "start" : 12,
    "destination" : 3,
    "end" : 12,
    "rdvTime" : "11h07",
    "rdvDuration" : "00h38",
    "srvDuration" : "00h01"
  }, {
    "id" : 33,
    "category" : 1,
    "load" : 2,
    "start" : 13,
    "destination" : 4,
    "end" : 13,
    "rdvTime" : "09h17",
    "rdvDuration" : "00h16",
    "srvDuration" : "00h01"
  }, {
    "id" : 34,
    "category" : 1,
    "load" : 1,
    "start" : 14,
    "destination" : 5,
    "end" : 14,
    "rdvTime" : "13h14",
    "rdvDuration" : "00h27",
    "srvDuration" : "00h02"
  }, {
    "id" : 35,
    "category" : 1,
    "load" : 2,
    "start" : -1,
    "destination" : 6,
    "end" : 15,
    "rdvTime" : "08h34",
    "rdvDuration" : "02h50",
    "srvDuration" : "00h03"
  }, {
    "id" : 36,
    "category" : 0,
    "load" : 2,
    "start" : 16,
    "destination" : 7,
    "end" : 16,
    "rdvTime" : "14h43",
    "rdvDuration" : "02h48",
    "srvDuration" : "00h02"
  }, {
    "id" : 37,
    "category" : 1,
    "load" : 2,
    "start" : 17,
    "destination" : 1,
    "end" : 18,
    "rdvTime" : "14h05",
    "rdvDuration" : "02h07",
    "srvDuration" : "00h03"
  }, {
    "id" : 38,
    "category" : 0,
    "load" : 1,
    "start" : 19,
    "destination" : 2,
    "end" : -1,
    "rdvTime" : "14h54",
    "rdvDuration" : "01h09",
    "srvDuration" : "00h01"
  }, {
    "id" : 39,
    "category" : 1,
    "load" : 1,
    "start" : 20,
    "destination" : 6,
    "end" : 20,
    "rdvTime" : "13h44",
    "rdvDuration" : "01h14",
    "srvDuration" : "00h02"
  }, {
    "id" : 40,
    "category" : 0,
    "load" : 2,
    "start" : 21,
    "destination" : 4,
    "end" : 22,
    "rdvTime" : "13h31",
    "rdvDuration" : "00h33",
    "srvDuration" : "00h01"
  }, {
    "id" : 41,
    "category" : 0,
    "load" : 2,
    "start" : 23,
    "destination" : 4,
    "end" : 23,
    "rdvTime" : "14h11",
    "rdvDuration" : "00h32",
    "srvDuration" : "00h03"
  }, {
    "id" : 42,
    "category" : 0,
    "load" : 2,
    "start" : 24,
    "destination" : 4,
    "end" : 24,
    "rdvTime" : "10h35",
    "rdvDuration" : "01h14",
    "srvDuration" : "00h01"
  }, {
    "id" : 43,
    "category" : 0,
    "load" : 2,
    "start" : 25,
    "destination" : 6,
    "end" : 25,
    "rdvTime" : "10h23",
    "rdvDuration" : "00h27",
    "srvDuration" : "00h02"
  }, {
    "id" : 44,
    "category" : 0,
    "load" : 2,
    "start" : 26,
    "destination" : 5,
    "end" : -1,
    "rdvTime" : "14h29",
    "rdvDuration" : "00h20",
    "srvDuration" : "00h01"
  } ],
  "distMatrix" : [ [ 0, 13, 15, 15, 16, 18, 9, 2, 16, 10, 6, 3, 16, 21, 17, 14, 10, 19, 18, 14, 11, 10, 2, 18, 3, 22, 15 ], [ 13, 0, 3, 2, 5, 14, 4, 14, 5, 11, 8, 10, 4, 8, 4, 2, 5, 6, 13, 2, 4, 4, 11, 6, 10, 10, 14 ], [ 15, 3, 0, 0, 4, 16, 6, 16, 6, 14, 9, 12, 2, 6, 3, 4, 7, 6, 15, 2, 4, 5, 13, 3, 13, 8, 17 ], [ 15, 2, 0, 0, 4, 16, 5, 16, 6, 13, 9, 11, 2, 6, 4, 4, 7, 6, 15, 1, 4, 5, 13, 4, 12, 9, 16 ], [ 16, 5, 4, 4, 0, 19, 7, 17, 10, 16, 10, 12, 2, 7, 7, 7, 10, 9, 19, 3, 4, 6, 14, 4, 14, 11, 20 ], [ 18, 14, 16, 16, 19, 0, 14, 18, 10, 9, 16, 17, 18, 18, 14, 12, 10, 12, 1, 16, 17, 15, 18, 18, 15, 15, 5 ], [ 9, 4, 6, 5, 7, 14, 0, 11, 7, 9, 4, 6, 7, 12, 8, 5, 4, 10, 14, 5, 3, 1, 8, 9, 7, 13, 13 ], [ 2, 14, 16, 16, 17, 18, 11, 0, 16, 9, 7, 5, 17, 22, 18, 15, 11, 19, 17, 15, 13, 11, 4, 20, 4, 23, 14 ], [ 16, 5, 6, 6, 10, 10, 7, 16, 0, 10, 11, 13, 8, 9, 4, 3, 5, 3, 9, 7, 9, 8, 14, 8, 13, 7, 12 ], [ 10, 11, 14, 13, 16, 9, 9, 9, 10, 0, 9, 9, 15, 19, 14, 11, 6, 14, 8, 13, 12, 10, 10, 17, 7, 17, 5 ], [ 6, 8, 9, 9, 10, 16, 4, 7, 11, 9, 0, 2, 10, 15, 12, 9, 7, 14, 16, 8, 6, 4, 4, 13, 4, 17, 14 ], [ 3, 10, 12, 11, 12, 17, 6, 5, 13, 9, 2, 0, 12, 18, 14, 11, 8, 15, 16, 10, 8, 6, 2, 15, 2, 19, 14 ], [ 16, 4, 2, 2, 2, 18, 7, 17, 8, 15, 10, 12, 0, 6, 5, 6, 9, 7, 17, 2, 4, 6, 14, 3, 13, 9, 18 ], [ 21, 8, 6, 6, 7, 18, 12, 22, 9, 19, 15, 18, 6, 0, 5, 8, 12, 6, 18, 7, 10, 11, 19, 3, 18, 5, 21 ], [ 17, 4, 3, 4, 7, 14, 8, 18, 4, 14, 12, 14, 5, 5, 0, 3, 8, 2, 13, 5, 7, 8, 15, 4, 14, 5, 15 ], [ 14, 2, 4, 4, 7, 12, 5, 15, 3, 11, 9, 11, 6, 8, 3, 0, 5, 4, 12, 4, 6, 6, 13, 6, 11, 8, 13 ], [ 10, 5, 7, 7, 10, 10, 4, 11, 5, 6, 7, 8, 9, 12, 8, 5, 0, 8, 10, 7, 7, 5, 9, 10, 7, 12, 10 ], [ 19, 6, 6, 6, 9, 12, 10, 19, 3, 14, 14, 15, 7, 6, 2, 4, 8, 0, 12, 7, 10, 10, 17, 6, 16, 4, 15 ], [ 18, 13, 15, 15, 19, 1, 14, 17, 9, 8, 16, 16, 17, 18, 13, 12, 10, 12, 0, 16, 16, 15, 17, 17, 14, 15, 5 ], [ 14, 2, 2, 1, 3, 16, 5, 15, 7, 13, 8, 10, 2, 7, 5, 4, 7, 7, 16, 0, 3, 4, 12, 4, 11, 10, 17 ], [ 11, 4, 4, 4, 4, 17, 3, 13, 9, 12, 6, 8, 4, 10, 7, 6, 7, 10, 16, 3, 0, 2, 9, 7, 9, 13, 16 ], [ 10, 4, 5, 5, 6, 15, 1, 11, 8, 10, 4, 6, 6, 11, 8, 6, 5, 10, 15, 4, 2, 0, 8, 9, 7, 13, 14 ], [ 2, 11, 13, 13, 14, 18, 8, 4, 14, 10, 4, 2, 14, 19, 15, 13, 9, 17, 17, 12, 9, 8, 0, 16, 3, 21, 15 ], [ 18, 6, 3, 4, 4, 18, 9, 20, 8, 17, 13, 15, 3, 3, 4, 6, 10, 6, 17, 4, 7, 9, 16, 0, 16, 7, 19 ], [ 3, 10, 13, 12, 14, 15, 7, 4, 13, 7, 4, 2, 13, 18, 14, 11, 7, 16, 14, 11, 9, 7, 3, 16, 0, 19, 12 ], [ 22, 10, 8, 9, 11, 15, 13, 23, 7, 17, 17, 19, 9, 5, 5, 8, 12, 4, 15, 10, 13, 13, 21, 7, 19, 0, 18 ], [ 15, 14, 17, 16, 20, 5, 13, 14, 12, 5, 14, 14, 18, 21, 15, 13, 10, 15, 5, 17, 16, 14, 15, 19, 12, 18, 0 ] ]
}