{
  "version" : "0.3",
  "id" : 1130310766,
  "name" : "PTP-RAND-3_24_4_48",
  "coordType" : "Eucl",
  "sameVehicleBackward" : false,
  "maxWaitTime" : "00h30",
  "places" : [ {
    "id" : 0,
    "lat" : -2.732707389273771,
    "long" : -5.895242441541861,
    "category" : 0
  }, {
    "id" : 1,
    "lat" : 0.4048583028669234,
    "long" : 5.876382079950212,
    "category" : 0
  }, {
    "id" : 2,
    "lat" : -2.251240290917247,
    "long" : 0.15263366204054715,
    "category" : 0
  }, {
    "id" : 3,
    "lat" : 4.0890723819560355,
    "long" : -1.4218343356413692,
    "category" : 0
  }, {
    "id" : 4,
    "lat" : 2.5817006173301458,
    "long" : -5.580767060187785,
    "category" : 0
  }, {
    "id" : 5,
    "lat" : 1.9707873956738498,
    "long" : 9.866429944460537,
    "category" : 0
  }, {
    "id" : 6,
    "lat" : 8.779170172902194,
    "long" : 5.069323249466888,
    "category" : 0
  }, {
    "id" : 7,
    "lat" : -3.4076565161842947,
    "long" : 0.9278778820946103,
    "category" : 0
  }, {
    "id" : 8,
    "lat" : -7.813382503529362,
    "long" : 4.1426599690326515,
    "category" : 0
  }, {
    "id" : 9,
    "lat" : 9.634604358807787,
    "long" : -5.725566679456327,
    "category" : 0
  }, {
    "id" : 10,
    "lat" : 5.373817575338814,
    "long" : 0.19437162459684973,
    "category" : 0
  }, {
    "id" : 11,
    "lat" : 3.6355359716359055,
    "long" : 8.656659380352611,
    "category" : 0
  }, {
    "id" : 12,
    "lat" : -2.8001212437542273,
    "long" : -5.13538464856055,
    "category" : 0
  }, {
    "id" : 13,
    "lat" : 1.2307136517155597,
    "long" : 10.954731087409725,
    "category" : 0
  }, {
    "id" : 14,
    "lat" : -0.5271806877729731,
    "long" : 4.5943974416970885,
    "category" : 0
  }, {
    "id" : 15,
    "lat" : -7.944261207794214,
    "long" : 3.899472710075797,
    "category" : 0
  }, {
    "id" : 16,
    "lat" : -1.574387536745955,
    "long" : -7.921916537979389,
    "category" : 0
  }, {
    "id" : 17,
    "lat" : -3.8879742384797296,
    "long" : -2.240256849759986,
    "category" : 0
  }, {
    "id" : 18,
    "lat" : 4.644128219067043,
    "long" : 9.894596433002338,
    "category" : 0
  }, {
    "id" : 19,
    "lat" : -8.201681377545778,
    "long" : -0.6389340056282816,
    "category" : 0
  }, {
    "id" : 20,
    "lat" : 5.598785960023719,
    "long" : -2.7983419214266636,
    "category" : 0
  }, {
    "id" : 21,
    "lat" : -2.6025050770394786,
    "long" : -6.792201192380007,
    "category" : 0
  }, {
    "id" : 22,
    "lat" : -11.470595018027684,
    "long" : 0.033474461882609524,
    "category" : 0
  }, {
    "id" : 23,
    "lat" : 3.453488699993249,
    "long" : -10.64199268319147,
    "category" : 0
  }, {
    "id" : 24,
    "lat" : -7.093765297806986,
    "long" : 2.127468983421414,
    "category" : 1
  }, {
    "id" : 25,
    "lat" : -6.821899632950992,
    "long" : 3.3851325109751995,
    "category" : 2
  }, {
    "id" : 26,
    "lat" : 9.456092680086536,
    "long" : 3.001556254259098,
    "category" : 2
  }, {
    "id" : 27,
    "lat" : -7.834429898466322,
    "long" : 2.732032973039959,
    "category" : 2
  }, {
    "id" : 28,
    "lat" : 9.11078746820073,
    "long" : 6.002514117369756,
    "category" : 2
  }, {
    "id" : 29,
    "lat" : -3.7795715464379915,
    "long" : -10.057732268185145,
    "category" : 2
  }, {
    "id" : 30,
    "lat" : 7.337590010673702,
    "long" : -1.2875726575446713,
    "category" : 2
  }, {
    "id" : 31,
    "lat" : 1.1925166352264471,
    "long" : -9.060086891565184,
    "category" : 2
  }, {
    "id" : 32,
    "lat" : -2.4907317603724413,
    "long" : -11.523343329104014,
    "category" : 2
  }, {
    "id" : 33,
    "lat" : 7.976747087150472,
    "long" : -3.23627186168026,
    "category" : 2
  }, {
    "id" : 34,
    "lat" : -5.255805435735532,
    "long" : -6.331900064215058,
    "category" : 2
  }, {
    "id" : 35,
    "lat" : -7.008588153885238,
    "long" : -6.1559581702753094,
    "category" : 2
  }, {
    "id" : 36,
    "lat" : 2.354103128807129,
    "long" : -0.4483966574735599,
    "category" : 2
  }, {
    "id" : 37,
    "lat" : -11.069419558665434,
    "long" : -0.8846618926099137,
    "category" : 2
  }, {
    "id" : 38,
    "lat" : 4.176695904988041,
    "long" : 9.677080318781588,
    "category" : 2
  }, {
    "id" : 39,
    "lat" : -1.3307162260165246,
    "long" : 7.675890392559169,
    "category" : 2
  }, {
    "id" : 40,
    "lat" : 7.231193799804407,
    "long" : -9.080930658015188,
    "category" : 2
  }, {
    "id" : 41,
    "lat" : -0.7055533363482109,
    "long" : -4.071206079850601,
    "category" : 2
  }, {
    "id" : 42,
    "lat" : -9.482192917023319,
    "long" : 6.676807394734296,
    "category" : 2
  }, {
    "id" : 43,
    "lat" : 6.1003980580978325,
    "long" : -6.974922557939551,
    "category" : 2
  }, {
    "id" : 44,
    "lat" : -5.374914660508037,
    "long" : -10.202899895676628,
    "category" : 2
  }, {
    "id" : 45,
    "lat" : 1.3696075192602315,
    "long" : 8.105700160093145,
    "category" : 2
  }, {
    "id" : 46,
    "lat" : 9.864578238166258,
    "long" : 0.700888849235468,
    "category" : 2
  }, {
    "id" : 47,
    "lat" : 2.847851679280473,
    "long" : -0.7835467149266256,
    "category" : 2
  }, {
    "id" : 48,
    "lat" : 6.016401718367104,
    "long" : -8.74030690781016,
    "category" : 2
  }, {
    "id" : 49,
    "lat" : 4.299196702146697,
    "long" : -2.0860181121245294,
    "category" : 2
  }, {
    "id" : 50,
    "lat" : 9.066615203324693,
    "long" : -0.3103623851062095,
    "category" : 2
  }, {
    "id" : 51,
    "lat" : -5.666939362012251,
    "long" : 5.100068691632928,
    "category" : 2
  }, {
    "id" : 52,
    "lat" : 8.95924381179617,
    "long" : 2.291013087228455,
    "category" : 2
  }, {
    "id" : 53,
    "lat" : 3.0235809642997507,
    "long" : -4.249112140226777,
    "category" : 2
  }, {
    "id" : 54,
    "lat" : 4.5825129975747005,
    "long" : 4.518145460477074,
    "category" : 2
  }, {
    "id" : 55,
    "lat" : 5.911197612694623,
    "long" : 7.917751768875296,
    "category" : 2
  }, {
    "id" : 56,
    "lat" : -7.37638670888248,
    "long" : -8.377531948931173,
    "category" : 2
  }, {
    "id" : 57,
    "lat" : -10.0585250842054,
    "long" : -0.6777214473393451,
    "category" : 2
  }, {
    "id" : 58,
    "lat" : 4.203651209409376,
    "long" : -3.960317066148789,
    "category" : 2
  }, {
    "id" : 59,
    "lat" : -5.611642919864819,
    "long" : 2.2714682281602743,
    "category" : 2
  }, {
    "id" : 60,
    "lat" : -3.1533202302962975,
    "long" : 3.305311137907294,
    "category" : 2
  }, {
    "id" : 61,
    "lat" : 4.555497974610534,
    "long" : 0.6095171651585047,
    "category" : 2
  }, {
    "id" : 62,
    "lat" : 1.5809138166105363,
    "long" : 2.8238226828190682,
    "category" : 2
  }, {
    "id" : 63,
    "lat" : 5.149368088621604,
    "long" : 0.5363703502915467,
    "category" : 2
  }, {
    "id" : 64,
    "lat" : -2.511693469233569,
    "long" : -2.4676629485375217,
    "category" : 2
  }, {
    "id" : 65,
    "lat" : 5.5912338745548045,
    "long" : 10.603964698670607,
    "category" : 2
  }, {
    "id" : 66,
    "lat" : 6.173066447201187,
    "long" : -6.399444982417144,
    "category" : 2
  }, {
    "id" : 67,
    "lat" : 9.055768377208915,
    "long" : 1.7584377644120217,
    "category" : 2
  }, {
    "id" : 68,
    "lat" : -9.898562541561233,
    "long" : -0.9063321855693066,
    "category" : 2
  }, {
    "id" : 69,
    "lat" : -4.297438406981666,
    "long" : -4.17320161418783,
    "category" : 2
  }, {
    "id" : 70,
    "lat" : 0.9043756900849786,
    "long" : -8.135021462590306,
    "category" : 2
  }, {
    "id" : 71,
    "lat" : -0.2562324307896321,
    "long" : -7.830016768004389,
    "category" : 2
  }, {
    "id" : 72,
    "lat" : -2.628072237032415,
    "long" : 6.582246549956741,
    "category" : 2
  }, {
    "id" : 73,
    "lat" : -1.4824337552369586,
    "long" : 11.049524955261342,
    "category" : 2
  }, {
    "id" : 74,
    "lat" : -0.9702123798223563,
    "long" : -5.215299958771814,
    "category" : 2
  }, {
    "id" : 75,
    "lat" : 2.6854646427235376,
    "long" : -4.697292629687545,
    "category" : 2
  }, {
    "id" : 76,
    "lat" : 8.577251770105907,
    "long" : 2.157890897569761,
    "category" : 2
  }, {
    "id" : 77,
    "lat" : -7.376279787172813,
    "long" : 6.947767946517974,
    "category" : 2
  }, {
    "id" : 78,
    "lat" : 0.052403263711782486,
    "long" : -5.57317915372524,
    "category" : 2
  }, {
    "id" : 79,
    "lat" : -9.807805389914446,
    "long" : 1.580792383533706,
    "category" : 2
  }, {
    "id" : 80,
    "lat" : 7.029671799736876,
    "long" : 3.899374109713571,
    "category" : 2
  } ],
  "vehicles" : [ {
    "id" : 81,
    "canTake" : [ 1 ],
    "start" : 24,
    "end" : 24,
    "capacity" : 6,
    "availability" : [ "07h00:13h00", "14h00:20h00" ]
  }, {
    "id" : 82,
    "canTake" : [ 0 ],
    "start" : 24,
    "end" : 24,
    "capacity" : 4,
    "availability" : [ "07h00:20h00" ]
  }, {
    "id" : 83,
    "canTake" : [ 1 ],
    "start" : 24,
    "end" : 24,
    "capacity" : 6,
    "availability" : [ "07h00:14h00", "16h00:20h00" ]
  }, {
    "id" : 84,
    "canTake" : [ 0 ],
    "start" : 24,
    "end" : 24,
    "capacity" : 5,
    "availability" : [ "07h00:12h00", "13h00:20h00" ]
  } ],
  "patients" : [ {
    "id" : 85,
    "category" : 0,
    "load" : 2,
    "start" : 25,
    "destination" : 0,
    "end" : 25,
    "rdvTime" : "08h39",
    "rdvDuration" : "02h30",
    "srvDuration" : "00h03"
  }, {
    "id" : 86,
    "category" : 1,
    "load" : 1,
    "start" : 26,
    "destination" : 1,
    "end" : 26,
    "rdvTime" : "12h49",
    "rdvDuration" : "00h30",
    "srvDuration" : "00h01"
  }, {
    "id" : 87,
    "category" : 1,
    "load" : 2,
    "start" : 27,
    "destination" : 2,
    "end" : 27,
    "rdvTime" : "14h23",
    "rdvDuration" : "02h51",
    "srvDuration" : "00h01"
  }, {
    "id" : 88,
    "category" : 1,
    "load" : 1,
    "start" : 28,
    "destination" : 3,
    "end" : 28,
    "rdvTime" : "08h30",
    "rdvDuration" : "01h27",
    "srvDuration" : "00h02"
  }, {
    "id" : 89,
    "category" : 0,
    "load" : 2,
    "start" : 29,
    "destination" : 4,
    "end" : 30,
    "rdvTime" : "10h08",
    "rdvDuration" : "02h29",
    "srvDuration" : "00h01"
  }, {
    "id" : 90,
    "category" : 0,
    "load" : 2,
    "start" : 31,
    "destination" : 5,
    "end" : 32,
    "rdvTime" : "11h38",
    "rdvDuration" : "01h02",
    "srvDuration" : "00h03"
  }, {
    "id" : 91,
    "category" : 0,
    "load" : 2,
    "start" : 33,
    "destination" : 6,
    "end" : -1,
    "rdvTime" : "08h46",
    "rdvDuration" : "02h57",
    "srvDuration" : "00h02"
  }, {
    "id" : 92,
    "category" : 0,
    "load" : 2,
    "start" : 34,
    "destination" : 7,
    "end" : 35,
    "rdvTime" : "15h51",
    "rdvDuration" : "01h34",
    "srvDuration" : "00h01"
  }, {
    "id" : 93,
    "category" : 1,
    "load" : 1,
    "start" : 36,
    "destination" : 8,
    "end" : 36,
    "rdvTime" : "12h47",
    "rdvDuration" : "02h37",
    "srvDuration" : "00h03"
  }, {
    "id" : 94,
    "category" : 0,
    "load" : 2,
    "start" : 37,
    "destination" : 9,
    "end" : 38,
    "rdvTime" : "14h31",
    "rdvDuration" : "02h11",
    "srvDuration" : "00h02"
  }, {
    "id" : 95,
    "category" : 1,
    "load" : 2,
    "start" : 39,
    "destination" : 10,
    "end" : 39,
    "rdvTime" : "08h25",
    "rdvDuration" : "00h59",
    "srvDuration" : "00h01"
  }, {
    "id" : 96,
    "category" : 1,
    "load" : 1,
    "start" : 40,
    "destination" : 11,
    "end" : 40,
    "rdvTime" : "12h54",
    "rdvDuration" : "02h17",
    "srvDuration" : "00h03"
  }, {
    "id" : 97,
    "category" : 0,
    "load" : 1,
    "start" : 41,
    "destination" : 12,
    "end" : 41,
    "rdvTime" : "10h45",
    "rdvDuration" : "02h45",
    "srvDuration" : "00h01"
  }, {
    "id" : 98,
    "category" : 0,
    "load" : 2,
    "start" : -1,
    "destination" : 13,
    "end" : 42,
    "rdvTime" : "08h15",
    "rdvDuration" : "00h25",
    "srvDuration" : "00h03"
  }, {
    "id" : 99,
    "category" : 1,
    "load" : 1,
    "start" : 43,
    "destination" : 14,
    "end" : 43,
    "rdvTime" : "15h20",
    "rdvDuration" : "01h41",
    "srvDuration" : "00h01"
  }, {
    "id" : 100,
    "category" : 1,
    "load" : 1,
    "start" : 44,
    "destination" : 15,
    "end" : 44,
    "rdvTime" : "15h47",
    "rdvDuration" : "02h33",
    "srvDuration" : "00h03"
  }, {
    "id" : 101,
    "category" : 0,
    "load" : 2,
    "start" : 45,
    "destination" : 16,
    "end" : 45,
    "rdvTime" : "11h02",
    "rdvDuration" : "00h24",
    "srvDuration" : "00h01"
  }, {
    "id" : 102,
    "category" : 0,
    "load" : 2,
    "start" : 46,
    "destination" : 17,
    "end" : 46,
    "rdvTime" : "14h01",
    "rdvDuration" : "02h43",
    "srvDuration" : "00h02"
  }, {
    "id" : 103,
    "category" : 1,
    "load" : 2,
    "start" : 47,
    "destination" : 18,
    "end" : 47,
    "rdvTime" : "10h39",
    "rdvDuration" : "01h34",
    "srvDuration" : "00h03"
  }, {
    "id" : 104,
    "category" : 1,
    "load" : 1,
    "start" : 48,
    "destination" : 19,
    "end" : -1,
    "rdvTime" : "15h21",
    "rdvDuration" : "00h36",
    "srvDuration" : "00h02"
  }, {
    "id" : 105,
    "category" : 0,
    "load" : 2,
    "start" : 49,
    "destination" : 20,
    "end" : 50,
    "rdvTime" : "12h07",
    "rdvDuration" : "02h49",
    "srvDuration" : "00h01"
  }, {
    "id" : 106,
    "category" : 1,
    "load" : 1,
    "start" : 51,
    "destination" : 21,
    "end" : 51,
    "rdvTime" : "08h57",
    "rdvDuration" : "02h03",
    "srvDuration" : "00h02"
  }, {
    "id" : 107,
    "category" : 1,
    "load" : 2,
    "start" : 52,
    "destination" : 22,
    "end" : 52,
    "rdvTime" : "09h00",
    "rdvDuration" : "00h49",
    "srvDuration" : "00h02"
  }, {
    "id" : 108,
    "category" : 0,
    "load" : 2,
    "start" : 53,
    "destination" : 23,
    "end" : 53,
    "rdvTime" : "08h31",
    "rdvDuration" : "00h25",
    "srvDuration" : "00h02"
  }, {
    "id" : 109,
    "category" : 0,
    "load" : 2,
    "start" : 54,
    "destination" : 18,
    "end" : 54,
    "rdvTime" : "12h53",
    "rdvDuration" : "01h20",
    "srvDuration" : "00h01"
  }, {
    "id" : 110,
    "category" : 1,
    "load" : 1,
    "start" : 55,
    "destination" : 0,
    "end" : 56,
    "rdvTime" : "11h20",
    "rdvDuration" : "02h17",
    "srvDuration" : "00h01"
  }, {
    "id" : 111,
    "category" : 0,
    "load" : 2,
    "start" : 57,
    "destination" : 15,
    "end" : 57,
    "rdvTime" : "08h06",
    "rdvDuration" : "01h54",
    "srvDuration" : "00h02"
  }, {
    "id" : 112,
    "category" : 0,
    "load" : 1,
    "start" : 58,
    "destination" : 12,
    "end" : 58,
    "rdvTime" : "12h41",
    "rdvDuration" : "02h23",
    "srvDuration" : "00h01"
  }, {
    "id" : 113,
    "category" : 0,
    "load" : 1,
    "start" : 59,
    "destination" : 14,
    "end" : 59,
    "rdvTime" : "12h57",
    "rdvDuration" : "01h05",
    "srvDuration" : "00h02"
  }, {
    "id" : 114,
    "category" : 0,
    "load" : 1,
    "start" : 60,
    "destination" : 11,
    "end" : 60,
    "rdvTime" : "09h41",
    "rdvDuration" : "02h12",
    "srvDuration" : "00h03"
  }, {
    "id" : 115,
    "category" : 0,
    "load" : 1,
    "start" : 61,
    "destination" : 6,
    "end" : 61,
    "rdvTime" : "09h35",
    "rdvDuration" : "00h21",
    "srvDuration" : "00h03"
  }, {
    "id" : 116,
    "category" : 1,
    "load" : 1,
    "start" : 62,
    "destination" : 15,
    "end" : 63,
    "rdvTime" : "10h21",
    "rdvDuration" : "02h04",
    "srvDuration" : "00h01"
  }, {
    "id" : 117,
    "category" : 1,
    "load" : 1,
    "start" : 64,
    "destination" : 16,
    "end" : -1,
    "rdvTime" : "09h49",
    "rdvDuration" : "01h01",
    "srvDuration" : "00h02"
  }, {
    "id" : 118,
    "category" : 0,
    "load" : 1,
    "start" : 65,
    "destination" : 14,
    "end" : 66,
    "rdvTime" : "10h15",
    "rdvDuration" : "00h48",
    "srvDuration" : "00h02"
  }, {
    "id" : 119,
    "category" : 1,
    "load" : 2,
    "start" : 67,
    "destination" : 20,
    "end" : 67,
    "rdvTime" : "14h36",
    "rdvDuration" : "02h55",
    "srvDuration" : "00h03"
  }, {
    "id" : 120,
    "category" : 1,
    "load" : 1,
    "start" : -1,
    "destination" : 21,
    "end" : 68,
    "rdvTime" : "14h54",
    "rdvDuration" : "02h07",
    "srvDuration" : "00h02"
  }, {
    "id" : 121,
    "category" : 1,
    "load" : 1,
    "start" : 69,
    "destination" : 2,
    "end" : 69,
    "rdvTime" : "09h42",
    "rdvDuration" : "01h25",
    "srvDuration" : "00h01"
  }, {
    "id" : 122,
    "category" : 0,
    "load" : 2,
    "start" : -1,
    "destination" : 21,
    "end" : 70,
    "rdvTime" : "11h13",
    "rdvDuration" : "01h39",
    "srvDuration" : "00h03"
  }, {
    "id" : 123,
    "category" : 1,
    "load" : 2,
    "start" : 71,
    "destination" : 2,
    "end" : 71,
    "rdvTime" : "08h47",
    "rdvDuration" : "00h25",
    "srvDuration" : "00h01"
  }, {
    "id" : 124,
    "category" : 1,
    "load" : 2,
    "start" : 72,
    "destination" : 1,
    "end" : -1,
    "rdvTime" : "08h29",
    "rdvDuration" : "01h38",
    "srvDuration" : "00h01"
  }, {
    "id" : 125,
    "category" : 1,
    "load" : 1,
    "start" : 73,
    "destination" : 8,
    "end" : 73,
    "rdvTime" : "10h58",
    "rdvDuration" : "01h58",
    "srvDuration" : "00h03"
  }, {
    "id" : 126,
    "category" : 0,
    "load" : 2,
    "start" : 74,
    "destination" : 7,
    "end" : 74,
    "rdvTime" : "11h53",
    "rdvDuration" : "02h19",
    "srvDuration" : "00h03"
  }, {
    "id" : 127,
    "category" : 1,
    "load" : 2,
    "start" : 75,
    "destination" : 5,
    "end" : 75,
    "rdvTime" : "14h17",
    "rdvDuration" : "01h52",
    "srvDuration" : "00h03"
  }, {
    "id" : 128,
    "category" : 0,
    "load" : 2,
    "start" : 76,
    "destination" : 23,
    "end" : 76,
    "rdvTime" : "13h12",
    "rdvDuration" : "01h54",
    "srvDuration" : "00h02"
  }, {
    "id" : 129,
    "category" : 1,
    "load" : 2,
    "start" : 77,
    "destination" : 9,
    "end" : 77,
    "rdvTime" : "08h00",
    "rdvDuration" : "01h01",
    "srvDuration" : "00h02"
  }, {
    "id" : 130,
    "category" : 1,
    "load" : 1,
    "start" : 78,
    "destination" : 13,
    "end" : 78,
    "rdvTime" : "08h30",
    "rdvDuration" : "02h04",
    "srvDuration" : "00h01"
  }, {
    "id" : 131,
    "category" : 0,
    "load" : 2,
    "start" : 79,
    "destination" : 9,
    "end" : 79,
    "rdvTime" : "10h42",
    "rdvDuration" : "02h09",
    "srvDuration" : "00h02"
  }, {
    "id" : 132,
    "category" : 0,
    "load" : 2,
    "start" : 80,
    "destination" : 11,
    "end" : 80,
    "rdvTime" : "11h04",
    "rdvDuration" : "01h17",
    "srvDuration" : "00h03"
  } ],
  "distMatrix" : [ [ 0, 12, 6, 8, 5, 16, 16, 7, 11, 12, 10, 16, 1, 17, 11, 11, 2, 4, 17, 8, 9, 1, 11, 8, 9, 10, 15, 10, 17, 4, 11, 5, 6, 11, 3, 4, 7, 10, 17, 14, 10, 3, 14, 9, 5, 15, 14, 8, 9, 8, 13, 11, 14, 6, 13, 16, 5, 9, 7, 9, 9, 10, 10, 10, 3, 18, 9, 14, 9, 2, 4, 3, 12, 17, 2, 6, 14, 14, 3, 10, 14 ], [ 12, 0, 6, 8, 12, 4, 8, 6, 8, 15, 8, 4, 11, 5, 2, 9, 14, 9, 6, 11, 10, 13, 13, 17, 8, 8, 9, 9, 9, 16, 10, 15, 18, 12, 13, 14, 7, 13, 5, 3, 16, 10, 10, 14, 17, 2, 11, 7, 16, 9, 11, 6, 9, 10, 4, 6, 16, 12, 11, 7, 4, 7, 3, 7, 9, 7, 14, 10, 12, 11, 14, 14, 3, 6, 11, 11, 9, 8, 11, 11, 7 ], [ 6, 6, 0, 7, 7, 11, 12, 1, 7, 13, 8, 10, 5, 11, 5, 7, 8, 3, 12, 6, 8, 7, 9, 12, 5, 6, 12, 6, 13, 10, 10, 10, 12, 11, 7, 8, 5, 9, 11, 8, 13, 4, 10, 11, 11, 9, 12, 5, 12, 7, 11, 6, 11, 7, 8, 11, 10, 8, 8, 4, 3, 7, 5, 7, 3, 13, 11, 11, 8, 5, 9, 8, 6, 11, 6, 7, 11, 9, 6, 8, 10 ], [ 8, 8, 7, 0, 4, 11, 8, 8, 13, 7, 2, 10, 8, 13, 8, 13, 9, 8, 11, 12, 2, 9, 16, 9, 12, 12, 7, 13, 9, 12, 3, 8, 12, 4, 11, 12, 2, 15, 11, 11, 8, 5, 16, 6, 13, 10, 6, 1, 8, 1, 5, 12, 6, 3, 6, 10, 13, 14, 3, 10, 9, 2, 5, 2, 7, 12, 5, 6, 14, 9, 7, 8, 10, 14, 6, 4, 6, 14, 6, 14, 6 ], [ 5, 12, 7, 4, 0, 15, 12, 9, 14, 7, 6, 14, 5, 17, 11, 14, 5, 7, 16, 12, 4, 5, 15, 5, 12, 13, 11, 13, 13, 8, 6, 4, 8, 6, 8, 10, 5, 14, 15, 14, 6, 4, 17, 4, 9, 14, 10, 5, 5, 4, 8, 13, 10, 1, 10, 14, 10, 14, 2, 11, 11, 6, 8, 7, 6, 16, 4, 10, 13, 7, 3, 4, 13, 17, 4, 1, 10, 16, 3, 14, 10 ], [ 16, 4, 11, 11, 15, 0, 8, 10, 11, 17, 10, 2, 16, 1, 6, 12, 18, 13, 3, 15, 13, 17, 17, 21, 12, 11, 10, 12, 8, 21, 12, 19, 22, 14, 18, 18, 10, 17, 2, 4, 20, 14, 12, 17, 21, 2, 12, 11, 19, 12, 12, 9, 10, 14, 6, 4, 20, 16, 14, 11, 8, 10, 7, 10, 13, 4, 17, 11, 16, 15, 18, 18, 6, 4, 15, 15, 10, 10, 16, 14, 8 ], [ 16, 8, 12, 8, 12, 8, 0, 13, 17, 11, 6, 6, 15, 10, 9, 17, 17, 15, 6, 18, 8, 16, 21, 17, 16, 16, 2, 17, 1, 20, 7, 16, 20, 8, 18, 19, 8, 21, 7, 10, 14, 13, 18, 12, 21, 8, 5, 8, 14, 8, 5, 14, 3, 11, 4, 4, 21, 20, 10, 15, 12, 6, 8, 6, 14, 6, 12, 3, 20, 16, 15, 16, 12, 12, 14, 12, 3, 16, 14, 19, 2 ], [ 7, 6, 1, 8, 9, 10, 13, 0, 5, 15, 9, 10, 6, 11, 5, 5, 9, 3, 12, 5, 10, 8, 8, 13, 4, 4, 13, 5, 14, 11, 11, 11, 12, 12, 7, 8, 6, 8, 12, 7, 15, 6, 8, 12, 11, 9, 13, 6, 14, 8, 13, 5, 12, 8, 9, 12, 10, 7, 9, 3, 2, 8, 5, 9, 4, 13, 12, 12, 7, 5, 10, 9, 6, 10, 7, 8, 12, 7, 7, 6, 11 ], [ 11, 8, 7, 13, 14, 11, 17, 5, 0, 20, 14, 12, 11, 11, 7, 0, 14, 7, 14, 5, 15, 12, 6, 19, 2, 1, 17, 1, 17, 15, 16, 16, 17, 17, 11, 10, 11, 6, 13, 7, 20, 11, 3, 18, 15, 10, 18, 12, 19, 14, 17, 2, 17, 14, 12, 14, 13, 5, 14, 3, 5, 13, 9, 13, 8, 15, 18, 17, 5, 9, 15, 14, 6, 9, 12, 14, 17, 3, 13, 3, 15 ], [ 12, 15, 13, 7, 7, 17, 11, 15, 20, 0, 7, 16, 12, 19, 14, 20, 11, 14, 16, 19, 5, 12, 22, 8, 18, 19, 9, 19, 12, 14, 5, 9, 13, 3, 15, 17, 9, 21, 16, 17, 4, 10, 23, 4, 16, 16, 6, 8, 5, 6, 5, 19, 8, 7, 11, 14, 17, 20, 6, 17, 16, 8, 12, 8, 13, 17, 4, 8, 20, 14, 9, 10, 17, 20, 11, 7, 8, 21, 10, 21, 10 ], [ 10, 8, 8, 2, 6, 10, 6, 9, 14, 7, 0, 9, 10, 12, 7, 14, 11, 10, 10, 14, 3, 11, 17, 11, 13, 13, 5, 13, 7, 14, 2, 10, 14, 4, 12, 14, 3, 16, 10, 10, 9, 7, 16, 7, 15, 9, 5, 3, 9, 3, 4, 12, 4, 5, 4, 8, 15, 15, 4, 11, 9, 1, 5, 0, 8, 10, 7, 4, 15, 11, 9, 10, 10, 13, 8, 6, 4, 14, 8, 15, 4 ], [ 16, 4, 10, 10, 14, 2, 6, 10, 12, 16, 9, 0, 15, 3, 6, 13, 17, 13, 2, 15, 12, 17, 17, 19, 13, 12, 8, 13, 6, 20, 11, 18, 21, 13, 17, 18, 9, 18, 1, 5, 18, 13, 13, 16, 21, 2, 10, 9, 18, 11, 10, 10, 8, 13, 4, 2, 20, 17, 13, 11, 9, 8, 6, 8, 13, 3, 15, 9, 17, 15, 17, 17, 7, 6, 15, 13, 8, 11, 15, 15, 6 ], [ 1, 11, 5, 8, 5, 16, 15, 6, 11, 12, 10, 15, 0, 17, 10, 10, 3, 3, 17, 7, 9, 2, 10, 8, 8, 9, 15, 9, 16, 5, 11, 6, 6, 11, 3, 4, 7, 9, 16, 13, 11, 2, 14, 9, 6, 14, 14, 7, 10, 8, 13, 11, 14, 6, 12, 16, 6, 9, 7, 8, 8, 9, 9, 10, 3, 18, 9, 14, 8, 2, 5, 4, 12, 16, 2, 6, 14, 13, 3, 10, 13 ], [ 17, 5, 11, 13, 17, 1, 10, 11, 11, 19, 12, 3, 17, 0, 7, 12, 19, 14, 4, 15, 14, 18, 17, 22, 12, 11, 11, 12, 9, 22, 14, 20, 23, 16, 18, 19, 11, 17, 3, 4, 21, 15, 12, 19, 22, 3, 13, 12, 20, 13, 14, 9, 12, 15, 7, 6, 21, 16, 15, 11, 9, 11, 8, 11, 14, 4, 18, 12, 16, 16, 19, 19, 6, 3, 16, 16, 11, 9, 17, 14, 9 ], [ 11, 2, 5, 8, 11, 6, 9, 5, 7, 14, 7, 6, 10, 7, 0, 7, 13, 8, 7, 9, 10, 12, 12, 16, 7, 6, 10, 8, 10, 15, 10, 14, 16, 12, 12, 13, 6, 12, 7, 3, 16, 9, 9, 13, 16, 4, 11, 6, 15, 8, 11, 5, 10, 10, 5, 7, 15, 11, 10, 6, 3, 6, 3, 7, 7, 9, 13, 10, 11, 10, 13, 12, 3, 7, 10, 10, 9, 7, 10, 10, 8 ], [ 11, 9, 7, 13, 14, 12, 17, 5, 0, 20, 14, 13, 10, 12, 7, 0, 13, 7, 14, 5, 15, 12, 5, 18, 2, 1, 17, 1, 17, 15, 16, 16, 16, 17, 11, 10, 11, 6, 13, 8, 20, 11, 3, 18, 14, 10, 18, 12, 19, 14, 18, 3, 17, 14, 13, 14, 12, 5, 14, 3, 5, 13, 10, 14, 8, 15, 17, 17, 5, 9, 15, 14, 6, 10, 11, 14, 17, 3, 12, 3, 15 ], [ 2, 14, 8, 9, 5, 18, 17, 9, 14, 11, 11, 17, 3, 19, 13, 13, 0, 6, 19, 10, 9, 2, 13, 6, 11, 12, 16, 12, 18, 3, 11, 3, 4, 11, 4, 6, 8, 12, 19, 16, 9, 4, 17, 8, 4, 16, 14, 8, 8, 8, 13, 14, 15, 6, 14, 18, 6, 11, 7, 11, 11, 11, 11, 11, 6, 20, 8, 14, 11, 5, 2, 1, 15, 19, 3, 5, 14, 16, 3, 13, 15 ], [ 4, 9, 3, 8, 7, 13, 15, 3, 7, 14, 10, 13, 3, 14, 8, 7, 6, 0, 15, 5, 10, 5, 8, 11, 5, 6, 14, 6, 15, 8, 11, 9, 9, 12, 4, 5, 6, 7, 14, 10, 13, 4, 11, 11, 8, 12, 14, 7, 12, 8, 13, 8, 14, 7, 11, 14, 7, 6, 8, 5, 6, 9, 7, 9, 1, 16, 11, 14, 6, 2, 8, 7, 9, 14, 4, 7, 13, 10, 5, 7, 13 ], [ 17, 6, 12, 11, 16, 3, 6, 12, 14, 16, 10, 2, 17, 4, 7, 14, 19, 15, 0, 17, 13, 18, 19, 21, 14, 13, 8, 14, 6, 22, 12, 19, 23, 14, 19, 20, 11, 19, 1, 6, 19, 15, 14, 17, 22, 4, 11, 11, 19, 12, 11, 11, 9, 14, 5, 2, 22, 18, 14, 13, 10, 9, 8, 9, 14, 1, 16, 9, 18, 17, 18, 18, 8, 6, 16, 15, 9, 12, 16, 17, 6 ], [ 8, 11, 6, 12, 12, 15, 18, 5, 5, 19, 14, 15, 7, 15, 9, 5, 10, 5, 17, 0, 14, 8, 3, 15, 3, 4, 18, 3, 19, 10, 16, 13, 12, 16, 6, 6, 11, 3, 16, 11, 18, 8, 7, 16, 10, 13, 18, 11, 16, 13, 17, 6, 17, 12, 14, 17, 8, 2, 13, 4, 6, 13, 10, 13, 6, 18, 15, 17, 2, 5, 12, 11, 9, 13, 9, 12, 17, 8, 10, 3, 16 ], [ 9, 10, 8, 2, 4, 13, 8, 10, 15, 5, 3, 12, 9, 14, 10, 15, 9, 10, 13, 14, 0, 9, 17, 8, 14, 14, 7, 15, 9, 12, 2, 8, 12, 2, 11, 13, 4, 17, 13, 13, 6, 6, 18, 4, 13, 12, 6, 3, 6, 1, 4, 14, 6, 3, 7, 11, 14, 16, 2, 12, 11, 4, 7, 3, 8, 13, 4, 6, 16, 10, 7, 8, 12, 16, 7, 3, 6, 16, 6, 16, 7 ], [ 1, 13, 7, 9, 5, 17, 16, 8, 12, 12, 11, 17, 2, 18, 12, 12, 2, 5, 18, 8, 9, 0, 11, 7, 10, 11, 16, 11, 17, 3, 11, 4, 5, 11, 3, 4, 8, 10, 18, 15, 10, 3, 15, 9, 4, 15, 15, 8, 9, 8, 13, 12, 15, 6, 13, 17, 5, 10, 7, 10, 10, 10, 10, 11, 4, 19, 9, 14, 9, 3, 4, 3, 13, 18, 2, 6, 14, 15, 3, 11, 14 ], [ 11, 13, 9, 16, 15, 17, 21, 8, 6, 22, 17, 17, 10, 17, 12, 5, 13, 8, 19, 3, 17, 11, 0, 18, 5, 6, 21, 5, 21, 13, 19, 16, 15, 20, 9, 8, 14, 1, 18, 13, 21, 12, 7, 19, 12, 15, 21, 14, 20, 16, 21, 8, 21, 15, 17, 19, 9, 2, 16, 6, 9, 16, 13, 17, 9, 20, 19, 21, 2, 8, 15, 14, 11, 15, 12, 15, 20, 8, 13, 2, 19 ], [ 8, 17, 12, 9, 5, 21, 17, 13, 19, 8, 11, 19, 8, 22, 16, 18, 6, 11, 21, 15, 8, 7, 18, 0, 17, 17, 15, 18, 18, 7, 10, 3, 6, 9, 10, 11, 10, 17, 20, 19, 4, 8, 22, 5, 9, 19, 13, 10, 3, 9, 12, 18, 14, 6, 15, 19, 11, 17, 7, 16, 15, 11, 14, 11, 10, 21, 5, 14, 17, 10, 4, 5, 18, 22, 7, 6, 14, 21, 6, 18, 15 ], [ 9, 8, 5, 12, 12, 12, 16, 4, 2, 18, 13, 13, 8, 12, 7, 2, 11, 5, 14, 3, 14, 10, 5, 17, 0, 1, 17, 1, 17, 13, 15, 14, 14, 16, 9, 8, 10, 5, 14, 8, 18, 9, 5, 16, 12, 10, 17, 10, 17, 12, 16, 3, 16, 12, 12, 14, 11, 4, 13, 1, 4, 12, 9, 12, 6, 15, 16, 16, 4, 7, 13, 12, 6, 11, 10, 12, 16, 5, 11, 3, 14 ], [ 10, 8, 6, 12, 13, 11, 16, 4, 1, 19, 13, 12, 9, 11, 6, 1, 12, 6, 13, 4, 14, 11, 6, 17, 1, 0, 16, 1, 16, 14, 15, 15, 16, 16, 10, 10, 10, 6, 13, 7, 19, 10, 4, 17, 14, 9, 17, 11, 18, 12, 16, 2, 16, 12, 11, 14, 12, 5, 13, 2, 4, 12, 8, 12, 7, 14, 16, 16, 5, 8, 14, 13, 5, 9, 10, 12, 15, 4, 11, 3, 14 ], [ 15, 9, 12, 7, 11, 10, 2, 13, 17, 9, 5, 8, 15, 11, 10, 17, 16, 14, 8, 18, 7, 16, 21, 15, 17, 16, 0, 17, 3, 19, 5, 15, 19, 6, 17, 19, 8, 21, 9, 12, 12, 12, 19, 11, 20, 10, 2, 8, 12, 7, 3, 15, 1, 10, 5, 6, 20, 20, 9, 15, 13, 5, 8, 5, 13, 9, 10, 1, 20, 16, 14, 15, 13, 14, 13, 10, 1, 17, 13, 19, 3 ], [ 10, 9, 6, 13, 13, 12, 17, 5, 1, 19, 13, 13, 9, 12, 8, 1, 12, 6, 14, 3, 15, 11, 5, 18, 1, 1, 17, 0, 17, 13, 16, 15, 15, 17, 9, 9, 11, 5, 14, 8, 19, 10, 4, 17, 13, 11, 18, 11, 18, 13, 17, 3, 17, 13, 13, 15, 11, 4, 14, 2, 5, 13, 9, 13, 7, 16, 17, 17, 4, 8, 14, 13, 6, 10, 11, 13, 16, 4, 11, 2, 15 ], [ 17, 9, 13, 9, 13, 8, 1, 14, 17, 12, 7, 6, 16, 9, 10, 17, 18, 15, 6, 19, 9, 17, 21, 18, 17, 16, 3, 17, 0, 21, 8, 17, 21, 9, 19, 20, 9, 21, 6, 11, 15, 14, 19, 13, 22, 8, 5, 9, 15, 9, 6, 15, 4, 12, 5, 4, 22, 20, 11, 15, 13, 7, 8, 7, 14, 6, 13, 4, 20, 17, 16, 17, 12, 12, 15, 12, 4, 17, 15, 19, 3 ], [ 4, 16, 10, 12, 8, 21, 20, 11, 15, 14, 14, 20, 5, 22, 15, 15, 3, 8, 22, 10, 12, 3, 13, 7, 13, 14, 19, 13, 21, 0, 14, 5, 2, 14, 4, 5, 11, 12, 21, 18, 11, 7, 18, 10, 2, 19, 17, 11, 10, 11, 16, 15, 18, 9, 17, 20, 4, 11, 10, 12, 13, 14, 14, 14, 8, 23, 11, 17, 11, 6, 5, 4, 17, 21, 6, 8, 17, 17, 6, 13, 18 ], [ 11, 10, 10, 3, 6, 12, 7, 11, 16, 5, 2, 11, 11, 14, 10, 16, 11, 11, 12, 16, 2, 11, 19, 10, 15, 15, 5, 16, 8, 14, 0, 10, 14, 2, 14, 15, 5, 18, 11, 12, 8, 9, 19, 6, 16, 11, 3, 5, 8, 3, 2, 14, 4, 5, 6, 9, 16, 17, 4, 13, 11, 3, 7, 3, 10, 12, 5, 3, 17, 12, 9, 10, 13, 15, 9, 6, 4, 17, 8, 17, 5 ], [ 5, 15, 10, 8, 4, 19, 16, 11, 16, 9, 10, 18, 6, 20, 14, 16, 3, 9, 19, 13, 8, 4, 16, 3, 14, 15, 15, 15, 17, 5, 10, 0, 4, 9, 7, 9, 9, 15, 19, 17, 6, 5, 19, 5, 7, 17, 13, 8, 5, 8, 12, 16, 14, 5, 14, 18, 9, 14, 6, 13, 13, 10, 12, 10, 8, 20, 6, 13, 14, 7, 1, 2, 16, 20, 4, 5, 13, 18, 4, 15, 14 ], [ 6, 18, 12, 12, 8, 22, 20, 12, 17, 13, 14, 21, 6, 23, 16, 16, 4, 9, 23, 12, 12, 5, 15, 6, 14, 16, 19, 15, 21, 2, 14, 4, 0, 13, 6, 7, 12, 14, 22, 19, 10, 8, 19, 10, 3, 20, 17, 12, 9, 12, 16, 17, 18, 9, 18, 21, 6, 13, 10, 14, 15, 14, 15, 14, 9, 24, 10, 18, 13, 8, 5, 4, 18, 23, 6, 9, 18, 19, 6, 15, 18 ], [ 11, 12, 11, 4, 6, 14, 8, 12, 17, 3, 4, 13, 11, 16, 12, 17, 11, 12, 14, 16, 2, 11, 20, 9, 16, 16, 6, 17, 9, 14, 2, 9, 13, 0, 14, 15, 6, 19, 13, 14, 6, 9, 20, 4, 15, 13, 4, 6, 6, 4, 3, 16, 6, 5, 8, 11, 16, 18, 4, 15, 13, 5, 9, 5, 11, 14, 4, 5, 18, 12, 9, 9, 14, 17, 9, 5, 5, 18, 8, 18, 7 ], [ 3, 13, 7, 11, 8, 18, 18, 7, 11, 15, 12, 17, 3, 18, 12, 11, 4, 4, 19, 6, 11, 3, 9, 10, 9, 10, 17, 9, 19, 4, 14, 7, 6, 14, 0, 2, 10, 8, 19, 15, 13, 5, 14, 11, 4, 16, 17, 10, 12, 10, 16, 11, 17, 9, 15, 18, 3, 7, 10, 9, 10, 12, 11, 12, 5, 20, 11, 16, 7, 2, 6, 5, 13, 18, 4, 8, 16, 13, 5, 9, 16 ], [ 4, 14, 8, 12, 10, 18, 19, 8, 10, 17, 14, 18, 4, 19, 13, 10, 6, 5, 20, 6, 13, 4, 8, 11, 8, 10, 19, 9, 20, 5, 15, 9, 7, 15, 2, 0, 11, 7, 19, 15, 15, 7, 13, 13, 4, 17, 18, 11, 13, 12, 17, 11, 18, 10, 16, 19, 2, 6, 11, 9, 10, 13, 12, 14, 6, 21, 13, 18, 6, 3, 8, 7, 13, 18, 6, 10, 18, 13, 7, 8, 17 ], [ 7, 7, 5, 2, 5, 10, 8, 6, 11, 9, 3, 9, 7, 11, 6, 11, 8, 6, 11, 11, 4, 8, 14, 10, 10, 10, 8, 11, 9, 11, 5, 9, 12, 6, 10, 11, 0, 13, 10, 9, 10, 5, 14, 8, 12, 9, 8, 1, 9, 3, 7, 10, 7, 4, 5, 9, 13, 12, 4, 8, 7, 2, 3, 3, 5, 12, 7, 7, 12, 8, 8, 8, 9, 12, 6, 4, 7, 12, 6, 12, 6 ], [ 10, 13, 9, 15, 14, 17, 21, 8, 6, 21, 16, 18, 9, 17, 12, 6, 12, 7, 19, 3, 17, 10, 1, 17, 5, 6, 21, 5, 21, 12, 18, 15, 14, 19, 8, 7, 13, 0, 19, 13, 20, 11, 8, 18, 11, 15, 21, 14, 19, 15, 20, 8, 20, 14, 17, 19, 8, 1, 16, 6, 9, 16, 13, 16, 9, 20, 18, 20, 1, 8, 14, 13, 11, 15, 11, 14, 20, 9, 12, 3, 19 ], [ 17, 5, 11, 11, 15, 2, 7, 12, 13, 16, 10, 1, 16, 3, 7, 13, 19, 14, 1, 16, 13, 18, 18, 20, 14, 13, 9, 14, 6, 21, 11, 19, 22, 13, 19, 19, 10, 19, 0, 6, 19, 15, 14, 17, 22, 3, 11, 11, 19, 12, 11, 11, 9, 14, 5, 2, 21, 18, 14, 12, 10, 9, 7, 9, 14, 2, 16, 9, 18, 16, 18, 18, 7, 6, 16, 14, 9, 12, 16, 16, 6 ], [ 14, 3, 8, 11, 14, 4, 10, 7, 7, 17, 10, 5, 13, 4, 3, 8, 16, 10, 6, 11, 13, 15, 13, 19, 8, 7, 12, 8, 11, 18, 12, 17, 19, 14, 15, 15, 9, 13, 6, 0, 19, 12, 8, 16, 18, 3, 13, 9, 18, 11, 13, 5, 12, 13, 7, 7, 17, 12, 13, 7, 5, 9, 6, 10, 10, 8, 16, 12, 12, 12, 16, 16, 2, 3, 13, 13, 11, 6, 13, 10, 9 ], [ 10, 16, 13, 8, 6, 20, 14, 15, 20, 4, 9, 18, 11, 21, 16, 20, 9, 13, 19, 18, 6, 10, 21, 4, 18, 19, 12, 19, 15, 11, 8, 6, 10, 6, 13, 15, 10, 20, 19, 19, 0, 9, 23, 2, 13, 18, 10, 9, 1, 8, 9, 19, 12, 6, 14, 17, 15, 19, 6, 17, 16, 10, 13, 10, 12, 20, 3, 11, 19, 13, 6, 8, 19, 22, 9, 6, 11, 22, 8, 20, 13 ], [ 3, 10, 4, 5, 4, 14, 13, 6, 11, 10, 7, 13, 2, 15, 9, 11, 4, 4, 15, 8, 6, 3, 12, 8, 9, 10, 12, 10, 14, 7, 9, 5, 8, 9, 5, 7, 5, 11, 15, 12, 9, 0, 14, 7, 8, 12, 12, 5, 8, 5, 10, 10, 12, 4, 10, 14, 8, 10, 5, 8, 8, 7, 7, 7, 2, 16, 7, 11, 10, 4, 4, 4, 11, 15, 1, 3, 11, 13, 2, 11, 11 ], [ 14, 10, 10, 16, 17, 12, 18, 8, 3, 23, 16, 13, 14, 12, 9, 3, 17, 11, 14, 7, 18, 15, 7, 22, 5, 4, 19, 4, 19, 18, 19, 19, 19, 20, 14, 13, 14, 8, 14, 8, 23, 14, 0, 21, 17, 11, 20, 14, 22, 16, 20, 4, 19, 17, 14, 15, 15, 7, 17, 6, 7, 15, 12, 16, 11, 16, 20, 19, 8, 12, 18, 17, 7, 9, 15, 17, 19, 2, 16, 5, 17 ], [ 9, 14, 11, 6, 4, 17, 12, 12, 18, 4, 7, 16, 9, 19, 13, 18, 8, 11, 17, 16, 4, 9, 19, 5, 16, 17, 11, 17, 13, 10, 6, 5, 10, 4, 11, 13, 8, 18, 17, 16, 2, 7, 21, 0, 12, 16, 9, 7, 2, 5, 7, 17, 10, 4, 12, 15, 14, 17, 4, 15, 14, 8, 11, 8, 10, 18, 1, 9, 17, 11, 5, 6, 16, 20, 7, 4, 9, 19, 6, 18, 11 ], [ 5, 17, 11, 13, 9, 21, 21, 11, 15, 16, 15, 21, 6, 22, 16, 14, 4, 8, 22, 10, 13, 4, 12, 9, 12, 14, 20, 13, 22, 2, 16, 7, 3, 15, 4, 4, 12, 11, 22, 18, 13, 8, 17, 12, 0, 20, 19, 13, 11, 13, 18, 15, 19, 10, 18, 21, 3, 11, 11, 12, 14, 15, 15, 15, 8, 24, 12, 19, 10, 6, 7, 6, 17, 22, 7, 10, 19, 17, 7, 13, 19 ], [ 15, 2, 9, 10, 14, 2, 8, 9, 10, 16, 9, 2, 14, 3, 4, 10, 16, 12, 4, 13, 12, 15, 15, 19, 10, 9, 10, 11, 8, 19, 11, 17, 20, 13, 16, 17, 9, 15, 3, 3, 18, 12, 11, 16, 20, 0, 11, 9, 17, 11, 11, 8, 10, 12, 5, 5, 19, 14, 12, 9, 7, 8, 5, 8, 11, 5, 15, 10, 14, 14, 16, 16, 4, 4, 14, 13, 9, 9, 14, 13, 7 ], [ 14, 11, 12, 6, 10, 12, 5, 13, 18, 6, 5, 10, 14, 13, 11, 18, 14, 14, 11, 18, 6, 15, 21, 13, 17, 17, 2, 18, 5, 17, 3, 13, 17, 4, 17, 18, 8, 21, 11, 13, 10, 12, 20, 9, 19, 11, 0, 7, 10, 6, 1, 16, 2, 8, 7, 8, 19, 20, 7, 16, 13, 5, 9, 5, 13, 11, 8, 1, 20, 15, 13, 13, 14, 15, 12, 9, 2, 18, 12, 20, 4 ], [ 8, 7, 5, 1, 5, 11, 8, 6, 12, 8, 3, 9, 7, 12, 6, 12, 8, 7, 11, 11, 3, 8, 14, 10, 10, 11, 8, 11, 9, 11, 5, 8, 12, 6, 10, 11, 1, 14, 11, 9, 9, 5, 14, 7, 13, 9, 7, 0, 9, 2, 6, 10, 7, 3, 6, 9, 13, 13, 3, 9, 7, 2, 4, 3, 6, 12, 7, 7, 13, 8, 8, 8, 9, 13, 6, 4, 6, 13, 6, 13, 6 ], [ 9, 16, 12, 8, 5, 19, 14, 14, 19, 5, 9, 18, 10, 20, 15, 19, 8, 12, 19, 16, 6, 9, 20, 3, 17, 18, 12, 18, 15, 10, 8, 5, 9, 6, 12, 13, 9, 19, 19, 18, 1, 8, 22, 2, 11, 17, 10, 9, 0, 7, 9, 18, 11, 5, 13, 17, 13, 18, 5, 16, 15, 9, 12, 9, 11, 19, 2, 11, 18, 11, 5, 6, 18, 21, 8, 5, 11, 21, 7, 19, 13 ], [ 8, 9, 7, 1, 4, 12, 8, 8, 14, 6, 3, 11, 8, 13, 8, 14, 8, 8, 12, 13, 1, 8, 16, 9, 12, 12, 7, 13, 9, 11, 3, 8, 12, 4, 10, 12, 3, 15, 12, 11, 8, 5, 16, 5, 13, 11, 6, 2, 7, 0, 5, 12, 6, 3, 7, 10, 13, 14, 2, 11, 9, 3, 6, 3, 7, 13, 5, 6, 14, 9, 7, 7, 11, 14, 6, 3, 6, 15, 5, 15, 7 ], [ 13, 11, 11, 5, 8, 12, 5, 13, 17, 5, 4, 10, 13, 14, 11, 18, 13, 13, 11, 17, 4, 13, 21, 12, 16, 16, 3, 17, 6, 16, 2, 12, 16, 3, 16, 17, 7, 20, 11, 13, 9, 10, 20, 7, 18, 11, 1, 6, 9, 5, 0, 16, 3, 7, 7, 9, 18, 19, 6, 15, 13, 5, 8, 4, 12, 11, 7, 2, 19, 14, 11, 12, 14, 16, 11, 8, 3, 18, 10, 19, 5 ], [ 11, 6, 6, 12, 13, 9, 14, 5, 2, 19, 12, 10, 11, 9, 5, 3, 14, 8, 11, 6, 14, 12, 8, 18, 3, 2, 15, 3, 15, 15, 14, 16, 17, 16, 11, 11, 10, 8, 11, 5, 19, 10, 4, 17, 15, 8, 16, 10, 18, 12, 16, 0, 15, 13, 10, 12, 14, 7, 13, 3, 3, 11, 8, 12, 8, 13, 17, 15, 7, 9, 15, 14, 3, 7, 11, 13, 15, 3, 12, 5, 13 ], [ 14, 9, 11, 6, 10, 10, 3, 12, 17, 8, 4, 8, 14, 12, 10, 17, 15, 14, 9, 17, 6, 15, 21, 14, 16, 16, 1, 17, 4, 18, 4, 14, 18, 6, 17, 18, 7, 20, 9, 12, 12, 12, 19, 10, 19, 10, 2, 7, 11, 6, 3, 15, 0, 9, 5, 6, 20, 19, 8, 15, 12, 5, 7, 4, 12, 9, 9, 1, 19, 15, 13, 14, 12, 14, 12, 9, 0, 17, 12, 19, 3 ], [ 6, 10, 7, 3, 1, 14, 11, 8, 14, 7, 5, 13, 6, 15, 10, 14, 6, 7, 14, 12, 3, 6, 15, 6, 12, 12, 10, 13, 12, 9, 5, 5, 9, 5, 9, 10, 4, 14, 14, 13, 6, 4, 17, 4, 10, 12, 8, 3, 5, 3, 7, 13, 9, 0, 9, 13, 11, 14, 1, 11, 10, 5, 7, 5, 6, 15, 4, 9, 13, 7, 4, 5, 12, 16, 4, 1, 8, 15, 3, 14, 9 ], [ 13, 4, 8, 6, 10, 6, 4, 9, 12, 11, 4, 4, 12, 7, 5, 13, 14, 11, 5, 14, 7, 13, 17, 15, 12, 11, 5, 13, 5, 17, 6, 14, 18, 8, 15, 16, 5, 17, 5, 7, 14, 10, 14, 12, 18, 5, 7, 6, 13, 7, 7, 10, 5, 9, 0, 4, 18, 16, 8, 10, 8, 4, 3, 4, 10, 6, 11, 5, 15, 12, 13, 13, 8, 9, 11, 9, 5, 12, 11, 15, 3 ], [ 16, 6, 11, 10, 14, 4, 4, 12, 14, 14, 8, 2, 16, 6, 7, 14, 18, 14, 2, 17, 11, 17, 19, 19, 14, 14, 6, 15, 4, 20, 9, 18, 21, 11, 18, 19, 9, 19, 2, 7, 17, 14, 15, 15, 21, 5, 8, 9, 17, 10, 9, 12, 6, 13, 4, 0, 21, 18, 12, 13, 10, 7, 7, 7, 13, 3, 14, 7, 18, 16, 17, 17, 9, 8, 15, 13, 6, 13, 15, 17, 4 ], [ 5, 16, 10, 13, 10, 20, 21, 10, 13, 17, 15, 20, 6, 21, 15, 12, 6, 7, 22, 8, 14, 5, 9, 11, 11, 12, 20, 11, 22, 4, 16, 9, 6, 16, 3, 2, 13, 8, 21, 17, 15, 8, 15, 14, 3, 19, 19, 13, 13, 13, 18, 14, 20, 11, 18, 21, 0, 8, 12, 11, 12, 15, 14, 15, 8, 23, 14, 19, 8, 5, 8, 7, 16, 20, 7, 11, 19, 15, 8, 10, 19 ], [ 9, 12, 8, 14, 14, 16, 20, 7, 5, 20, 15, 17, 9, 16, 11, 5, 11, 6, 18, 2, 16, 10, 2, 17, 4, 5, 20, 4, 20, 11, 17, 14, 13, 18, 7, 6, 12, 1, 18, 12, 19, 10, 7, 17, 11, 14, 20, 13, 18, 14, 19, 7, 19, 14, 16, 18, 8, 0, 15, 5, 8, 15, 12, 15, 8, 19, 17, 19, 0, 7, 13, 12, 10, 15, 10, 13, 19, 8, 11, 2, 18 ], [ 7, 11, 8, 3, 2, 14, 10, 9, 14, 6, 4, 13, 7, 15, 10, 14, 7, 8, 14, 13, 2, 7, 16, 7, 13, 13, 9, 14, 11, 10, 4, 6, 10, 4, 10, 11, 4, 16, 14, 13, 6, 5, 17, 4, 11, 12, 7, 3, 5, 2, 6, 13, 8, 1, 8, 12, 12, 15, 0, 12, 10, 5, 7, 5, 7, 15, 3, 7, 14, 9, 5, 6, 13, 16, 5, 2, 8, 16, 4, 15, 8 ], [ 9, 7, 4, 10, 11, 11, 15, 3, 3, 17, 11, 11, 8, 11, 6, 3, 11, 5, 13, 4, 12, 10, 6, 16, 1, 2, 15, 2, 15, 12, 13, 13, 14, 15, 9, 9, 8, 6, 12, 7, 17, 8, 6, 15, 12, 9, 16, 9, 16, 11, 15, 3, 15, 11, 10, 13, 11, 5, 12, 0, 3, 10, 7, 11, 6, 14, 15, 15, 5, 7, 12, 11, 5, 10, 9, 11, 14, 5, 10, 4, 13 ], [ 9, 4, 3, 9, 11, 8, 12, 2, 5, 16, 9, 9, 8, 9, 3, 5, 11, 6, 10, 6, 11, 10, 9, 15, 4, 4, 13, 5, 13, 13, 11, 13, 15, 13, 10, 10, 7, 9, 10, 5, 16, 8, 7, 14, 14, 7, 13, 7, 15, 9, 13, 3, 12, 10, 8, 10, 12, 8, 10, 3, 0, 8, 5, 9, 6, 11, 13, 12, 8, 8, 12, 12, 3, 8, 9, 10, 12, 6, 9, 7, 10 ], [ 10, 7, 7, 2, 6, 10, 6, 8, 13, 8, 1, 8, 9, 11, 6, 13, 11, 9, 9, 13, 4, 10, 16, 11, 12, 12, 5, 13, 7, 14, 3, 10, 14, 5, 12, 13, 2, 16, 9, 9, 10, 7, 15, 8, 15, 8, 5, 2, 9, 3, 5, 11, 5, 5, 4, 7, 15, 15, 5, 10, 8, 0, 4, 1, 8, 10, 7, 5, 15, 10, 9, 10, 9, 12, 8, 6, 4, 14, 8, 14, 4 ], [ 10, 3, 5, 5, 8, 7, 8, 5, 9, 12, 5, 6, 9, 8, 3, 10, 11, 7, 8, 10, 7, 10, 13, 14, 9, 8, 8, 9, 8, 14, 7, 12, 15, 9, 11, 12, 3, 13, 7, 6, 13, 7, 12, 11, 15, 5, 9, 4, 12, 6, 8, 8, 7, 7, 3, 7, 14, 12, 7, 7, 5, 4, 0, 4, 7, 9, 10, 8, 12, 9, 11, 11, 6, 9, 8, 8, 7, 10, 9, 11, 6 ], [ 10, 7, 7, 2, 7, 10, 6, 9, 13, 8, 0, 8, 10, 11, 7, 14, 11, 9, 9, 13, 3, 11, 17, 11, 12, 12, 5, 13, 7, 14, 3, 10, 14, 5, 12, 14, 3, 16, 9, 10, 10, 7, 16, 8, 15, 8, 5, 3, 9, 3, 4, 12, 4, 5, 4, 7, 15, 15, 5, 11, 9, 1, 4, 0, 8, 10, 7, 4, 15, 11, 10, 10, 10, 12, 8, 6, 4, 14, 8, 15, 4 ], [ 3, 9, 3, 7, 6, 13, 14, 4, 8, 13, 8, 13, 3, 14, 7, 8, 6, 1, 14, 6, 8, 4, 9, 10, 6, 7, 13, 7, 14, 8, 10, 8, 9, 11, 5, 6, 5, 9, 14, 10, 12, 2, 11, 10, 8, 11, 13, 6, 11, 7, 12, 8, 12, 6, 10, 13, 8, 8, 7, 6, 6, 8, 7, 8, 0, 15, 10, 12, 8, 2, 7, 6, 9, 14, 3, 6, 12, 11, 4, 8, 11 ], [ 18, 7, 13, 12, 16, 4, 6, 13, 15, 17, 10, 3, 18, 4, 9, 15, 20, 16, 1, 18, 13, 19, 20, 21, 15, 14, 9, 16, 6, 23, 12, 20, 24, 14, 20, 21, 12, 20, 2, 8, 20, 16, 16, 18, 24, 5, 11, 12, 19, 13, 11, 13, 9, 15, 6, 3, 23, 19, 15, 14, 11, 10, 9, 10, 15, 0, 17, 9, 19, 18, 19, 19, 9, 7, 17, 16, 9, 13, 17, 18, 7 ], [ 9, 14, 11, 5, 4, 17, 12, 12, 18, 4, 7, 15, 9, 18, 13, 17, 8, 11, 16, 15, 4, 9, 19, 5, 16, 16, 10, 17, 13, 11, 5, 6, 10, 4, 11, 13, 7, 18, 16, 16, 3, 7, 20, 1, 12, 15, 8, 7, 2, 5, 7, 17, 9, 4, 11, 14, 14, 17, 3, 15, 13, 7, 10, 7, 10, 17, 0, 9, 17, 11, 6, 7, 16, 19, 7, 4, 9, 19, 6, 18, 10 ], [ 14, 10, 11, 6, 10, 11, 3, 12, 17, 8, 4, 9, 14, 12, 10, 17, 14, 14, 9, 17, 6, 14, 21, 14, 16, 16, 1, 17, 4, 17, 3, 13, 18, 5, 16, 18, 7, 20, 9, 12, 11, 11, 19, 9, 19, 10, 1, 7, 11, 6, 2, 15, 1, 9, 5, 7, 19, 19, 7, 15, 12, 5, 8, 4, 12, 9, 9, 0, 19, 15, 13, 13, 13, 14, 12, 9, 1, 17, 12, 19, 3 ], [ 9, 12, 8, 14, 13, 16, 20, 7, 5, 20, 15, 17, 8, 16, 11, 5, 11, 6, 18, 2, 16, 9, 2, 17, 4, 5, 20, 4, 20, 11, 17, 14, 13, 18, 7, 6, 12, 1, 18, 12, 19, 10, 8, 17, 10, 14, 20, 13, 18, 14, 19, 7, 19, 13, 15, 18, 8, 0, 14, 5, 8, 15, 12, 15, 8, 19, 17, 19, 0, 6, 13, 12, 10, 15, 10, 13, 19, 8, 11, 2, 18 ], [ 2, 11, 5, 9, 7, 15, 16, 5, 9, 14, 11, 15, 2, 16, 10, 9, 5, 2, 17, 5, 10, 3, 8, 10, 7, 8, 16, 8, 17, 6, 12, 7, 8, 12, 2, 3, 8, 8, 16, 12, 13, 4, 12, 11, 6, 14, 15, 8, 11, 9, 14, 9, 15, 7, 12, 16, 5, 7, 9, 7, 8, 10, 9, 11, 2, 18, 11, 15, 6, 0, 7, 5, 11, 15, 3, 7, 14, 12, 5, 8, 14 ], [ 4, 14, 9, 7, 3, 18, 15, 10, 15, 9, 9, 17, 5, 19, 13, 15, 2, 8, 18, 12, 7, 4, 15, 4, 13, 14, 14, 14, 16, 5, 9, 1, 5, 9, 6, 8, 8, 14, 18, 16, 6, 4, 18, 5, 7, 16, 13, 8, 5, 7, 11, 15, 13, 4, 13, 17, 8, 13, 5, 12, 12, 9, 11, 10, 7, 19, 6, 13, 13, 7, 0, 1, 15, 19, 3, 4, 13, 17, 3, 14, 14 ], [ 3, 14, 8, 8, 4, 18, 16, 9, 14, 10, 10, 17, 4, 19, 12, 14, 1, 7, 18, 11, 8, 3, 14, 5, 12, 13, 15, 13, 17, 4, 10, 2, 4, 9, 5, 7, 8, 13, 18, 16, 8, 4, 17, 6, 6, 16, 13, 8, 6, 7, 12, 14, 14, 5, 13, 17, 7, 12, 6, 11, 12, 10, 11, 10, 6, 19, 7, 13, 12, 5, 1, 0, 15, 19, 3, 4, 13, 16, 2, 13, 14 ], [ 12, 3, 6, 10, 13, 6, 12, 6, 6, 17, 10, 7, 12, 6, 3, 6, 15, 9, 8, 9, 12, 13, 11, 18, 6, 5, 13, 6, 12, 17, 13, 16, 18, 14, 13, 13, 9, 11, 7, 2, 19, 11, 7, 16, 17, 4, 14, 9, 18, 11, 14, 3, 12, 12, 8, 9, 16, 10, 13, 5, 3, 9, 6, 10, 9, 9, 16, 13, 10, 11, 15, 15, 0, 5, 12, 12, 12, 5, 12, 9, 10 ], [ 17, 6, 11, 14, 17, 4, 12, 10, 9, 20, 13, 6, 16, 3, 7, 10, 19, 14, 6, 13, 16, 18, 15, 22, 11, 9, 14, 10, 12, 21, 15, 20, 23, 17, 18, 18, 12, 15, 6, 3, 22, 15, 9, 20, 22, 4, 15, 13, 21, 14, 16, 7, 14, 16, 9, 8, 20, 15, 16, 10, 8, 12, 9, 12, 14, 7, 19, 14, 15, 15, 19, 19, 5, 0, 16, 16, 13, 7, 17, 13, 11 ], [ 2, 11, 6, 6, 4, 15, 14, 7, 12, 11, 8, 15, 2, 16, 10, 11, 3, 4, 16, 9, 7, 2, 12, 7, 10, 10, 13, 11, 15, 6, 9, 4, 6, 9, 4, 6, 6, 11, 16, 13, 9, 1, 15, 7, 7, 14, 12, 6, 8, 6, 11, 11, 12, 4, 11, 15, 7, 10, 5, 9, 9, 8, 8, 8, 3, 17, 7, 12, 10, 3, 3, 3, 12, 16, 0, 4, 12, 14, 1, 11, 12 ], [ 6, 11, 7, 4, 1, 15, 12, 8, 14, 7, 6, 13, 6, 16, 10, 14, 5, 7, 15, 12, 3, 6, 15, 6, 12, 12, 10, 13, 12, 8, 6, 5, 9, 5, 8, 10, 4, 14, 14, 13, 6, 3, 17, 4, 10, 13, 9, 4, 5, 3, 8, 13, 9, 1, 9, 13, 11, 13, 2, 11, 10, 6, 8, 6, 6, 16, 4, 9, 13, 7, 4, 4, 12, 16, 4, 0, 9, 15, 3, 14, 10 ], [ 14, 9, 11, 6, 10, 10, 3, 12, 17, 8, 4, 8, 14, 11, 9, 17, 14, 13, 9, 17, 6, 14, 20, 14, 16, 15, 1, 16, 4, 17, 4, 13, 18, 5, 16, 18, 7, 20, 9, 11, 11, 11, 19, 9, 19, 9, 2, 6, 11, 6, 3, 15, 0, 8, 5, 6, 19, 19, 8, 14, 12, 4, 7, 4, 12, 9, 9, 1, 19, 14, 13, 13, 12, 13, 12, 9, 0, 17, 12, 18, 2 ], [ 14, 8, 9, 14, 16, 10, 16, 7, 3, 21, 14, 11, 13, 9, 7, 3, 16, 10, 12, 8, 16, 15, 8, 21, 5, 4, 17, 4, 17, 17, 17, 18, 19, 18, 13, 13, 12, 9, 12, 6, 22, 13, 2, 19, 17, 9, 18, 13, 21, 15, 18, 3, 17, 15, 12, 13, 15, 8, 16, 5, 6, 14, 10, 14, 11, 13, 19, 17, 8, 12, 17, 16, 5, 7, 14, 15, 17, 0, 15, 6, 15 ], [ 3, 11, 6, 6, 3, 16, 14, 7, 13, 10, 8, 15, 3, 17, 10, 12, 3, 5, 16, 10, 6, 3, 13, 6, 11, 11, 13, 11, 15, 6, 8, 4, 6, 8, 5, 7, 6, 12, 16, 13, 8, 2, 16, 6, 7, 14, 12, 6, 7, 5, 10, 12, 12, 3, 11, 15, 8, 11, 4, 10, 9, 8, 9, 8, 4, 17, 6, 12, 11, 5, 3, 2, 12, 17, 1, 3, 12, 15, 0, 12, 12 ], [ 10, 11, 8, 14, 14, 14, 19, 6, 3, 21, 15, 15, 10, 14, 10, 3, 13, 7, 17, 3, 16, 11, 2, 18, 3, 3, 19, 2, 19, 13, 17, 15, 15, 18, 9, 8, 12, 3, 16, 10, 20, 11, 5, 18, 13, 13, 20, 13, 19, 15, 19, 5, 19, 14, 15, 17, 10, 2, 15, 4, 7, 14, 11, 15, 8, 18, 18, 19, 2, 8, 14, 13, 9, 13, 11, 14, 18, 6, 12, 0, 17 ], [ 14, 7, 10, 6, 10, 8, 2, 11, 15, 10, 4, 6, 13, 9, 8, 15, 15, 13, 6, 16, 7, 14, 19, 15, 14, 14, 3, 15, 3, 18, 5, 14, 18, 7, 16, 17, 6, 19, 6, 9, 13, 11, 17, 11, 19, 7, 4, 6, 13, 7, 5, 13, 3, 9, 3, 4, 19, 18, 8, 13, 10, 4, 6, 4, 11, 7, 10, 3, 18, 14, 14, 14, 10, 11, 12, 10, 2, 15, 12, 17, 0 ] ]
}