{
  "version" : "0.3",
  "id" : 1779717003,
  "name" : "PTP-RAND-1_24_4_48",
  "coordType" : "Eucl",
  "sameVehicleBackward" : false,
  "maxWaitTime" : "00h30",
  "places" : [ {
    "id" : 0,
    "lat" : -4.630298718472861,
    "long" : -2.7473772572312956,
    "category" : 0
  }, {
    "id" : 1,
    "lat" : -0.82215192336389,
    "long" : 6.799450089190986,
    "category" : 0
  }, {
    "id" : 2,
    "lat" : -1.308891249156275,
    "long" : 3.8474110616954116,
    "category" : 0
  }, {
    "id" : 3,
    "lat" : 3.008591029291493,
    "long" : -11.065716029270757,
    "category" : 0
  }, {
    "id" : 4,
    "lat" : 0.8684420790358136,
    "long" : 6.946766161779428,
    "category" : 0
  }, {
    "id" : 5,
    "lat" : 3.3797707597661555,
    "long" : 5.231244493486493,
    "category" : 0
  }, {
    "id" : 6,
    "lat" : -10.498118836166586,
    "long" : 1.3883878849908202,
    "category" : 0
  }, {
    "id" : 7,
    "lat" : 6.387379950633413,
    "long" : 2.1605685287400296,
    "category" : 0
  }, {
    "id" : 8,
    "lat" : 9.26406651087736,
    "long" : -6.167124370505711,
    "category" : 0
  }, {
    "id" : 9,
    "lat" : -5.4933010022288045,
    "long" : 0.23070876698883636,
    "category" : 0
  }, {
    "id" : 10,
    "lat" : 2.862117858447139,
    "long" : 3.7296013524625824,
    "category" : 0
  }, {
    "id" : 11,
    "lat" : -7.987546761174091,
    "long" : -7.556107040673248,
    "category" : 0
  }, {
    "id" : 12,
    "lat" : 2.209519865366168,
    "long" : 0.9448260224313382,
    "category" : 0
  }, {
    "id" : 13,
    "lat" : -9.994935378232144,
    "long" : -1.9300296045234595,
    "category" : 0
  }, {
    "id" : 14,
    "lat" : -3.325158921599956,
    "long" : -9.596350108858033,
    "category" : 0
  }, {
    "id" : 15,
    "lat" : -8.612075241399781,
    "long" : 6.562181589315423,
    "category" : 0
  }, {
    "id" : 16,
    "lat" : 9.560231134098144,
    "long" : 4.5638572006874725,
    "category" : 0
  }, {
    "id" : 17,
    "lat" : 4.345965497597861,
    "long" : 5.867785611195762,
    "category" : 0
  }, {
    "id" : 18,
    "lat" : -1.7130239636917501,
    "long" : 1.9133683407408273,
    "category" : 0
  }, {
    "id" : 19,
    "lat" : 0.8424017067168312,
    "long" : 6.813966578378702,
    "category" : 0
  }, {
    "id" : 20,
    "lat" : -2.6768558384349985,
    "long" : -0.7008599740559912,
    "category" : 0
  }, {
    "id" : 21,
    "lat" : -3.1574713429262604,
    "long" : 4.983298737001255,
    "category" : 0
  }, {
    "id" : 22,
    "lat" : 8.791245508783776,
    "long" : -7.275700918133919,
    "category" : 0
  }, {
    "id" : 23,
    "lat" : -9.408524697213256,
    "long" : -7.009629287860907,
    "category" : 0
  }, {
    "id" : 24,
    "lat" : 10.22257483153124,
    "long" : 0.5301021244835696,
    "category" : 1
  }, {
    "id" : 25,
    "lat" : -3.478614474089488,
    "long" : 7.089634932124334,
    "category" : 2
  }, {
    "id" : 26,
    "lat" : -8.166772790114097,
    "long" : -1.2455062304062514,
    "category" : 2
  }, {
    "id" : 27,
    "lat" : 4.216998497119869,
    "long" : 9.795382686389825,
    "category" : 2
  }, {
    "id" : 28,
    "lat" : -5.7911356129850855,
    "long" : 6.081227038197504,
    "category" : 2
  }, {
    "id" : 29,
    "lat" : 0.3290318986575759,
    "long" : 9.225796130853603,
    "category" : 2
  }, {
    "id" : 30,
    "lat" : 3.661122332194089,
    "long" : -1.914277152978629,
    "category" : 2
  }, {
    "id" : 31,
    "lat" : -8.686031762298562,
    "long" : -2.617541124956507,
    "category" : 2
  }, {
    "id" : 32,
    "lat" : -5.553103319183884,
    "long" : 1.3009581427298398,
    "category" : 2
  }, {
    "id" : 33,
    "lat" : -7.744706469866324,
    "long" : 5.411716494444726,
    "category" : 2
  }, {
    "id" : 34,
    "lat" : 3.0342428908403805,
    "long" : -8.471375427463869,
    "category" : 2
  }, {
    "id" : 35,
    "lat" : -6.759954880914118,
    "long" : -4.273363434957925,
    "category" : 2
  }, {
    "id" : 36,
    "lat" : 0.9651786514971141,
    "long" : 9.393256050920083,
    "category" : 2
  }, {
    "id" : 37,
    "lat" : 1.7126596538862413,
    "long" : 10.292323441311176,
    "category" : 2
  }, {
    "id" : 38,
    "lat" : 5.245388665394985,
    "long" : 10.179103100748916,
    "category" : 2
  }, {
    "id" : 39,
    "lat" : 7.810985327814847,
    "long" : 6.235506323157783,
    "category" : 2
  }, {
    "id" : 40,
    "lat" : -3.6088078509155213,
    "long" : -5.673353396186491,
    "category" : 2
  }, {
    "id" : 41,
    "lat" : -1.174461258578262,
    "long" : 8.121036529994784,
    "category" : 2
  }, {
    "id" : 42,
    "lat" : -0.13956570028409754,
    "long" : -1.3915417953755922,
    "category" : 2
  }, {
    "id" : 43,
    "lat" : 1.4193883666261704,
    "long" : -4.013288875934269,
    "category" : 2
  }, {
    "id" : 44,
    "lat" : 1.8656818011222194,
    "long" : -10.799607777308074,
    "category" : 2
  }, {
    "id" : 45,
    "lat" : 1.8272150459466294,
    "long" : 0.1774679510058714,
    "category" : 2
  }, {
    "id" : 46,
    "lat" : 7.7264918778567875,
    "long" : -2.980103002853598,
    "category" : 2
  }, {
    "id" : 47,
    "lat" : 7.674261453967863,
    "long" : -8.197519026938844,
    "category" : 2
  }, {
    "id" : 48,
    "lat" : -2.8832360275201485,
    "long" : -9.780950693617237,
    "category" : 2
  }, {
    "id" : 49,
    "lat" : 4.547002880615412,
    "long" : -7.4667343402566715,
    "category" : 2
  }, {
    "id" : 50,
    "lat" : -8.928055271487715,
    "long" : 6.369019992583551,
    "category" : 2
  }, {
    "id" : 51,
    "lat" : 3.7525047588892404,
    "long" : 8.121746351717073,
    "category" : 2
  }, {
    "id" : 52,
    "lat" : 0.5651392712196954,
    "long" : -0.8287998986138195,
    "category" : 2
  }, {
    "id" : 53,
    "lat" : -1.8673825192168405,
    "long" : -7.315097783492727,
    "category" : 2
  }, {
    "id" : 54,
    "lat" : -2.272638735197837,
    "long" : -4.9168787037113475,
    "category" : 2
  }, {
    "id" : 55,
    "lat" : -2.5109360357177226,
    "long" : -7.936979107333649,
    "category" : 2
  }, {
    "id" : 56,
    "lat" : 3.778600059557838,
    "long" : -3.0806376135605733,
    "category" : 2
  }, {
    "id" : 57,
    "lat" : -0.15590802254008987,
    "long" : 2.69609270089042,
    "category" : 2
  }, {
    "id" : 58,
    "lat" : -8.054739737661311,
    "long" : 1.6025248679181332,
    "category" : 2
  }, {
    "id" : 59,
    "lat" : 1.0979167132410708,
    "long" : -2.921823866167738,
    "category" : 2
  }, {
    "id" : 60,
    "lat" : -0.2501389510324846,
    "long" : -1.7620642952199435,
    "category" : 2
  }, {
    "id" : 61,
    "lat" : 3.0846873739491576,
    "long" : -6.440229084808721,
    "category" : 2
  }, {
    "id" : 62,
    "lat" : -4.1406341370114355,
    "long" : 7.8092626314685685,
    "category" : 2
  }, {
    "id" : 63,
    "lat" : 0.6706015257378475,
    "long" : -1.0278882567425087,
    "category" : 2
  }, {
    "id" : 64,
    "lat" : 7.757647163480038,
    "long" : 0.4582960450535565,
    "category" : 2
  }, {
    "id" : 65,
    "lat" : -3.464373815623433,
    "long" : 7.815734957485143,
    "category" : 2
  }, {
    "id" : 66,
    "lat" : -10.16143399982461,
    "long" : 4.55254183633416,
    "category" : 2
  }, {
    "id" : 67,
    "lat" : 9.770437009910767,
    "long" : 2.385321061381856,
    "category" : 2
  }, {
    "id" : 68,
    "lat" : 4.9040689869027965,
    "long" : -0.006904540804252279,
    "category" : 2
  }, {
    "id" : 69,
    "lat" : -0.5377972957722623,
    "long" : -9.634494794024109,
    "category" : 2
  }, {
    "id" : 70,
    "lat" : 1.8215666644187356,
    "long" : 1.4952568064772789,
    "category" : 2
  }, {
    "id" : 71,
    "lat" : -3.262638891306179,
    "long" : -1.273351192401444,
    "category" : 2
  }, {
    "id" : 72,
    "lat" : -8.235760598135949,
    "long" : 0.6696375062220039,
    "category" : 2
  }, {
    "id" : 73,
    "lat" : 5.8233363933140625,
    "long" : 3.88193134455797,
    "category" : 2
  }, {
    "id" : 74,
    "lat" : -5.444414683084634,
    "long" : -6.219058504507727,
    "category" : 2
  }, {
    "id" : 75,
    "lat" : 3.4896321373803185,
    "long" : -1.5355128379666236,
    "category" : 2
  } ],
  "vehicles" : [ {
    "id" : 76,
    "canTake" : [ 1 ],
    "start" : 24,
    "end" : 24,
    "capacity" : 5,
    "availability" : [ "07h00:20h00" ]
  }, {
    "id" : 77,
    "canTake" : [ 0 ],
    "start" : 24,
    "end" : 24,
    "capacity" : 5,
    "availability" : [ "07h00:12h00", "13h00:20h00" ]
  }, {
    "id" : 78,
    "canTake" : [ 1 ],
    "start" : 24,
    "end" : 24,
    "capacity" : 5,
    "availability" : [ "07h00:15h00", "16h00:20h00" ]
  }, {
    "id" : 79,
    "canTake" : [ 1 ],
    "start" : 24,
    "end" : 24,
    "capacity" : 6,
    "availability" : [ "07h00:10h00", "12h00:20h00" ]
  } ],
  "patients" : [ {
    "id" : 80,
    "category" : 0,
    "load" : 2,
    "start" : -1,
    "destination" : 0,
    "end" : 25,
    "rdvTime" : "08h11",
    "rdvDuration" : "02h22",
    "srvDuration" : "00h01"
  }, {
    "id" : 81,
    "category" : 0,
    "load" : 2,
    "start" : 26,
    "destination" : 1,
    "end" : 27,
    "rdvTime" : "13h09",
    "rdvDuration" : "02h29",
    "srvDuration" : "00h02"
  }, {
    "id" : 82,
    "category" : 0,
    "load" : 1,
    "start" : 28,
    "destination" : 2,
    "end" : -1,
    "rdvTime" : "11h05",
    "rdvDuration" : "00h48",
    "srvDuration" : "00h03"
  }, {
    "id" : 83,
    "category" : 1,
    "load" : 1,
    "start" : 29,
    "destination" : 3,
    "end" : -1,
    "rdvTime" : "10h16",
    "rdvDuration" : "01h58",
    "srvDuration" : "00h02"
  }, {
    "id" : 84,
    "category" : 0,
    "load" : 1,
    "start" : 30,
    "destination" : 4,
    "end" : 30,
    "rdvTime" : "08h47",
    "rdvDuration" : "00h51",
    "srvDuration" : "00h03"
  }, {
    "id" : 85,
    "category" : 1,
    "load" : 1,
    "start" : 31,
    "destination" : 5,
    "end" : 31,
    "rdvTime" : "12h04",
    "rdvDuration" : "02h56",
    "srvDuration" : "00h02"
  }, {
    "id" : 86,
    "category" : 0,
    "load" : 1,
    "start" : 32,
    "destination" : 6,
    "end" : 32,
    "rdvTime" : "12h54",
    "rdvDuration" : "00h44",
    "srvDuration" : "00h03"
  }, {
    "id" : 87,
    "category" : 1,
    "load" : 2,
    "start" : 33,
    "destination" : 7,
    "end" : 33,
    "rdvTime" : "08h47",
    "rdvDuration" : "00h34",
    "srvDuration" : "00h02"
  }, {
    "id" : 88,
    "category" : 1,
    "load" : 1,
    "start" : 34,
    "destination" : 8,
    "end" : 34,
    "rdvTime" : "08h00",
    "rdvDuration" : "01h01",
    "srvDuration" : "00h02"
  }, {
    "id" : 89,
    "category" : 0,
    "load" : 2,
    "start" : 35,
    "destination" : 9,
    "end" : 35,
    "rdvTime" : "10h12",
    "rdvDuration" : "02h17",
    "srvDuration" : "00h03"
  }, {
    "id" : 90,
    "category" : 1,
    "load" : 2,
    "start" : 36,
    "destination" : 10,
    "end" : 36,
    "rdvTime" : "09h57",
    "rdvDuration" : "00h57",
    "srvDuration" : "00h02"
  }, {
    "id" : 91,
    "category" : 0,
    "load" : 1,
    "start" : 37,
    "destination" : 11,
    "end" : 37,
    "rdvTime" : "09h53",
    "rdvDuration" : "02h57",
    "srvDuration" : "00h03"
  }, {
    "id" : 92,
    "category" : 1,
    "load" : 2,
    "start" : 38,
    "destination" : 12,
    "end" : 38,
    "rdvTime" : "10h39",
    "rdvDuration" : "00h28",
    "srvDuration" : "00h03"
  }, {
    "id" : 93,
    "category" : 1,
    "load" : 1,
    "start" : 39,
    "destination" : 13,
    "end" : 39,
    "rdvTime" : "15h37",
    "rdvDuration" : "00h59",
    "srvDuration" : "00h01"
  }, {
    "id" : 94,
    "category" : 1,
    "load" : 2,
    "start" : 40,
    "destination" : 14,
    "end" : 40,
    "rdvTime" : "13h40",
    "rdvDuration" : "01h02",
    "srvDuration" : "00h02"
  }, {
    "id" : 95,
    "category" : 1,
    "load" : 2,
    "start" : 41,
    "destination" : 15,
    "end" : 41,
    "rdvTime" : "13h38",
    "rdvDuration" : "00h16",
    "srvDuration" : "00h03"
  }, {
    "id" : 96,
    "category" : 1,
    "load" : 1,
    "start" : 42,
    "destination" : 16,
    "end" : 43,
    "rdvTime" : "11h05",
    "rdvDuration" : "02h42",
    "srvDuration" : "00h03"
  }, {
    "id" : 97,
    "category" : 0,
    "load" : 1,
    "start" : -1,
    "destination" : 17,
    "end" : 44,
    "rdvTime" : "14h47",
    "rdvDuration" : "00h59",
    "srvDuration" : "00h01"
  }, {
    "id" : 98,
    "category" : 1,
    "load" : 1,
    "start" : 45,
    "destination" : 18,
    "end" : 45,
    "rdvTime" : "11h08",
    "rdvDuration" : "02h03",
    "srvDuration" : "00h03"
  }, {
    "id" : 99,
    "category" : 1,
    "load" : 2,
    "start" : 46,
    "destination" : 19,
    "end" : 46,
    "rdvTime" : "09h23",
    "rdvDuration" : "00h35",
    "srvDuration" : "00h02"
  }, {
    "id" : 100,
    "category" : 1,
    "load" : 2,
    "start" : 47,
    "destination" : 20,
    "end" : 47,
    "rdvTime" : "09h37",
    "rdvDuration" : "00h49",
    "srvDuration" : "00h03"
  }, {
    "id" : 101,
    "category" : 0,
    "load" : 1,
    "start" : 48,
    "destination" : 21,
    "end" : 48,
    "rdvTime" : "13h55",
    "rdvDuration" : "01h02",
    "srvDuration" : "00h01"
  }, {
    "id" : 102,
    "category" : 0,
    "load" : 1,
    "start" : 49,
    "destination" : 22,
    "end" : 49,
    "rdvTime" : "15h28",
    "rdvDuration" : "02h18",
    "srvDuration" : "00h02"
  }, {
    "id" : 103,
    "category" : 1,
    "load" : 2,
    "start" : -1,
    "destination" : 23,
    "end" : 50,
    "rdvTime" : "10h03",
    "rdvDuration" : "02h43",
    "srvDuration" : "00h03"
  }, {
    "id" : 104,
    "category" : 1,
    "load" : 1,
    "start" : 51,
    "destination" : 23,
    "end" : 51,
    "rdvTime" : "14h20",
    "rdvDuration" : "00h25",
    "srvDuration" : "00h02"
  }, {
    "id" : 105,
    "category" : 1,
    "load" : 2,
    "start" : 52,
    "destination" : 0,
    "end" : 52,
    "rdvTime" : "10h35",
    "rdvDuration" : "01h23",
    "srvDuration" : "00h03"
  }, {
    "id" : 106,
    "category" : 0,
    "load" : 2,
    "start" : 53,
    "destination" : 14,
    "end" : 53,
    "rdvTime" : "11h44",
    "rdvDuration" : "00h54",
    "srvDuration" : "00h02"
  }, {
    "id" : 107,
    "category" : 0,
    "load" : 1,
    "start" : 54,
    "destination" : 4,
    "end" : 54,
    "rdvTime" : "10h40",
    "rdvDuration" : "02h39",
    "srvDuration" : "00h01"
  }, {
    "id" : 108,
    "category" : 1,
    "load" : 2,
    "start" : 55,
    "destination" : 21,
    "end" : 55,
    "rdvTime" : "10h43",
    "rdvDuration" : "02h21",
    "srvDuration" : "00h02"
  }, {
    "id" : 109,
    "category" : 1,
    "load" : 1,
    "start" : 56,
    "destination" : 7,
    "end" : 56,
    "rdvTime" : "11h48",
    "rdvDuration" : "01h30",
    "srvDuration" : "00h02"
  }, {
    "id" : 110,
    "category" : 0,
    "load" : 1,
    "start" : 57,
    "destination" : 14,
    "end" : 57,
    "rdvTime" : "14h56",
    "rdvDuration" : "02h13",
    "srvDuration" : "00h02"
  }, {
    "id" : 111,
    "category" : 0,
    "load" : 2,
    "start" : 58,
    "destination" : 17,
    "end" : 58,
    "rdvTime" : "13h08",
    "rdvDuration" : "00h59",
    "srvDuration" : "00h03"
  }, {
    "id" : 112,
    "category" : 1,
    "load" : 2,
    "start" : 59,
    "destination" : 9,
    "end" : 59,
    "rdvTime" : "12h32",
    "rdvDuration" : "00h22",
    "srvDuration" : "00h03"
  }, {
    "id" : 113,
    "category" : 0,
    "load" : 1,
    "start" : 60,
    "destination" : 20,
    "end" : 60,
    "rdvTime" : "14h52",
    "rdvDuration" : "02h19",
    "srvDuration" : "00h01"
  }, {
    "id" : 114,
    "category" : 1,
    "load" : 1,
    "start" : 61,
    "destination" : 2,
    "end" : 61,
    "rdvTime" : "15h59",
    "rdvDuration" : "01h14",
    "srvDuration" : "00h02"
  }, {
    "id" : 115,
    "category" : 0,
    "load" : 2,
    "start" : -1,
    "destination" : 8,
    "end" : 62,
    "rdvTime" : "10h09",
    "rdvDuration" : "01h37",
    "srvDuration" : "00h01"
  }, {
    "id" : 116,
    "category" : 0,
    "load" : 1,
    "start" : 63,
    "destination" : 9,
    "end" : -1,
    "rdvTime" : "09h16",
    "rdvDuration" : "02h52",
    "srvDuration" : "00h02"
  }, {
    "id" : 117,
    "category" : 1,
    "load" : 2,
    "start" : 64,
    "destination" : 3,
    "end" : 64,
    "rdvTime" : "12h26",
    "rdvDuration" : "00h36",
    "srvDuration" : "00h02"
  }, {
    "id" : 118,
    "category" : 1,
    "load" : 2,
    "start" : 65,
    "destination" : 15,
    "end" : 65,
    "rdvTime" : "09h54",
    "rdvDuration" : "01h13",
    "srvDuration" : "00h03"
  }, {
    "id" : 119,
    "category" : 1,
    "load" : 2,
    "start" : 66,
    "destination" : 3,
    "end" : 66,
    "rdvTime" : "12h39",
    "rdvDuration" : "01h29",
    "srvDuration" : "00h03"
  }, {
    "id" : 120,
    "category" : 0,
    "load" : 1,
    "start" : -1,
    "destination" : 13,
    "end" : 67,
    "rdvTime" : "11h50",
    "rdvDuration" : "02h15",
    "srvDuration" : "00h01"
  }, {
    "id" : 121,
    "category" : 1,
    "load" : 1,
    "start" : 68,
    "destination" : 20,
    "end" : 69,
    "rdvTime" : "14h11",
    "rdvDuration" : "00h29",
    "srvDuration" : "00h02"
  }, {
    "id" : 122,
    "category" : 0,
    "load" : 1,
    "start" : 70,
    "destination" : 16,
    "end" : 70,
    "rdvTime" : "15h53",
    "rdvDuration" : "01h02",
    "srvDuration" : "00h03"
  }, {
    "id" : 123,
    "category" : 1,
    "load" : 2,
    "start" : 71,
    "destination" : 20,
    "end" : 71,
    "rdvTime" : "09h45",
    "rdvDuration" : "00h29",
    "srvDuration" : "00h02"
  }, {
    "id" : 124,
    "category" : 0,
    "load" : 2,
    "start" : 72,
    "destination" : 9,
    "end" : 72,
    "rdvTime" : "08h14",
    "rdvDuration" : "01h32",
    "srvDuration" : "00h02"
  }, {
    "id" : 125,
    "category" : 1,
    "load" : 2,
    "start" : 73,
    "destination" : 0,
    "end" : 73,
    "rdvTime" : "15h53",
    "rdvDuration" : "00h51",
    "srvDuration" : "00h03"
  }, {
    "id" : 126,
    "category" : 0,
    "load" : 1,
    "start" : -1,
    "destination" : 6,
    "end" : 74,
    "rdvTime" : "14h56",
    "rdvDuration" : "01h29",
    "srvDuration" : "00h03"
  }, {
    "id" : 127,
    "category" : 1,
    "load" : 1,
    "start" : 75,
    "destination" : 18,
    "end" : 75,
    "rdvTime" : "14h49",
    "rdvDuration" : "01h18",
    "srvDuration" : "00h02"
  } ],
  "distMatrix" : [ [ 0, 10, 7, 11, 11, 11, 7, 12, 14, 3, 10, 6, 8, 5, 7, 10, 16, 12, 5, 11, 3, 8, 14, 6, 15, 10, 4, 15, 9, 13, 8, 4, 4, 9, 10, 3, 13, 15, 16, 15, 3, 11, 5, 6, 10, 7, 12, 13, 7, 10, 10, 14, 6, 5, 3, 6, 8, 7, 6, 6, 4, 9, 11, 6, 13, 11, 9, 15, 10, 8, 8, 2, 5, 12, 4, 8 ], [ 10, 0, 3, 18, 2, 4, 11, 9, 16, 8, 5, 16, 7, 13, 17, 8, 11, 5, 5, 2, 8, 3, 17, 16, 13, 3, 11, 6, 5, 3, 10, 12, 7, 7, 16, 13, 3, 4, 7, 9, 13, 1, 8, 11, 18, 7, 13, 17, 17, 15, 8, 5, 8, 14, 12, 15, 11, 4, 9, 10, 9, 14, 3, 8, 11, 3, 10, 11, 9, 16, 6, 8, 10, 7, 14, 9 ], [ 7, 3, 0, 16, 4, 5, 10, 8, 15, 6, 4, 13, 5, 10, 14, 8, 11, 6, 2, 4, 5, 2, 15, 14, 12, 4, 9, 8, 5, 6, 8, 10, 5, 7, 13, 10, 6, 7, 9, 9, 10, 4, 5, 8, 15, 5, 11, 15, 14, 13, 8, 7, 5, 11, 9, 12, 9, 2, 7, 7, 6, 11, 5, 5, 10, 5, 9, 11, 7, 14, 4, 5, 8, 7, 11, 7 ], [ 11, 18, 16, 0, 18, 16, 18, 14, 8, 14, 15, 12, 12, 16, 7, 21, 17, 17, 14, 18, 12, 17, 7, 13, 14, 19, 15, 21, 19, 20, 9, 14, 15, 20, 3, 12, 21, 21, 21, 18, 9, 20, 10, 7, 1, 11, 9, 5, 6, 4, 21, 19, 11, 6, 8, 6, 8, 14, 17, 8, 10, 5, 20, 10, 12, 20, 20, 15, 11, 4, 13, 12, 16, 15, 10, 10 ], [ 11, 2, 4, 18, 0, 3, 13, 7, 16, 9, 4, 17, 6, 14, 17, 9, 9, 4, 6, 0, 8, 4, 16, 17, 11, 4, 12, 4, 7, 2, 9, 14, 9, 9, 16, 14, 2, 3, 5, 7, 13, 2, 8, 11, 18, 7, 12, 17, 17, 15, 10, 3, 8, 15, 12, 15, 10, 4, 10, 10, 9, 14, 5, 8, 9, 4, 11, 10, 8, 17, 6, 9, 11, 6, 15, 9 ], [ 11, 4, 5, 16, 3, 0, 14, 4, 13, 10, 2, 17, 4, 15, 16, 12, 6, 1, 6, 3, 8, 7, 14, 18, 8, 7, 13, 5, 9, 5, 7, 14, 10, 11, 14, 14, 5, 5, 5, 5, 13, 5, 7, 9, 16, 5, 9, 14, 16, 13, 12, 3, 7, 14, 12, 14, 8, 4, 12, 8, 8, 12, 8, 7, 6, 7, 14, 7, 5, 15, 4, 9, 12, 3, 14, 7 ], [ 7, 11, 10, 18, 13, 14, 0, 17, 21, 5, 14, 9, 13, 3, 13, 6, 20, 16, 9, 13, 8, 8, 21, 8, 21, 9, 4, 17, 7, 13, 15, 4, 5, 5, 17, 7, 14, 15, 18, 19, 10, 12, 11, 13, 17, 12, 19, 21, 14, 17, 5, 16, 11, 12, 10, 12, 15, 10, 2, 12, 11, 16, 9, 11, 18, 10, 3, 20, 15, 15, 12, 8, 2, 17, 9, 14 ], [ 12, 9, 8, 14, 7, 4, 17, 0, 9, 12, 4, 17, 4, 17, 15, 16, 4, 4, 8, 7, 10, 10, 10, 18, 4, 11, 15, 8, 13, 9, 5, 16, 12, 15, 11, 15, 9, 9, 8, 4, 13, 10, 7, 8, 14, 5, 5, 10, 15, 10, 16, 7, 7, 13, 11, 13, 6, 7, 14, 7, 8, 9, 12, 7, 2, 11, 17, 3, 3, 14, 5, 10, 15, 2, 14, 5 ], [ 14, 16, 15, 8, 16, 13, 21, 9, 0, 16, 12, 17, 10, 20, 13, 22, 11, 13, 14, 15, 13, 17, 1, 19, 7, 18, 18, 17, 19, 18, 7, 18, 17, 21, 7, 16, 18, 18, 17, 12, 13, 18, 11, 8, 9, 10, 4, 3, 13, 5, 22, 15, 10, 11, 12, 12, 6, 13, 19, 9, 10, 6, 19, 10, 7, 19, 22, 9, 8, 10, 11, 13, 19, 11, 15, 7 ], [ 3, 8, 6, 14, 9, 10, 5, 12, 16, 0, 9, 8, 8, 5, 10, 7, 16, 11, 4, 9, 3, 5, 16, 8, 16, 7, 3, 14, 6, 11, 9, 4, 1, 6, 12, 5, 11, 12, 15, 15, 6, 9, 6, 8, 13, 7, 14, 16, 10, 13, 7, 12, 6, 8, 6, 9, 10, 6, 3, 7, 6, 11, 8, 6, 13, 8, 6, 15, 10, 11, 7, 3, 3, 12, 6, 9 ], [ 10, 5, 4, 15, 4, 2, 14, 4, 12, 9, 0, 16, 3, 14, 15, 12, 7, 3, 5, 4, 7, 6, 13, 16, 8, 7, 12, 6, 9, 6, 6, 13, 9, 11, 12, 13, 6, 7, 7, 6, 11, 6, 6, 8, 15, 4, 8, 13, 15, 11, 12, 4, 5, 12, 10, 13, 7, 3, 11, 7, 6, 10, 8, 5, 6, 8, 13, 7, 4, 14, 2, 8, 12, 3, 13, 5 ], [ 6, 16, 13, 12, 17, 17, 9, 17, 17, 8, 16, 0, 13, 6, 5, 14, 21, 18, 11, 17, 9, 13, 17, 2, 20, 15, 6, 21, 14, 19, 13, 5, 9, 13, 11, 4, 19, 20, 22, 21, 5, 17, 10, 10, 10, 12, 16, 16, 6, 13, 14, 20, 11, 6, 6, 5, 13, 13, 9, 10, 10, 11, 16, 11, 18, 16, 12, 20, 15, 8, 13, 8, 8, 18, 3, 13 ], [ 8, 7, 5, 12, 6, 4, 13, 4, 10, 8, 3, 13, 0, 13, 12, 12, 8, 5, 4, 6, 5, 7, 11, 14, 8, 8, 11, 9, 10, 8, 3, 11, 8, 11, 9, 10, 9, 9, 10, 8, 9, 8, 3, 5, 12, 1, 7, 11, 12, 9, 12, 7, 2, 9, 7, 10, 4, 3, 10, 4, 4, 7, 9, 3, 6, 9, 13, 8, 3, 11, 1, 6, 10, 5, 10, 3 ], [ 5, 13, 10, 16, 14, 15, 3, 17, 20, 5, 14, 6, 13, 0, 10, 9, 21, 16, 9, 14, 7, 10, 20, 5, 20, 11, 2, 18, 9, 15, 14, 1, 5, 8, 15, 4, 16, 17, 19, 20, 7, 13, 10, 12, 15, 12, 18, 19, 11, 16, 8, 17, 11, 10, 8, 10, 14, 11, 4, 11, 10, 14, 11, 11, 18, 12, 6, 20, 15, 12, 12, 7, 3, 17, 6, 13 ], [ 7, 17, 14, 7, 17, 16, 13, 15, 13, 10, 15, 5, 12, 10, 0, 17, 19, 17, 12, 17, 9, 15, 12, 7, 17, 17, 10, 21, 16, 19, 10, 9, 11, 16, 6, 6, 19, 21, 22, 19, 4, 18, 9, 7, 5, 11, 13, 11, 0, 8, 17, 19, 10, 3, 5, 2, 10, 13, 12, 8, 8, 7, 17, 9, 15, 17, 16, 18, 13, 3, 12, 8, 11, 16, 4, 11 ], [ 10, 8, 8, 21, 9, 12, 6, 16, 22, 7, 12, 14, 12, 9, 17, 0, 18, 13, 8, 9, 9, 6, 22, 14, 20, 5, 8, 13, 3, 9, 15, 9, 6, 1, 19, 11, 10, 11, 14, 16, 13, 8, 12, 15, 20, 12, 19, 22, 17, 19, 0, 12, 12, 15, 13, 16, 16, 9, 5, 14, 12, 17, 5, 12, 17, 5, 3, 19, 15, 18, 12, 9, 6, 15, 13, 15 ], [ 16, 11, 11, 17, 9, 6, 20, 4, 11, 16, 7, 21, 8, 21, 19, 18, 0, 5, 12, 9, 13, 13, 12, 22, 4, 13, 19, 7, 15, 10, 9, 20, 15, 17, 15, 19, 10, 10, 7, 2, 17, 11, 11, 12, 17, 9, 8, 13, 19, 13, 19, 7, 10, 16, 15, 17, 10, 10, 18, 11, 12, 13, 14, 11, 4, 13, 20, 2, 7, 17, 8, 14, 18, 4, 18, 9 ], [ 12, 5, 6, 17, 4, 1, 16, 4, 13, 11, 3, 18, 5, 16, 17, 13, 5, 0, 7, 4, 10, 8, 14, 19, 8, 8, 14, 4, 10, 5, 8, 16, 11, 12, 14, 15, 5, 5, 4, 3, 14, 6, 9, 10, 17, 6, 9, 14, 17, 13, 13, 2, 8, 15, 13, 15, 9, 6, 13, 9, 9, 12, 9, 8, 6, 8, 15, 6, 6, 16, 5, 10, 14, 2, 16, 7 ], [ 5, 5, 2, 14, 6, 6, 9, 8, 14, 4, 5, 11, 4, 9, 12, 8, 12, 7, 0, 6, 3, 3, 14, 12, 12, 5, 7, 10, 6, 8, 7, 8, 4, 7, 11, 8, 8, 9, 11, 10, 8, 6, 4, 7, 13, 4, 11, 14, 12, 11, 8, 8, 4, 9, 7, 10, 7, 2, 6, 6, 4, 10, 6, 4, 10, 6, 9, 11, 7, 12, 4, 4, 7, 8, 9, 6 ], [ 11, 2, 4, 18, 0, 3, 13, 7, 15, 9, 4, 17, 6, 14, 17, 9, 9, 4, 6, 0, 8, 4, 16, 17, 11, 4, 12, 5, 7, 2, 9, 13, 8, 9, 15, 13, 3, 4, 6, 7, 13, 2, 8, 11, 18, 7, 12, 16, 17, 15, 10, 3, 8, 14, 12, 15, 10, 4, 10, 10, 9, 13, 5, 8, 9, 4, 11, 10, 8, 17, 5, 9, 11, 6, 14, 9 ], [ 3, 8, 5, 12, 8, 8, 8, 10, 13, 3, 7, 9, 5, 7, 9, 9, 13, 10, 3, 8, 0, 6, 13, 9, 13, 8, 6, 13, 7, 10, 6, 6, 4, 8, 10, 5, 11, 12, 13, 13, 5, 9, 3, 5, 11, 5, 11, 13, 9, 10, 9, 11, 3, 7, 4, 7, 7, 4, 6, 4, 3, 8, 9, 3, 10, 9, 9, 13, 8, 9, 5, 1, 6, 10, 6, 6 ], [ 8, 3, 2, 17, 4, 7, 8, 10, 17, 5, 6, 13, 7, 10, 15, 6, 13, 8, 3, 4, 6, 0, 17, 14, 14, 2, 8, 9, 3, 5, 10, 9, 4, 5, 15, 10, 6, 7, 10, 11, 11, 4, 7, 10, 17, 7, 13, 17, 15, 15, 6, 8, 7, 12, 10, 13, 11, 4, 6, 9, 7, 13, 3, 7, 12, 3, 7, 13, 9, 15, 6, 6, 7, 9, 11, 9 ], [ 14, 17, 15, 7, 16, 14, 21, 10, 1, 16, 13, 17, 11, 20, 12, 22, 12, 14, 14, 16, 13, 17, 0, 18, 8, 19, 18, 18, 20, 19, 7, 18, 17, 21, 6, 16, 18, 19, 18, 14, 13, 18, 11, 8, 8, 10, 4, 1, 12, 4, 22, 16, 10, 11, 11, 11, 7, 13, 19, 9, 11, 6, 20, 10, 8, 19, 22, 10, 8, 10, 11, 13, 19, 12, 14, 8 ], [ 6, 16, 14, 13, 17, 18, 8, 18, 19, 8, 16, 2, 14, 5, 7, 14, 22, 19, 12, 17, 9, 14, 18, 0, 21, 15, 6, 22, 14, 19, 14, 4, 9, 13, 13, 4, 19, 21, 23, 22, 6, 17, 11, 11, 12, 13, 18, 17, 7, 14, 13, 20, 12, 8, 7, 7, 14, 13, 9, 11, 11, 13, 16, 12, 19, 16, 12, 21, 16, 9, 14, 8, 8, 19, 4, 14 ], [ 15, 13, 12, 14, 11, 8, 21, 4, 7, 16, 8, 20, 8, 20, 17, 20, 4, 8, 12, 11, 13, 14, 8, 21, 0, 15, 18, 11, 17, 13, 7, 19, 16, 19, 12, 18, 13, 13, 11, 6, 15, 14, 11, 10, 14, 8, 4, 9, 17, 10, 20, 10, 10, 14, 14, 15, 7, 11, 18, 10, 11, 10, 16, 10, 2, 16, 21, 2, 5, 15, 8, 14, 18, 6, 17, 7 ], [ 10, 3, 4, 19, 4, 7, 9, 11, 18, 7, 7, 15, 8, 11, 17, 5, 13, 8, 5, 4, 8, 2, 19, 15, 15, 0, 10, 8, 3, 4, 11, 11, 6, 5, 17, 12, 5, 6, 9, 11, 13, 3, 9, 12, 19, 9, 15, 19, 17, 17, 5, 7, 9, 14, 12, 15, 12, 6, 7, 11, 9, 15, 1, 9, 13, 1, 7, 14, 11, 17, 8, 8, 8, 10, 13, 11 ], [ 4, 11, 9, 15, 12, 13, 4, 15, 18, 3, 12, 6, 11, 2, 10, 8, 19, 14, 7, 12, 6, 8, 18, 6, 18, 10, 0, 17, 8, 13, 12, 1, 4, 7, 13, 3, 14, 15, 18, 18, 6, 12, 8, 10, 14, 10, 16, 17, 10, 14, 8, 15, 9, 9, 7, 9, 12, 9, 3, 9, 8, 12, 10, 9, 16, 10, 6, 18, 13, 11, 10, 5, 2, 15, 6, 12 ], [ 15, 6, 8, 21, 4, 5, 17, 8, 17, 14, 6, 21, 9, 18, 21, 13, 7, 4, 10, 5, 13, 9, 18, 22, 11, 8, 17, 0, 11, 4, 12, 18, 13, 13, 18, 18, 3, 3, 1, 5, 17, 6, 12, 14, 21, 10, 13, 18, 21, 17, 14, 2, 11, 18, 16, 19, 13, 8, 15, 13, 12, 16, 9, 11, 10, 8, 15, 9, 10, 20, 9, 13, 15, 6, 19, 11 ], [ 9, 5, 5, 19, 7, 9, 7, 13, 19, 6, 9, 14, 10, 9, 16, 3, 15, 10, 6, 7, 7, 3, 20, 14, 17, 3, 8, 11, 0, 7, 12, 9, 5, 2, 17, 10, 8, 9, 12, 14, 12, 5, 9, 12, 19, 10, 16, 20, 16, 17, 3, 10, 9, 14, 12, 14, 13, 7, 5, 11, 10, 15, 2, 10, 15, 3, 5, 16, 12, 17, 9, 8, 6, 12, 12, 12 ], [ 13, 3, 6, 20, 2, 5, 13, 9, 18, 11, 6, 19, 8, 15, 19, 9, 10, 5, 8, 2, 10, 5, 19, 19, 13, 4, 13, 4, 7, 0, 12, 15, 10, 9, 18, 15, 1, 2, 5, 8, 15, 2, 11, 13, 20, 9, 14, 19, 19, 17, 10, 4, 10, 17, 14, 17, 13, 7, 11, 12, 11, 16, 5, 10, 11, 4, 11, 12, 10, 19, 8, 11, 12, 8, 16, 11 ], [ 8, 10, 8, 9, 9, 7, 15, 5, 7, 9, 6, 13, 3, 14, 10, 15, 9, 8, 7, 9, 6, 10, 7, 14, 7, 11, 12, 12, 12, 12, 0, 12, 10, 14, 7, 11, 12, 12, 12, 9, 8, 11, 4, 3, 9, 3, 4, 7, 10, 6, 15, 10, 3, 8, 7, 9, 1, 6, 12, 3, 4, 5, 12, 3, 5, 12, 15, 7, 2, 9, 4, 7, 12, 6, 10, 0 ], [ 4, 12, 10, 14, 14, 14, 4, 16, 18, 4, 13, 5, 11, 1, 9, 9, 20, 16, 8, 13, 6, 9, 18, 4, 19, 11, 1, 18, 9, 15, 12, 0, 5, 8, 13, 3, 15, 17, 19, 19, 6, 13, 9, 10, 13, 11, 16, 17, 9, 14, 9, 16, 9, 8, 7, 8, 12, 10, 4, 10, 8, 12, 11, 9, 17, 12, 7, 19, 14, 11, 11, 6, 3, 16, 5, 12 ], [ 4, 7, 5, 15, 9, 10, 5, 12, 17, 1, 9, 9, 8, 5, 11, 6, 15, 11, 4, 8, 4, 4, 17, 9, 16, 6, 4, 13, 5, 10, 10, 5, 0, 5, 13, 6, 10, 12, 14, 14, 7, 8, 6, 9, 14, 7, 14, 16, 11, 13, 6, 12, 6, 9, 7, 10, 10, 6, 3, 8, 6, 12, 7, 7, 13, 7, 6, 15, 11, 12, 7, 3, 3, 12, 8, 9 ], [ 9, 7, 7, 20, 9, 11, 5, 15, 21, 6, 11, 13, 11, 8, 16, 1, 17, 12, 7, 9, 8, 5, 21, 13, 19, 5, 7, 13, 2, 9, 14, 8, 5, 0, 18, 10, 10, 11, 14, 16, 12, 7, 10, 13, 19, 11, 18, 21, 16, 18, 2, 12, 10, 14, 12, 14, 14, 8, 4, 12, 10, 16, 4, 11, 16, 5, 3, 18, 14, 17, 10, 8, 5, 14, 12, 13 ], [ 10, 16, 13, 3, 16, 14, 17, 11, 7, 12, 12, 11, 9, 15, 6, 19, 15, 14, 11, 15, 10, 15, 6, 13, 12, 17, 13, 18, 17, 18, 7, 13, 13, 18, 0, 11, 18, 19, 19, 15, 7, 17, 8, 5, 3, 9, 7, 5, 6, 2, 19, 17, 8, 5, 6, 6, 5, 12, 15, 6, 7, 2, 18, 8, 10, 18, 19, 13, 9, 4, 10, 10, 15, 13, 9, 7 ], [ 3, 13, 10, 12, 14, 14, 7, 15, 16, 5, 13, 4, 10, 4, 6, 11, 19, 15, 8, 13, 5, 10, 16, 4, 18, 12, 3, 18, 10, 15, 11, 3, 6, 10, 11, 0, 16, 17, 19, 18, 3, 14, 7, 8, 11, 10, 15, 15, 7, 12, 11, 16, 8, 6, 5, 6, 11, 10, 6, 8, 7, 10, 12, 8, 15, 13, 9, 18, 12, 8, 10, 5, 5, 15, 2, 11 ], [ 13, 3, 6, 21, 2, 5, 14, 9, 18, 11, 6, 19, 9, 16, 19, 10, 10, 5, 8, 3, 11, 6, 18, 19, 13, 5, 14, 3, 8, 1, 12, 15, 10, 10, 18, 16, 0, 1, 4, 8, 16, 2, 11, 13, 20, 9, 14, 19, 20, 17, 10, 3, 10, 17, 15, 18, 13, 7, 12, 12, 11, 16, 5, 10, 11, 5, 12, 11, 10, 19, 8, 11, 13, 7, 17, 11 ], [ 15, 4, 7, 21, 3, 5, 15, 9, 18, 12, 7, 20, 9, 17, 21, 11, 10, 5, 9, 4, 12, 7, 19, 21, 13, 6, 15, 3, 9, 2, 12, 17, 12, 11, 19, 17, 1, 0, 4, 7, 17, 4, 12, 14, 21, 10, 15, 19, 21, 18, 11, 3, 11, 18, 16, 19, 14, 8, 13, 13, 12, 17, 6, 11, 12, 6, 13, 11, 11, 20, 9, 13, 14, 8, 18, 12 ], [ 16, 7, 9, 21, 5, 5, 18, 8, 17, 15, 7, 22, 10, 19, 22, 14, 7, 4, 11, 6, 13, 10, 18, 23, 11, 9, 18, 1, 12, 5, 12, 19, 14, 14, 19, 19, 4, 4, 0, 5, 18, 7, 13, 15, 21, 11, 13, 19, 22, 18, 15, 3, 12, 19, 17, 20, 13, 9, 16, 14, 13, 17, 10, 12, 10, 9, 16, 9, 10, 21, 9, 14, 16, 6, 20, 12 ], [ 15, 9, 9, 18, 7, 5, 19, 4, 12, 15, 6, 21, 8, 20, 19, 16, 2, 3, 10, 7, 13, 11, 14, 22, 6, 11, 18, 5, 14, 8, 9, 19, 14, 16, 15, 18, 8, 7, 5, 0, 16, 9, 11, 12, 18, 9, 9, 14, 19, 14, 17, 4, 10, 17, 15, 18, 10, 9, 17, 11, 11, 14, 12, 10, 6, 11, 18, 4, 7, 18, 8, 13, 17, 3, 18, 9 ], [ 3, 13, 10, 9, 13, 13, 10, 13, 13, 6, 11, 5, 9, 7, 4, 13, 17, 14, 8, 13, 5, 11, 13, 6, 15, 13, 6, 17, 12, 15, 8, 6, 7, 12, 7, 3, 16, 17, 18, 16, 0, 14, 6, 5, 7, 8, 12, 12, 4, 8, 13, 16, 6, 2, 2, 3, 8, 9, 9, 5, 5, 7, 13, 6, 13, 13, 12, 16, 10, 5, 9, 4, 8, 13, 2, 8 ], [ 11, 1, 4, 20, 2, 5, 12, 10, 18, 9, 6, 17, 8, 13, 18, 8, 11, 6, 6, 2, 9, 4, 18, 17, 14, 3, 12, 6, 5, 2, 11, 13, 8, 7, 17, 14, 2, 4, 7, 9, 14, 0, 10, 12, 19, 8, 14, 19, 18, 17, 8, 5, 9, 15, 13, 16, 12, 6, 9, 11, 10, 15, 3, 9, 12, 2, 10, 12, 10, 18, 7, 10, 10, 8, 15, 11 ], [ 5, 8, 5, 10, 8, 7, 11, 7, 11, 6, 6, 10, 3, 10, 9, 12, 11, 9, 4, 8, 3, 7, 11, 11, 11, 9, 8, 12, 9, 11, 4, 9, 6, 10, 8, 7, 11, 12, 13, 11, 6, 10, 0, 3, 10, 3, 8, 10, 9, 8, 12, 10, 1, 6, 4, 7, 4, 4, 8, 2, 0, 6, 10, 1, 8, 10, 12, 11, 5, 8, 3, 3, 8, 8, 7, 4 ], [ 6, 11, 8, 7, 11, 9, 13, 8, 8, 8, 8, 10, 5, 12, 7, 15, 12, 10, 7, 11, 5, 10, 8, 11, 10, 12, 10, 14, 12, 13, 3, 10, 9, 13, 5, 8, 13, 14, 15, 12, 5, 12, 3, 0, 7, 4, 6, 8, 7, 5, 15, 12, 3, 5, 4, 6, 3, 7, 11, 1, 3, 3, 13, 3, 8, 13, 14, 11, 5, 6, 6, 5, 11, 9, 7, 3 ], [ 10, 18, 15, 1, 18, 16, 17, 14, 9, 13, 15, 10, 12, 15, 5, 20, 17, 17, 13, 18, 11, 17, 8, 12, 14, 19, 14, 21, 19, 20, 9, 13, 14, 19, 3, 11, 20, 21, 21, 18, 7, 19, 10, 7, 0, 11, 10, 6, 5, 4, 20, 19, 10, 5, 7, 5, 8, 14, 16, 8, 9, 5, 20, 10, 13, 19, 20, 15, 11, 3, 12, 11, 15, 15, 9, 9 ], [ 7, 7, 5, 11, 7, 5, 12, 5, 10, 7, 4, 12, 1, 12, 11, 12, 9, 6, 4, 7, 5, 7, 10, 13, 8, 9, 10, 10, 10, 9, 3, 11, 7, 11, 9, 10, 9, 10, 11, 9, 8, 8, 3, 4, 11, 0, 7, 10, 11, 8, 12, 8, 2, 8, 7, 9, 4, 3, 10, 3, 3, 7, 10, 2, 6, 9, 13, 8, 3, 10, 1, 5, 10, 5, 10, 2 ], [ 12, 13, 11, 9, 12, 9, 19, 5, 4, 14, 8, 16, 7, 18, 13, 19, 8, 9, 11, 12, 11, 13, 4, 18, 4, 15, 16, 13, 16, 14, 4, 16, 14, 18, 7, 15, 14, 15, 13, 9, 12, 14, 8, 6, 10, 7, 0, 5, 13, 5, 19, 12, 7, 11, 10, 11, 4, 10, 16, 7, 8, 6, 16, 7, 3, 16, 19, 6, 4, 11, 7, 11, 16, 7, 14, 4 ], [ 13, 17, 15, 5, 17, 14, 21, 10, 3, 16, 13, 16, 11, 19, 11, 22, 13, 14, 14, 16, 13, 17, 1, 17, 9, 19, 17, 18, 20, 19, 7, 17, 16, 21, 5, 15, 19, 19, 19, 14, 12, 19, 10, 8, 6, 10, 5, 0, 11, 3, 22, 17, 10, 10, 10, 10, 6, 13, 19, 8, 10, 5, 20, 10, 9, 20, 22, 11, 9, 8, 11, 13, 18, 12, 13, 8 ], [ 7, 17, 14, 6, 17, 16, 14, 15, 13, 10, 15, 6, 12, 11, 0, 17, 19, 17, 12, 17, 9, 15, 12, 7, 17, 17, 10, 21, 16, 19, 10, 9, 11, 16, 6, 7, 20, 21, 22, 19, 4, 18, 9, 7, 5, 11, 13, 11, 0, 8, 17, 19, 10, 3, 5, 2, 9, 13, 13, 8, 8, 7, 18, 9, 15, 18, 16, 18, 12, 2, 12, 9, 12, 16, 4, 10 ], [ 10, 15, 13, 4, 15, 13, 17, 10, 5, 13, 11, 13, 9, 16, 8, 19, 13, 13, 11, 15, 10, 15, 4, 14, 10, 17, 14, 17, 17, 17, 6, 14, 13, 18, 2, 12, 17, 18, 18, 14, 8, 17, 8, 5, 4, 8, 5, 3, 8, 0, 19, 16, 8, 6, 7, 7, 4, 11, 16, 6, 7, 2, 18, 8, 9, 17, 19, 11, 7, 6, 9, 10, 15, 11, 10, 6 ], [ 10, 8, 8, 21, 10, 12, 5, 16, 22, 7, 12, 14, 12, 8, 17, 0, 19, 13, 8, 10, 9, 6, 22, 13, 20, 5, 8, 14, 3, 10, 15, 9, 6, 2, 19, 11, 10, 11, 15, 17, 13, 8, 12, 15, 20, 12, 19, 22, 17, 19, 0, 13, 12, 15, 13, 16, 16, 10, 5, 14, 12, 18, 5, 12, 18, 6, 2, 19, 15, 18, 12, 10, 6, 15, 13, 15 ], [ 14, 5, 7, 19, 3, 3, 16, 7, 15, 12, 4, 20, 7, 17, 19, 12, 7, 2, 8, 3, 11, 8, 16, 20, 10, 7, 15, 2, 10, 4, 10, 16, 12, 12, 17, 16, 3, 3, 3, 4, 16, 5, 10, 12, 19, 8, 12, 17, 19, 16, 13, 0, 10, 16, 14, 17, 11, 7, 13, 11, 11, 15, 8, 10, 9, 7, 14, 8, 8, 18, 7, 12, 14, 5, 17, 10 ], [ 6, 8, 5, 11, 8, 7, 11, 7, 10, 6, 5, 11, 2, 11, 10, 12, 10, 8, 4, 8, 3, 7, 10, 12, 10, 9, 9, 11, 9, 10, 3, 9, 6, 10, 8, 8, 10, 11, 12, 10, 6, 9, 1, 3, 10, 2, 7, 10, 10, 8, 12, 10, 0, 7, 5, 8, 4, 4, 9, 2, 1, 6, 10, 0, 7, 10, 12, 10, 4, 9, 3, 4, 9, 7, 8, 3 ], [ 5, 14, 11, 6, 15, 14, 12, 13, 11, 8, 12, 6, 9, 10, 3, 15, 16, 15, 9, 14, 7, 12, 11, 8, 14, 14, 9, 18, 14, 17, 8, 8, 9, 14, 5, 6, 17, 18, 19, 17, 2, 15, 6, 5, 5, 8, 11, 10, 3, 6, 15, 16, 7, 0, 2, 1, 7, 10, 11, 5, 6, 5, 15, 7, 12, 15, 14, 15, 10, 3, 10, 6, 10, 14, 4, 8 ], [ 3, 12, 9, 8, 12, 12, 10, 11, 12, 6, 10, 6, 7, 8, 5, 13, 15, 13, 7, 12, 4, 10, 11, 7, 14, 12, 7, 16, 12, 14, 7, 7, 7, 12, 6, 5, 15, 16, 17, 15, 2, 13, 4, 4, 7, 7, 10, 10, 5, 7, 13, 14, 5, 2, 0, 3, 6, 8, 9, 4, 4, 6, 13, 5, 11, 13, 12, 14, 9, 5, 8, 4, 8, 12, 3, 7 ], [ 6, 15, 12, 6, 15, 14, 12, 13, 12, 9, 13, 5, 10, 10, 2, 16, 17, 15, 10, 15, 7, 13, 11, 7, 15, 15, 9, 19, 14, 17, 9, 8, 10, 14, 6, 6, 18, 19, 20, 18, 3, 16, 7, 6, 5, 9, 11, 10, 2, 7, 16, 17, 8, 1, 3, 0, 8, 11, 11, 6, 7, 6, 16, 8, 13, 16, 15, 16, 11, 3, 10, 7, 10, 14, 3, 9 ], [ 8, 11, 9, 8, 10, 8, 15, 6, 6, 10, 7, 13, 4, 14, 10, 16, 10, 9, 7, 10, 7, 11, 7, 14, 7, 12, 12, 13, 13, 13, 1, 12, 10, 14, 5, 11, 13, 14, 13, 10, 8, 12, 4, 3, 8, 4, 4, 6, 9, 4, 16, 11, 4, 7, 6, 8, 0, 7, 13, 3, 4, 3, 13, 4, 5, 13, 16, 8, 3, 8, 5, 7, 13, 7, 10, 2 ], [ 7, 4, 2, 14, 4, 4, 10, 7, 13, 6, 3, 13, 3, 11, 13, 9, 10, 6, 2, 4, 4, 4, 13, 13, 11, 6, 9, 8, 7, 7, 6, 10, 6, 8, 12, 10, 7, 8, 9, 9, 9, 6, 4, 7, 14, 3, 10, 13, 13, 11, 10, 7, 4, 10, 8, 11, 7, 0, 8, 6, 4, 10, 6, 4, 8, 6, 10, 10, 6, 12, 2, 5, 8, 6, 10, 6 ], [ 6, 9, 7, 17, 10, 12, 2, 14, 19, 3, 11, 9, 10, 4, 12, 5, 18, 13, 6, 10, 6, 6, 19, 9, 18, 7, 3, 15, 5, 11, 12, 4, 3, 4, 15, 6, 12, 13, 16, 17, 9, 9, 8, 11, 16, 10, 16, 19, 13, 16, 5, 13, 9, 11, 9, 11, 13, 8, 0, 10, 8, 14, 7, 9, 16, 8, 4, 18, 13, 14, 10, 6, 1, 14, 8, 12 ], [ 6, 10, 7, 8, 10, 8, 12, 7, 9, 7, 7, 10, 4, 11, 8, 14, 11, 9, 6, 10, 4, 9, 9, 11, 10, 11, 9, 13, 11, 12, 3, 10, 8, 12, 6, 8, 12, 13, 14, 11, 5, 11, 2, 1, 8, 3, 7, 8, 8, 6, 14, 11, 2, 5, 4, 6, 3, 6, 10, 0, 2, 4, 12, 2, 7, 12, 14, 10, 5, 7, 4, 5, 10, 8, 7, 3 ], [ 4, 9, 6, 10, 9, 8, 11, 8, 10, 6, 6, 10, 4, 10, 8, 12, 12, 9, 4, 9, 3, 7, 11, 11, 11, 9, 8, 12, 10, 11, 4, 8, 6, 10, 7, 7, 11, 12, 13, 11, 5, 10, 0, 3, 9, 3, 8, 10, 8, 7, 12, 11, 1, 6, 4, 7, 4, 4, 8, 2, 0, 6, 10, 1, 8, 10, 12, 11, 5, 8, 4, 3, 8, 8, 7, 4 ], [ 9, 14, 11, 5, 14, 12, 16, 9, 6, 11, 10, 11, 7, 14, 7, 17, 13, 12, 10, 13, 8, 13, 6, 13, 10, 15, 12, 16, 15, 16, 5, 12, 12, 16, 2, 10, 16, 17, 17, 14, 7, 15, 6, 3, 5, 7, 6, 5, 7, 2, 18, 15, 6, 5, 6, 6, 3, 10, 14, 4, 6, 0, 16, 6, 8, 16, 17, 11, 7, 5, 8, 8, 13, 11, 9, 5 ], [ 11, 3, 5, 20, 5, 8, 9, 12, 19, 8, 8, 16, 9, 11, 17, 5, 14, 9, 6, 5, 9, 3, 20, 16, 16, 1, 10, 9, 2, 5, 12, 11, 7, 4, 18, 12, 5, 6, 10, 12, 13, 3, 10, 13, 20, 10, 16, 20, 18, 18, 5, 8, 10, 15, 13, 16, 13, 6, 7, 12, 10, 16, 0, 10, 14, 1, 7, 15, 12, 18, 9, 9, 8, 11, 14, 12 ], [ 6, 8, 5, 10, 8, 7, 11, 7, 10, 6, 5, 11, 3, 11, 9, 12, 11, 8, 4, 8, 3, 7, 10, 12, 10, 9, 9, 11, 10, 10, 3, 9, 7, 11, 8, 8, 10, 11, 12, 10, 6, 9, 1, 3, 10, 2, 7, 10, 9, 8, 12, 10, 0, 7, 5, 8, 4, 4, 9, 2, 1, 6, 10, 0, 7, 10, 12, 10, 4, 9, 3, 4, 9, 7, 8, 3 ], [ 13, 11, 10, 12, 9, 6, 18, 2, 7, 13, 6, 18, 6, 18, 15, 17, 4, 6, 10, 9, 10, 12, 8, 19, 2, 13, 16, 10, 15, 11, 5, 17, 13, 16, 10, 15, 11, 12, 10, 6, 13, 12, 8, 8, 13, 6, 3, 9, 15, 9, 18, 9, 7, 12, 11, 13, 5, 8, 16, 7, 8, 8, 14, 7, 0, 13, 18, 3, 3, 13, 6, 11, 16, 4, 15, 5 ], [ 11, 3, 5, 20, 4, 7, 10, 11, 19, 8, 8, 16, 9, 12, 17, 5, 13, 8, 6, 4, 9, 3, 19, 16, 16, 1, 10, 8, 3, 4, 12, 12, 7, 5, 18, 13, 5, 6, 9, 11, 13, 2, 10, 13, 19, 9, 16, 20, 18, 17, 6, 7, 10, 15, 13, 16, 13, 6, 8, 12, 10, 16, 1, 10, 13, 0, 7, 14, 11, 18, 8, 9, 9, 10, 14, 12 ], [ 9, 10, 9, 20, 11, 14, 3, 17, 22, 6, 13, 12, 13, 6, 16, 3, 20, 15, 9, 11, 9, 7, 22, 12, 21, 7, 6, 15, 5, 11, 15, 7, 6, 3, 19, 9, 12, 13, 16, 18, 12, 10, 12, 14, 20, 13, 19, 22, 16, 19, 2, 14, 12, 14, 12, 15, 16, 10, 4, 14, 12, 17, 7, 12, 18, 7, 0, 20, 16, 17, 12, 9, 4, 16, 12, 15 ], [ 15, 11, 11, 15, 10, 7, 20, 3, 9, 15, 7, 20, 8, 20, 18, 19, 2, 6, 11, 10, 13, 13, 10, 21, 2, 14, 18, 9, 16, 12, 7, 19, 15, 18, 13, 18, 11, 11, 9, 4, 16, 12, 11, 11, 15, 8, 6, 11, 18, 11, 19, 8, 10, 15, 14, 16, 8, 10, 18, 10, 11, 11, 15, 10, 3, 14, 20, 0, 5, 16, 8, 14, 18, 4, 17, 7 ], [ 10, 9, 7, 11, 8, 5, 15, 3, 8, 10, 4, 15, 3, 15, 13, 15, 7, 6, 7, 8, 8, 9, 8, 16, 5, 11, 13, 10, 12, 10, 2, 14, 11, 14, 9, 12, 10, 11, 10, 7, 10, 10, 5, 5, 11, 3, 4, 9, 12, 7, 15, 8, 4, 10, 9, 11, 3, 6, 13, 5, 5, 7, 12, 4, 3, 11, 16, 5, 0, 11, 3, 8, 13, 4, 12, 2 ], [ 8, 16, 14, 4, 17, 15, 15, 14, 10, 11, 14, 8, 11, 12, 3, 18, 17, 16, 12, 17, 9, 15, 10, 9, 15, 17, 11, 20, 17, 19, 9, 11, 12, 17, 4, 8, 19, 20, 21, 18, 5, 18, 8, 6, 3, 10, 11, 8, 2, 6, 18, 18, 9, 3, 5, 3, 8, 12, 14, 7, 8, 5, 18, 9, 13, 18, 17, 16, 11, 0, 11, 9, 13, 15, 6, 9 ], [ 8, 6, 4, 13, 6, 4, 12, 5, 11, 7, 2, 13, 1, 12, 12, 12, 8, 5, 4, 5, 5, 6, 11, 14, 8, 8, 10, 9, 9, 8, 4, 11, 7, 10, 10, 10, 8, 9, 9, 8, 9, 7, 3, 6, 12, 1, 7, 11, 12, 9, 12, 7, 3, 10, 8, 10, 5, 2, 10, 4, 4, 8, 9, 3, 6, 8, 12, 8, 3, 11, 0, 6, 10, 5, 11, 3 ], [ 2, 8, 5, 12, 9, 9, 8, 10, 13, 3, 8, 8, 6, 7, 8, 9, 14, 10, 4, 9, 1, 6, 13, 8, 14, 8, 5, 13, 8, 11, 7, 6, 3, 8, 10, 5, 11, 13, 14, 13, 4, 10, 3, 5, 11, 5, 11, 13, 9, 10, 10, 12, 4, 6, 4, 7, 7, 5, 6, 5, 3, 8, 9, 4, 11, 9, 9, 14, 8, 9, 6, 0, 5, 10, 5, 7 ], [ 5, 10, 8, 16, 11, 12, 2, 15, 19, 3, 12, 8, 10, 3, 11, 6, 18, 14, 7, 11, 6, 7, 19, 8, 18, 8, 2, 15, 6, 12, 12, 3, 3, 5, 15, 5, 13, 14, 16, 17, 8, 10, 8, 11, 15, 10, 16, 18, 12, 15, 6, 14, 9, 10, 8, 10, 13, 8, 1, 10, 8, 13, 8, 9, 16, 9, 4, 18, 13, 13, 10, 5, 0, 14, 7, 12 ], [ 12, 7, 7, 15, 6, 3, 17, 2, 11, 12, 3, 18, 5, 17, 16, 15, 4, 2, 8, 6, 10, 9, 12, 19, 6, 10, 15, 6, 12, 8, 6, 16, 12, 14, 13, 15, 7, 8, 6, 3, 13, 8, 8, 9, 15, 5, 7, 12, 16, 11, 15, 5, 7, 14, 12, 14, 7, 6, 14, 8, 8, 11, 11, 7, 4, 10, 16, 4, 4, 15, 5, 10, 14, 0, 15, 6 ], [ 4, 14, 11, 10, 15, 14, 9, 14, 15, 6, 13, 3, 10, 6, 4, 13, 18, 16, 9, 14, 6, 11, 14, 4, 17, 13, 6, 19, 12, 16, 10, 5, 8, 12, 9, 2, 17, 18, 20, 18, 2, 15, 7, 7, 9, 10, 14, 13, 4, 10, 13, 17, 8, 4, 3, 3, 10, 10, 8, 7, 7, 9, 14, 8, 15, 14, 12, 17, 12, 6, 11, 5, 7, 15, 0, 10 ], [ 8, 9, 7, 10, 9, 7, 14, 5, 7, 9, 5, 13, 3, 13, 11, 15, 9, 7, 6, 9, 6, 9, 8, 14, 7, 11, 12, 11, 12, 11, 0, 12, 9, 13, 7, 11, 11, 12, 12, 9, 8, 11, 4, 3, 9, 2, 4, 8, 10, 6, 15, 10, 3, 8, 7, 9, 2, 6, 12, 3, 4, 5, 12, 3, 5, 12, 15, 7, 2, 9, 3, 7, 12, 6, 10, 0 ] ]
}