{
  "version" : "0.3",
  "id" : 1067907501,
  "name" : "PTP-RAND-1_40_5_80",
  "coordType" : "Eucl",
  "sameVehicleBackward" : false,
  "maxWaitTime" : "00h30",
  "places" : [ {
    "id" : 0,
    "lat" : 10.367150295170235,
    "long" : -4.402494848884455,
    "category" : 0
  }, {
    "id" : 1,
    "lat" : -2.4928465268228974,
    "long" : 6.915061962325615,
    "category" : 0
  }, {
    "id" : 2,
    "lat" : 1.84162347372078,
    "long" : 3.217593922217662,
    "category" : 0
  }, {
    "id" : 3,
    "lat" : -1.3401501178245672,
    "long" : -9.872578693816513,
    "category" : 0
  }, {
    "id" : 4,
    "lat" : 4.3530034641301025,
    "long" : 4.364629800929257,
    "category" : 0
  }, {
    "id" : 5,
    "lat" : 6.116660792550091,
    "long" : -0.6169310418837178,
    "category" : 0
  }, {
    "id" : 6,
    "lat" : -8.395629825896098,
    "long" : -1.566439369742376,
    "category" : 0
  }, {
    "id" : 7,
    "lat" : -4.003341117708498,
    "long" : -2.51045761397498,
    "category" : 0
  }, {
    "id" : 8,
    "lat" : 1.1947467572143282,
    "long" : -5.804429786775596,
    "category" : 0
  }, {
    "id" : 9,
    "lat" : -10.383335628896555,
    "long" : -4.584274933310965,
    "category" : 0
  }, {
    "id" : 10,
    "lat" : -1.6524379212050104,
    "long" : -6.584101809590682,
    "category" : 0
  }, {
    "id" : 11,
    "lat" : -9.904046827774883,
    "long" : -1.2009784782845925,
    "category" : 0
  }, {
    "id" : 12,
    "lat" : -4.472426655597442,
    "long" : -7.452395511856201,
    "category" : 0
  }, {
    "id" : 13,
    "lat" : -7.287153260341527,
    "long" : -9.02199888419144,
    "category" : 0
  }, {
    "id" : 14,
    "lat" : -5.052753538833276,
    "long" : 4.030017707609332,
    "category" : 0
  }, {
    "id" : 15,
    "lat" : 0.8701569363332412,
    "long" : -4.267965136485462,
    "category" : 0
  }, {
    "id" : 16,
    "lat" : 6.011295025949698,
    "long" : 7.5815215451331035,
    "category" : 0
  }, {
    "id" : 17,
    "lat" : -8.137667546974171,
    "long" : -1.2087415676398479,
    "category" : 0
  }, {
    "id" : 18,
    "lat" : -2.732573628334148,
    "long" : 8.131535809302685,
    "category" : 0
  }, {
    "id" : 19,
    "lat" : -6.859620590773513,
    "long" : 0.6954429262405704,
    "category" : 0
  }, {
    "id" : 20,
    "lat" : 0.16253379081062103,
    "long" : -11.450280302897323,
    "category" : 0
  }, {
    "id" : 21,
    "lat" : -3.6689488521243154,
    "long" : -7.037922254184227,
    "category" : 0
  }, {
    "id" : 22,
    "lat" : 2.69728651696564,
    "long" : -4.886613974025093,
    "category" : 0
  }, {
    "id" : 23,
    "lat" : 3.9682743933973033,
    "long" : -9.896895580126715,
    "category" : 0
  }, {
    "id" : 24,
    "lat" : -3.374020808364358,
    "long" : 3.1838813084883135,
    "category" : 0
  }, {
    "id" : 25,
    "lat" : 4.440434728548353,
    "long" : -1.458542876861492,
    "category" : 0
  }, {
    "id" : 26,
    "lat" : 3.957886922752649,
    "long" : -0.8461706011734308,
    "category" : 0
  }, {
    "id" : 27,
    "lat" : -6.5446604894801705,
    "long" : -7.6291431997152594,
    "category" : 0
  }, {
    "id" : 28,
    "lat" : -0.6850606167259374,
    "long" : -8.89468512556859,
    "category" : 0
  }, {
    "id" : 29,
    "lat" : 6.0142567359739525,
    "long" : 3.8735897926767873,
    "category" : 0
  }, {
    "id" : 30,
    "lat" : 1.043935983672928,
    "long" : -11.731199256726018,
    "category" : 0
  }, {
    "id" : 31,
    "lat" : -7.146791082524719,
    "long" : -2.882554095505199,
    "category" : 0
  }, {
    "id" : 32,
    "lat" : 10.125031679269165,
    "long" : -2.485261262677193,
    "category" : 0
  }, {
    "id" : 33,
    "lat" : 5.483099243040192,
    "long" : 5.530695094766682,
    "category" : 0
  }, {
    "id" : 34,
    "lat" : 4.123458508479772,
    "long" : -5.84401385732119,
    "category" : 0
  }, {
    "id" : 35,
    "lat" : -4.841584218695402,
    "long" : -7.8009800443847155,
    "category" : 0
  }, {
    "id" : 36,
    "lat" : -10.535982833538464,
    "long" : 3.1826312213902455,
    "category" : 0
  }, {
    "id" : 37,
    "lat" : -6.87959765257181,
    "long" : -6.310746106847086,
    "category" : 0
  }, {
    "id" : 38,
    "lat" : -4.316966629219961,
    "long" : -10.502942617379976,
    "category" : 0
  }, {
    "id" : 39,
    "lat" : -8.939560381843581,
    "long" : -1.9533100970210666,
    "category" : 0
  }, {
    "id" : 40,
    "lat" : -1.719807654114256,
    "long" : 2.926116076047092,
    "category" : 1
  }, {
    "id" : 41,
    "lat" : 7.854186807385197,
    "long" : -3.109377048299004,
    "category" : 2
  }, {
    "id" : 42,
    "lat" : -8.86464432368571,
    "long" : 6.33810977965685,
    "category" : 2
  }, {
    "id" : 43,
    "lat" : 2.6763109960038696,
    "long" : -0.2579465902462528,
    "category" : 2
  }, {
    "id" : 44,
    "lat" : -2.9374471493636682,
    "long" : 4.050169355114355,
    "category" : 2
  }, {
    "id" : 45,
    "lat" : 11.188290828942407,
    "long" : 0.27912105017537814,
    "category" : 2
  }, {
    "id" : 46,
    "lat" : 9.053993327957242,
    "long" : -0.06613157122699655,
    "category" : 2
  }, {
    "id" : 47,
    "lat" : -4.124065803169342,
    "long" : 6.814646299611356,
    "category" : 2
  }, {
    "id" : 48,
    "lat" : -9.402629991901264,
    "long" : 1.5204924368989359,
    "category" : 2
  }, {
    "id" : 49,
    "lat" : -6.351760812601517,
    "long" : 9.43148242106516,
    "category" : 2
  }, {
    "id" : 50,
    "lat" : -0.2989598172899747,
    "long" : 7.8458713438083665,
    "category" : 2
  }, {
    "id" : 51,
    "lat" : -4.261250733808483,
    "long" : -5.472134024622017,
    "category" : 2
  }, {
    "id" : 52,
    "lat" : -6.844558411214198,
    "long" : 5.279440846044571,
    "category" : 2
  }, {
    "id" : 53,
    "lat" : -3.89057510463821,
    "long" : -4.527446292489569,
    "category" : 2
  }, {
    "id" : 54,
    "lat" : -4.4310351673669555,
    "long" : -3.0035005136104633,
    "category" : 2
  }, {
    "id" : 55,
    "lat" : 1.228686923748221,
    "long" : -1.3972826780771617,
    "category" : 2
  }, {
    "id" : 56,
    "lat" : -4.589933100335996,
    "long" : -0.8708399392510855,
    "category" : 2
  }, {
    "id" : 57,
    "lat" : -9.548558140628423,
    "long" : 3.338489237903038,
    "category" : 2
  }, {
    "id" : 58,
    "lat" : -0.6537558107148843,
    "long" : -3.3273204626477138,
    "category" : 2
  }, {
    "id" : 59,
    "lat" : -2.1163722890141266,
    "long" : -4.691759098705514,
    "category" : 2
  }, {
    "id" : 60,
    "lat" : -9.43057172584299,
    "long" : 1.0593924346260517,
    "category" : 2
  }, {
    "id" : 61,
    "lat" : 3.8617661970369372,
    "long" : -2.8365231298132727,
    "category" : 2
  }, {
    "id" : 62,
    "lat" : 2.408238405247612,
    "long" : -10.541479874099679,
    "category" : 2
  }, {
    "id" : 63,
    "lat" : 0.15591857415658675,
    "long" : 11.107728142845675,
    "category" : 2
  }, {
    "id" : 64,
    "lat" : -8.759641791499892,
    "long" : -4.953301769629051,
    "category" : 2
  }, {
    "id" : 65,
    "lat" : 0.8429006851557527,
    "long" : 8.622086505477906,
    "category" : 2
  }, {
    "id" : 66,
    "lat" : 7.985030590863019,
    "long" : -1.0859975780580624,
    "category" : 2
  }, {
    "id" : 67,
    "lat" : -7.93071903573607,
    "long" : 1.6267000936321896,
    "category" : 2
  }, {
    "id" : 68,
    "lat" : -4.2771606232959325,
    "long" : 10.418810260042878,
    "category" : 2
  }, {
    "id" : 69,
    "lat" : -1.890178810022355,
    "long" : -0.1955685387156391,
    "category" : 2
  }, {
    "id" : 70,
    "lat" : 5.8604293298442665,
    "long" : -4.430479849325911,
    "category" : 2
  }, {
    "id" : 71,
    "lat" : 5.049594756710395,
    "long" : -4.18379795099204,
    "category" : 2
  }, {
    "id" : 72,
    "lat" : -4.208449456251056,
    "long" : -4.152558107900544,
    "category" : 2
  }, {
    "id" : 73,
    "lat" : -7.1102871892237385,
    "long" : -2.8243902255452458,
    "category" : 2
  }, {
    "id" : 74,
    "lat" : -9.679180645662994,
    "long" : -3.496641299030191,
    "category" : 2
  }, {
    "id" : 75,
    "lat" : -5.942034206278697,
    "long" : 9.05328795075878,
    "category" : 2
  }, {
    "id" : 76,
    "lat" : 5.170808440884308,
    "long" : -10.456965042928575,
    "category" : 2
  }, {
    "id" : 77,
    "lat" : 8.67073735034356,
    "long" : -1.424975939509147,
    "category" : 2
  }, {
    "id" : 78,
    "lat" : 2.388357874626998,
    "long" : 3.8273543555959817,
    "category" : 2
  }, {
    "id" : 79,
    "lat" : -2.693519565545052,
    "long" : -3.2093667711416334,
    "category" : 2
  }, {
    "id" : 80,
    "lat" : -5.7580435018845835,
    "long" : -7.65636938038907,
    "category" : 2
  }, {
    "id" : 81,
    "lat" : -8.681155459225756,
    "long" : 6.410143210605959,
    "category" : 2
  }, {
    "id" : 82,
    "lat" : 2.5543424033977016,
    "long" : 10.93598366427984,
    "category" : 2
  }, {
    "id" : 83,
    "lat" : -9.592626799212727,
    "long" : -5.16701878272028,
    "category" : 2
  }, {
    "id" : 84,
    "lat" : -8.001875367014357,
    "long" : -8.046935686086321,
    "category" : 2
  }, {
    "id" : 85,
    "lat" : 4.622954523210181,
    "long" : 8.10783481584482,
    "category" : 2
  }, {
    "id" : 86,
    "lat" : 4.077652451974035,
    "long" : 9.602015483160276,
    "category" : 2
  }, {
    "id" : 87,
    "lat" : 7.122188224620645,
    "long" : -9.026013648019042,
    "category" : 2
  }, {
    "id" : 88,
    "lat" : 8.14131015760417,
    "long" : -3.0811197873395715,
    "category" : 2
  }, {
    "id" : 89,
    "lat" : -3.5385639693498128,
    "long" : 6.607091399287801,
    "category" : 2
  }, {
    "id" : 90,
    "lat" : -2.7630598638815402,
    "long" : 8.45030247197145,
    "category" : 2
  }, {
    "id" : 91,
    "lat" : -0.5214066031236662,
    "long" : -7.890835369223559,
    "category" : 2
  }, {
    "id" : 92,
    "lat" : -11.1447644761655,
    "long" : 0.021774907907192772,
    "category" : 2
  }, {
    "id" : 93,
    "lat" : 1.5871396236871924,
    "long" : 9.706668818346133,
    "category" : 2
  }, {
    "id" : 94,
    "lat" : 6.091075293011896,
    "long" : 10.303028115237375,
    "category" : 2
  }, {
    "id" : 95,
    "lat" : -6.7011269972797844,
    "long" : 9.87409575181188,
    "category" : 2
  }, {
    "id" : 96,
    "lat" : 4.847631769635886,
    "long" : -1.8960377594829205,
    "category" : 2
  }, {
    "id" : 97,
    "lat" : 5.975877747156671,
    "long" : -0.9208067812972649,
    "category" : 2
  }, {
    "id" : 98,
    "lat" : 7.065800734418297,
    "long" : 8.359947312104774,
    "category" : 2
  }, {
    "id" : 99,
    "lat" : 7.902989913966252,
    "long" : -5.0109485029837275,
    "category" : 2
  }, {
    "id" : 100,
    "lat" : -0.6838388255297382,
    "long" : -9.905113012694724,
    "category" : 2
  }, {
    "id" : 101,
    "lat" : -3.60711021168238,
    "long" : -6.369323117398613,
    "category" : 2
  }, {
    "id" : 102,
    "lat" : -4.739372343639774,
    "long" : 1.3811476166434244,
    "category" : 2
  }, {
    "id" : 103,
    "lat" : 2.427895170898689,
    "long" : 1.9884550332054627,
    "category" : 2
  }, {
    "id" : 104,
    "lat" : 3.297201102220544,
    "long" : 2.958799426230759,
    "category" : 2
  }, {
    "id" : 105,
    "lat" : -7.710472390293497,
    "long" : -2.9106672278632035,
    "category" : 2
  }, {
    "id" : 106,
    "lat" : 7.680024334058481,
    "long" : -3.365103994843997,
    "category" : 2
  }, {
    "id" : 107,
    "lat" : -3.792801276691067,
    "long" : -8.05492221432827,
    "category" : 2
  }, {
    "id" : 108,
    "lat" : -1.4180039940991283,
    "long" : -10.044503925375695,
    "category" : 2
  }, {
    "id" : 109,
    "lat" : 4.511504833316301,
    "long" : -1.7031944885289345,
    "category" : 2
  }, {
    "id" : 110,
    "lat" : -1.4445724756592069,
    "long" : 7.579959607835375,
    "category" : 2
  }, {
    "id" : 111,
    "lat" : 3.643632486706377,
    "long" : 6.663663672262438,
    "category" : 2
  }, {
    "id" : 112,
    "lat" : -10.190644404338524,
    "long" : 4.936319974665905,
    "category" : 2
  }, {
    "id" : 113,
    "lat" : -4.531216871665965,
    "long" : -9.044454811569596,
    "category" : 2
  }, {
    "id" : 114,
    "lat" : 5.883766464054136,
    "long" : -1.4925936336012475,
    "category" : 2
  }, {
    "id" : 115,
    "lat" : 7.312905009853098,
    "long" : -3.681724114391484,
    "category" : 2
  }, {
    "id" : 116,
    "lat" : 2.7300478484798294,
    "long" : 10.857910278908102,
    "category" : 2
  }, {
    "id" : 117,
    "lat" : -2.194045879045755,
    "long" : 4.627295988702581,
    "category" : 2
  }, {
    "id" : 118,
    "lat" : 1.0821547717114668,
    "long" : -11.101013741357368,
    "category" : 2
  }, {
    "id" : 119,
    "lat" : 0.25019450117039044,
    "long" : 6.113772144296178,
    "category" : 2
  }, {
    "id" : 120,
    "lat" : 6.560360344640813,
    "long" : -0.6608856709108132,
    "category" : 2
  }, {
    "id" : 121,
    "lat" : -0.970366434858709,
    "long" : -1.5866350930368789,
    "category" : 2
  }, {
    "id" : 122,
    "lat" : 10.840597441754303,
    "long" : -0.5173953058411558,
    "category" : 2
  }, {
    "id" : 123,
    "lat" : 0.7884134292011296,
    "long" : 3.269469305747433,
    "category" : 2
  }, {
    "id" : 124,
    "lat" : 0.04918713009820724,
    "long" : 7.777420782941189,
    "category" : 2
  }, {
    "id" : 125,
    "lat" : 8.18925080306261,
    "long" : -7.867536589527375,
    "category" : 2
  }, {
    "id" : 126,
    "lat" : -8.682824001791563,
    "long" : 4.934977426498561,
    "category" : 2
  }, {
    "id" : 127,
    "lat" : 5.365026426966779,
    "long" : 0.27798204491340084,
    "category" : 2
  }, {
    "id" : 128,
    "lat" : -1.4379136275708988,
    "long" : 3.0141957418672876,
    "category" : 2
  }, {
    "id" : 129,
    "lat" : 1.7926121651799503,
    "long" : 7.247297457103386,
    "category" : 2
  }, {
    "id" : 130,
    "lat" : -1.1000595259785997,
    "long" : 11.496972559352505,
    "category" : 2
  } ],
  "vehicles" : [ {
    "id" : 131,
    "canTake" : [ 0, 1 ],
    "start" : 40,
    "end" : 40,
    "capacity" : 5,
    "availability" : [ "07h00:20h00" ]
  }, {
    "id" : 132,
    "canTake" : [ 0, 1 ],
    "start" : 40,
    "end" : 40,
    "capacity" : 5,
    "availability" : [ "07h00:20h00" ]
  }, {
    "id" : 133,
    "canTake" : [ 0, 1 ],
    "start" : 40,
    "end" : 40,
    "capacity" : 5,
    "availability" : [ "07h00:20h00" ]
  }, {
    "id" : 134,
    "canTake" : [ 0, 1 ],
    "start" : 40,
    "end" : 40,
    "capacity" : 5,
    "availability" : [ "07h00:20h00" ]
  }, {
    "id" : 135,
    "canTake" : [ 0, 1 ],
    "start" : 40,
    "end" : 40,
    "capacity" : 5,
    "availability" : [ "07h00:20h00" ]
  } ],
  "patients" : [ {
    "id" : 136,
    "category" : 1,
    "load" : 2,
    "start" : 41,
    "destination" : 0,
    "end" : 41,
    "rdvTime" : "14h24",
    "rdvDuration" : "00h26",
    "srvDuration" : "00h01"
  }, {
    "id" : 137,
    "category" : 1,
    "load" : 2,
    "start" : 42,
    "destination" : 1,
    "end" : 42,
    "rdvTime" : "15h06",
    "rdvDuration" : "02h34",
    "srvDuration" : "00h02"
  }, {
    "id" : 138,
    "category" : 1,
    "load" : 1,
    "start" : 43,
    "destination" : 2,
    "end" : 43,
    "rdvTime" : "13h15",
    "rdvDuration" : "02h32",
    "srvDuration" : "00h01"
  }, {
    "id" : 139,
    "category" : 1,
    "load" : 2,
    "start" : 44,
    "destination" : 3,
    "end" : 44,
    "rdvTime" : "15h21",
    "rdvDuration" : "00h15",
    "srvDuration" : "00h01"
  }, {
    "id" : 140,
    "category" : 1,
    "load" : 1,
    "start" : 45,
    "destination" : 4,
    "end" : 45,
    "rdvTime" : "15h04",
    "rdvDuration" : "01h52",
    "srvDuration" : "00h02"
  }, {
    "id" : 141,
    "category" : 1,
    "load" : 2,
    "start" : -1,
    "destination" : 5,
    "end" : 46,
    "rdvTime" : "10h47",
    "rdvDuration" : "01h28",
    "srvDuration" : "00h01"
  }, {
    "id" : 142,
    "category" : 1,
    "load" : 2,
    "start" : -1,
    "destination" : 6,
    "end" : 47,
    "rdvTime" : "13h13",
    "rdvDuration" : "01h33",
    "srvDuration" : "00h01"
  }, {
    "id" : 143,
    "category" : 0,
    "load" : 2,
    "start" : 48,
    "destination" : 7,
    "end" : -1,
    "rdvTime" : "08h57",
    "rdvDuration" : "02h25",
    "srvDuration" : "00h03"
  }, {
    "id" : 144,
    "category" : 0,
    "load" : 1,
    "start" : 49,
    "destination" : 8,
    "end" : 49,
    "rdvTime" : "08h58",
    "rdvDuration" : "00h54",
    "srvDuration" : "00h03"
  }, {
    "id" : 145,
    "category" : 1,
    "load" : 2,
    "start" : 50,
    "destination" : 9,
    "end" : 50,
    "rdvTime" : "14h17",
    "rdvDuration" : "00h34",
    "srvDuration" : "00h01"
  }, {
    "id" : 146,
    "category" : 0,
    "load" : 1,
    "start" : 51,
    "destination" : 10,
    "end" : 51,
    "rdvTime" : "11h07",
    "rdvDuration" : "02h45",
    "srvDuration" : "00h02"
  }, {
    "id" : 147,
    "category" : 1,
    "load" : 1,
    "start" : 52,
    "destination" : 11,
    "end" : 52,
    "rdvTime" : "08h03",
    "rdvDuration" : "02h40",
    "srvDuration" : "00h02"
  }, {
    "id" : 148,
    "category" : 1,
    "load" : 1,
    "start" : 53,
    "destination" : 12,
    "end" : 53,
    "rdvTime" : "10h20",
    "rdvDuration" : "01h23",
    "srvDuration" : "00h01"
  }, {
    "id" : 149,
    "category" : 1,
    "load" : 2,
    "start" : 54,
    "destination" : 13,
    "end" : 54,
    "rdvTime" : "10h47",
    "rdvDuration" : "01h00",
    "srvDuration" : "00h02"
  }, {
    "id" : 150,
    "category" : 0,
    "load" : 1,
    "start" : 55,
    "destination" : 14,
    "end" : 55,
    "rdvTime" : "08h13",
    "rdvDuration" : "00h50",
    "srvDuration" : "00h03"
  }, {
    "id" : 151,
    "category" : 1,
    "load" : 2,
    "start" : 56,
    "destination" : 15,
    "end" : 56,
    "rdvTime" : "12h03",
    "rdvDuration" : "02h27",
    "srvDuration" : "00h03"
  }, {
    "id" : 152,
    "category" : 0,
    "load" : 1,
    "start" : 57,
    "destination" : 16,
    "end" : 58,
    "rdvTime" : "08h11",
    "rdvDuration" : "02h02",
    "srvDuration" : "00h03"
  }, {
    "id" : 153,
    "category" : 0,
    "load" : 2,
    "start" : 59,
    "destination" : 17,
    "end" : 59,
    "rdvTime" : "12h11",
    "rdvDuration" : "01h01",
    "srvDuration" : "00h03"
  }, {
    "id" : 154,
    "category" : 1,
    "load" : 1,
    "start" : 60,
    "destination" : 18,
    "end" : 60,
    "rdvTime" : "11h33",
    "rdvDuration" : "01h43",
    "srvDuration" : "00h01"
  }, {
    "id" : 155,
    "category" : 0,
    "load" : 2,
    "start" : 61,
    "destination" : 19,
    "end" : 61,
    "rdvTime" : "12h53",
    "rdvDuration" : "02h39",
    "srvDuration" : "00h03"
  }, {
    "id" : 156,
    "category" : 0,
    "load" : 1,
    "start" : 62,
    "destination" : 20,
    "end" : 62,
    "rdvTime" : "10h31",
    "rdvDuration" : "00h22",
    "srvDuration" : "00h01"
  }, {
    "id" : 157,
    "category" : 1,
    "load" : 1,
    "start" : 63,
    "destination" : 21,
    "end" : 63,
    "rdvTime" : "10h10",
    "rdvDuration" : "00h50",
    "srvDuration" : "00h01"
  }, {
    "id" : 158,
    "category" : 0,
    "load" : 1,
    "start" : 64,
    "destination" : 22,
    "end" : -1,
    "rdvTime" : "13h30",
    "rdvDuration" : "02h31",
    "srvDuration" : "00h03"
  }, {
    "id" : 159,
    "category" : 1,
    "load" : 1,
    "start" : 65,
    "destination" : 23,
    "end" : 65,
    "rdvTime" : "08h04",
    "rdvDuration" : "02h03",
    "srvDuration" : "00h01"
  }, {
    "id" : 160,
    "category" : 0,
    "load" : 1,
    "start" : 66,
    "destination" : 24,
    "end" : 66,
    "rdvTime" : "09h05",
    "rdvDuration" : "02h03",
    "srvDuration" : "00h01"
  }, {
    "id" : 161,
    "category" : 0,
    "load" : 1,
    "start" : 67,
    "destination" : 25,
    "end" : 67,
    "rdvTime" : "13h50",
    "rdvDuration" : "02h27",
    "srvDuration" : "00h01"
  }, {
    "id" : 162,
    "category" : 1,
    "load" : 1,
    "start" : 68,
    "destination" : 26,
    "end" : 69,
    "rdvTime" : "10h16",
    "rdvDuration" : "00h15",
    "srvDuration" : "00h03"
  }, {
    "id" : 163,
    "category" : 0,
    "load" : 2,
    "start" : 70,
    "destination" : 27,
    "end" : -1,
    "rdvTime" : "15h28",
    "rdvDuration" : "02h02",
    "srvDuration" : "00h01"
  }, {
    "id" : 164,
    "category" : 0,
    "load" : 2,
    "start" : 71,
    "destination" : 28,
    "end" : 71,
    "rdvTime" : "09h43",
    "rdvDuration" : "03h00",
    "srvDuration" : "00h03"
  }, {
    "id" : 165,
    "category" : 0,
    "load" : 2,
    "start" : 72,
    "destination" : 29,
    "end" : 72,
    "rdvTime" : "14h54",
    "rdvDuration" : "02h25",
    "srvDuration" : "00h01"
  }, {
    "id" : 166,
    "category" : 0,
    "load" : 2,
    "start" : 73,
    "destination" : 30,
    "end" : 74,
    "rdvTime" : "10h35",
    "rdvDuration" : "02h06",
    "srvDuration" : "00h03"
  }, {
    "id" : 167,
    "category" : 1,
    "load" : 1,
    "start" : 75,
    "destination" : 31,
    "end" : 75,
    "rdvTime" : "11h24",
    "rdvDuration" : "01h57",
    "srvDuration" : "00h02"
  }, {
    "id" : 168,
    "category" : 1,
    "load" : 2,
    "start" : 76,
    "destination" : 32,
    "end" : 76,
    "rdvTime" : "13h33",
    "rdvDuration" : "01h27",
    "srvDuration" : "00h03"
  }, {
    "id" : 169,
    "category" : 0,
    "load" : 1,
    "start" : 77,
    "destination" : 33,
    "end" : 77,
    "rdvTime" : "11h03",
    "rdvDuration" : "02h09",
    "srvDuration" : "00h02"
  }, {
    "id" : 170,
    "category" : 0,
    "load" : 1,
    "start" : 78,
    "destination" : 34,
    "end" : 78,
    "rdvTime" : "08h57",
    "rdvDuration" : "02h56",
    "srvDuration" : "00h02"
  }, {
    "id" : 171,
    "category" : 0,
    "load" : 2,
    "start" : 79,
    "destination" : 35,
    "end" : 79,
    "rdvTime" : "08h19",
    "rdvDuration" : "00h30",
    "srvDuration" : "00h02"
  }, {
    "id" : 172,
    "category" : 0,
    "load" : 2,
    "start" : 80,
    "destination" : 36,
    "end" : 80,
    "rdvTime" : "15h32",
    "rdvDuration" : "02h10",
    "srvDuration" : "00h01"
  }, {
    "id" : 173,
    "category" : 1,
    "load" : 2,
    "start" : 81,
    "destination" : 37,
    "end" : 81,
    "rdvTime" : "09h47",
    "rdvDuration" : "02h06",
    "srvDuration" : "00h03"
  }, {
    "id" : 174,
    "category" : 1,
    "load" : 1,
    "start" : 82,
    "destination" : 38,
    "end" : 82,
    "rdvTime" : "12h43",
    "rdvDuration" : "02h35",
    "srvDuration" : "00h01"
  }, {
    "id" : 175,
    "category" : 1,
    "load" : 2,
    "start" : 83,
    "destination" : 39,
    "end" : 83,
    "rdvTime" : "10h16",
    "rdvDuration" : "00h44",
    "srvDuration" : "00h01"
  }, {
    "id" : 176,
    "category" : 0,
    "load" : 1,
    "start" : 84,
    "destination" : 38,
    "end" : 84,
    "rdvTime" : "10h18",
    "rdvDuration" : "01h48",
    "srvDuration" : "00h03"
  }, {
    "id" : 177,
    "category" : 1,
    "load" : 2,
    "start" : 85,
    "destination" : 12,
    "end" : 86,
    "rdvTime" : "10h05",
    "rdvDuration" : "01h16",
    "srvDuration" : "00h01"
  }, {
    "id" : 178,
    "category" : 0,
    "load" : 1,
    "start" : 87,
    "destination" : 18,
    "end" : 87,
    "rdvTime" : "11h00",
    "rdvDuration" : "00h58",
    "srvDuration" : "00h01"
  }, {
    "id" : 179,
    "category" : 1,
    "load" : 2,
    "start" : 88,
    "destination" : 25,
    "end" : 88,
    "rdvTime" : "13h49",
    "rdvDuration" : "02h10",
    "srvDuration" : "00h01"
  }, {
    "id" : 180,
    "category" : 0,
    "load" : 2,
    "start" : 89,
    "destination" : 37,
    "end" : 89,
    "rdvTime" : "09h11",
    "rdvDuration" : "01h20",
    "srvDuration" : "00h02"
  }, {
    "id" : 181,
    "category" : 1,
    "load" : 2,
    "start" : 90,
    "destination" : 25,
    "end" : 90,
    "rdvTime" : "10h23",
    "rdvDuration" : "01h45",
    "srvDuration" : "00h02"
  }, {
    "id" : 182,
    "category" : 0,
    "load" : 1,
    "start" : -1,
    "destination" : 2,
    "end" : 91,
    "rdvTime" : "10h53",
    "rdvDuration" : "02h40",
    "srvDuration" : "00h02"
  }, {
    "id" : 183,
    "category" : 1,
    "load" : 2,
    "start" : 92,
    "destination" : 25,
    "end" : 92,
    "rdvTime" : "10h16",
    "rdvDuration" : "01h36",
    "srvDuration" : "00h02"
  }, {
    "id" : 184,
    "category" : 0,
    "load" : 1,
    "start" : 93,
    "destination" : 29,
    "end" : 93,
    "rdvTime" : "15h36",
    "rdvDuration" : "02h26",
    "srvDuration" : "00h01"
  }, {
    "id" : 185,
    "category" : 0,
    "load" : 2,
    "start" : 94,
    "destination" : 20,
    "end" : 94,
    "rdvTime" : "14h09",
    "rdvDuration" : "01h28",
    "srvDuration" : "00h03"
  }, {
    "id" : 186,
    "category" : 1,
    "load" : 1,
    "start" : 95,
    "destination" : 18,
    "end" : 95,
    "rdvTime" : "10h52",
    "rdvDuration" : "01h05",
    "srvDuration" : "00h02"
  }, {
    "id" : 187,
    "category" : 0,
    "load" : 1,
    "start" : 96,
    "destination" : 12,
    "end" : 96,
    "rdvTime" : "09h43",
    "rdvDuration" : "02h23",
    "srvDuration" : "00h02"
  }, {
    "id" : 188,
    "category" : 1,
    "load" : 1,
    "start" : 97,
    "destination" : 20,
    "end" : 98,
    "rdvTime" : "12h59",
    "rdvDuration" : "02h10",
    "srvDuration" : "00h03"
  }, {
    "id" : 189,
    "category" : 1,
    "load" : 1,
    "start" : 99,
    "destination" : 33,
    "end" : 99,
    "rdvTime" : "11h03",
    "rdvDuration" : "01h41",
    "srvDuration" : "00h01"
  }, {
    "id" : 190,
    "category" : 0,
    "load" : 2,
    "start" : 100,
    "destination" : 8,
    "end" : 100,
    "rdvTime" : "09h18",
    "rdvDuration" : "01h26",
    "srvDuration" : "00h02"
  }, {
    "id" : 191,
    "category" : 1,
    "load" : 2,
    "start" : 101,
    "destination" : 25,
    "end" : 101,
    "rdvTime" : "11h10",
    "rdvDuration" : "01h47",
    "srvDuration" : "00h03"
  }, {
    "id" : 192,
    "category" : 1,
    "load" : 1,
    "start" : 102,
    "destination" : 14,
    "end" : 103,
    "rdvTime" : "10h11",
    "rdvDuration" : "00h50",
    "srvDuration" : "00h03"
  }, {
    "id" : 193,
    "category" : 1,
    "load" : 2,
    "start" : 104,
    "destination" : 25,
    "end" : 104,
    "rdvTime" : "15h19",
    "rdvDuration" : "02h22",
    "srvDuration" : "00h01"
  }, {
    "id" : 194,
    "category" : 0,
    "load" : 2,
    "start" : 105,
    "destination" : 18,
    "end" : 106,
    "rdvTime" : "14h05",
    "rdvDuration" : "00h52",
    "srvDuration" : "00h01"
  }, {
    "id" : 195,
    "category" : 0,
    "load" : 1,
    "start" : -1,
    "destination" : 10,
    "end" : 107,
    "rdvTime" : "09h33",
    "rdvDuration" : "01h41",
    "srvDuration" : "00h03"
  }, {
    "id" : 196,
    "category" : 1,
    "load" : 2,
    "start" : 108,
    "destination" : 32,
    "end" : 108,
    "rdvTime" : "10h20",
    "rdvDuration" : "01h11",
    "srvDuration" : "00h03"
  }, {
    "id" : 197,
    "category" : 1,
    "load" : 2,
    "start" : 109,
    "destination" : 0,
    "end" : 109,
    "rdvTime" : "10h48",
    "rdvDuration" : "01h18",
    "srvDuration" : "00h03"
  }, {
    "id" : 198,
    "category" : 0,
    "load" : 1,
    "start" : 110,
    "destination" : 25,
    "end" : 110,
    "rdvTime" : "14h22",
    "rdvDuration" : "01h33",
    "srvDuration" : "00h02"
  }, {
    "id" : 199,
    "category" : 0,
    "load" : 2,
    "start" : 111,
    "destination" : 16,
    "end" : 111,
    "rdvTime" : "09h13",
    "rdvDuration" : "01h19",
    "srvDuration" : "00h02"
  }, {
    "id" : 200,
    "category" : 0,
    "load" : 2,
    "start" : 112,
    "destination" : 34,
    "end" : 112,
    "rdvTime" : "13h22",
    "rdvDuration" : "00h50",
    "srvDuration" : "00h01"
  }, {
    "id" : 201,
    "category" : 0,
    "load" : 2,
    "start" : 113,
    "destination" : 31,
    "end" : -1,
    "rdvTime" : "15h54",
    "rdvDuration" : "02h03",
    "srvDuration" : "00h03"
  }, {
    "id" : 202,
    "category" : 0,
    "load" : 2,
    "start" : 114,
    "destination" : 11,
    "end" : 114,
    "rdvTime" : "10h08",
    "rdvDuration" : "02h28",
    "srvDuration" : "00h01"
  }, {
    "id" : 203,
    "category" : 1,
    "load" : 1,
    "start" : 115,
    "destination" : 4,
    "end" : -1,
    "rdvTime" : "13h31",
    "rdvDuration" : "01h17",
    "srvDuration" : "00h02"
  }, {
    "id" : 204,
    "category" : 0,
    "load" : 2,
    "start" : 116,
    "destination" : 27,
    "end" : 116,
    "rdvTime" : "09h13",
    "rdvDuration" : "00h28",
    "srvDuration" : "00h03"
  }, {
    "id" : 205,
    "category" : 1,
    "load" : 1,
    "start" : 117,
    "destination" : 1,
    "end" : 117,
    "rdvTime" : "14h46",
    "rdvDuration" : "01h18",
    "srvDuration" : "00h01"
  }, {
    "id" : 206,
    "category" : 0,
    "load" : 1,
    "start" : 118,
    "destination" : 15,
    "end" : -1,
    "rdvTime" : "11h07",
    "rdvDuration" : "02h15",
    "srvDuration" : "00h01"
  }, {
    "id" : 207,
    "category" : 1,
    "load" : 2,
    "start" : 119,
    "destination" : 37,
    "end" : 120,
    "rdvTime" : "11h05",
    "rdvDuration" : "02h31",
    "srvDuration" : "00h01"
  }, {
    "id" : 208,
    "category" : 0,
    "load" : 2,
    "start" : 121,
    "destination" : 39,
    "end" : 121,
    "rdvTime" : "12h49",
    "rdvDuration" : "02h12",
    "srvDuration" : "00h01"
  }, {
    "id" : 209,
    "category" : 1,
    "load" : 1,
    "start" : 122,
    "destination" : 30,
    "end" : 123,
    "rdvTime" : "10h32",
    "rdvDuration" : "00h44",
    "srvDuration" : "00h03"
  }, {
    "id" : 210,
    "category" : 1,
    "load" : 2,
    "start" : -1,
    "destination" : 28,
    "end" : 124,
    "rdvTime" : "15h08",
    "rdvDuration" : "02h59",
    "srvDuration" : "00h02"
  }, {
    "id" : 211,
    "category" : 0,
    "load" : 2,
    "start" : 125,
    "destination" : 29,
    "end" : 125,
    "rdvTime" : "10h11",
    "rdvDuration" : "02h57",
    "srvDuration" : "00h01"
  }, {
    "id" : 212,
    "category" : 1,
    "load" : 1,
    "start" : 126,
    "destination" : 12,
    "end" : 126,
    "rdvTime" : "14h05",
    "rdvDuration" : "00h18",
    "srvDuration" : "00h02"
  }, {
    "id" : 213,
    "category" : 1,
    "load" : 2,
    "start" : 127,
    "destination" : 32,
    "end" : 127,
    "rdvTime" : "15h37",
    "rdvDuration" : "02h06",
    "srvDuration" : "00h01"
  }, {
    "id" : 214,
    "category" : 1,
    "load" : 2,
    "start" : 128,
    "destination" : 36,
    "end" : 128,
    "rdvTime" : "12h27",
    "rdvDuration" : "02h36",
    "srvDuration" : "00h01"
  }, {
    "id" : 215,
    "category" : 0,
    "load" : 2,
    "start" : 129,
    "destination" : 11,
    "end" : 130,
    "rdvTime" : "10h13",
    "rdvDuration" : "02h54",
    "srvDuration" : "00h01"
  } ],
  "distMatrix" : [ [ 0, 17, 11, 13, 11, 6, 19, 14, 9, 21, 12, 21, 15, 18, 18, 9, 13, 19, 18, 18, 12, 14, 8, 8, 16, 7, 7, 17, 12, 9, 12, 18, 2, 11, 6, 16, 22, 17, 16, 19, 14, 3, 22, 9, 16, 5, 5, 18, 21, 22, 16, 15, 20, 14, 15, 10, 15, 21, 11, 12, 21, 7, 10, 19, 19, 16, 4, 19, 21, 13, 5, 5, 15, 18, 20, 21, 8, 3, 11, 13, 16, 22, 17, 20, 19, 14, 15, 6, 3, 18, 18, 11, 22, 17, 15, 22, 6, 6, 13, 3, 12, 14, 16, 10, 10, 18, 3, 15, 13, 6, 17, 13, 23, 16, 5, 3, 17, 15, 11, 15, 5, 12, 4, 12, 16, 4, 21, 7, 14, 14, 20 ], [ 17, 0, 6, 17, 7, 11, 10, 10, 13, 14, 14, 11, 15, 17, 4, 12, 9, 10, 1, 8, 19, 14, 13, 18, 4, 11, 10, 15, 16, 9, 19, 11, 16, 8, 14, 15, 9, 14, 18, 11, 4, 14, 6, 9, 3, 15, 13, 2, 9, 5, 2, 13, 5, 12, 10, 9, 8, 8, 10, 12, 9, 12, 18, 5, 13, 4, 13, 8, 4, 7, 14, 13, 11, 11, 13, 4, 19, 14, 6, 10, 15, 6, 6, 14, 16, 7, 7, 19, 15, 1, 2, 15, 11, 5, 9, 5, 11, 12, 10, 16, 17, 13, 6, 7, 7, 11, 14, 15, 17, 11, 1, 6, 8, 16, 12, 14, 7, 2, 18, 3, 12, 9, 15, 5, 3, 18, 6, 10, 4, 4, 5 ], [ 11, 6, 0, 13, 3, 6, 11, 8, 9, 15, 10, 13, 12, 15, 7, 8, 6, 11, 7, 9, 15, 12, 8, 13, 5, 5, 5, 14, 12, 4, 15, 11, 10, 4, 9, 13, 12, 13, 15, 12, 4, 9, 11, 4, 5, 10, 8, 7, 11, 10, 5, 11, 9, 10, 9, 5, 8, 11, 7, 9, 11, 6, 14, 8, 13, 5, 8, 10, 9, 5, 9, 8, 10, 11, 13, 10, 14, 8, 1, 8, 13, 11, 8, 14, 15, 6, 7, 13, 9, 6, 7, 11, 13, 6, 8, 11, 6, 6, 7, 10, 13, 11, 7, 1, 1, 11, 9, 13, 14, 6, 5, 4, 12, 14, 6, 9, 8, 4, 14, 3, 6, 6, 10, 1, 5, 13, 11, 5, 3, 4, 9 ], [ 13, 17, 13, 0, 15, 12, 11, 8, 5, 10, 3, 12, 4, 6, 14, 6, 19, 11, 18, 12, 2, 4, 6, 5, 13, 10, 10, 6, 1, 16, 3, 9, 14, 17, 7, 4, 16, 7, 3, 11, 13, 11, 18, 10, 14, 16, 14, 17, 14, 20, 18, 5, 16, 6, 8, 9, 10, 16, 7, 5, 14, 9, 4, 21, 9, 19, 13, 13, 21, 10, 9, 9, 6, 9, 10, 19, 7, 13, 14, 7, 5, 18, 21, 9, 7, 19, 20, 9, 12, 17, 18, 2, 14, 20, 22, 20, 10, 12, 20, 10, 1, 4, 12, 12, 14, 9, 11, 3, 0, 10, 17, 17, 17, 3, 11, 11, 21, 15, 3, 16, 12, 8, 15, 13, 18, 10, 17, 12, 13, 17, 21 ], [ 11, 7, 3, 15, 0, 5, 14, 11, 11, 17, 12, 15, 15, 18, 9, 9, 4, 14, 8, 12, 16, 14, 9, 14, 8, 6, 5, 16, 14, 2, 16, 14, 9, 2, 10, 15, 15, 15, 17, 15, 6, 8, 13, 5, 7, 8, 6, 9, 14, 12, 6, 13, 11, 12, 11, 7, 10, 14, 9, 11, 14, 7, 15, 8, 16, 6, 7, 13, 11, 8, 9, 9, 12, 14, 16, 11, 15, 7, 2, 10, 16, 13, 7, 17, 18, 4, 5, 14, 8, 8, 8, 13, 16, 6, 6, 12, 6, 6, 5, 10, 15, 13, 10, 3, 2, 14, 8, 15, 16, 6, 7, 2, 15, 16, 6, 9, 7, 7, 16, 4, 5, 8, 8, 4, 5, 13, 13, 4, 6, 4, 9 ], [ 6, 11, 6, 12, 5, 0, 15, 10, 7, 17, 10, 16, 13, 16, 12, 6, 8, 14, 12, 13, 12, 12, 5, 10, 10, 2, 2, 14, 11, 4, 12, 13, 4, 6, 6, 13, 17, 14, 14, 15, 9, 3, 17, 3, 10, 5, 3, 13, 16, 16, 11, 11, 14, 11, 11, 5, 11, 16, 7, 9, 16, 3, 11, 13, 15, 11, 2, 14, 15, 8, 4, 4, 11, 13, 16, 15, 10, 3, 6, 9, 14, 16, 12, 16, 16, 9, 10, 8, 3, 12, 13, 10, 17, 11, 11, 17, 2, 0, 9, 5, 12, 11, 11, 5, 5, 14, 3, 12, 12, 2, 11, 8, 17, 14, 1, 3, 12, 10, 12, 9, 0, 7, 5, 7, 10, 8, 16, 1, 8, 9, 14 ], [ 19, 10, 11, 11, 14, 15, 0, 4, 10, 4, 8, 2, 7, 8, 7, 10, 17, 0, 11, 3, 13, 7, 12, 15, 7, 13, 12, 6, 11, 15, 14, 2, 19, 16, 13, 7, 5, 5, 10, 1, 8, 16, 8, 11, 8, 20, 18, 9, 3, 11, 12, 6, 7, 5, 4, 10, 4, 5, 8, 7, 3, 12, 14, 15, 3, 14, 16, 3, 13, 7, 15, 14, 5, 2, 2, 11, 16, 17, 12, 6, 7, 8, 17, 4, 6, 16, 17, 17, 17, 10, 11, 10, 3, 15, 19, 12, 13, 14, 18, 17, 11, 7, 5, 11, 13, 2, 16, 8, 11, 13, 11, 15, 7, 8, 14, 16, 17, 9, 13, 12, 15, 7, 19, 10, 13, 18, 7, 14, 8, 13, 15 ], [ 14, 10, 8, 8, 11, 10, 4, 0, 6, 7, 5, 6, 5, 7, 7, 5, 14, 4, 11, 4, 10, 5, 7, 11, 6, 9, 8, 6, 7, 12, 11, 3, 14, 12, 9, 5, 9, 5, 8, 5, 6, 12, 10, 7, 7, 15, 13, 9, 7, 12, 11, 3, 8, 2, 1, 5, 2, 8, 3, 3, 6, 8, 10, 14, 5, 12, 12, 6, 13, 3, 10, 9, 2, 3, 6, 12, 12, 13, 9, 1, 5, 10, 15, 6, 7, 14, 15, 13, 12, 9, 11, 6, 8, 13, 16, 13, 9, 10, 16, 12, 8, 4, 4, 8, 9, 4, 12, 6, 8, 9, 10, 12, 10, 7, 10, 11, 15, 7, 10, 10, 11, 3, 15, 8, 11, 13, 9, 10, 6, 11, 14 ], [ 9, 13, 9, 5, 11, 7, 10, 6, 0, 12, 3, 12, 6, 9, 12, 2, 14, 10, 14, 10, 6, 5, 2, 5, 10, 5, 6, 8, 4, 11, 6, 9, 10, 12, 3, 6, 15, 8, 7, 11, 9, 7, 16, 6, 11, 12, 10, 14, 13, 17, 14, 5, 14, 5, 6, 4, 8, 14, 3, 3, 13, 4, 5, 17, 10, 14, 8, 12, 17, 6, 5, 4, 6, 9, 11, 16, 6, 9, 10, 5, 7, 16, 17, 11, 9, 14, 16, 7, 7, 13, 15, 3, 14, 16, 17, 18, 5, 7, 15, 7, 5, 5, 9, 8, 9, 9, 7, 5, 5, 5, 14, 13, 16, 7, 6, 6, 17, 11, 5, 12, 7, 5, 11, 9, 14, 7, 15, 7, 9, 13, 17 ], [ 21, 14, 15, 10, 17, 17, 4, 7, 12, 0, 9, 3, 7, 5, 10, 11, 20, 4, 15, 6, 13, 7, 13, 15, 10, 15, 15, 5, 11, 18, 13, 4, 21, 19, 15, 6, 8, 4, 8, 3, 11, 18, 11, 14, 11, 22, 20, 13, 6, 15, 16, 6, 10, 6, 6, 12, 7, 8, 10, 8, 6, 14, 14, 19, 2, 17, 19, 7, 16, 10, 16, 15, 6, 4, 1, 14, 17, 19, 15, 8, 6, 11, 20, 1, 4, 20, 20, 18, 19, 13, 15, 10, 5, 19, 22, 15, 15, 17, 22, 18, 11, 7, 8, 14, 16, 3, 18, 7, 10, 15, 15, 18, 10, 7, 17, 18, 20, 12, 13, 15, 17, 10, 22, 14, 16, 19, 10, 16, 12, 17, 19 ], [ 12, 14, 10, 3, 12, 10, 8, 5, 3, 9, 0, 10, 3, 6, 11, 3, 16, 8, 15, 9, 5, 2, 5, 7, 10, 8, 8, 5, 3, 13, 6, 7, 12, 14, 6, 3, 13, 5, 5, 9, 10, 10, 15, 8, 11, 15, 13, 14, 11, 17, 14, 3, 13, 3, 5, 6, 6, 13, 3, 2, 11, 7, 6, 18, 7, 15, 11, 10, 17, 6, 8, 7, 4, 7, 9, 16, 8, 12, 11, 4, 4, 15, 18, 8, 7, 16, 17, 9, 10, 13, 15, 2, 12, 17, 19, 17, 8, 10, 17, 10, 3, 2, 9, 9, 11, 7, 10, 3, 3, 8, 14, 14, 14, 4, 9, 9, 18, 11, 5, 13, 10, 5, 14, 10, 14, 10, 13, 10, 10, 14, 18 ], [ 21, 11, 13, 12, 15, 16, 2, 6, 12, 3, 10, 0, 8, 8, 7, 11, 18, 2, 12, 4, 14, 9, 13, 16, 8, 14, 14, 7, 12, 17, 15, 3, 20, 17, 15, 8, 4, 6, 11, 1, 9, 18, 8, 13, 9, 21, 19, 10, 3, 11, 13, 7, 7, 7, 6, 11, 5, 5, 9, 9, 2, 14, 15, 16, 4, 15, 18, 3, 13, 8, 16, 15, 6, 3, 2, 11, 18, 19, 13, 7, 8, 8, 17, 4, 7, 17, 18, 19, 18, 10, 12, 12, 2, 16, 20, 12, 15, 16, 19, 18, 13, 8, 6, 13, 14, 3, 18, 9, 12, 14, 12, 16, 6, 10, 16, 17, 17, 10, 15, 13, 16, 9, 21, 12, 13, 19, 6, 15, 9, 14, 15 ], [ 15, 15, 12, 4, 15, 13, 7, 5, 6, 7, 3, 8, 0, 3, 11, 6, 18, 7, 16, 8, 6, 1, 8, 9, 11, 11, 11, 2, 4, 15, 7, 5, 15, 16, 9, 1, 12, 3, 3, 7, 11, 13, 14, 10, 12, 17, 15, 14, 10, 17, 16, 2, 13, 3, 4, 8, 7, 12, 6, 4, 10, 10, 8, 19, 5, 17, 14, 10, 18, 8, 11, 10, 3, 5, 7, 17, 10, 14, 13, 5, 1, 14, 20, 6, 4, 18, 19, 12, 13, 14, 16, 4, 10, 18, 21, 17, 11, 12, 20, 13, 5, 1, 9, 12, 13, 6, 13, 1, 4, 11, 15, 16, 14, 2, 12, 12, 20, 12, 7, 14, 13, 7, 17, 12, 16, 13, 13, 13, 11, 16, 19 ], [ 18, 17, 15, 6, 18, 16, 8, 7, 9, 5, 6, 8, 3, 0, 13, 9, 21, 8, 18, 10, 8, 4, 11, 11, 13, 14, 14, 2, 7, 19, 9, 6, 19, 19, 12, 3, 13, 3, 3, 7, 13, 16, 15, 13, 14, 21, 19, 16, 11, 18, 18, 5, 14, 6, 7, 11, 9, 13, 9, 7, 10, 13, 10, 21, 4, 19, 17, 11, 20, 10, 14, 13, 6, 6, 6, 18, 13, 18, 16, 7, 2, 15, 22, 4, 1, 21, 22, 14, 17, 16, 18, 7, 10, 21, 24, 19, 14, 16, 23, 16, 7, 5, 11, 15, 16, 6, 16, 4, 6, 14, 18, 19, 14, 3, 15, 16, 22, 15, 9, 17, 16, 10, 20, 15, 18, 16, 14, 16, 13, 19, 21 ], [ 18, 4, 7, 14, 9, 12, 7, 7, 12, 10, 11, 7, 11, 13, 0, 10, 12, 6, 5, 4, 16, 11, 12, 17, 2, 11, 10, 12, 14, 11, 17, 7, 17, 11, 13, 12, 6, 11, 15, 7, 4, 15, 4, 9, 2, 17, 15, 3, 5, 6, 6, 10, 2, 9, 7, 8, 5, 5, 9, 9, 5, 11, 16, 9, 10, 7, 14, 4, 6, 5, 14, 13, 8, 7, 9, 5, 18, 15, 7, 8, 12, 4, 10, 10, 12, 10, 11, 18, 15, 3, 5, 13, 7, 9, 13, 6, 12, 12, 13, 16, 15, 10, 3, 8, 8, 7, 15, 12, 15, 11, 5, 9, 5, 13, 12, 15, 10, 3, 16, 6, 13, 7, 17, 6, 6, 18, 4, 11, 4, 8, 8 ], [ 9, 12, 8, 6, 9, 6, 10, 5, 2, 11, 3, 11, 6, 9, 10, 0, 13, 10, 13, 9, 7, 5, 2, 6, 9, 5, 5, 8, 5, 10, 7, 8, 9, 11, 4, 7, 14, 8, 8, 10, 8, 7, 14, 4, 9, 11, 9, 12, 12, 15, 12, 5, 12, 5, 5, 3, 6, 13, 2, 3, 12, 3, 6, 15, 10, 13, 8, 11, 16, 5, 5, 4, 5, 8, 11, 15, 8, 8, 8, 4, 7, 14, 15, 11, 10, 13, 14, 8, 7, 12, 13, 4, 13, 14, 15, 16, 5, 6, 14, 7, 6, 5, 8, 6, 8, 9, 7, 6, 6, 4, 12, 11, 14, 7, 6, 6, 15, 9, 7, 10, 7, 3, 11, 8, 12, 8, 13, 6, 8, 12, 16 ], [ 13, 9, 6, 19, 4, 8, 17, 14, 14, 20, 16, 18, 18, 21, 12, 13, 0, 17, 9, 15, 20, 18, 13, 18, 10, 9, 9, 20, 18, 4, 20, 17, 11, 2, 14, 19, 17, 19, 21, 18, 9, 11, 15, 9, 10, 9, 8, 10, 17, 13, 6, 17, 13, 16, 15, 10, 14, 16, 13, 15, 17, 11, 18, 7, 19, 5, 9, 15, 11, 11, 12, 12, 16, 17, 19, 12, 18, 9, 5, 14, 19, 15, 5, 20, 21, 1, 3, 17, 11, 10, 9, 17, 19, 5, 3, 13, 10, 9, 1, 13, 19, 17, 12, 7, 5, 17, 11, 18, 19, 9, 7, 3, 16, 20, 9, 11, 5, 9, 19, 6, 8, 12, 9, 7, 6, 16, 15, 7, 9, 4, 8 ], [ 19, 10, 11, 11, 14, 14, 0, 4, 10, 4, 8, 2, 7, 8, 6, 10, 17, 0, 11, 2, 13, 7, 11, 15, 6, 13, 12, 7, 11, 15, 14, 2, 18, 15, 13, 7, 5, 5, 10, 1, 8, 16, 8, 11, 7, 19, 17, 9, 3, 11, 12, 6, 7, 5, 4, 9, 4, 5, 8, 7, 3, 12, 14, 15, 4, 13, 16, 3, 12, 6, 14, 14, 5, 2, 3, 10, 16, 17, 12, 6, 7, 8, 16, 4, 7, 16, 16, 17, 16, 9, 11, 10, 3, 15, 18, 11, 13, 14, 18, 16, 11, 7, 4, 11, 12, 2, 16, 8, 11, 13, 11, 14, 6, 9, 14, 16, 16, 8, 14, 11, 15, 7, 19, 10, 12, 18, 6, 14, 8, 13, 15 ], [ 18, 1, 7, 18, 8, 12, 11, 11, 14, 15, 15, 12, 16, 18, 5, 13, 9, 11, 0, 9, 20, 15, 14, 19, 5, 12, 11, 16, 17, 10, 20, 12, 17, 9, 16, 16, 9, 15, 19, 12, 5, 15, 6, 10, 4, 16, 14, 2, 9, 4, 2, 14, 5, 13, 11, 10, 9, 8, 12, 13, 10, 13, 19, 4, 14, 4, 14, 8, 3, 8, 15, 15, 12, 12, 14, 3, 20, 15, 7, 11, 16, 6, 6, 15, 17, 7, 7, 20, 16, 2, 0, 16, 12, 5, 9, 4, 13, 13, 10, 17, 18, 15, 7, 8, 8, 12, 16, 16, 18, 12, 1, 7, 8, 17, 13, 16, 6, 4, 20, 4, 13, 10, 16, 6, 3, 19, 7, 11, 5, 5, 4 ], [ 18, 8, 9, 12, 12, 13, 3, 4, 10, 6, 9, 4, 8, 10, 4, 9, 15, 2, 9, 0, 14, 8, 11, 15, 4, 12, 11, 8, 11, 13, 15, 4, 17, 13, 13, 9, 4, 7, 11, 3, 6, 15, 6, 10, 5, 18, 16, 7, 3, 9, 10, 7, 5, 6, 4, 8, 3, 4, 7, 7, 3, 11, 15, 13, 6, 11, 15, 1, 10, 5, 14, 13, 6, 4, 5, 8, 16, 16, 10, 6, 8, 6, 14, 6, 9, 14, 14, 17, 15, 7, 9, 11, 4, 12, 16, 9, 12, 13, 16, 16, 12, 8, 2, 9, 10, 4, 15, 9, 12, 12, 9, 12, 5, 10, 13, 15, 14, 6, 14, 9, 13, 6, 18, 8, 10, 17, 5, 12, 6, 11, 12 ], [ 12, 19, 15, 2, 16, 12, 13, 10, 6, 13, 5, 14, 6, 8, 16, 7, 20, 13, 20, 14, 0, 6, 7, 4, 15, 11, 11, 8, 3, 16, 1, 11, 13, 18, 7, 6, 18, 9, 5, 13, 14, 11, 20, 11, 16, 16, 14, 19, 16, 22, 19, 7, 18, 8, 10, 10, 12, 18, 8, 7, 16, 9, 2, 23, 11, 20, 13, 15, 22, 11, 9, 9, 9, 11, 13, 21, 5, 13, 15, 9, 7, 20, 23, 12, 9, 20, 21, 7, 12, 18, 20, 4, 16, 21, 23, 22, 11, 12, 21, 10, 2, 6, 14, 14, 15, 12, 11, 5, 2, 11, 19, 18, 19, 5, 11, 11, 22, 16, 1, 18, 13, 10, 15, 15, 19, 9, 19, 13, 15, 19, 23 ], [ 14, 14, 12, 4, 14, 12, 7, 5, 5, 7, 2, 9, 1, 4, 11, 5, 18, 7, 15, 8, 6, 0, 7, 8, 10, 10, 10, 3, 4, 15, 7, 5, 15, 16, 8, 1, 12, 3, 4, 7, 10, 12, 14, 9, 11, 17, 15, 14, 10, 17, 15, 2, 13, 3, 4, 7, 6, 12, 5, 3, 10, 9, 7, 19, 6, 16, 13, 10, 17, 7, 10, 9, 3, 5, 7, 16, 9, 14, 12, 4, 2, 14, 19, 6, 4, 17, 18, 11, 12, 14, 16, 3, 10, 18, 20, 17, 10, 11, 19, 12, 4, 1, 8, 11, 12, 6, 12, 1, 4, 10, 15, 16, 14, 2, 11, 11, 19, 12, 6, 14, 12, 6, 16, 11, 15, 12, 13, 12, 10, 15, 19 ], [ 8, 13, 8, 6, 9, 5, 12, 7, 2, 13, 5, 13, 8, 11, 12, 2, 13, 11, 14, 11, 7, 7, 0, 5, 10, 4, 4, 10, 5, 9, 7, 10, 8, 11, 2, 8, 15, 10, 9, 12, 9, 5, 16, 5, 11, 10, 8, 14, 14, 17, 13, 7, 14, 7, 7, 4, 8, 15, 4, 5, 14, 2, 6, 16, 11, 14, 7, 12, 17, 7, 3, 2, 7, 10, 12, 16, 6, 7, 9, 6, 9, 16, 16, 12, 11, 13, 15, 6, 6, 13, 14, 4, 15, 15, 16, 17, 4, 5, 14, 5, 6, 6, 10, 7, 8, 11, 5, 7, 7, 4, 13, 12, 16, 8, 5, 5, 16, 11, 6, 11, 6, 5, 9, 8, 13, 6, 15, 6, 9, 12, 17 ], [ 8, 18, 13, 5, 14, 10, 15, 11, 5, 15, 7, 16, 9, 11, 17, 6, 18, 15, 19, 15, 4, 8, 5, 0, 15, 8, 9, 11, 5, 14, 3, 13, 10, 16, 4, 9, 20, 11, 8, 15, 14, 8, 21, 10, 16, 12, 11, 19, 18, 22, 18, 9, 19, 10, 11, 9, 12, 19, 8, 8, 17, 7, 2, 21, 14, 19, 10, 17, 22, 11, 6, 6, 10, 13, 15, 21, 1, 10, 14, 9, 10, 21, 21, 14, 12, 18, 19, 3, 8, 18, 20, 5, 18, 20, 20, 22, 8, 9, 19, 6, 5, 8, 14, 12, 13, 14, 8, 8, 5, 8, 18, 17, 21, 9, 9, 7, 21, 16, 3, 16, 10, 10, 12, 14, 18, 5, 19, 10, 14, 17, 22 ], [ 16, 4, 5, 13, 8, 10, 7, 6, 10, 10, 10, 8, 11, 13, 2, 9, 10, 6, 5, 4, 15, 10, 10, 15, 0, 9, 8, 11, 12, 9, 16, 7, 15, 9, 12, 11, 7, 10, 14, 8, 2, 13, 6, 7, 1, 15, 13, 4, 6, 7, 6, 9, 4, 8, 6, 6, 4, 6, 7, 8, 6, 9, 15, 9, 10, 7, 12, 5, 7, 4, 12, 11, 7, 7, 9, 6, 16, 13, 6, 6, 11, 6, 10, 10, 12, 9, 10, 16, 13, 3, 5, 11, 8, 8, 12, 7, 10, 10, 12, 14, 13, 10, 2, 6, 7, 7, 13, 11, 13, 9, 5, 8, 7, 12, 10, 13, 10, 2, 15, 5, 11, 5, 15, 4, 6, 16, 6, 9, 2, 7, 9 ], [ 7, 11, 5, 10, 6, 2, 13, 9, 5, 15, 8, 14, 11, 14, 11, 5, 9, 13, 12, 12, 11, 10, 4, 8, 9, 0, 1, 13, 9, 6, 11, 12, 6, 7, 4, 11, 16, 12, 13, 13, 8, 4, 15, 2, 9, 7, 5, 12, 14, 15, 10, 10, 13, 9, 9, 3, 9, 15, 5, 7, 14, 1, 9, 13, 14, 11, 4, 13, 15, 6, 3, 3, 9, 12, 14, 15, 9, 4, 6, 7, 12, 15, 13, 15, 14, 10, 11, 8, 4, 11, 12, 8, 16, 12, 12, 16, 1, 2, 10, 5, 10, 9, 10, 4, 5, 12, 4, 11, 10, 0, 11, 8, 16, 12, 1, 4, 12, 9, 10, 9, 2, 5, 6, 6, 10, 7, 15, 2, 7, 9, 14 ], [ 7, 10, 5, 10, 5, 2, 12, 8, 6, 15, 8, 14, 11, 14, 10, 5, 9, 12, 11, 11, 11, 10, 4, 9, 8, 1, 0, 13, 9, 5, 11, 11, 6, 7, 5, 11, 15, 12, 13, 13, 7, 5, 15, 1, 8, 7, 5, 11, 14, 15, 10, 9, 12, 9, 9, 3, 9, 14, 5, 7, 14, 2, 10, 13, 13, 10, 4, 12, 14, 6, 4, 4, 9, 11, 14, 14, 10, 5, 5, 7, 12, 15, 12, 14, 14, 9, 10, 9, 5, 11, 11, 8, 15, 11, 11, 15, 1, 2, 10, 6, 10, 9, 9, 3, 4, 12, 4, 11, 11, 1, 10, 8, 15, 12, 2, 4, 12, 8, 11, 8, 3, 5, 7, 5, 9, 8, 14, 2, 7, 8, 13 ], [ 17, 15, 14, 6, 16, 14, 6, 6, 8, 5, 5, 7, 2, 2, 12, 8, 20, 7, 16, 8, 8, 3, 10, 11, 11, 13, 13, 0, 6, 17, 9, 5, 17, 18, 11, 2, 12, 1, 4, 6, 12, 15, 14, 12, 12, 19, 17, 15, 10, 17, 17, 3, 13, 4, 5, 10, 7, 11, 7, 5, 9, 11, 9, 20, 3, 18, 16, 9, 18, 9, 13, 12, 4, 5, 5, 17, 12, 16, 15, 6, 1, 14, 21, 4, 2, 19, 20, 14, 15, 15, 17, 6, 9, 19, 22, 18, 13, 14, 21, 15, 6, 3, 9, 13, 14, 5, 15, 3, 6, 13, 16, 18, 13, 2, 14, 14, 21, 13, 8, 15, 15, 8, 19, 13, 17, 15, 13, 14, 12, 17, 20 ], [ 12, 16, 12, 1, 14, 11, 11, 7, 4, 11, 3, 12, 4, 7, 14, 5, 18, 11, 17, 11, 3, 4, 5, 5, 12, 9, 9, 6, 0, 14, 3, 9, 13, 16, 6, 4, 16, 7, 4, 11, 12, 10, 17, 9, 13, 15, 13, 16, 14, 19, 17, 5, 15, 5, 7, 8, 9, 15, 6, 4, 13, 8, 4, 20, 9, 18, 12, 13, 20, 9, 8, 7, 6, 9, 10, 19, 6, 12, 13, 6, 5, 17, 20, 10, 7, 18, 19, 8, 11, 16, 17, 1, 14, 19, 20, 20, 9, 10, 19, 9, 1, 4, 11, 11, 13, 9, 10, 3, 1, 9, 16, 16, 17, 4, 10, 10, 20, 14, 3, 15, 11, 7, 14, 12, 17, 9, 16, 11, 12, 16, 20 ], [ 9, 9, 4, 16, 2, 4, 15, 12, 11, 18, 13, 17, 15, 19, 11, 10, 4, 15, 10, 13, 16, 15, 9, 14, 9, 6, 5, 17, 14, 0, 16, 15, 8, 2, 10, 16, 17, 16, 18, 16, 8, 7, 15, 5, 9, 6, 5, 11, 16, 14, 7, 14, 13, 13, 13, 7, 12, 16, 10, 12, 16, 7, 15, 9, 17, 7, 5, 14, 12, 9, 8, 8, 13, 15, 17, 13, 14, 6, 4, 11, 16, 15, 8, 18, 18, 4, 6, 13, 7, 10, 10, 13, 18, 7, 6, 14, 6, 5, 5, 9, 15, 14, 11, 4, 3, 15, 7, 15, 16, 6, 8, 4, 16, 17, 5, 8, 8, 8, 16, 6, 5, 9, 7, 5, 7, 12, 15, 4, 8, 5, 10 ], [ 12, 19, 15, 3, 16, 12, 14, 11, 6, 13, 6, 15, 7, 9, 17, 7, 20, 14, 20, 15, 1, 7, 7, 3, 16, 11, 11, 9, 3, 16, 0, 12, 13, 18, 7, 7, 19, 10, 5, 14, 15, 11, 21, 12, 16, 16, 14, 19, 17, 22, 20, 8, 19, 9, 10, 10, 12, 18, 9, 8, 17, 9, 2, 23, 12, 20, 13, 16, 23, 12, 9, 9, 9, 12, 14, 22, 4, 13, 16, 9, 8, 21, 23, 12, 10, 20, 22, 7, 11, 19, 21, 4, 17, 21, 23, 23, 11, 12, 21, 10, 3, 7, 14, 14, 15, 12, 11, 6, 3, 11, 19, 19, 20, 6, 11, 10, 23, 17, 1, 18, 12, 10, 15, 15, 20, 8, 19, 13, 15, 19, 23 ], [ 18, 11, 11, 9, 14, 13, 2, 3, 9, 4, 7, 3, 5, 6, 7, 8, 17, 2, 12, 4, 11, 5, 10, 13, 7, 12, 11, 5, 9, 15, 12, 0, 17, 15, 12, 5, 7, 3, 8, 2, 8, 15, 9, 10, 8, 19, 16, 10, 5, 12, 13, 4, 8, 4, 3, 9, 3, 7, 7, 5, 5, 11, 12, 16, 3, 14, 15, 5, 14, 6, 13, 12, 3, 0, 3, 12, 14, 16, 12, 4, 5, 9, 17, 3, 5, 16, 17, 16, 15, 10, 12, 8, 5, 15, 19, 13, 12, 13, 18, 15, 10, 5, 5, 11, 12, 1, 15, 6, 9, 12, 12, 14, 8, 7, 13, 14, 17, 9, 12, 12, 14, 6, 18, 10, 13, 16, 8, 13, 8, 14, 16 ], [ 2, 16, 10, 14, 9, 4, 19, 14, 10, 21, 12, 20, 15, 19, 17, 9, 11, 18, 17, 17, 13, 15, 8, 10, 15, 6, 6, 17, 13, 8, 13, 17, 0, 9, 7, 16, 21, 17, 17, 19, 13, 2, 21, 8, 15, 3, 3, 17, 20, 20, 15, 15, 19, 14, 15, 9, 15, 21, 11, 12, 20, 6, 11, 17, 19, 14, 3, 19, 19, 12, 5, 5, 14, 17, 20, 20, 9, 2, 10, 13, 17, 21, 15, 20, 19, 12, 14, 7, 2, 16, 17, 12, 21, 15, 13, 21, 5, 4, 11, 3, 13, 14, 15, 9, 9, 18, 3, 15, 14, 6, 15, 11, 22, 16, 4, 3, 15, 14, 12, 13, 4, 11, 2, 11, 14, 6, 20, 6, 13, 13, 18 ], [ 11, 8, 4, 17, 2, 6, 16, 12, 12, 19, 14, 17, 16, 19, 11, 11, 2, 15, 9, 13, 18, 16, 11, 16, 9, 7, 7, 18, 16, 2, 18, 15, 9, 0, 11, 17, 16, 17, 19, 16, 8, 9, 14, 6, 9, 8, 7, 10, 15, 12, 6, 15, 12, 14, 13, 8, 12, 15, 11, 13, 16, 9, 16, 8, 18, 6, 7, 14, 11, 9, 10, 10, 14, 15, 18, 12, 16, 8, 4, 12, 17, 14, 6, 18, 19, 3, 4, 15, 9, 9, 9, 15, 18, 6, 5, 13, 7, 6, 3, 11, 17, 15, 11, 5, 3, 16, 9, 16, 17, 7, 7, 2, 16, 18, 7, 9, 6, 8, 17, 5, 6, 10, 8, 5, 6, 14, 14, 5, 7, 4, 9 ], [ 6, 14, 9, 7, 10, 6, 13, 9, 3, 15, 6, 15, 9, 12, 13, 4, 14, 13, 16, 13, 7, 8, 2, 4, 12, 4, 5, 11, 6, 10, 7, 12, 7, 11, 0, 9, 17, 11, 10, 14, 11, 5, 18, 6, 12, 9, 8, 15, 15, 19, 14, 8, 16, 8, 9, 5, 10, 16, 5, 6, 15, 3, 5, 17, 13, 15, 6, 14, 18, 8, 2, 2, 9, 12, 14, 18, 5, 6, 10, 7, 10, 18, 17, 14, 12, 14, 15, 4, 5, 15, 16, 5, 16, 16, 16, 19, 4, 5, 15, 4, 6, 8, 11, 8, 9, 12, 4, 8, 7, 4, 15, 13, 18, 9, 5, 4, 17, 12, 6, 13, 6, 7, 9, 10, 14, 5, 17, 6, 10, 13, 18 ], [ 16, 15, 13, 4, 15, 13, 7, 5, 6, 6, 3, 8, 1, 3, 12, 7, 19, 7, 16, 9, 6, 1, 8, 9, 11, 11, 11, 2, 4, 16, 7, 5, 16, 17, 9, 0, 12, 3, 3, 7, 11, 14, 15, 11, 12, 18, 16, 15, 10, 17, 16, 2, 13, 3, 5, 9, 7, 12, 6, 4, 10, 10, 8, 20, 5, 17, 14, 10, 18, 8, 11, 11, 4, 5, 6, 17, 10, 15, 14, 5, 1, 15, 20, 5, 3, 19, 20, 12, 14, 14, 16, 4, 10, 19, 21, 18, 11, 13, 20, 13, 5, 2, 9, 12, 13, 6, 13, 1, 4, 11, 16, 17, 14, 1, 12, 13, 20, 13, 7, 15, 13, 7, 17, 12, 16, 13, 13, 13, 11, 16, 20 ], [ 22, 9, 12, 16, 15, 17, 5, 9, 15, 8, 13, 4, 12, 13, 6, 14, 17, 5, 9, 4, 18, 12, 15, 20, 7, 16, 15, 12, 16, 17, 19, 7, 21, 16, 17, 12, 0, 10, 15, 5, 9, 19, 4, 14, 8, 22, 20, 7, 2, 8, 11, 11, 4, 10, 9, 13, 7, 1, 12, 12, 2, 16, 19, 13, 8, 13, 19, 3, 10, 9, 18, 17, 10, 7, 7, 7, 21, 20, 13, 10, 12, 4, 15, 8, 12, 16, 16, 21, 20, 8, 9, 15, 3, 14, 18, 8, 16, 17, 18, 20, 16, 12, 6, 13, 14, 7, 19, 13, 16, 16, 10, 15, 2, 14, 17, 19, 15, 8, 18, 11, 18, 11, 22, 11, 12, 22, 3, 16, 9, 13, 13 ], [ 17, 14, 13, 7, 15, 14, 5, 5, 8, 4, 5, 6, 3, 3, 11, 8, 19, 5, 15, 7, 9, 3, 10, 11, 10, 12, 12, 1, 7, 16, 10, 3, 17, 17, 11, 3, 10, 0, 5, 5, 11, 15, 13, 11, 11, 19, 17, 13, 8, 16, 16, 3, 12, 3, 4, 9, 6, 10, 7, 5, 8, 11, 10, 19, 2, 17, 16, 8, 17, 8, 13, 12, 3, 3, 4, 15, 13, 16, 14, 5, 2, 13, 20, 3, 2, 18, 19, 14, 15, 13, 15, 7, 8, 18, 21, 16, 13, 14, 20, 15, 7, 3, 8, 12, 14, 4, 15, 4, 7, 12, 15, 17, 12, 4, 14, 14, 20, 12, 9, 14, 15, 8, 19, 12, 16, 15, 11, 14, 11, 16, 19 ], [ 16, 18, 15, 3, 17, 14, 10, 8, 7, 8, 5, 11, 3, 3, 15, 8, 21, 10, 19, 11, 5, 4, 9, 8, 14, 13, 13, 4, 4, 18, 5, 8, 17, 19, 10, 3, 15, 5, 0, 10, 14, 14, 17, 12, 15, 19, 17, 17, 13, 20, 19, 5, 16, 6, 8, 11, 10, 15, 8, 6, 13, 11, 7, 22, 7, 20, 15, 13, 21, 11, 12, 11, 6, 8, 9, 20, 9, 16, 16, 7, 3, 17, 23, 8, 4, 21, 22, 12, 15, 17, 19, 5, 13, 21, 23, 21, 13, 14, 22, 13, 4, 4, 12, 14, 15, 8, 14, 3, 3, 12, 18, 19, 17, 1, 14, 13, 22, 15, 5, 17, 15, 10, 18, 15, 19, 13, 16, 14, 14, 19, 22 ], [ 19, 11, 12, 11, 15, 15, 1, 5, 11, 3, 9, 1, 7, 7, 7, 10, 18, 1, 12, 3, 13, 7, 12, 15, 8, 13, 13, 6, 11, 16, 14, 2, 19, 16, 14, 7, 5, 5, 10, 0, 9, 17, 8, 12, 8, 20, 18, 10, 4, 12, 13, 6, 8, 6, 5, 10, 4, 5, 8, 7, 3, 13, 14, 16, 3, 14, 17, 4, 13, 7, 15, 14, 5, 2, 2, 11, 16, 18, 13, 6, 7, 8, 17, 3, 6, 17, 17, 18, 17, 10, 12, 10, 3, 16, 19, 12, 14, 15, 19, 17, 11, 7, 5, 12, 13, 2, 17, 8, 11, 13, 12, 15, 7, 8, 15, 16, 17, 9, 14, 12, 16, 8, 20, 11, 13, 18, 7, 14, 9, 14, 16 ], [ 14, 4, 4, 13, 6, 9, 8, 6, 9, 11, 10, 9, 11, 13, 4, 8, 9, 8, 5, 6, 14, 10, 9, 14, 2, 8, 7, 12, 12, 8, 15, 8, 13, 8, 11, 11, 9, 11, 14, 9, 0, 11, 8, 5, 2, 13, 11, 5, 8, 8, 5, 9, 6, 8, 7, 5, 5, 8, 6, 8, 8, 8, 14, 8, 11, 6, 11, 6, 8, 3, 11, 10, 8, 8, 10, 7, 15, 11, 4, 6, 11, 8, 9, 11, 13, 8, 9, 15, 12, 4, 6, 11, 10, 8, 11, 9, 8, 9, 10, 12, 13, 9, 3, 4, 5, 8, 11, 11, 13, 8, 5, 7, 9, 12, 9, 11, 9, 2, 14, 4, 9, 5, 13, 3, 5, 15, 7, 8, 0, 6, 9 ], [ 3, 14, 9, 11, 8, 3, 16, 12, 7, 18, 10, 18, 13, 16, 15, 7, 11, 16, 15, 15, 11, 12, 5, 8, 13, 4, 5, 15, 10, 7, 11, 15, 2, 9, 5, 14, 19, 15, 14, 17, 11, 0, 19, 6, 13, 5, 3, 16, 18, 19, 14, 12, 17, 12, 12, 7, 13, 19, 9, 10, 18, 4, 9, 16, 17, 14, 2, 16, 18, 10, 2, 3, 12, 15, 18, 18, 8, 2, 9, 11, 14, 19, 15, 18, 17, 12, 13, 6, 0, 15, 16, 10, 19, 14, 14, 20, 3, 3, 11, 2, 11, 12, 13, 7, 8, 16, 0, 13, 12, 4, 14, 11, 20, 14, 3, 1, 15, 13, 10, 12, 3, 9, 4, 10, 13, 5, 18, 4, 11, 12, 17 ], [ 22, 6, 11, 18, 13, 17, 8, 10, 16, 11, 15, 8, 14, 15, 4, 14, 15, 8, 6, 6, 20, 14, 16, 21, 6, 15, 15, 14, 17, 15, 21, 9, 21, 14, 18, 15, 4, 13, 17, 8, 8, 19, 0, 13, 6, 21, 19, 5, 5, 4, 9, 13, 2, 12, 10, 13, 8, 3, 13, 13, 5, 16, 20, 10, 11, 10, 18, 5, 6, 10, 18, 17, 11, 9, 10, 4, 22, 19, 12, 11, 14, 0, 12, 12, 14, 14, 13, 22, 19, 5, 6, 16, 7, 11, 15, 4, 16, 17, 16, 20, 18, 14, 6, 12, 13, 9, 19, 15, 18, 16, 8, 13, 2, 16, 17, 19, 12, 7, 20, 9, 17, 11, 21, 10, 9, 22, 1, 15, 8, 11, 9 ], [ 9, 9, 4, 10, 5, 3, 11, 7, 6, 14, 8, 13, 10, 13, 9, 4, 9, 11, 10, 10, 11, 9, 5, 10, 7, 2, 1, 12, 9, 5, 12, 10, 8, 6, 6, 11, 14, 11, 12, 12, 5, 6, 13, 0, 7, 9, 6, 10, 12, 13, 9, 9, 11, 8, 8, 2, 7, 13, 5, 7, 12, 3, 10, 12, 12, 9, 5, 11, 13, 5, 5, 5, 8, 10, 13, 13, 10, 6, 4, 6, 11, 13, 11, 13, 13, 9, 10, 10, 6, 9, 10, 8, 14, 10, 11, 14, 3, 3, 10, 7, 10, 9, 8, 2, 3, 11, 6, 10, 11, 2, 9, 7, 14, 11, 3, 6, 11, 7, 11, 7, 4, 4, 8, 4, 8, 9, 12, 3, 5, 8, 12 ], [ 16, 3, 5, 14, 7, 10, 8, 7, 11, 11, 11, 9, 12, 14, 2, 9, 10, 7, 4, 5, 16, 11, 11, 16, 1, 9, 8, 12, 13, 9, 16, 8, 15, 9, 12, 12, 8, 11, 15, 8, 2, 13, 6, 7, 0, 15, 13, 3, 7, 6, 5, 10, 4, 9, 7, 7, 5, 7, 8, 9, 7, 10, 16, 8, 11, 6, 12, 6, 7, 4, 12, 11, 8, 8, 10, 6, 17, 13, 5, 7, 12, 6, 9, 11, 13, 9, 9, 16, 13, 3, 4, 12, 9, 7, 11, 7, 10, 10, 11, 14, 14, 10, 3, 6, 6, 8, 13, 12, 14, 9, 4, 7, 7, 13, 10, 13, 9, 1, 16, 4, 11, 6, 15, 4, 5, 16, 6, 9, 2, 6, 8 ], [ 5, 15, 10, 16, 8, 5, 20, 15, 12, 22, 15, 21, 17, 21, 17, 11, 9, 19, 16, 18, 16, 17, 10, 12, 15, 7, 7, 19, 15, 6, 16, 19, 3, 8, 9, 18, 22, 19, 19, 20, 13, 5, 21, 9, 15, 0, 2, 17, 21, 20, 14, 16, 19, 16, 16, 10, 16, 21, 12, 14, 21, 8, 14, 15, 21, 13, 3, 19, 18, 13, 7, 8, 16, 19, 21, 19, 12, 3, 9, 14, 19, 21, 14, 21, 21, 10, 12, 10, 5, 16, 16, 14, 22, 13, 11, 20, 7, 5, 9, 6, 16, 16, 16, 9, 8, 19, 5, 17, 16, 7, 15, 10, 22, 18, 6, 6, 14, 14, 15, 12, 5, 12, 1, 11, 13, 9, 20, 6, 13, 12, 17 ], [ 5, 13, 8, 14, 6, 3, 18, 13, 10, 20, 13, 19, 15, 19, 15, 9, 8, 17, 14, 16, 14, 15, 8, 11, 13, 5, 5, 17, 13, 5, 14, 16, 3, 7, 8, 16, 20, 17, 17, 18, 11, 3, 19, 6, 13, 2, 0, 15, 19, 18, 12, 14, 17, 14, 14, 8, 14, 19, 10, 12, 19, 6, 12, 14, 18, 12, 1, 17, 17, 11, 5, 6, 14, 16, 19, 18, 11, 1, 8, 12, 17, 19, 13, 19, 19, 9, 11, 9, 3, 14, 15, 12, 20, 12, 11, 19, 5, 3, 9, 5, 14, 14, 14, 7, 7, 17, 4, 15, 14, 5, 13, 9, 20, 16, 3, 4, 13, 12, 14, 11, 3, 10, 2, 9, 12, 8, 18, 4, 11, 10, 15 ], [ 18, 2, 7, 17, 9, 13, 9, 9, 14, 13, 14, 10, 14, 16, 3, 12, 10, 9, 2, 7, 19, 14, 14, 19, 4, 12, 11, 15, 16, 11, 19, 10, 17, 10, 15, 15, 7, 13, 17, 10, 5, 16, 5, 10, 3, 17, 15, 0, 7, 3, 4, 12, 3, 11, 10, 10, 8, 6, 11, 12, 8, 13, 19, 6, 13, 5, 14, 6, 4, 7, 15, 14, 11, 10, 12, 3, 20, 15, 7, 10, 15, 5, 8, 13, 15, 9, 9, 19, 16, 1, 2, 15, 10, 6, 11, 4, 13, 13, 11, 17, 17, 13, 5, 8, 8, 10, 16, 15, 17, 12, 3, 8, 6, 16, 13, 16, 8, 3, 19, 4, 13, 9, 17, 6, 4, 19, 5, 12, 5, 6, 6 ], [ 21, 9, 11, 14, 14, 16, 3, 7, 13, 6, 11, 3, 10, 11, 5, 12, 17, 3, 9, 3, 16, 10, 14, 18, 6, 14, 14, 10, 14, 16, 17, 5, 20, 15, 15, 10, 2, 8, 13, 4, 8, 18, 5, 12, 7, 21, 19, 7, 0, 8, 11, 9, 5, 8, 7, 11, 5, 2, 10, 10, 0, 14, 17, 14, 7, 12, 18, 1, 10, 8, 16, 16, 8, 5, 5, 8, 19, 18, 12, 8, 10, 5, 15, 7, 10, 15, 16, 20, 18, 8, 10, 13, 2, 14, 18, 9, 15, 16, 18, 18, 14, 10, 5, 12, 13, 5, 18, 11, 14, 14, 10, 14, 4, 12, 16, 18, 15, 8, 16, 11, 16, 9, 20, 10, 11, 20, 3, 15, 8, 13, 13 ], [ 22, 5, 10, 20, 12, 16, 11, 12, 17, 15, 17, 11, 17, 18, 6, 15, 13, 11, 4, 9, 22, 17, 17, 22, 7, 15, 15, 17, 19, 14, 22, 12, 20, 12, 19, 17, 8, 16, 20, 12, 8, 19, 4, 13, 6, 20, 18, 3, 8, 0, 6, 15, 4, 14, 13, 13, 10, 7, 14, 15, 9, 16, 22, 7, 15, 7, 18, 8, 2, 11, 18, 18, 14, 12, 13, 1, 23, 19, 10, 13, 17, 4, 9, 15, 18, 11, 10, 23, 19, 4, 4, 18, 11, 8, 12, 1, 16, 16, 13, 20, 20, 16, 8, 12, 12, 12, 19, 18, 20, 16, 5, 10, 6, 19, 16, 19, 9, 6, 22, 7, 16, 12, 20, 9, 7, 23, 5, 15, 8, 8, 6 ], [ 16, 2, 5, 18, 6, 11, 12, 11, 14, 16, 14, 13, 16, 18, 6, 12, 6, 12, 2, 10, 19, 15, 13, 18, 6, 10, 10, 17, 17, 7, 20, 13, 15, 6, 14, 16, 11, 16, 19, 13, 5, 14, 9, 9, 5, 14, 12, 4, 11, 6, 0, 14, 7, 13, 12, 9, 10, 10, 11, 13, 11, 11, 19, 3, 15, 1, 12, 10, 5, 8, 14, 13, 13, 13, 15, 6, 19, 13, 5, 11, 16, 9, 4, 16, 18, 5, 5, 18, 14, 3, 3, 16, 13, 3, 7, 7, 11, 11, 7, 15, 18, 15, 8, 6, 6, 13, 14, 16, 18, 11, 1, 4, 10, 17, 11, 14, 4, 4, 19, 2, 11, 9, 14, 5, 0, 18, 9, 9, 5, 2, 4 ], [ 15, 13, 11, 5, 13, 11, 6, 3, 5, 6, 3, 7, 2, 5, 10, 5, 17, 6, 14, 7, 7, 2, 7, 9, 9, 10, 9, 3, 5, 14, 8, 4, 15, 15, 8, 2, 11, 3, 5, 6, 9, 12, 13, 9, 10, 16, 14, 12, 9, 15, 14, 0, 11, 1, 2, 7, 5, 10, 4, 2, 8, 9, 8, 17, 5, 15, 13, 8, 16, 6, 10, 9, 1, 4, 6, 15, 11, 14, 11, 3, 3, 13, 18, 5, 5, 16, 17, 12, 13, 12, 14, 4, 9, 16, 19, 16, 10, 11, 18, 12, 6, 1, 7, 10, 11, 4, 12, 3, 5, 10, 13, 14, 12, 4, 11, 12, 18, 10, 8, 12, 12, 5, 16, 10, 14, 13, 11, 11, 9, 14, 17 ], [ 20, 5, 9, 16, 11, 14, 7, 8, 14, 10, 13, 7, 13, 14, 2, 12, 13, 7, 5, 5, 18, 13, 14, 19, 4, 13, 12, 13, 15, 13, 19, 8, 19, 12, 16, 13, 4, 12, 16, 8, 6, 17, 2, 11, 4, 19, 17, 3, 5, 4, 7, 11, 0, 10, 9, 10, 7, 3, 11, 11, 5, 13, 18, 9, 10, 8, 16, 4, 6, 7, 16, 15, 10, 8, 9, 4, 20, 17, 9, 9, 13, 2, 11, 11, 13, 12, 12, 20, 17, 4, 5, 15, 7, 10, 14, 5, 14, 14, 14, 18, 16, 12, 4, 10, 10, 8, 17, 14, 16, 13, 6, 11, 3, 15, 14, 17, 11, 5, 18, 7, 15, 9, 19, 8, 7, 20, 2, 13, 6, 9, 8 ], [ 14, 12, 10, 6, 12, 11, 5, 2, 5, 6, 3, 7, 3, 6, 9, 5, 16, 5, 13, 6, 8, 3, 7, 10, 8, 9, 9, 4, 5, 13, 9, 4, 14, 14, 8, 3, 10, 3, 6, 6, 8, 12, 12, 8, 9, 16, 14, 11, 8, 14, 13, 1, 10, 0, 2, 6, 4, 10, 3, 2, 8, 8, 9, 16, 5, 14, 12, 7, 15, 5, 10, 9, 0, 4, 6, 14, 11, 13, 10, 2, 4, 12, 17, 6, 5, 15, 16, 12, 12, 11, 13, 5, 9, 15, 18, 15, 9, 11, 17, 12, 6, 2, 6, 9, 10, 4, 12, 4, 6, 9, 12, 13, 11, 5, 10, 11, 17, 9, 8, 11, 11, 4, 15, 9, 13, 13, 11, 10, 8, 13, 16 ], [ 15, 10, 9, 8, 11, 11, 4, 1, 6, 6, 5, 6, 4, 7, 7, 5, 15, 4, 11, 4, 10, 4, 7, 11, 6, 9, 9, 5, 7, 13, 10, 3, 15, 13, 9, 5, 9, 4, 8, 5, 7, 12, 10, 8, 7, 16, 14, 10, 7, 13, 12, 2, 9, 2, 0, 6, 2, 8, 4, 3, 6, 8, 10, 15, 5, 13, 13, 6, 13, 4, 10, 10, 1, 3, 5, 12, 12, 13, 10, 2, 5, 10, 16, 6, 6, 14, 15, 13, 13, 10, 12, 6, 7, 14, 17, 13, 9, 11, 16, 12, 8, 3, 4, 8, 10, 3, 12, 5, 8, 9, 11, 13, 10, 6, 10, 12, 16, 8, 10, 10, 11, 4, 15, 8, 12, 14, 9, 10, 7, 12, 15 ], [ 10, 9, 5, 9, 7, 5, 10, 5, 4, 12, 6, 11, 8, 11, 8, 3, 10, 9, 10, 8, 10, 7, 4, 9, 6, 3, 3, 10, 8, 7, 10, 9, 9, 8, 5, 9, 13, 9, 11, 10, 5, 7, 13, 2, 7, 10, 8, 10, 11, 13, 9, 7, 10, 6, 6, 0, 6, 12, 3, 5, 11, 3, 9, 13, 11, 10, 7, 10, 13, 3, 6, 5, 6, 8, 11, 13, 10, 7, 5, 4, 9, 13, 12, 11, 11, 10, 11, 10, 7, 9, 11, 7, 12, 11, 13, 14, 4, 5, 11, 8, 9, 7, 7, 4, 5, 9, 7, 8, 9, 3, 9, 8, 13, 10, 5, 6, 12, 7, 10, 8, 5, 2, 10, 5, 9, 10, 12, 4, 5, 9, 13 ], [ 15, 8, 8, 10, 10, 11, 4, 2, 8, 7, 6, 5, 7, 9, 5, 6, 14, 4, 9, 3, 12, 6, 8, 12, 4, 9, 9, 7, 9, 12, 12, 3, 15, 12, 10, 7, 7, 6, 10, 4, 5, 13, 8, 7, 5, 16, 14, 8, 5, 10, 10, 5, 7, 4, 2, 6, 0, 7, 5, 5, 5, 9, 12, 13, 6, 11, 13, 4, 11, 3, 11, 10, 3, 3, 6, 10, 14, 13, 8, 3, 7, 8, 14, 7, 8, 13, 14, 14, 13, 8, 9, 8, 7, 12, 15, 11, 9, 11, 15, 13, 10, 6, 2, 8, 9, 4, 13, 7, 10, 9, 9, 11, 8, 8, 10, 12, 14, 6, 12, 8, 11, 4, 15, 7, 10, 15, 7, 10, 5, 10, 13 ], [ 21, 8, 11, 16, 14, 16, 5, 8, 14, 8, 13, 5, 12, 13, 5, 13, 16, 5, 8, 4, 18, 12, 15, 19, 6, 15, 14, 11, 15, 16, 18, 7, 21, 15, 16, 12, 1, 10, 15, 5, 8, 19, 3, 13, 7, 21, 19, 6, 2, 7, 10, 10, 3, 10, 8, 12, 7, 0, 11, 11, 2, 15, 18, 12, 8, 12, 18, 2, 9, 8, 17, 16, 9, 7, 7, 7, 20, 19, 12, 9, 12, 3, 14, 9, 11, 15, 15, 21, 19, 7, 8, 14, 4, 13, 17, 7, 15, 16, 17, 19, 16, 11, 5, 12, 13, 7, 18, 13, 16, 15, 9, 14, 2, 13, 16, 18, 14, 7, 18, 10, 17, 10, 21, 10, 11, 21, 2, 15, 8, 12, 12 ], [ 11, 10, 7, 7, 9, 7, 8, 3, 3, 10, 3, 9, 6, 9, 9, 2, 13, 8, 12, 7, 8, 5, 4, 8, 7, 5, 5, 7, 6, 10, 9, 7, 11, 11, 5, 6, 12, 7, 8, 8, 6, 9, 13, 5, 8, 12, 10, 11, 10, 14, 11, 4, 11, 3, 4, 3, 5, 11, 0, 2, 10, 5, 8, 14, 8, 12, 9, 9, 14, 3, 7, 6, 4, 6, 9, 13, 9, 10, 8, 2, 7, 13, 15, 9, 9, 13, 14, 10, 9, 10, 12, 5, 11, 13, 15, 15, 6, 7, 14, 9, 7, 4, 6, 6, 7, 7, 8, 6, 7, 5, 11, 11, 13, 7, 7, 8, 15, 8, 8, 9, 8, 2, 12, 7, 11, 10, 12, 7, 6, 11, 15 ], [ 12, 12, 9, 5, 11, 9, 7, 3, 3, 8, 2, 9, 4, 7, 9, 3, 15, 7, 13, 7, 7, 3, 5, 8, 8, 7, 7, 5, 4, 12, 8, 5, 12, 13, 6, 4, 12, 5, 6, 7, 8, 10, 13, 7, 9, 14, 12, 12, 10, 15, 13, 2, 11, 2, 3, 5, 5, 11, 2, 0, 9, 6, 7, 16, 7, 14, 11, 9, 15, 5, 8, 7, 2, 5, 8, 14, 9, 11, 10, 2, 5, 13, 16, 7, 7, 14, 16, 10, 10, 11, 13, 4, 10, 15, 17, 15, 8, 9, 16, 10, 5, 2, 7, 8, 9, 6, 10, 4, 5, 7, 12, 13, 13, 5, 9, 9, 16, 9, 7, 11, 10, 3, 14, 8, 13, 11, 12, 9, 8, 13, 16 ], [ 21, 9, 11, 14, 14, 16, 3, 6, 13, 6, 11, 2, 10, 10, 5, 12, 17, 3, 10, 3, 16, 10, 14, 17, 6, 14, 14, 9, 13, 16, 17, 5, 20, 16, 15, 10, 2, 8, 13, 3, 8, 18, 5, 12, 7, 21, 19, 8, 0, 9, 11, 8, 5, 8, 6, 11, 5, 2, 10, 9, 0, 14, 17, 14, 6, 13, 18, 2, 11, 8, 16, 15, 7, 5, 5, 9, 19, 18, 12, 8, 9, 5, 16, 6, 9, 16, 16, 19, 18, 8, 10, 13, 2, 14, 18, 9, 15, 16, 18, 18, 14, 9, 5, 12, 13, 4, 18, 11, 14, 14, 10, 14, 4, 11, 16, 17, 16, 8, 16, 11, 16, 9, 20, 10, 12, 20, 4, 15, 8, 13, 13 ], [ 7, 12, 6, 9, 7, 3, 12, 8, 4, 14, 7, 14, 10, 13, 11, 3, 11, 12, 13, 11, 9, 9, 2, 7, 9, 1, 2, 11, 8, 7, 9, 11, 6, 9, 3, 10, 16, 11, 11, 13, 8, 4, 16, 3, 10, 8, 6, 13, 14, 16, 11, 9, 13, 8, 8, 3, 9, 15, 5, 6, 14, 0, 8, 14, 13, 12, 4, 13, 16, 6, 3, 2, 8, 11, 14, 15, 8, 5, 7, 7, 11, 16, 14, 14, 13, 11, 12, 7, 4, 12, 13, 7, 15, 13, 13, 17, 1, 3, 12, 5, 8, 8, 10, 5, 6, 12, 4, 9, 9, 1, 12, 10, 16, 10, 2, 4, 14, 10, 9, 10, 3, 5, 7, 7, 11, 7, 15, 3, 8, 10, 15 ], [ 10, 18, 14, 4, 15, 11, 14, 10, 5, 14, 6, 15, 8, 10, 16, 6, 18, 14, 19, 15, 2, 7, 6, 2, 15, 9, 10, 9, 4, 15, 2, 12, 11, 16, 5, 8, 19, 10, 7, 14, 14, 9, 20, 10, 16, 14, 12, 19, 17, 22, 19, 8, 18, 9, 10, 9, 12, 18, 8, 7, 17, 8, 0, 22, 12, 19, 11, 16, 22, 11, 7, 7, 9, 12, 14, 21, 3, 11, 14, 9, 9, 20, 21, 13, 11, 19, 20, 5, 9, 18, 20, 4, 17, 20, 21, 22, 9, 10, 19, 8, 3, 7, 14, 13, 14, 13, 9, 7, 4, 9, 19, 17, 20, 7, 10, 8, 21, 16, 1, 17, 11, 10, 13, 14, 18, 6, 19, 11, 14, 18, 22 ], [ 19, 5, 8, 21, 8, 13, 15, 14, 17, 19, 18, 16, 19, 21, 9, 15, 7, 15, 4, 13, 23, 19, 16, 21, 9, 13, 13, 20, 20, 9, 23, 16, 17, 8, 17, 20, 13, 19, 22, 16, 8, 16, 10, 12, 8, 15, 14, 6, 14, 7, 3, 17, 9, 16, 15, 13, 13, 12, 14, 16, 14, 14, 22, 0, 18, 3, 14, 12, 4, 11, 17, 16, 16, 16, 18, 6, 22, 15, 8, 15, 20, 10, 2, 19, 21, 5, 4, 21, 16, 6, 4, 19, 16, 2, 6, 7, 14, 13, 7, 18, 21, 18, 11, 9, 9, 16, 16, 20, 21, 14, 4, 6, 12, 21, 14, 16, 3, 7, 22, 5, 13, 13, 16, 8, 3, 21, 11, 12, 8, 4, 1 ], [ 19, 13, 13, 9, 16, 15, 3, 5, 10, 2, 7, 4, 5, 4, 10, 10, 19, 4, 14, 6, 11, 6, 11, 14, 10, 14, 13, 3, 9, 17, 12, 3, 19, 18, 13, 5, 8, 2, 7, 3, 11, 17, 11, 12, 11, 21, 18, 13, 7, 15, 15, 5, 10, 5, 5, 11, 6, 8, 8, 7, 6, 13, 12, 18, 0, 17, 17, 7, 16, 8, 15, 14, 5, 3, 2, 14, 15, 18, 14, 6, 4, 11, 20, 1, 3, 19, 19, 16, 17, 13, 15, 9, 6, 18, 21, 15, 14, 15, 21, 17, 9, 5, 8, 13, 14, 2, 17, 6, 9, 14, 15, 17, 10, 6, 15, 16, 20, 12, 12, 14, 16, 8, 20, 13, 15, 17, 10, 15, 11, 16, 18 ], [ 16, 4, 5, 19, 6, 11, 14, 12, 14, 17, 15, 15, 17, 19, 7, 13, 5, 13, 4, 11, 20, 16, 14, 19, 7, 11, 10, 18, 18, 7, 20, 14, 14, 6, 15, 17, 13, 17, 20, 14, 6, 14, 10, 9, 6, 13, 12, 5, 12, 7, 1, 15, 8, 14, 13, 10, 11, 12, 12, 14, 13, 12, 19, 3, 17, 0, 12, 11, 5, 9, 14, 13, 14, 14, 16, 7, 20, 13, 5, 12, 18, 10, 3, 17, 19, 4, 3, 19, 14, 5, 4, 17, 15, 1, 6, 8, 11, 11, 6, 15, 19, 16, 9, 7, 6, 14, 14, 17, 19, 11, 3, 3, 12, 18, 11, 14, 3, 5, 20, 3, 11, 10, 14, 5, 1, 18, 10, 9, 6, 2, 3 ], [ 4, 13, 8, 13, 7, 2, 16, 12, 8, 19, 11, 18, 14, 17, 14, 8, 9, 16, 14, 15, 13, 13, 7, 10, 12, 4, 4, 16, 12, 5, 13, 15, 3, 7, 6, 14, 19, 16, 15, 17, 11, 2, 18, 5, 12, 3, 1, 14, 18, 18, 12, 13, 16, 12, 13, 7, 13, 18, 9, 11, 18, 4, 11, 14, 17, 12, 0, 16, 17, 10, 4, 4, 13, 15, 18, 17, 10, 1, 7, 11, 15, 18, 13, 18, 17, 10, 11, 8, 2, 14, 14, 11, 19, 13, 12, 18, 3, 2, 9, 4, 12, 13, 13, 6, 6, 16, 2, 14, 13, 4, 13, 9, 19, 15, 2, 3, 13, 12, 12, 11, 1, 9, 3, 8, 12, 7, 18, 3, 10, 10, 16 ], [ 19, 8, 10, 13, 13, 14, 3, 6, 12, 7, 10, 3, 10, 11, 4, 11, 15, 3, 8, 1, 15, 10, 12, 17, 5, 13, 12, 9, 13, 14, 16, 5, 19, 14, 14, 10, 3, 8, 13, 4, 6, 16, 5, 11, 6, 19, 17, 6, 1, 8, 10, 8, 4, 7, 6, 10, 4, 2, 9, 9, 2, 13, 16, 12, 7, 11, 16, 0, 10, 6, 15, 14, 7, 5, 5, 8, 18, 17, 11, 7, 10, 5, 14, 7, 10, 14, 14, 18, 17, 7, 9, 12, 4, 12, 16, 8, 13, 14, 16, 17, 14, 9, 3, 10, 11, 5, 16, 11, 13, 13, 9, 13, 4, 11, 14, 16, 14, 6, 16, 9, 15, 8, 19, 9, 10, 19, 3, 13, 7, 11, 12 ], [ 21, 4, 9, 21, 11, 15, 13, 13, 17, 16, 17, 13, 18, 20, 6, 16, 11, 12, 3, 10, 22, 17, 17, 22, 7, 15, 14, 18, 20, 12, 23, 14, 19, 11, 18, 18, 10, 17, 21, 13, 8, 18, 6, 13, 7, 18, 17, 4, 10, 2, 5, 16, 6, 15, 13, 13, 11, 9, 14, 15, 11, 16, 22, 4, 16, 5, 17, 10, 0, 11, 18, 17, 15, 14, 15, 2, 23, 18, 9, 14, 18, 6, 7, 16, 19, 9, 8, 23, 18, 4, 2, 19, 12, 6, 10, 2, 15, 15, 12, 20, 21, 17, 9, 11, 11, 14, 18, 18, 21, 15, 4, 9, 8, 19, 16, 18, 7, 6, 22, 6, 15, 12, 19, 9, 5, 22, 7, 14, 8, 7, 3 ], [ 13, 7, 5, 10, 8, 8, 7, 3, 6, 10, 6, 8, 8, 10, 5, 5, 11, 6, 8, 5, 11, 7, 7, 11, 4, 6, 6, 9, 9, 9, 12, 6, 12, 9, 8, 8, 9, 8, 11, 7, 3, 10, 10, 5, 4, 13, 11, 7, 8, 11, 8, 6, 7, 5, 4, 3, 3, 8, 3, 5, 8, 6, 11, 11, 8, 9, 10, 6, 11, 0, 9, 8, 5, 6, 8, 10, 12, 11, 6, 3, 8, 9, 12, 9, 10, 11, 11, 13, 10, 7, 9, 8, 9, 10, 13, 11, 7, 8, 12, 11, 10, 6, 3, 5, 6, 6, 10, 8, 10, 7, 8, 9, 10, 9, 8, 10, 12, 5, 11, 7, 8, 2, 13, 4, 8, 13, 9, 7, 3, 8, 12 ], [ 5, 14, 9, 9, 9, 4, 15, 10, 5, 16, 8, 16, 11, 14, 14, 5, 12, 14, 15, 14, 9, 10, 3, 6, 12, 3, 4, 13, 8, 8, 9, 13, 5, 10, 2, 11, 18, 13, 12, 15, 11, 2, 18, 5, 12, 7, 5, 15, 16, 18, 14, 10, 16, 10, 10, 6, 11, 17, 7, 8, 16, 3, 7, 17, 15, 14, 4, 15, 18, 9, 0, 1, 10, 13, 16, 18, 6, 4, 9, 9, 12, 18, 16, 15, 14, 13, 14, 5, 3, 14, 16, 7, 18, 15, 15, 19, 3, 4, 13, 2, 9, 10, 12, 7, 8, 14, 2, 10, 9, 3, 14, 11, 19, 11, 3, 2, 16, 12, 8, 12, 4, 7, 6, 9, 14, 4, 17, 5, 10, 12, 17 ], [ 5, 13, 8, 9, 9, 4, 14, 9, 4, 15, 7, 15, 10, 13, 13, 4, 12, 14, 15, 13, 9, 9, 2, 6, 11, 3, 4, 12, 7, 8, 9, 12, 5, 10, 2, 11, 17, 12, 11, 14, 10, 3, 17, 5, 11, 8, 6, 14, 16, 18, 13, 9, 15, 9, 10, 5, 10, 16, 6, 7, 15, 2, 7, 16, 14, 13, 4, 14, 17, 8, 1, 0, 9, 12, 15, 17, 6, 5, 8, 8, 11, 17, 15, 15, 14, 12, 14, 5, 3, 14, 15, 7, 17, 14, 15, 18, 2, 3, 13, 3, 8, 9, 11, 7, 7, 13, 3, 10, 9, 3, 13, 11, 18, 11, 3, 2, 15, 11, 8, 11, 4, 7, 7, 9, 13, 5, 16, 4, 10, 12, 17 ], [ 15, 11, 10, 6, 12, 11, 5, 2, 6, 6, 4, 6, 3, 6, 8, 5, 16, 5, 12, 6, 9, 3, 7, 10, 7, 9, 9, 4, 6, 13, 9, 3, 14, 14, 9, 4, 10, 3, 6, 5, 8, 12, 11, 8, 8, 16, 14, 11, 8, 14, 13, 1, 10, 0, 1, 6, 3, 9, 4, 2, 7, 8, 9, 16, 5, 14, 13, 7, 15, 5, 10, 9, 0, 3, 6, 13, 11, 13, 10, 2, 4, 11, 17, 5, 5, 15, 16, 12, 12, 11, 13, 5, 8, 15, 18, 14, 9, 11, 17, 12, 7, 2, 6, 9, 10, 4, 12, 4, 7, 9, 12, 13, 11, 5, 10, 12, 17, 9, 9, 11, 11, 4, 15, 9, 13, 13, 10, 11, 8, 13, 16 ], [ 18, 11, 11, 9, 14, 13, 2, 3, 9, 4, 7, 3, 5, 6, 7, 8, 17, 2, 12, 4, 11, 5, 10, 13, 7, 12, 11, 5, 9, 15, 12, 0, 17, 15, 12, 5, 7, 3, 8, 2, 8, 15, 9, 10, 8, 19, 16, 10, 5, 12, 13, 4, 8, 4, 3, 8, 3, 7, 6, 5, 5, 11, 12, 16, 3, 14, 15, 5, 14, 6, 13, 12, 3, 0, 3, 12, 14, 16, 12, 4, 5, 9, 17, 3, 5, 16, 17, 16, 15, 10, 12, 8, 5, 15, 19, 13, 12, 13, 18, 15, 10, 5, 5, 11, 12, 1, 15, 6, 9, 12, 12, 14, 8, 7, 13, 14, 17, 9, 12, 12, 14, 6, 18, 10, 13, 16, 8, 13, 8, 13, 16 ], [ 20, 13, 13, 10, 16, 16, 2, 6, 11, 1, 9, 2, 7, 6, 9, 11, 19, 3, 14, 5, 13, 7, 12, 15, 9, 14, 14, 5, 10, 17, 14, 3, 20, 18, 14, 6, 7, 4, 9, 2, 10, 18, 10, 13, 10, 21, 19, 12, 5, 13, 15, 6, 9, 6, 5, 11, 6, 7, 9, 8, 5, 14, 14, 18, 2, 16, 18, 5, 15, 8, 16, 15, 6, 3, 0, 13, 16, 18, 14, 7, 6, 10, 19, 2, 5, 18, 19, 18, 18, 12, 14, 10, 4, 17, 21, 14, 15, 16, 21, 18, 11, 7, 7, 13, 14, 2, 17, 7, 11, 14, 14, 17, 8, 8, 16, 17, 19, 11, 13, 14, 16, 9, 21, 12, 15, 18, 8, 16, 11, 16, 17 ], [ 21, 4, 10, 19, 11, 15, 11, 12, 16, 14, 16, 11, 17, 18, 5, 15, 12, 10, 3, 8, 21, 16, 16, 21, 6, 15, 14, 17, 19, 13, 22, 12, 20, 12, 18, 17, 7, 15, 20, 11, 7, 18, 4, 13, 6, 19, 18, 3, 8, 1, 6, 15, 4, 14, 12, 13, 10, 7, 13, 14, 9, 15, 21, 6, 14, 7, 17, 8, 2, 10, 18, 17, 13, 12, 13, 0, 22, 18, 10, 13, 17, 4, 9, 15, 17, 11, 10, 22, 19, 3, 3, 18, 10, 8, 12, 1, 15, 16, 13, 20, 20, 16, 8, 11, 11, 12, 18, 17, 20, 15, 5, 10, 6, 18, 16, 18, 9, 6, 21, 7, 16, 12, 19, 9, 6, 22, 5, 14, 8, 8, 5 ], [ 8, 19, 14, 7, 15, 10, 16, 12, 6, 17, 8, 18, 10, 13, 18, 8, 18, 16, 20, 16, 5, 9, 6, 1, 16, 9, 10, 12, 6, 14, 4, 14, 9, 16, 5, 10, 21, 13, 9, 16, 15, 8, 22, 10, 17, 12, 11, 20, 19, 23, 19, 11, 20, 11, 12, 10, 14, 20, 9, 9, 19, 8, 3, 22, 15, 20, 10, 18, 23, 12, 6, 6, 11, 14, 16, 22, 0, 10, 15, 11, 11, 22, 22, 16, 13, 19, 20, 2, 8, 19, 21, 6, 19, 20, 21, 24, 9, 10, 19, 6, 6, 10, 15, 13, 14, 15, 8, 9, 7, 9, 19, 17, 22, 10, 9, 7, 21, 17, 4, 17, 10, 11, 11, 14, 19, 4, 21, 11, 15, 18, 23 ], [ 3, 14, 8, 13, 7, 3, 17, 13, 9, 19, 12, 19, 14, 18, 15, 8, 9, 17, 15, 16, 13, 14, 7, 10, 13, 4, 5, 16, 12, 6, 13, 16, 2, 8, 6, 15, 20, 16, 16, 18, 11, 2, 19, 6, 13, 3, 1, 15, 18, 19, 13, 14, 17, 13, 13, 7, 13, 19, 10, 11, 18, 5, 11, 15, 18, 13, 1, 17, 18, 11, 4, 5, 13, 16, 18, 18, 10, 0, 8, 12, 16, 19, 14, 19, 18, 10, 12, 8, 2, 15, 15, 11, 20, 13, 12, 19, 4, 3, 10, 4, 13, 13, 14, 7, 7, 16, 2, 14, 13, 4, 14, 10, 20, 15, 3, 3, 14, 12, 12, 11, 2, 10, 2, 9, 13, 6, 18, 4, 11, 11, 16 ], [ 11, 6, 1, 14, 2, 6, 12, 9, 10, 15, 11, 13, 13, 16, 7, 8, 5, 12, 7, 10, 15, 12, 9, 14, 6, 6, 5, 15, 13, 4, 16, 12, 10, 4, 10, 14, 13, 14, 16, 13, 4, 9, 12, 4, 5, 9, 8, 7, 12, 10, 5, 11, 9, 10, 10, 5, 8, 12, 8, 10, 12, 7, 14, 8, 14, 5, 7, 11, 9, 6, 9, 8, 10, 12, 14, 10, 15, 8, 0, 9, 14, 11, 7, 15, 16, 5, 6, 14, 9, 7, 7, 12, 14, 6, 7, 11, 6, 6, 7, 10, 14, 12, 8, 2, 1, 12, 9, 13, 14, 6, 5, 3, 13, 15, 6, 9, 7, 5, 15, 3, 6, 6, 10, 2, 5, 13, 11, 5, 4, 3, 8 ], [ 13, 10, 8, 7, 10, 9, 6, 1, 5, 8, 4, 7, 5, 7, 8, 4, 14, 6, 11, 6, 9, 4, 6, 9, 6, 7, 7, 6, 6, 11, 9, 4, 13, 12, 7, 5, 10, 5, 7, 6, 6, 11, 11, 6, 7, 14, 12, 10, 8, 13, 11, 3, 9, 2, 2, 4, 3, 9, 2, 2, 8, 7, 9, 15, 6, 12, 11, 7, 14, 3, 9, 8, 2, 4, 7, 13, 11, 12, 9, 0, 5, 11, 15, 7, 7, 13, 14, 11, 11, 10, 12, 5, 9, 14, 16, 14, 8, 9, 15, 11, 7, 3, 5, 7, 9, 5, 10, 5, 7, 7, 11, 12, 11, 6, 9, 10, 15, 8, 9, 10, 10, 2, 14, 7, 11, 12, 10, 9, 6, 11, 15 ], [ 16, 15, 13, 5, 16, 14, 7, 5, 7, 6, 4, 8, 1, 2, 12, 7, 19, 7, 16, 8, 7, 2, 9, 10, 11, 12, 12, 1, 5, 16, 8, 5, 17, 17, 10, 1, 12, 2, 3, 7, 11, 14, 14, 11, 12, 19, 17, 15, 10, 17, 16, 3, 13, 4, 5, 9, 7, 12, 7, 5, 9, 11, 9, 20, 4, 18, 15, 10, 18, 8, 12, 11, 4, 5, 6, 17, 11, 16, 14, 5, 0, 14, 20, 5, 2, 19, 20, 13, 15, 14, 16, 5, 9, 19, 22, 18, 12, 14, 21, 14, 6, 3, 9, 13, 14, 5, 14, 2, 5, 12, 16, 17, 13, 2, 13, 14, 20, 13, 8, 15, 14, 8, 18, 13, 16, 14, 13, 14, 12, 17, 20 ], [ 22, 6, 11, 18, 13, 16, 8, 10, 16, 11, 15, 8, 14, 15, 4, 14, 15, 8, 6, 6, 20, 14, 16, 21, 6, 15, 15, 14, 17, 15, 21, 9, 21, 14, 18, 15, 4, 13, 17, 8, 8, 19, 0, 13, 6, 21, 19, 5, 5, 4, 9, 13, 2, 12, 10, 13, 8, 3, 13, 13, 5, 16, 20, 10, 11, 10, 18, 5, 6, 9, 18, 17, 11, 9, 10, 4, 22, 19, 11, 11, 14, 0, 12, 12, 14, 13, 13, 22, 19, 5, 6, 16, 7, 11, 15, 4, 16, 16, 16, 20, 18, 14, 6, 12, 12, 9, 19, 15, 18, 15, 7, 12, 2, 16, 17, 19, 12, 7, 20, 9, 17, 11, 21, 10, 9, 22, 1, 15, 8, 11, 9 ], [ 17, 6, 8, 21, 7, 12, 17, 15, 17, 20, 18, 17, 20, 22, 10, 15, 5, 16, 6, 14, 23, 19, 16, 21, 10, 13, 12, 21, 20, 8, 23, 17, 15, 6, 17, 20, 15, 20, 23, 17, 9, 15, 12, 11, 9, 14, 13, 8, 15, 9, 4, 18, 11, 17, 16, 12, 14, 14, 15, 16, 16, 14, 21, 2, 20, 3, 13, 14, 7, 12, 16, 15, 17, 17, 19, 9, 22, 14, 7, 15, 20, 12, 0, 20, 22, 4, 2, 20, 15, 7, 6, 19, 18, 2, 4, 9, 13, 12, 5, 17, 21, 18, 12, 9, 8, 17, 15, 20, 21, 13, 5, 4, 14, 21, 13, 15, 0, 8, 22, 5, 12, 13, 14, 8, 4, 20, 13, 11, 9, 4, 4 ], [ 20, 14, 14, 9, 17, 16, 4, 6, 11, 1, 8, 4, 6, 4, 10, 11, 20, 4, 15, 6, 12, 6, 12, 14, 10, 15, 14, 4, 10, 18, 12, 3, 20, 18, 14, 5, 8, 3, 8, 3, 11, 18, 12, 13, 11, 21, 19, 13, 7, 15, 16, 5, 11, 6, 6, 11, 7, 9, 9, 7, 6, 14, 13, 19, 1, 17, 18, 7, 16, 9, 15, 15, 5, 3, 2, 15, 16, 19, 15, 7, 5, 12, 20, 0, 3, 19, 20, 17, 18, 13, 15, 9, 5, 19, 22, 15, 15, 16, 21, 17, 10, 6, 8, 14, 15, 3, 17, 6, 10, 15, 15, 18, 10, 6, 16, 17, 20, 12, 12, 15, 17, 9, 21, 13, 16, 18, 10, 16, 12, 17, 19 ], [ 19, 16, 15, 7, 18, 16, 6, 7, 9, 4, 7, 7, 4, 1, 12, 10, 21, 7, 17, 9, 9, 4, 11, 12, 12, 14, 14, 2, 7, 18, 10, 5, 19, 19, 12, 3, 12, 2, 4, 6, 13, 17, 14, 13, 13, 21, 19, 15, 10, 18, 18, 5, 13, 5, 6, 11, 8, 11, 9, 7, 9, 13, 11, 21, 3, 19, 17, 10, 19, 10, 14, 14, 5, 5, 5, 17, 13, 18, 16, 7, 2, 14, 22, 3, 0, 21, 21, 15, 17, 15, 17, 7, 9, 20, 23, 18, 14, 16, 22, 16, 8, 5, 10, 14, 16, 5, 16, 4, 7, 14, 17, 19, 13, 4, 15, 16, 22, 14, 10, 16, 16, 10, 20, 14, 18, 16, 13, 16, 13, 18, 21 ], [ 14, 7, 6, 19, 4, 9, 16, 14, 14, 20, 16, 17, 18, 21, 10, 13, 1, 16, 7, 14, 20, 17, 13, 18, 9, 10, 9, 19, 18, 4, 20, 16, 12, 3, 14, 19, 16, 18, 21, 17, 8, 12, 14, 9, 9, 10, 9, 9, 15, 11, 5, 16, 12, 15, 14, 10, 13, 15, 13, 14, 16, 11, 19, 5, 19, 4, 10, 14, 9, 11, 13, 12, 15, 16, 18, 11, 19, 10, 5, 13, 19, 13, 4, 19, 21, 0, 2, 17, 12, 8, 7, 17, 18, 3, 3, 11, 10, 9, 2, 14, 19, 17, 12, 7, 5, 17, 12, 18, 19, 10, 6, 2, 15, 19, 10, 12, 3, 8, 20, 5, 9, 11, 11, 6, 5, 16, 14, 8, 8, 3, 7 ], [ 15, 7, 7, 20, 5, 10, 17, 15, 16, 20, 17, 18, 19, 22, 11, 14, 3, 16, 7, 14, 21, 18, 15, 19, 10, 11, 10, 20, 19, 6, 22, 17, 14, 4, 15, 20, 16, 19, 22, 17, 9, 13, 13, 10, 9, 12, 11, 9, 16, 10, 5, 17, 12, 16, 15, 11, 14, 15, 14, 16, 16, 12, 20, 4, 19, 3, 11, 14, 8, 11, 14, 14, 16, 17, 19, 10, 20, 12, 6, 14, 20, 13, 2, 20, 21, 2, 0, 19, 13, 8, 7, 18, 18, 2, 2, 11, 12, 11, 3, 15, 20, 18, 12, 8, 7, 17, 13, 19, 20, 11, 6, 3, 15, 21, 11, 14, 2, 8, 21, 5, 11, 12, 12, 7, 4, 18, 14, 9, 9, 3, 6 ], [ 6, 19, 13, 9, 14, 8, 17, 13, 7, 18, 9, 19, 12, 14, 18, 8, 17, 17, 20, 17, 7, 11, 6, 3, 16, 8, 9, 14, 8, 13, 7, 16, 7, 15, 4, 12, 21, 14, 12, 18, 15, 6, 22, 10, 16, 10, 9, 19, 20, 23, 18, 12, 20, 12, 13, 10, 14, 21, 10, 10, 19, 7, 5, 21, 16, 19, 8, 18, 23, 13, 5, 5, 12, 16, 18, 22, 2, 8, 14, 11, 13, 22, 20, 17, 15, 17, 19, 0, 6, 19, 20, 8, 20, 20, 19, 23, 7, 8, 17, 4, 8, 11, 16, 12, 13, 16, 6, 11, 9, 8, 19, 16, 22, 12, 8, 5, 20, 17, 6, 17, 8, 11, 9, 14, 18, 2, 21, 9, 15, 17, 22 ], [ 3, 15, 9, 12, 8, 3, 17, 12, 7, 19, 10, 18, 13, 17, 15, 7, 11, 16, 16, 15, 12, 12, 6, 8, 13, 4, 5, 15, 11, 7, 11, 15, 2, 9, 5, 14, 20, 15, 15, 17, 12, 0, 19, 6, 13, 5, 3, 16, 18, 19, 14, 13, 17, 12, 13, 7, 13, 19, 9, 10, 18, 4, 9, 16, 17, 14, 2, 17, 18, 10, 3, 3, 12, 15, 18, 19, 8, 2, 9, 11, 15, 19, 15, 18, 17, 12, 13, 6, 0, 15, 16, 10, 20, 14, 14, 20, 4, 3, 11, 2, 11, 12, 14, 8, 8, 16, 1, 13, 12, 4, 14, 11, 20, 14, 3, 1, 15, 13, 11, 12, 3, 9, 4, 10, 14, 5, 19, 4, 11, 12, 17 ], [ 18, 1, 6, 17, 8, 12, 10, 9, 13, 13, 13, 10, 14, 16, 3, 12, 10, 9, 2, 7, 18, 14, 13, 18, 3, 11, 11, 15, 16, 10, 19, 10, 16, 9, 15, 14, 8, 13, 17, 10, 4, 15, 5, 9, 3, 16, 14, 1, 8, 4, 3, 12, 4, 11, 10, 9, 8, 7, 10, 11, 8, 12, 18, 6, 13, 5, 14, 7, 4, 7, 14, 14, 11, 10, 12, 3, 19, 15, 7, 10, 14, 5, 7, 13, 15, 8, 8, 19, 15, 0, 2, 15, 10, 6, 10, 5, 12, 12, 11, 16, 17, 13, 5, 8, 8, 10, 15, 15, 17, 12, 2, 7, 7, 16, 12, 15, 8, 2, 18, 4, 12, 9, 16, 5, 4, 19, 5, 11, 4, 5, 5 ], [ 18, 2, 7, 18, 8, 13, 11, 11, 15, 15, 15, 12, 16, 18, 5, 13, 9, 11, 0, 9, 20, 16, 14, 20, 5, 12, 11, 17, 17, 10, 21, 12, 17, 9, 16, 16, 9, 15, 19, 12, 6, 16, 6, 10, 4, 16, 15, 2, 10, 4, 3, 14, 5, 13, 12, 11, 9, 8, 12, 13, 10, 13, 20, 4, 15, 4, 14, 9, 2, 9, 16, 15, 13, 12, 14, 3, 21, 15, 7, 12, 16, 6, 6, 15, 17, 7, 7, 20, 16, 2, 0, 16, 12, 5, 9, 4, 13, 13, 10, 17, 18, 15, 7, 8, 8, 12, 16, 17, 19, 12, 2, 7, 8, 18, 13, 16, 6, 4, 20, 4, 13, 10, 16, 6, 3, 20, 7, 12, 6, 5, 3 ], [ 11, 15, 11, 2, 13, 10, 10, 6, 3, 10, 2, 12, 4, 7, 13, 4, 17, 10, 16, 11, 4, 3, 4, 5, 11, 8, 8, 6, 1, 13, 4, 8, 12, 15, 5, 4, 15, 7, 5, 10, 11, 10, 16, 8, 12, 14, 12, 15, 13, 18, 16, 4, 15, 5, 6, 7, 8, 14, 5, 4, 13, 7, 4, 19, 9, 17, 11, 12, 19, 8, 7, 7, 5, 8, 10, 18, 6, 11, 12, 5, 5, 16, 19, 9, 7, 17, 18, 8, 10, 15, 16, 0, 13, 18, 19, 19, 8, 10, 18, 9, 2, 3, 10, 10, 12, 9, 9, 3, 2, 8, 15, 15, 16, 4, 9, 9, 19, 13, 4, 14, 10, 6, 14, 11, 16, 9, 15, 10, 11, 15, 19 ], [ 22, 11, 13, 14, 16, 17, 3, 8, 14, 5, 12, 2, 10, 10, 7, 13, 19, 3, 12, 4, 16, 10, 15, 18, 8, 16, 15, 9, 14, 18, 17, 5, 21, 18, 16, 10, 3, 8, 13, 3, 10, 19, 7, 14, 9, 22, 20, 10, 2, 11, 13, 9, 7, 9, 7, 12, 7, 4, 11, 10, 2, 15, 17, 16, 6, 15, 19, 4, 12, 9, 18, 17, 8, 5, 4, 10, 19, 20, 14, 9, 9, 7, 18, 5, 9, 18, 18, 20, 20, 10, 12, 13, 0, 16, 20, 11, 16, 17, 20, 20, 14, 10, 7, 14, 15, 5, 19, 11, 14, 16, 12, 16, 5, 11, 17, 19, 18, 10, 17, 13, 18, 10, 22, 12, 14, 21, 5, 17, 10, 15, 15 ], [ 17, 5, 6, 20, 6, 11, 15, 13, 16, 19, 17, 16, 18, 21, 9, 14, 5, 15, 5, 12, 21, 18, 15, 20, 8, 12, 11, 19, 19, 7, 21, 15, 15, 6, 16, 19, 14, 18, 21, 16, 8, 14, 11, 10, 7, 13, 12, 6, 14, 8, 3, 16, 10, 15, 14, 11, 12, 13, 13, 15, 14, 13, 20, 2, 18, 1, 13, 12, 6, 10, 15, 14, 15, 15, 17, 8, 20, 13, 6, 14, 19, 11, 2, 19, 20, 3, 2, 20, 14, 6, 5, 18, 16, 0, 5, 8, 12, 11, 6, 16, 20, 17, 10, 8, 7, 16, 14, 19, 20, 12, 4, 4, 13, 20, 12, 15, 2, 6, 21, 4, 11, 12, 14, 6, 2, 19, 11, 10, 7, 2, 3 ], [ 15, 9, 8, 22, 6, 11, 19, 16, 17, 22, 19, 20, 21, 24, 13, 15, 3, 18, 9, 16, 23, 20, 16, 20, 12, 12, 11, 22, 20, 6, 23, 19, 13, 5, 16, 21, 18, 21, 23, 19, 11, 14, 15, 11, 11, 11, 11, 11, 18, 12, 7, 19, 14, 18, 17, 13, 15, 17, 15, 17, 18, 13, 21, 6, 21, 6, 12, 16, 10, 13, 15, 15, 18, 19, 21, 12, 21, 12, 7, 16, 22, 15, 4, 22, 23, 3, 2, 19, 14, 10, 9, 19, 20, 5, 0, 13, 12, 11, 2, 15, 21, 19, 14, 9, 8, 19, 14, 21, 22, 12, 8, 4, 17, 22, 12, 14, 3, 10, 22, 7, 11, 14, 12, 9, 7, 18, 16, 10, 10, 5, 7 ], [ 22, 5, 11, 20, 12, 17, 12, 13, 18, 15, 17, 12, 17, 19, 6, 16, 13, 11, 4, 9, 22, 17, 17, 22, 7, 16, 15, 18, 20, 14, 23, 13, 21, 13, 19, 18, 8, 16, 21, 12, 9, 20, 4, 14, 7, 20, 19, 4, 9, 1, 7, 16, 5, 15, 13, 14, 11, 7, 15, 15, 9, 17, 22, 7, 15, 8, 18, 8, 2, 11, 19, 18, 14, 13, 14, 1, 24, 19, 11, 14, 18, 4, 9, 15, 18, 11, 11, 23, 20, 5, 4, 19, 11, 8, 13, 0, 16, 17, 14, 21, 21, 17, 9, 12, 12, 13, 20, 18, 21, 16, 6, 11, 6, 19, 17, 19, 9, 7, 22, 8, 17, 13, 20, 10, 7, 23, 5, 15, 9, 9, 6 ], [ 6, 11, 6, 10, 6, 2, 13, 9, 5, 15, 8, 15, 11, 14, 12, 5, 10, 13, 13, 12, 11, 10, 4, 8, 10, 1, 1, 13, 9, 6, 11, 12, 5, 7, 4, 11, 16, 13, 13, 14, 8, 3, 16, 3, 10, 7, 5, 13, 15, 16, 11, 10, 14, 9, 9, 4, 9, 15, 6, 8, 15, 1, 9, 14, 14, 11, 3, 13, 15, 7, 3, 2, 9, 12, 15, 15, 9, 4, 6, 8, 12, 16, 13, 15, 14, 10, 12, 7, 4, 12, 13, 8, 16, 12, 12, 16, 0, 1, 10, 4, 10, 10, 10, 5, 5, 13, 3, 11, 10, 0, 11, 9, 17, 12, 1, 3, 13, 10, 10, 9, 2, 6, 6, 7, 11, 7, 15, 2, 8, 10, 15 ], [ 6, 12, 6, 12, 6, 0, 14, 10, 7, 17, 10, 16, 12, 16, 12, 6, 9, 14, 13, 13, 12, 11, 5, 9, 10, 2, 2, 14, 10, 5, 12, 13, 4, 6, 5, 13, 17, 14, 14, 15, 9, 3, 17, 3, 10, 5, 3, 13, 16, 16, 11, 11, 14, 11, 11, 5, 11, 16, 7, 9, 16, 3, 10, 13, 15, 11, 2, 14, 15, 8, 4, 3, 11, 13, 16, 16, 10, 3, 6, 9, 14, 16, 12, 16, 16, 9, 11, 8, 3, 12, 13, 10, 17, 11, 11, 17, 1, 0, 9, 5, 11, 11, 11, 5, 5, 14, 3, 12, 12, 2, 11, 8, 17, 13, 1, 3, 12, 10, 11, 9, 1, 7, 5, 7, 11, 7, 16, 1, 8, 9, 14 ], [ 13, 10, 7, 20, 5, 9, 18, 16, 15, 22, 17, 19, 20, 23, 13, 14, 1, 18, 10, 16, 21, 19, 14, 19, 12, 10, 10, 21, 19, 5, 21, 18, 11, 3, 15, 20, 18, 20, 22, 19, 10, 11, 16, 10, 11, 9, 9, 11, 18, 13, 7, 18, 14, 17, 16, 11, 15, 17, 14, 16, 18, 12, 19, 7, 21, 6, 9, 16, 12, 12, 13, 13, 17, 18, 21, 13, 19, 10, 7, 15, 21, 16, 5, 21, 22, 2, 3, 17, 11, 11, 10, 18, 20, 6, 2, 14, 10, 9, 0, 13, 20, 18, 14, 8, 7, 19, 12, 20, 20, 10, 9, 4, 18, 21, 10, 12, 5, 10, 20, 7, 9, 13, 10, 8, 7, 16, 16, 8, 10, 5, 9 ], [ 3, 16, 10, 10, 10, 5, 17, 12, 7, 18, 10, 18, 13, 16, 16, 7, 13, 16, 17, 16, 10, 12, 5, 6, 14, 5, 6, 15, 9, 9, 10, 15, 3, 11, 4, 13, 20, 15, 13, 17, 12, 2, 20, 7, 14, 6, 5, 17, 18, 20, 15, 12, 18, 12, 12, 8, 13, 19, 9, 10, 18, 5, 8, 18, 17, 15, 4, 17, 20, 11, 2, 3, 12, 15, 18, 20, 6, 4, 10, 11, 14, 20, 17, 17, 16, 14, 15, 4, 2, 16, 17, 9, 20, 16, 15, 21, 4, 5, 13, 0, 10, 12, 14, 9, 9, 16, 2, 12, 11, 5, 16, 12, 21, 13, 4, 1, 17, 14, 9, 14, 5, 10, 5, 11, 15, 3, 19, 6, 12, 14, 19 ], [ 12, 17, 13, 1, 15, 12, 11, 8, 5, 11, 3, 13, 5, 7, 15, 6, 19, 11, 18, 12, 2, 4, 6, 5, 13, 10, 10, 6, 1, 15, 3, 10, 13, 17, 6, 5, 16, 7, 4, 11, 13, 11, 18, 10, 14, 16, 14, 17, 14, 20, 18, 6, 16, 6, 8, 9, 10, 16, 7, 5, 14, 8, 3, 21, 9, 19, 12, 14, 21, 10, 9, 8, 7, 10, 11, 20, 6, 13, 14, 7, 6, 18, 21, 10, 8, 19, 20, 8, 11, 17, 18, 2, 14, 20, 21, 21, 10, 11, 20, 10, 0, 5, 12, 12, 13, 10, 11, 4, 1, 10, 18, 17, 18, 4, 11, 10, 21, 15, 2, 16, 12, 8, 15, 13, 18, 9, 17, 12, 13, 17, 21 ], [ 14, 13, 11, 4, 13, 11, 7, 4, 5, 7, 2, 8, 1, 5, 10, 5, 17, 7, 15, 8, 6, 1, 6, 8, 10, 9, 9, 3, 4, 14, 7, 5, 14, 15, 8, 2, 12, 3, 4, 7, 9, 12, 14, 9, 10, 16, 14, 13, 10, 16, 15, 1, 12, 2, 3, 7, 6, 11, 4, 2, 9, 8, 7, 18, 5, 16, 13, 9, 17, 6, 10, 9, 2, 5, 7, 16, 10, 13, 12, 3, 3, 14, 18, 6, 5, 17, 18, 11, 12, 13, 15, 3, 10, 17, 19, 17, 10, 11, 18, 12, 5, 0, 8, 10, 12, 5, 12, 2, 4, 9, 14, 15, 13, 3, 11, 11, 18, 11, 7, 13, 12, 5, 16, 11, 15, 12, 12, 11, 10, 15, 18 ], [ 16, 6, 7, 12, 10, 11, 5, 4, 9, 8, 9, 6, 9, 11, 3, 8, 12, 4, 7, 2, 14, 8, 10, 14, 2, 10, 9, 9, 11, 11, 14, 5, 15, 11, 11, 9, 6, 8, 12, 5, 3, 13, 6, 8, 3, 16, 14, 5, 5, 8, 8, 7, 4, 6, 4, 7, 2, 5, 6, 7, 5, 10, 14, 11, 8, 9, 13, 3, 9, 3, 12, 11, 6, 5, 7, 8, 15, 14, 8, 5, 9, 6, 12, 8, 10, 12, 12, 16, 14, 5, 7, 10, 7, 10, 14, 9, 10, 11, 14, 14, 12, 8, 0, 7, 8, 5, 13, 9, 12, 10, 7, 10, 7, 10, 11, 13, 12, 4, 14, 7, 11, 5, 16, 6, 8, 16, 5, 10, 4, 9, 11 ], [ 10, 7, 1, 12, 3, 5, 11, 8, 8, 14, 9, 13, 12, 15, 8, 6, 7, 11, 8, 9, 14, 11, 7, 12, 6, 4, 3, 13, 11, 4, 14, 11, 9, 5, 8, 12, 13, 12, 14, 12, 4, 7, 12, 2, 6, 9, 7, 8, 12, 12, 6, 10, 10, 9, 8, 4, 8, 12, 6, 8, 12, 5, 13, 9, 13, 7, 6, 10, 11, 5, 7, 7, 9, 11, 13, 11, 13, 7, 2, 7, 13, 12, 9, 14, 14, 7, 8, 12, 8, 8, 8, 10, 14, 8, 9, 12, 5, 5, 8, 9, 12, 10, 7, 0, 1, 11, 7, 12, 13, 4, 7, 5, 13, 13, 5, 7, 9, 5, 13, 5, 5, 5, 9, 2, 6, 11, 11, 3, 4, 5, 10 ], [ 10, 7, 1, 14, 2, 5, 13, 9, 9, 16, 11, 14, 13, 16, 8, 8, 5, 12, 8, 10, 15, 12, 8, 13, 7, 5, 4, 14, 13, 3, 15, 12, 9, 3, 9, 13, 14, 14, 15, 13, 5, 8, 13, 3, 6, 8, 7, 8, 13, 12, 6, 11, 10, 10, 10, 5, 9, 13, 7, 9, 13, 6, 14, 9, 14, 6, 6, 11, 11, 6, 8, 7, 10, 12, 14, 11, 14, 7, 1, 9, 14, 12, 8, 15, 16, 5, 7, 13, 8, 8, 8, 12, 15, 7, 8, 12, 5, 5, 7, 9, 13, 12, 8, 1, 0, 12, 8, 13, 14, 5, 7, 4, 14, 14, 5, 8, 8, 6, 14, 4, 5, 6, 8, 3, 6, 12, 12, 3, 5, 5, 10 ], [ 18, 11, 11, 9, 14, 14, 2, 4, 9, 3, 7, 3, 6, 6, 7, 9, 17, 2, 12, 4, 12, 6, 11, 14, 7, 12, 12, 5, 9, 15, 12, 1, 18, 16, 12, 6, 7, 4, 8, 2, 8, 16, 9, 11, 8, 19, 17, 10, 5, 12, 13, 4, 8, 4, 3, 9, 4, 7, 7, 6, 4, 12, 13, 16, 2, 14, 16, 5, 14, 6, 14, 13, 4, 1, 2, 12, 15, 16, 12, 5, 5, 9, 17, 3, 5, 17, 17, 16, 16, 10, 12, 9, 5, 16, 19, 13, 13, 14, 19, 16, 10, 5, 5, 11, 12, 0, 15, 6, 10, 12, 12, 15, 8, 7, 14, 15, 17, 9, 12, 12, 14, 7, 19, 11, 13, 17, 8, 13, 9, 14, 16 ], [ 3, 14, 9, 11, 8, 3, 16, 12, 7, 18, 10, 18, 13, 16, 15, 7, 11, 16, 16, 15, 11, 12, 5, 8, 13, 4, 4, 15, 10, 7, 11, 15, 3, 9, 4, 13, 19, 15, 14, 17, 11, 0, 19, 6, 13, 5, 4, 16, 18, 19, 14, 12, 17, 12, 12, 7, 13, 18, 8, 10, 18, 4, 9, 16, 17, 14, 2, 16, 18, 10, 2, 3, 12, 15, 17, 18, 8, 2, 9, 10, 14, 19, 15, 17, 16, 12, 13, 6, 1, 15, 16, 9, 19, 14, 14, 20, 3, 3, 12, 2, 11, 12, 13, 7, 8, 15, 0, 12, 11, 4, 14, 11, 20, 13, 3, 0, 15, 13, 10, 12, 3, 9, 4, 10, 14, 5, 18, 4, 11, 12, 17 ], [ 15, 15, 13, 3, 15, 12, 8, 6, 5, 7, 3, 9, 1, 4, 12, 6, 18, 8, 16, 9, 5, 1, 7, 8, 11, 11, 11, 3, 3, 15, 6, 6, 15, 16, 8, 1, 13, 4, 3, 8, 11, 13, 15, 10, 12, 17, 15, 15, 11, 18, 16, 3, 14, 4, 5, 8, 7, 13, 6, 4, 11, 9, 7, 20, 6, 17, 14, 11, 18, 8, 10, 10, 4, 6, 7, 17, 9, 14, 13, 5, 2, 15, 20, 6, 4, 18, 19, 11, 13, 15, 17, 3, 11, 19, 21, 18, 11, 12, 20, 12, 4, 2, 9, 12, 13, 6, 12, 0, 3, 10, 16, 16, 14, 1, 12, 12, 20, 13, 6, 15, 13, 7, 16, 12, 16, 12, 14, 12, 11, 16, 20 ], [ 13, 17, 14, 0, 16, 12, 11, 8, 5, 10, 3, 12, 4, 6, 15, 6, 19, 11, 18, 12, 2, 4, 7, 5, 13, 10, 11, 6, 1, 16, 3, 9, 14, 17, 7, 4, 16, 7, 3, 11, 13, 12, 18, 11, 14, 16, 14, 17, 14, 20, 18, 5, 16, 6, 8, 9, 10, 16, 7, 5, 14, 9, 4, 21, 9, 19, 13, 13, 21, 10, 9, 9, 7, 9, 11, 20, 7, 13, 14, 7, 5, 18, 21, 10, 7, 19, 20, 9, 12, 17, 19, 2, 14, 20, 22, 21, 10, 12, 20, 11, 1, 4, 12, 13, 14, 10, 11, 3, 0, 10, 18, 17, 17, 3, 11, 11, 21, 15, 3, 16, 12, 8, 16, 13, 18, 10, 17, 12, 13, 18, 22 ], [ 6, 11, 6, 10, 6, 2, 13, 9, 5, 15, 8, 14, 11, 14, 11, 4, 9, 13, 12, 12, 11, 10, 4, 8, 9, 0, 1, 13, 9, 6, 11, 12, 6, 7, 4, 11, 16, 12, 12, 13, 8, 4, 16, 2, 9, 7, 5, 12, 14, 16, 11, 10, 13, 9, 9, 3, 9, 15, 5, 7, 14, 1, 9, 14, 14, 11, 4, 13, 15, 7, 3, 3, 9, 12, 14, 15, 9, 4, 6, 7, 12, 15, 13, 15, 14, 10, 11, 8, 4, 12, 12, 8, 16, 12, 12, 16, 0, 2, 10, 5, 10, 9, 10, 4, 5, 12, 4, 10, 10, 0, 11, 8, 16, 12, 1, 3, 13, 9, 10, 9, 2, 5, 6, 6, 10, 7, 15, 2, 8, 9, 14 ], [ 17, 1, 5, 17, 7, 11, 11, 10, 14, 15, 14, 12, 15, 18, 5, 12, 7, 11, 1, 9, 19, 15, 13, 18, 5, 11, 10, 16, 16, 8, 19, 12, 15, 7, 15, 16, 10, 15, 18, 12, 5, 14, 8, 9, 4, 15, 13, 3, 10, 5, 1, 13, 6, 12, 11, 9, 9, 9, 11, 12, 10, 12, 19, 4, 15, 3, 13, 9, 4, 8, 14, 13, 12, 12, 14, 5, 19, 14, 5, 11, 16, 7, 5, 15, 17, 6, 6, 19, 14, 2, 2, 15, 12, 4, 8, 6, 11, 11, 9, 16, 18, 14, 7, 7, 7, 12, 14, 16, 18, 11, 0, 5, 9, 17, 12, 14, 5, 3, 19, 2, 11, 9, 15, 5, 2, 18, 8, 10, 5, 3, 4 ], [ 13, 6, 4, 17, 2, 8, 15, 12, 13, 18, 14, 16, 16, 19, 9, 11, 3, 14, 7, 12, 18, 16, 12, 17, 8, 8, 8, 18, 16, 4, 19, 14, 11, 2, 13, 17, 15, 17, 19, 15, 7, 11, 13, 7, 7, 10, 9, 8, 14, 10, 4, 14, 11, 13, 13, 8, 11, 14, 11, 13, 14, 10, 17, 6, 17, 3, 9, 13, 9, 9, 11, 11, 13, 14, 17, 10, 17, 10, 3, 12, 17, 12, 4, 18, 19, 2, 3, 16, 11, 7, 7, 15, 16, 4, 4, 11, 9, 8, 4, 12, 17, 15, 10, 5, 4, 15, 11, 16, 17, 8, 5, 0, 14, 18, 8, 11, 4, 6, 18, 3, 8, 9, 10, 4, 4, 15, 12, 7, 6, 2, 7 ], [ 23, 8, 12, 17, 15, 17, 7, 10, 16, 10, 14, 6, 14, 14, 5, 14, 16, 6, 8, 5, 19, 14, 16, 21, 7, 16, 15, 13, 17, 16, 20, 8, 22, 16, 18, 14, 2, 12, 17, 7, 9, 20, 2, 14, 7, 22, 20, 6, 4, 6, 10, 12, 3, 11, 10, 13, 8, 2, 13, 13, 4, 16, 20, 12, 10, 12, 19, 4, 8, 10, 19, 18, 11, 8, 8, 6, 22, 20, 13, 11, 13, 2, 14, 10, 13, 15, 15, 22, 20, 7, 8, 16, 5, 13, 17, 6, 17, 17, 18, 21, 18, 13, 7, 13, 14, 8, 20, 14, 17, 16, 9, 14, 0, 15, 17, 20, 14, 8, 20, 11, 18, 11, 22, 11, 11, 22, 2, 16, 9, 12, 11 ], [ 16, 16, 14, 3, 16, 14, 8, 7, 7, 7, 4, 10, 2, 3, 13, 7, 20, 9, 17, 10, 5, 2, 8, 9, 12, 12, 12, 2, 4, 17, 6, 7, 16, 18, 9, 1, 14, 4, 1, 8, 12, 14, 16, 11, 13, 18, 16, 16, 12, 19, 17, 4, 15, 5, 6, 10, 8, 13, 7, 5, 11, 10, 7, 21, 6, 18, 15, 11, 19, 9, 11, 11, 5, 7, 8, 18, 10, 15, 15, 6, 2, 16, 21, 6, 4, 19, 21, 12, 14, 16, 18, 4, 11, 20, 22, 19, 12, 13, 21, 13, 4, 3, 10, 13, 14, 7, 13, 1, 3, 12, 17, 18, 15, 0, 13, 13, 21, 14, 6, 16, 14, 8, 18, 13, 17, 13, 15, 14, 12, 17, 21 ], [ 5, 12, 6, 11, 6, 1, 14, 10, 6, 17, 9, 16, 12, 15, 12, 6, 9, 14, 13, 13, 11, 11, 5, 9, 10, 1, 2, 14, 10, 5, 11, 13, 4, 7, 5, 12, 17, 14, 14, 15, 9, 3, 17, 3, 10, 6, 3, 13, 16, 16, 11, 11, 14, 10, 10, 5, 10, 16, 7, 9, 16, 2, 10, 14, 15, 11, 2, 14, 16, 8, 3, 3, 10, 13, 16, 16, 9, 3, 6, 9, 13, 17, 13, 16, 15, 10, 11, 8, 3, 12, 13, 9, 17, 12, 12, 17, 1, 1, 10, 4, 11, 11, 11, 5, 5, 14, 3, 12, 11, 1, 12, 8, 17, 13, 0, 3, 13, 10, 11, 9, 1, 7, 5, 7, 11, 7, 16, 2, 9, 10, 15 ], [ 3, 14, 9, 11, 9, 3, 16, 11, 6, 18, 9, 17, 12, 16, 15, 6, 11, 16, 16, 15, 11, 11, 5, 7, 13, 4, 4, 14, 10, 8, 10, 14, 3, 9, 4, 13, 19, 14, 13, 16, 11, 1, 19, 6, 13, 6, 4, 16, 18, 19, 14, 12, 17, 11, 12, 6, 12, 18, 8, 9, 17, 4, 8, 16, 16, 14, 3, 16, 18, 10, 2, 2, 12, 14, 17, 18, 7, 3, 9, 10, 14, 19, 15, 17, 16, 12, 14, 5, 1, 15, 16, 9, 19, 15, 14, 19, 3, 3, 12, 1, 10, 11, 13, 7, 8, 15, 0, 12, 11, 3, 14, 11, 20, 13, 3, 0, 15, 13, 10, 12, 3, 9, 5, 10, 14, 4, 18, 4, 11, 12, 17 ], [ 17, 7, 8, 21, 7, 12, 17, 15, 17, 20, 18, 17, 20, 22, 10, 15, 5, 16, 6, 14, 22, 19, 16, 21, 10, 12, 12, 21, 20, 8, 23, 17, 15, 6, 17, 20, 15, 20, 22, 17, 9, 15, 12, 11, 9, 14, 13, 8, 15, 9, 4, 18, 11, 17, 16, 12, 14, 14, 15, 16, 16, 14, 21, 3, 20, 3, 13, 14, 7, 12, 16, 15, 17, 17, 19, 9, 21, 14, 7, 15, 20, 12, 0, 20, 22, 3, 2, 20, 15, 8, 6, 19, 18, 2, 3, 9, 13, 12, 5, 17, 21, 18, 12, 9, 8, 17, 15, 20, 21, 13, 5, 4, 14, 21, 13, 15, 0, 8, 22, 5, 12, 13, 14, 8, 4, 20, 13, 11, 9, 4, 4 ], [ 15, 2, 4, 15, 7, 10, 9, 7, 11, 12, 11, 10, 12, 15, 3, 9, 9, 8, 4, 6, 16, 12, 11, 16, 2, 9, 8, 13, 14, 8, 17, 9, 14, 8, 12, 13, 8, 12, 15, 9, 2, 13, 7, 7, 1, 14, 12, 3, 8, 6, 4, 10, 5, 9, 8, 7, 6, 7, 8, 9, 8, 10, 16, 7, 12, 5, 12, 6, 6, 5, 12, 11, 9, 9, 11, 6, 17, 12, 5, 8, 13, 7, 8, 12, 14, 8, 8, 17, 13, 2, 4, 13, 10, 6, 10, 7, 10, 10, 10, 14, 15, 11, 4, 5, 6, 9, 13, 13, 15, 9, 3, 6, 8, 14, 10, 13, 8, 0, 16, 3, 10, 6, 14, 3, 4, 16, 6, 9, 2, 5, 7 ], [ 11, 18, 14, 3, 16, 12, 13, 10, 5, 13, 5, 15, 7, 9, 16, 7, 19, 14, 20, 14, 1, 6, 6, 3, 15, 10, 11, 8, 3, 16, 1, 12, 12, 17, 6, 7, 18, 9, 5, 14, 14, 10, 20, 11, 16, 15, 14, 19, 16, 22, 19, 8, 18, 8, 10, 10, 12, 18, 8, 7, 16, 9, 1, 22, 12, 20, 12, 16, 22, 11, 8, 8, 9, 12, 13, 21, 4, 12, 15, 9, 8, 20, 22, 12, 10, 20, 21, 6, 11, 18, 20, 4, 17, 21, 22, 22, 10, 11, 20, 9, 2, 7, 14, 13, 14, 12, 10, 6, 3, 10, 19, 18, 20, 6, 11, 10, 22, 16, 0, 17, 12, 10, 14, 14, 19, 8, 19, 12, 14, 18, 23 ], [ 15, 3, 3, 16, 4, 9, 12, 10, 12, 15, 13, 13, 14, 17, 6, 10, 6, 11, 4, 9, 18, 14, 11, 16, 5, 9, 8, 15, 15, 6, 18, 12, 13, 5, 13, 15, 11, 14, 17, 12, 4, 12, 9, 7, 4, 12, 11, 4, 11, 7, 2, 12, 7, 11, 10, 8, 8, 10, 9, 11, 11, 10, 17, 5, 14, 3, 11, 9, 6, 7, 12, 11, 11, 12, 14, 7, 17, 11, 3, 10, 15, 9, 5, 15, 16, 5, 5, 17, 12, 4, 4, 14, 13, 4, 7, 8, 9, 9, 7, 14, 16, 13, 7, 5, 4, 12, 12, 15, 16, 9, 2, 3, 11, 16, 9, 12, 5, 3, 17, 0, 9, 8, 12, 3, 2, 16, 9, 8, 4, 2, 6 ], [ 5, 12, 6, 12, 5, 0, 15, 11, 7, 17, 10, 16, 13, 16, 13, 7, 8, 15, 13, 13, 13, 12, 6, 10, 11, 2, 3, 15, 11, 5, 12, 14, 4, 6, 6, 13, 18, 15, 15, 16, 9, 3, 17, 4, 11, 5, 3, 13, 16, 16, 11, 12, 15, 11, 11, 5, 11, 17, 8, 10, 16, 3, 11, 13, 16, 11, 1, 15, 15, 8, 4, 4, 11, 14, 16, 16, 10, 2, 6, 10, 14, 17, 12, 17, 16, 9, 11, 8, 3, 12, 13, 10, 18, 11, 11, 17, 2, 1, 9, 5, 12, 12, 11, 5, 5, 14, 3, 13, 12, 2, 11, 8, 18, 14, 1, 3, 12, 10, 12, 9, 0, 8, 4, 7, 11, 7, 16, 2, 9, 9, 14 ], [ 12, 9, 6, 8, 8, 7, 7, 3, 5, 10, 5, 9, 7, 10, 7, 3, 12, 7, 10, 6, 10, 6, 5, 10, 5, 5, 5, 8, 7, 9, 10, 6, 11, 10, 7, 7, 11, 8, 10, 8, 5, 9, 11, 4, 6, 12, 10, 9, 9, 12, 9, 5, 9, 4, 4, 2, 4, 10, 2, 3, 9, 5, 10, 13, 8, 10, 9, 8, 12, 2, 7, 7, 4, 6, 9, 12, 11, 10, 6, 2, 8, 11, 13, 9, 10, 11, 12, 11, 9, 9, 10, 6, 10, 12, 14, 13, 6, 7, 13, 10, 8, 5, 5, 5, 6, 7, 9, 7, 8, 5, 9, 9, 11, 8, 7, 9, 13, 6, 10, 8, 8, 0, 12, 5, 9, 11, 10, 7, 5, 9, 13 ], [ 4, 15, 10, 15, 8, 5, 19, 15, 11, 22, 14, 21, 17, 20, 17, 11, 9, 19, 16, 18, 15, 16, 9, 12, 15, 6, 7, 19, 14, 7, 15, 18, 2, 8, 9, 17, 22, 19, 18, 20, 13, 4, 21, 8, 15, 1, 2, 17, 20, 20, 14, 16, 19, 15, 15, 10, 15, 21, 12, 14, 20, 7, 13, 16, 20, 14, 3, 19, 19, 13, 6, 7, 15, 18, 21, 19, 11, 2, 10, 14, 18, 21, 14, 21, 20, 11, 12, 9, 4, 16, 16, 14, 22, 14, 12, 20, 6, 5, 10, 5, 15, 16, 16, 9, 8, 19, 4, 16, 16, 6, 15, 10, 22, 18, 5, 5, 14, 14, 14, 12, 4, 12, 0, 11, 14, 8, 20, 6, 13, 12, 17 ], [ 12, 5, 1, 13, 4, 7, 10, 8, 9, 14, 10, 12, 12, 15, 6, 8, 7, 10, 6, 8, 15, 11, 8, 14, 4, 6, 5, 13, 12, 5, 15, 10, 11, 5, 10, 12, 11, 12, 15, 11, 3, 10, 10, 4, 4, 11, 9, 6, 10, 9, 5, 10, 8, 9, 8, 5, 7, 10, 7, 8, 10, 7, 14, 8, 13, 5, 8, 9, 9, 4, 9, 9, 9, 10, 12, 9, 14, 9, 2, 7, 13, 10, 8, 13, 14, 6, 7, 14, 10, 5, 6, 11, 12, 6, 9, 10, 7, 7, 8, 11, 13, 11, 6, 2, 3, 11, 10, 12, 13, 6, 5, 4, 11, 13, 7, 10, 8, 3, 14, 3, 7, 5, 11, 0, 5, 13, 10, 5, 2, 4, 8 ], [ 16, 3, 5, 18, 5, 10, 13, 11, 14, 16, 14, 13, 16, 18, 6, 12, 6, 12, 3, 10, 19, 15, 13, 18, 6, 10, 9, 17, 17, 7, 20, 13, 14, 6, 14, 16, 12, 16, 19, 13, 5, 13, 9, 8, 5, 13, 12, 4, 11, 7, 0, 14, 7, 13, 12, 9, 10, 11, 11, 13, 12, 11, 18, 3, 15, 1, 12, 10, 5, 8, 14, 13, 13, 13, 15, 6, 19, 13, 5, 11, 16, 9, 4, 16, 18, 5, 4, 18, 14, 4, 3, 16, 14, 2, 7, 7, 11, 11, 7, 15, 18, 15, 8, 6, 6, 13, 14, 16, 18, 10, 2, 4, 11, 17, 11, 14, 4, 4, 19, 2, 11, 9, 14, 5, 0, 18, 9, 9, 5, 2, 4 ], [ 4, 18, 13, 10, 13, 8, 18, 13, 7, 19, 10, 19, 13, 16, 18, 8, 16, 18, 19, 17, 9, 12, 6, 5, 16, 7, 8, 15, 9, 12, 8, 16, 6, 14, 5, 13, 22, 15, 13, 18, 15, 5, 22, 9, 16, 9, 8, 19, 20, 23, 18, 13, 20, 13, 14, 10, 15, 21, 10, 11, 20, 7, 6, 21, 17, 18, 7, 19, 22, 13, 4, 5, 13, 16, 18, 22, 4, 6, 13, 12, 14, 22, 20, 18, 16, 16, 18, 2, 5, 19, 20, 9, 21, 19, 18, 23, 7, 7, 16, 3, 9, 12, 16, 11, 12, 17, 5, 12, 10, 7, 18, 15, 22, 13, 7, 4, 20, 16, 8, 16, 7, 11, 8, 13, 18, 0, 21, 9, 15, 16, 21 ], [ 21, 6, 11, 17, 13, 16, 7, 9, 15, 10, 13, 6, 13, 14, 4, 13, 15, 6, 7, 5, 19, 13, 15, 19, 6, 15, 14, 13, 16, 15, 19, 8, 20, 14, 17, 13, 3, 11, 16, 7, 7, 18, 1, 12, 6, 20, 18, 5, 3, 5, 9, 11, 2, 11, 9, 12, 7, 2, 12, 12, 4, 15, 19, 11, 10, 10, 18, 3, 7, 9, 17, 16, 10, 8, 8, 5, 21, 18, 11, 10, 13, 1, 13, 10, 13, 14, 14, 21, 19, 5, 7, 15, 5, 11, 16, 5, 15, 16, 16, 19, 17, 12, 5, 11, 12, 8, 18, 14, 17, 15, 8, 12, 2, 15, 16, 18, 13, 6, 19, 9, 16, 10, 20, 10, 9, 21, 0, 15, 7, 11, 10 ], [ 7, 10, 5, 12, 4, 1, 14, 10, 7, 16, 10, 15, 13, 16, 11, 6, 7, 14, 11, 12, 13, 12, 6, 10, 9, 2, 2, 14, 11, 4, 13, 13, 6, 5, 6, 13, 16, 14, 14, 14, 8, 4, 15, 3, 9, 6, 4, 12, 15, 15, 9, 11, 13, 10, 10, 4, 10, 15, 7, 9, 15, 3, 11, 12, 15, 9, 3, 13, 14, 7, 5, 4, 11, 13, 16, 14, 11, 4, 5, 9, 14, 15, 11, 16, 16, 8, 9, 9, 4, 11, 12, 10, 17, 10, 10, 15, 2, 1, 8, 6, 12, 11, 10, 3, 3, 13, 4, 12, 12, 2, 10, 7, 16, 14, 2, 4, 11, 9, 12, 8, 2, 7, 6, 5, 9, 9, 15, 0, 7, 8, 13 ], [ 14, 4, 3, 13, 6, 8, 8, 6, 9, 12, 10, 9, 11, 13, 4, 8, 9, 8, 5, 6, 15, 10, 9, 14, 2, 7, 7, 12, 12, 8, 15, 8, 13, 7, 10, 11, 9, 11, 14, 9, 0, 11, 8, 5, 2, 13, 11, 5, 8, 8, 5, 9, 6, 8, 7, 5, 5, 8, 6, 8, 8, 8, 14, 8, 11, 6, 10, 7, 8, 3, 10, 10, 8, 8, 11, 8, 15, 11, 4, 6, 12, 8, 9, 12, 13, 8, 9, 15, 11, 4, 6, 11, 10, 7, 10, 9, 8, 8, 10, 12, 13, 10, 4, 4, 5, 9, 11, 11, 13, 8, 5, 6, 9, 12, 9, 11, 9, 2, 14, 4, 9, 5, 13, 2, 5, 15, 7, 7, 0, 5, 8 ], [ 14, 4, 4, 17, 4, 9, 13, 11, 13, 17, 14, 14, 16, 19, 8, 12, 4, 13, 5, 11, 19, 15, 12, 17, 7, 9, 8, 17, 16, 5, 19, 14, 13, 4, 13, 16, 13, 16, 19, 14, 6, 12, 11, 8, 6, 12, 10, 6, 13, 8, 2, 14, 9, 13, 12, 9, 10, 12, 11, 13, 13, 10, 18, 4, 16, 2, 10, 11, 7, 8, 12, 12, 13, 13, 16, 8, 18, 11, 3, 11, 17, 11, 4, 17, 18, 3, 3, 17, 12, 5, 5, 15, 15, 2, 5, 9, 10, 9, 5, 14, 17, 15, 9, 5, 5, 14, 12, 16, 18, 9, 3, 2, 12, 17, 10, 12, 4, 5, 18, 2, 9, 9, 12, 4, 2, 16, 11, 8, 5, 0, 5 ], [ 20, 5, 9, 21, 9, 14, 15, 14, 17, 19, 18, 15, 19, 21, 8, 16, 8, 15, 4, 12, 23, 19, 17, 22, 9, 14, 13, 20, 20, 10, 23, 16, 18, 9, 18, 20, 13, 19, 22, 16, 9, 17, 9, 12, 8, 17, 15, 6, 13, 6, 4, 17, 8, 16, 15, 13, 13, 12, 15, 16, 13, 15, 22, 1, 18, 3, 16, 12, 3, 12, 17, 17, 16, 16, 17, 5, 23, 16, 8, 15, 20, 9, 4, 19, 21, 7, 6, 22, 17, 5, 3, 19, 15, 3, 7, 6, 15, 14, 9, 19, 21, 18, 11, 10, 10, 16, 17, 20, 22, 14, 4, 7, 11, 21, 15, 17, 4, 7, 23, 6, 14, 13, 17, 8, 4, 21, 10, 13, 8, 5, 0 ] ]
}