{
  "version" : "0.3",
  "id" : 1448147576,
  "name" : "PTP-RAND-2_40_5_80",
  "coordType" : "Eucl",
  "sameVehicleBackward" : false,
  "maxWaitTime" : "00h30",
  "places" : [ {
    "id" : 0,
    "lat" : -8.930557304723113,
    "long" : -4.719267996025788,
    "category" : 0
  }, {
    "id" : 1,
    "lat" : -0.1989562089013911,
    "long" : 10.111015420336557,
    "category" : 0
  }, {
    "id" : 2,
    "lat" : 7.05680451980488,
    "long" : -1.3583015785647348,
    "category" : 0
  }, {
    "id" : 3,
    "lat" : -0.8589156456507746,
    "long" : 4.260196124723426,
    "category" : 0
  }, {
    "id" : 4,
    "lat" : 2.855996999015006,
    "long" : 1.5322948354251242,
    "category" : 0
  }, {
    "id" : 5,
    "lat" : -8.401947542104152,
    "long" : 1.7306824121345794,
    "category" : 0
  }, {
    "id" : 6,
    "lat" : -2.3940565965743783,
    "long" : -6.135659927540031,
    "category" : 0
  }, {
    "id" : 7,
    "lat" : 3.574301142478223,
    "long" : 7.54456269246521,
    "category" : 0
  }, {
    "id" : 8,
    "lat" : 6.23440041126019,
    "long" : 9.455240082717928,
    "category" : 0
  }, {
    "id" : 9,
    "lat" : -5.157971206490143,
    "long" : 2.129941884215642,
    "category" : 0
  }, {
    "id" : 10,
    "lat" : 0.4058732366675265,
    "long" : -1.1529839913536881,
    "category" : 0
  }, {
    "id" : 11,
    "lat" : 10.408468640827394,
    "long" : -4.101565500717792,
    "category" : 0
  }, {
    "id" : 12,
    "lat" : 4.956485394026739,
    "long" : -3.5312807615132966,
    "category" : 0
  }, {
    "id" : 13,
    "lat" : -3.1253811874481916,
    "long" : 1.0872895670277454,
    "category" : 0
  }, {
    "id" : 14,
    "lat" : 4.167513898919846,
    "long" : -7.642308010965854,
    "category" : 0
  }, {
    "id" : 15,
    "lat" : -0.8987590867401437,
    "long" : 8.250886993062256,
    "category" : 0
  }, {
    "id" : 16,
    "lat" : 7.436001026296812,
    "long" : -3.601548289330781,
    "category" : 0
  }, {
    "id" : 17,
    "lat" : 4.470767340898209,
    "long" : -5.935544609822584,
    "category" : 0
  }, {
    "id" : 18,
    "lat" : -6.8884469117744604,
    "long" : 4.003775837623681,
    "category" : 0
  }, {
    "id" : 19,
    "lat" : -0.13921861658025275,
    "long" : 11.408769602636765,
    "category" : 0
  }, {
    "id" : 20,
    "lat" : -4.42811894381208,
    "long" : -7.3021615564469835,
    "category" : 0
  }, {
    "id" : 21,
    "lat" : -8.625198966962193,
    "long" : -0.5351324115967132,
    "category" : 0
  }, {
    "id" : 22,
    "lat" : 10.952906234529431,
    "long" : 4.169544824895691,
    "category" : 0
  }, {
    "id" : 23,
    "lat" : 9.60747849630169,
    "long" : -5.521706924911543,
    "category" : 0
  }, {
    "id" : 24,
    "lat" : -4.2688491642624715,
    "long" : -9.746957202466058,
    "category" : 0
  }, {
    "id" : 25,
    "lat" : -7.211168361104712,
    "long" : 6.125042167089428,
    "category" : 0
  }, {
    "id" : 26,
    "lat" : 3.7955035421583236,
    "long" : 0.7890453378672904,
    "category" : 0
  }, {
    "id" : 27,
    "lat" : 2.2705965488259605,
    "long" : 3.019056050545553,
    "category" : 0
  }, {
    "id" : 28,
    "lat" : 3.499208193613704,
    "long" : 0.1589088943207627,
    "category" : 0
  }, {
    "id" : 29,
    "lat" : -2.491177663795642,
    "long" : 4.438451622070987,
    "category" : 0
  }, {
    "id" : 30,
    "lat" : -1.8275090875771842,
    "long" : -0.8342312688967,
    "category" : 0
  }, {
    "id" : 31,
    "lat" : 3.2086562691266134,
    "long" : 1.634290931078074,
    "category" : 0
  }, {
    "id" : 32,
    "lat" : -7.381073407520532,
    "long" : 2.714386140385453,
    "category" : 0
  }, {
    "id" : 33,
    "lat" : 1.8088188383817603,
    "long" : 2.4484033884204663,
    "category" : 0
  }, {
    "id" : 34,
    "lat" : -6.929791752493451,
    "long" : 0.5551948021209411,
    "category" : 0
  }, {
    "id" : 35,
    "lat" : 1.1729070430213389,
    "long" : 11.064022305947487,
    "category" : 0
  }, {
    "id" : 36,
    "lat" : -5.382703180109338,
    "long" : 3.3646209998937873,
    "category" : 0
  }, {
    "id" : 37,
    "lat" : -10.592271377963472,
    "long" : 1.7522136110657278,
    "category" : 0
  }, {
    "id" : 38,
    "lat" : 6.124810668416763,
    "long" : -10.049577678156915,
    "category" : 0
  }, {
    "id" : 39,
    "lat" : 4.650458351085991,
    "long" : 1.4497208149332417,
    "category" : 0
  }, {
    "id" : 40,
    "lat" : 3.3584804343118586,
    "long" : -7.2978245487053695,
    "category" : 1
  }, {
    "id" : 41,
    "lat" : 3.321928517143442,
    "long" : 2.147420231287704,
    "category" : 2
  }, {
    "id" : 42,
    "lat" : -1.7023273046325542,
    "long" : -6.530967576690559,
    "category" : 2
  }, {
    "id" : 43,
    "lat" : -7.495108253111218,
    "long" : -3.197553813255157,
    "category" : 2
  }, {
    "id" : 44,
    "lat" : -2.493714309556343,
    "long" : -1.4649859135445802,
    "category" : 2
  }, {
    "id" : 45,
    "lat" : -5.509524427086397,
    "long" : 1.9584660477501372,
    "category" : 2
  }, {
    "id" : 46,
    "lat" : -10.045081536540945,
    "long" : 2.7249532983374944,
    "category" : 2
  }, {
    "id" : 47,
    "lat" : -3.5255680215581195,
    "long" : 7.483930391742356,
    "category" : 2
  }, {
    "id" : 48,
    "lat" : 2.6303277237765164,
    "long" : -11.399772373824415,
    "category" : 2
  }, {
    "id" : 49,
    "lat" : -3.766039100479168,
    "long" : -7.326846921139403,
    "category" : 2
  }, {
    "id" : 50,
    "lat" : -4.7806019175768055,
    "long" : 5.423922508876225,
    "category" : 2
  }, {
    "id" : 51,
    "lat" : 5.89169421148137,
    "long" : 8.842871766244622,
    "category" : 2
  }, {
    "id" : 52,
    "lat" : -11.227369234498607,
    "long" : 2.026944042190724,
    "category" : 2
  }, {
    "id" : 53,
    "lat" : 0.7662621556613443,
    "long" : 4.146936053109998,
    "category" : 2
  }, {
    "id" : 54,
    "lat" : -0.3090328299889,
    "long" : 6.560630415947767,
    "category" : 2
  }, {
    "id" : 55,
    "lat" : 1.277522976962611,
    "long" : -0.6528169318399833,
    "category" : 2
  }, {
    "id" : 56,
    "lat" : -11.279604239781154,
    "long" : -1.7862521588660019,
    "category" : 2
  }, {
    "id" : 57,
    "lat" : -7.7545665971755655,
    "long" : -0.06332619253680212,
    "category" : 2
  }, {
    "id" : 58,
    "lat" : 7.2668936281614025,
    "long" : -6.671060811894156,
    "category" : 2
  }, {
    "id" : 59,
    "lat" : -8.769049161397163,
    "long" : -7.505417768935418,
    "category" : 2
  }, {
    "id" : 60,
    "lat" : -1.172456662774992,
    "long" : 0.21835894966604377,
    "category" : 2
  }, {
    "id" : 61,
    "lat" : 4.79983928066008,
    "long" : -10.587468136967678,
    "category" : 2
  }, {
    "id" : 62,
    "lat" : 6.61082698525484,
    "long" : 4.849178645133741,
    "category" : 2
  }, {
    "id" : 63,
    "lat" : 6.287335040196906,
    "long" : -1.386011475977095,
    "category" : 2
  }, {
    "id" : 64,
    "lat" : -10.885938217221794,
    "long" : 0.6952978235446927,
    "category" : 2
  }, {
    "id" : 65,
    "lat" : 8.388418621304494,
    "long" : -2.0530296168354303,
    "category" : 2
  }, {
    "id" : 66,
    "lat" : -1.236254147387631,
    "long" : 0.026877018870542797,
    "category" : 2
  }, {
    "id" : 67,
    "lat" : 7.086361020486895,
    "long" : -5.644127407899112,
    "category" : 2
  }, {
    "id" : 68,
    "lat" : -5.551045994408255,
    "long" : -3.228285792967404,
    "category" : 2
  }, {
    "id" : 69,
    "lat" : 8.622091071829233,
    "long" : 4.947145334065048,
    "category" : 2
  }, {
    "id" : 70,
    "lat" : 3.4140823982113453,
    "long" : 5.974175507811012,
    "category" : 2
  }, {
    "id" : 71,
    "lat" : -4.589713047229583,
    "long" : -2.1931969067157633,
    "category" : 2
  }, {
    "id" : 72,
    "lat" : 2.894256352974271,
    "long" : -0.40335621369596925,
    "category" : 2
  }, {
    "id" : 73,
    "lat" : -1.9177561631542248,
    "long" : -0.0037062494526824527,
    "category" : 2
  }, {
    "id" : 74,
    "lat" : 7.320033180924888,
    "long" : 4.65010886738979,
    "category" : 2
  }, {
    "id" : 75,
    "lat" : -6.847803386149793,
    "long" : 6.232294829197778,
    "category" : 2
  }, {
    "id" : 76,
    "lat" : 1.1961070396273454,
    "long" : -8.4639564823782,
    "category" : 2
  }, {
    "id" : 77,
    "lat" : 8.758909222557916,
    "long" : -1.1172907321900616,
    "category" : 2
  }, {
    "id" : 78,
    "lat" : 0.37989144064976005,
    "long" : 0.3993688114147454,
    "category" : 2
  }, {
    "id" : 79,
    "lat" : 7.3861499171535705,
    "long" : 1.8651633658187752,
    "category" : 2
  }, {
    "id" : 80,
    "lat" : 8.61525394480454,
    "long" : -8.02120724808619,
    "category" : 2
  }, {
    "id" : 81,
    "lat" : -0.15878673098244162,
    "long" : 11.763069862252689,
    "category" : 2
  }, {
    "id" : 82,
    "lat" : -4.40445161765591,
    "long" : 3.7763603002929305,
    "category" : 2
  }, {
    "id" : 83,
    "lat" : 3.674330929267121,
    "long" : 7.433192075439486,
    "category" : 2
  }, {
    "id" : 84,
    "lat" : 6.486925739172203,
    "long" : -1.5779617598620588,
    "category" : 2
  }, {
    "id" : 85,
    "lat" : 8.69069821161649,
    "long" : 6.882474012559249,
    "category" : 2
  }, {
    "id" : 86,
    "lat" : -2.7988994617325065,
    "long" : 6.547297457759177,
    "category" : 2
  }, {
    "id" : 87,
    "lat" : -0.9093535006220449,
    "long" : 2.6435388977340373,
    "category" : 2
  }, {
    "id" : 88,
    "lat" : 1.6795656862491637,
    "long" : -0.26313577877621513,
    "category" : 2
  }, {
    "id" : 89,
    "lat" : -6.43452145566994,
    "long" : -6.738071511117971,
    "category" : 2
  }, {
    "id" : 90,
    "lat" : 2.902054677582985,
    "long" : -7.278420855248958,
    "category" : 2
  }, {
    "id" : 91,
    "lat" : -6.3805355953803575,
    "long" : -3.5840990409401967,
    "category" : 2
  }, {
    "id" : 92,
    "lat" : -10.15637517096483,
    "long" : 4.9452878737081,
    "category" : 2
  }, {
    "id" : 93,
    "lat" : -7.408919771833006,
    "long" : -5.104116452901092,
    "category" : 2
  }, {
    "id" : 94,
    "lat" : -3.0348201243388133,
    "long" : 6.185048679266122,
    "category" : 2
  }, {
    "id" : 95,
    "lat" : -6.321469572996867,
    "long" : 5.134977675357853,
    "category" : 2
  }, {
    "id" : 96,
    "lat" : -9.337206280819416,
    "long" : 2.499602103523555,
    "category" : 2
  }, {
    "id" : 97,
    "lat" : -5.753484090907636,
    "long" : 9.148409557072341,
    "category" : 2
  }, {
    "id" : 98,
    "lat" : -11.352554534850128,
    "long" : 3.755736539245832,
    "category" : 2
  }, {
    "id" : 99,
    "lat" : -9.591228023090732,
    "long" : 7.208521513798425,
    "category" : 2
  }, {
    "id" : 100,
    "lat" : -11.86591556609323,
    "long" : 0.9960695699579567,
    "category" : 2
  }, {
    "id" : 101,
    "lat" : -4.587698835448211,
    "long" : -7.1034494157954,
    "category" : 2
  }, {
    "id" : 102,
    "lat" : -11.20324628558317,
    "long" : 2.8931393652732784,
    "category" : 2
  }, {
    "id" : 103,
    "lat" : 1.0688473120330186,
    "long" : 6.393152974071061,
    "category" : 2
  }, {
    "id" : 104,
    "lat" : -9.877519035550959,
    "long" : -0.738068892491983,
    "category" : 2
  }, {
    "id" : 105,
    "lat" : 0.34964003548572503,
    "long" : 1.9002781566038114,
    "category" : 2
  }, {
    "id" : 106,
    "lat" : -9.784787137738618,
    "long" : -5.587050532132506,
    "category" : 2
  }, {
    "id" : 107,
    "lat" : -1.4656918457269874,
    "long" : 5.937338785332716,
    "category" : 2
  }, {
    "id" : 108,
    "lat" : 0.07884779435183041,
    "long" : 9.554457286388441,
    "category" : 2
  }, {
    "id" : 109,
    "lat" : 2.578054837594828,
    "long" : 4.184712970226959,
    "category" : 2
  }, {
    "id" : 110,
    "lat" : 3.0263006041030085,
    "long" : 2.628573186585339,
    "category" : 2
  }, {
    "id" : 111,
    "lat" : 9.140302109621043,
    "long" : 7.026473193160745,
    "category" : 2
  }, {
    "id" : 112,
    "lat" : -3.413694394718037,
    "long" : -4.717421225719079,
    "category" : 2
  }, {
    "id" : 113,
    "lat" : 8.717771201674575,
    "long" : -1.0278387764918495,
    "category" : 2
  }, {
    "id" : 114,
    "lat" : -2.5863859448295736,
    "long" : 6.784797354962499,
    "category" : 2
  }, {
    "id" : 115,
    "lat" : -11.813508415085458,
    "long" : -0.47498572177237414,
    "category" : 2
  }, {
    "id" : 116,
    "lat" : 2.4173408184063407,
    "long" : -4.596233254661127,
    "category" : 2
  }, {
    "id" : 117,
    "lat" : -6.672019211875363,
    "long" : -1.6081322748185916,
    "category" : 2
  }, {
    "id" : 118,
    "lat" : 10.125059049614155,
    "long" : 3.2050547737445756,
    "category" : 2
  }, {
    "id" : 119,
    "lat" : -10.345171309537037,
    "long" : 0.4999836146706312,
    "category" : 2
  }, {
    "id" : 120,
    "lat" : 6.135355543186998,
    "long" : 9.636961284467528,
    "category" : 2
  }, {
    "id" : 121,
    "lat" : 6.607452762689232,
    "long" : -7.289167763862093,
    "category" : 2
  }, {
    "id" : 122,
    "lat" : 8.110058660828058,
    "long" : -6.82565426400369,
    "category" : 2
  }, {
    "id" : 123,
    "lat" : 10.442750159977955,
    "long" : 2.816394918337529,
    "category" : 2
  }, {
    "id" : 124,
    "lat" : -1.738678785539514,
    "long" : -10.098789602756026,
    "category" : 2
  }, {
    "id" : 125,
    "lat" : 2.911686653914834,
    "long" : -7.315228441274972,
    "category" : 2
  }, {
    "id" : 126,
    "lat" : 6.75386585175412,
    "long" : -4.283027177826338,
    "category" : 2
  } ],
  "vehicles" : [ {
    "id" : 127,
    "canTake" : [ 1 ],
    "start" : 40,
    "end" : 40,
    "capacity" : 5,
    "availability" : [ "07h00:12h00", "14h00:20h00" ]
  }, {
    "id" : 128,
    "canTake" : [ 0 ],
    "start" : 40,
    "end" : 40,
    "capacity" : 6,
    "availability" : [ "07h00:18h00" ]
  }, {
    "id" : 129,
    "canTake" : [ 0 ],
    "start" : 40,
    "end" : 40,
    "capacity" : 6,
    "availability" : [ "07h00:15h00", "17h00:20h00" ]
  }, {
    "id" : 130,
    "canTake" : [ 1 ],
    "start" : 40,
    "end" : 40,
    "capacity" : 6,
    "availability" : [ "07h00:20h00" ]
  }, {
    "id" : 131,
    "canTake" : [ 1 ],
    "start" : 40,
    "end" : 40,
    "capacity" : 4,
    "availability" : [ "08h00:20h00" ]
  } ],
  "patients" : [ {
    "id" : 132,
    "category" : 1,
    "load" : 1,
    "start" : -1,
    "destination" : 0,
    "end" : 41,
    "rdvTime" : "15h17",
    "rdvDuration" : "01h23",
    "srvDuration" : "00h03"
  }, {
    "id" : 133,
    "category" : 0,
    "load" : 2,
    "start" : 42,
    "destination" : 1,
    "end" : 42,
    "rdvTime" : "11h32",
    "rdvDuration" : "01h52",
    "srvDuration" : "00h03"
  }, {
    "id" : 134,
    "category" : 1,
    "load" : 1,
    "start" : 43,
    "destination" : 2,
    "end" : 43,
    "rdvTime" : "13h37",
    "rdvDuration" : "00h21",
    "srvDuration" : "00h01"
  }, {
    "id" : 135,
    "category" : 0,
    "load" : 1,
    "start" : 44,
    "destination" : 3,
    "end" : 44,
    "rdvTime" : "14h23",
    "rdvDuration" : "02h31",
    "srvDuration" : "00h01"
  }, {
    "id" : 136,
    "category" : 1,
    "load" : 2,
    "start" : 45,
    "destination" : 4,
    "end" : 45,
    "rdvTime" : "08h27",
    "rdvDuration" : "00h50",
    "srvDuration" : "00h01"
  }, {
    "id" : 137,
    "category" : 1,
    "load" : 2,
    "start" : 46,
    "destination" : 5,
    "end" : 46,
    "rdvTime" : "09h28",
    "rdvDuration" : "00h45",
    "srvDuration" : "00h02"
  }, {
    "id" : 138,
    "category" : 0,
    "load" : 2,
    "start" : 47,
    "destination" : 6,
    "end" : -1,
    "rdvTime" : "08h41",
    "rdvDuration" : "02h56",
    "srvDuration" : "00h01"
  }, {
    "id" : 139,
    "category" : 1,
    "load" : 2,
    "start" : 48,
    "destination" : 7,
    "end" : 48,
    "rdvTime" : "15h59",
    "rdvDuration" : "02h14",
    "srvDuration" : "00h01"
  }, {
    "id" : 140,
    "category" : 0,
    "load" : 2,
    "start" : 49,
    "destination" : 8,
    "end" : 49,
    "rdvTime" : "12h40",
    "rdvDuration" : "00h27",
    "srvDuration" : "00h01"
  }, {
    "id" : 141,
    "category" : 1,
    "load" : 1,
    "start" : 50,
    "destination" : 9,
    "end" : 50,
    "rdvTime" : "13h41",
    "rdvDuration" : "00h16",
    "srvDuration" : "00h01"
  }, {
    "id" : 142,
    "category" : 1,
    "load" : 2,
    "start" : 51,
    "destination" : 10,
    "end" : 51,
    "rdvTime" : "13h28",
    "rdvDuration" : "00h58",
    "srvDuration" : "00h03"
  }, {
    "id" : 143,
    "category" : 0,
    "load" : 2,
    "start" : 52,
    "destination" : 11,
    "end" : 52,
    "rdvTime" : "13h36",
    "rdvDuration" : "00h26",
    "srvDuration" : "00h03"
  }, {
    "id" : 144,
    "category" : 1,
    "load" : 1,
    "start" : -1,
    "destination" : 12,
    "end" : 53,
    "rdvTime" : "13h52",
    "rdvDuration" : "01h00",
    "srvDuration" : "00h01"
  }, {
    "id" : 145,
    "category" : 0,
    "load" : 1,
    "start" : 54,
    "destination" : 13,
    "end" : 54,
    "rdvTime" : "14h16",
    "rdvDuration" : "02h20",
    "srvDuration" : "00h01"
  }, {
    "id" : 146,
    "category" : 0,
    "load" : 2,
    "start" : 55,
    "destination" : 14,
    "end" : 55,
    "rdvTime" : "15h13",
    "rdvDuration" : "01h11",
    "srvDuration" : "00h01"
  }, {
    "id" : 147,
    "category" : 0,
    "load" : 1,
    "start" : 56,
    "destination" : 15,
    "end" : 57,
    "rdvTime" : "11h32",
    "rdvDuration" : "00h38",
    "srvDuration" : "00h02"
  }, {
    "id" : 148,
    "category" : 0,
    "load" : 1,
    "start" : 58,
    "destination" : 16,
    "end" : 58,
    "rdvTime" : "15h37",
    "rdvDuration" : "00h28",
    "srvDuration" : "00h02"
  }, {
    "id" : 149,
    "category" : 0,
    "load" : 2,
    "start" : 59,
    "destination" : 17,
    "end" : 59,
    "rdvTime" : "09h19",
    "rdvDuration" : "02h47",
    "srvDuration" : "00h01"
  }, {
    "id" : 150,
    "category" : 1,
    "load" : 1,
    "start" : 60,
    "destination" : 18,
    "end" : 60,
    "rdvTime" : "14h42",
    "rdvDuration" : "02h37",
    "srvDuration" : "00h03"
  }, {
    "id" : 151,
    "category" : 1,
    "load" : 2,
    "start" : 61,
    "destination" : 19,
    "end" : 61,
    "rdvTime" : "10h29",
    "rdvDuration" : "02h25",
    "srvDuration" : "00h03"
  }, {
    "id" : 152,
    "category" : 1,
    "load" : 2,
    "start" : 62,
    "destination" : 20,
    "end" : 62,
    "rdvTime" : "13h48",
    "rdvDuration" : "02h03",
    "srvDuration" : "00h01"
  }, {
    "id" : 153,
    "category" : 0,
    "load" : 1,
    "start" : 63,
    "destination" : 21,
    "end" : 64,
    "rdvTime" : "09h17",
    "rdvDuration" : "02h05",
    "srvDuration" : "00h02"
  }, {
    "id" : 154,
    "category" : 0,
    "load" : 2,
    "start" : -1,
    "destination" : 22,
    "end" : 65,
    "rdvTime" : "15h53",
    "rdvDuration" : "02h00",
    "srvDuration" : "00h01"
  }, {
    "id" : 155,
    "category" : 0,
    "load" : 2,
    "start" : 66,
    "destination" : 23,
    "end" : 66,
    "rdvTime" : "10h56",
    "rdvDuration" : "01h22",
    "srvDuration" : "00h02"
  }, {
    "id" : 156,
    "category" : 1,
    "load" : 2,
    "start" : 67,
    "destination" : 24,
    "end" : 67,
    "rdvTime" : "09h47",
    "rdvDuration" : "01h43",
    "srvDuration" : "00h01"
  }, {
    "id" : 157,
    "category" : 0,
    "load" : 1,
    "start" : 68,
    "destination" : 25,
    "end" : 68,
    "rdvTime" : "10h31",
    "rdvDuration" : "01h55",
    "srvDuration" : "00h03"
  }, {
    "id" : 158,
    "category" : 1,
    "load" : 1,
    "start" : 69,
    "destination" : 26,
    "end" : 69,
    "rdvTime" : "14h36",
    "rdvDuration" : "03h00",
    "srvDuration" : "00h03"
  }, {
    "id" : 159,
    "category" : 1,
    "load" : 2,
    "start" : 70,
    "destination" : 27,
    "end" : 71,
    "rdvTime" : "09h36",
    "rdvDuration" : "02h03",
    "srvDuration" : "00h02"
  }, {
    "id" : 160,
    "category" : 1,
    "load" : 2,
    "start" : 72,
    "destination" : 28,
    "end" : -1,
    "rdvTime" : "10h53",
    "rdvDuration" : "02h21",
    "srvDuration" : "00h02"
  }, {
    "id" : 161,
    "category" : 1,
    "load" : 2,
    "start" : 73,
    "destination" : 29,
    "end" : 73,
    "rdvTime" : "14h17",
    "rdvDuration" : "01h04",
    "srvDuration" : "00h03"
  }, {
    "id" : 162,
    "category" : 0,
    "load" : 1,
    "start" : 74,
    "destination" : 30,
    "end" : 74,
    "rdvTime" : "12h12",
    "rdvDuration" : "01h48",
    "srvDuration" : "00h02"
  }, {
    "id" : 163,
    "category" : 1,
    "load" : 2,
    "start" : -1,
    "destination" : 31,
    "end" : 75,
    "rdvTime" : "11h31",
    "rdvDuration" : "00h18",
    "srvDuration" : "00h03"
  }, {
    "id" : 164,
    "category" : 0,
    "load" : 2,
    "start" : 76,
    "destination" : 32,
    "end" : 76,
    "rdvTime" : "09h48",
    "rdvDuration" : "00h42",
    "srvDuration" : "00h03"
  }, {
    "id" : 165,
    "category" : 1,
    "load" : 2,
    "start" : 77,
    "destination" : 33,
    "end" : 77,
    "rdvTime" : "13h52",
    "rdvDuration" : "02h31",
    "srvDuration" : "00h02"
  }, {
    "id" : 166,
    "category" : 0,
    "load" : 2,
    "start" : 78,
    "destination" : 34,
    "end" : 78,
    "rdvTime" : "14h50",
    "rdvDuration" : "00h31",
    "srvDuration" : "00h02"
  }, {
    "id" : 167,
    "category" : 1,
    "load" : 1,
    "start" : 79,
    "destination" : 35,
    "end" : 79,
    "rdvTime" : "13h38",
    "rdvDuration" : "01h13",
    "srvDuration" : "00h02"
  }, {
    "id" : 168,
    "category" : 0,
    "load" : 1,
    "start" : 80,
    "destination" : 36,
    "end" : 80,
    "rdvTime" : "15h22",
    "rdvDuration" : "01h21",
    "srvDuration" : "00h02"
  }, {
    "id" : 169,
    "category" : 0,
    "load" : 2,
    "start" : 81,
    "destination" : 37,
    "end" : -1,
    "rdvTime" : "08h58",
    "rdvDuration" : "02h02",
    "srvDuration" : "00h01"
  }, {
    "id" : 170,
    "category" : 1,
    "load" : 2,
    "start" : 82,
    "destination" : 38,
    "end" : -1,
    "rdvTime" : "13h34",
    "rdvDuration" : "02h06",
    "srvDuration" : "00h01"
  }, {
    "id" : 171,
    "category" : 1,
    "load" : 1,
    "start" : 83,
    "destination" : 39,
    "end" : 83,
    "rdvTime" : "10h23",
    "rdvDuration" : "01h11",
    "srvDuration" : "00h03"
  }, {
    "id" : 172,
    "category" : 0,
    "load" : 1,
    "start" : 84,
    "destination" : 29,
    "end" : 84,
    "rdvTime" : "10h49",
    "rdvDuration" : "00h59",
    "srvDuration" : "00h03"
  }, {
    "id" : 173,
    "category" : 1,
    "load" : 2,
    "start" : 85,
    "destination" : 14,
    "end" : 85,
    "rdvTime" : "12h36",
    "rdvDuration" : "02h16",
    "srvDuration" : "00h03"
  }, {
    "id" : 174,
    "category" : 0,
    "load" : 1,
    "start" : 86,
    "destination" : 11,
    "end" : 86,
    "rdvTime" : "14h06",
    "rdvDuration" : "01h51",
    "srvDuration" : "00h01"
  }, {
    "id" : 175,
    "category" : 1,
    "load" : 2,
    "start" : 87,
    "destination" : 24,
    "end" : 87,
    "rdvTime" : "11h50",
    "rdvDuration" : "00h17",
    "srvDuration" : "00h03"
  }, {
    "id" : 176,
    "category" : 1,
    "load" : 2,
    "start" : 88,
    "destination" : 4,
    "end" : 88,
    "rdvTime" : "15h00",
    "rdvDuration" : "02h35",
    "srvDuration" : "00h01"
  }, {
    "id" : 177,
    "category" : 1,
    "load" : 1,
    "start" : -1,
    "destination" : 26,
    "end" : 89,
    "rdvTime" : "12h39",
    "rdvDuration" : "01h39",
    "srvDuration" : "00h03"
  }, {
    "id" : 178,
    "category" : 0,
    "load" : 2,
    "start" : 90,
    "destination" : 36,
    "end" : 90,
    "rdvTime" : "15h22",
    "rdvDuration" : "00h26",
    "srvDuration" : "00h01"
  }, {
    "id" : 179,
    "category" : 1,
    "load" : 1,
    "start" : 91,
    "destination" : 4,
    "end" : 91,
    "rdvTime" : "09h48",
    "rdvDuration" : "01h30",
    "srvDuration" : "00h02"
  }, {
    "id" : 180,
    "category" : 1,
    "load" : 1,
    "start" : 92,
    "destination" : 37,
    "end" : -1,
    "rdvTime" : "14h15",
    "rdvDuration" : "00h50",
    "srvDuration" : "00h02"
  }, {
    "id" : 181,
    "category" : 1,
    "load" : 1,
    "start" : 93,
    "destination" : 19,
    "end" : 93,
    "rdvTime" : "09h16",
    "rdvDuration" : "01h56",
    "srvDuration" : "00h03"
  }, {
    "id" : 182,
    "category" : 1,
    "load" : 1,
    "start" : 94,
    "destination" : 11,
    "end" : -1,
    "rdvTime" : "09h53",
    "rdvDuration" : "02h20",
    "srvDuration" : "00h03"
  }, {
    "id" : 183,
    "category" : 1,
    "load" : 1,
    "start" : 95,
    "destination" : 6,
    "end" : 95,
    "rdvTime" : "11h27",
    "rdvDuration" : "01h40",
    "srvDuration" : "00h03"
  }, {
    "id" : 184,
    "category" : 0,
    "load" : 1,
    "start" : -1,
    "destination" : 26,
    "end" : 96,
    "rdvTime" : "11h57",
    "rdvDuration" : "01h06",
    "srvDuration" : "00h01"
  }, {
    "id" : 185,
    "category" : 0,
    "load" : 2,
    "start" : 97,
    "destination" : 11,
    "end" : 97,
    "rdvTime" : "08h14",
    "rdvDuration" : "01h45",
    "srvDuration" : "00h01"
  }, {
    "id" : 186,
    "category" : 0,
    "load" : 1,
    "start" : 98,
    "destination" : 15,
    "end" : -1,
    "rdvTime" : "14h16",
    "rdvDuration" : "02h03",
    "srvDuration" : "00h02"
  }, {
    "id" : 187,
    "category" : 0,
    "load" : 2,
    "start" : 99,
    "destination" : 28,
    "end" : 99,
    "rdvTime" : "09h03",
    "rdvDuration" : "01h05",
    "srvDuration" : "00h01"
  }, {
    "id" : 188,
    "category" : 1,
    "load" : 2,
    "start" : -1,
    "destination" : 33,
    "end" : 100,
    "rdvTime" : "08h29",
    "rdvDuration" : "02h48",
    "srvDuration" : "00h02"
  }, {
    "id" : 189,
    "category" : 1,
    "load" : 2,
    "start" : -1,
    "destination" : 15,
    "end" : 101,
    "rdvTime" : "14h47",
    "rdvDuration" : "01h08",
    "srvDuration" : "00h01"
  }, {
    "id" : 190,
    "category" : 1,
    "load" : 1,
    "start" : -1,
    "destination" : 9,
    "end" : 102,
    "rdvTime" : "14h14",
    "rdvDuration" : "02h06",
    "srvDuration" : "00h03"
  }, {
    "id" : 191,
    "category" : 0,
    "load" : 1,
    "start" : 103,
    "destination" : 13,
    "end" : 104,
    "rdvTime" : "08h41",
    "rdvDuration" : "02h02",
    "srvDuration" : "00h01"
  }, {
    "id" : 192,
    "category" : 1,
    "load" : 1,
    "start" : 105,
    "destination" : 14,
    "end" : 105,
    "rdvTime" : "15h08",
    "rdvDuration" : "01h56",
    "srvDuration" : "00h02"
  }, {
    "id" : 193,
    "category" : 1,
    "load" : 1,
    "start" : 106,
    "destination" : 30,
    "end" : -1,
    "rdvTime" : "14h19",
    "rdvDuration" : "00h34",
    "srvDuration" : "00h01"
  }, {
    "id" : 194,
    "category" : 0,
    "load" : 1,
    "start" : 107,
    "destination" : 33,
    "end" : 107,
    "rdvTime" : "13h20",
    "rdvDuration" : "00h54",
    "srvDuration" : "00h01"
  }, {
    "id" : 195,
    "category" : 1,
    "load" : 1,
    "start" : 108,
    "destination" : 9,
    "end" : 108,
    "rdvTime" : "12h08",
    "rdvDuration" : "00h49",
    "srvDuration" : "00h01"
  }, {
    "id" : 196,
    "category" : 1,
    "load" : 2,
    "start" : 109,
    "destination" : 29,
    "end" : 109,
    "rdvTime" : "13h20",
    "rdvDuration" : "02h09",
    "srvDuration" : "00h02"
  }, {
    "id" : 197,
    "category" : 1,
    "load" : 1,
    "start" : 110,
    "destination" : 32,
    "end" : 110,
    "rdvTime" : "11h25",
    "rdvDuration" : "02h11",
    "srvDuration" : "00h01"
  }, {
    "id" : 198,
    "category" : 1,
    "load" : 2,
    "start" : 111,
    "destination" : 2,
    "end" : -1,
    "rdvTime" : "13h52",
    "rdvDuration" : "02h40",
    "srvDuration" : "00h02"
  }, {
    "id" : 199,
    "category" : 0,
    "load" : 1,
    "start" : 112,
    "destination" : 9,
    "end" : 112,
    "rdvTime" : "15h55",
    "rdvDuration" : "00h42",
    "srvDuration" : "00h01"
  }, {
    "id" : 200,
    "category" : 0,
    "load" : 1,
    "start" : -1,
    "destination" : 20,
    "end" : 113,
    "rdvTime" : "13h35",
    "rdvDuration" : "02h35",
    "srvDuration" : "00h03"
  }, {
    "id" : 201,
    "category" : 1,
    "load" : 1,
    "start" : 114,
    "destination" : 18,
    "end" : 115,
    "rdvTime" : "10h07",
    "rdvDuration" : "00h57",
    "srvDuration" : "00h02"
  }, {
    "id" : 202,
    "category" : 0,
    "load" : 2,
    "start" : 116,
    "destination" : 10,
    "end" : 116,
    "rdvTime" : "15h00",
    "rdvDuration" : "02h36",
    "srvDuration" : "00h03"
  }, {
    "id" : 203,
    "category" : 0,
    "load" : 1,
    "start" : 117,
    "destination" : 22,
    "end" : 117,
    "rdvTime" : "13h41",
    "rdvDuration" : "02h03",
    "srvDuration" : "00h03"
  }, {
    "id" : 204,
    "category" : 1,
    "load" : 1,
    "start" : 118,
    "destination" : 27,
    "end" : 118,
    "rdvTime" : "10h06",
    "rdvDuration" : "01h04",
    "srvDuration" : "00h03"
  }, {
    "id" : 205,
    "category" : 0,
    "load" : 2,
    "start" : 119,
    "destination" : 2,
    "end" : 119,
    "rdvTime" : "13h31",
    "rdvDuration" : "02h39",
    "srvDuration" : "00h02"
  }, {
    "id" : 206,
    "category" : 0,
    "load" : 2,
    "start" : 120,
    "destination" : 22,
    "end" : 120,
    "rdvTime" : "10h29",
    "rdvDuration" : "01h13",
    "srvDuration" : "00h01"
  }, {
    "id" : 207,
    "category" : 1,
    "load" : 2,
    "start" : 121,
    "destination" : 35,
    "end" : 122,
    "rdvTime" : "13h22",
    "rdvDuration" : "02h28",
    "srvDuration" : "00h02"
  }, {
    "id" : 208,
    "category" : 0,
    "load" : 1,
    "start" : 123,
    "destination" : 11,
    "end" : 123,
    "rdvTime" : "14h29",
    "rdvDuration" : "02h08",
    "srvDuration" : "00h01"
  }, {
    "id" : 209,
    "category" : 1,
    "load" : 1,
    "start" : 124,
    "destination" : 27,
    "end" : 124,
    "rdvTime" : "15h12",
    "rdvDuration" : "01h57",
    "srvDuration" : "00h01"
  }, {
    "id" : 210,
    "category" : 0,
    "load" : 1,
    "start" : 125,
    "destination" : 9,
    "end" : 125,
    "rdvTime" : "14h26",
    "rdvDuration" : "00h57",
    "srvDuration" : "00h02"
  }, {
    "id" : 211,
    "category" : 1,
    "load" : 2,
    "start" : 126,
    "destination" : 1,
    "end" : 126,
    "rdvTime" : "10h07",
    "rdvDuration" : "00h45",
    "srvDuration" : "00h02"
  } ],
  "distMatrix" : [ [ 0, 17, 16, 12, 13, 6, 7, 18, 21, 8, 10, 19, 14, 8, 13, 15, 16, 13, 9, 18, 5, 4, 22, 19, 7, 11, 14, 14, 13, 11, 8, 14, 8, 13, 6, 19, 9, 7, 16, 15, 13, 14, 7, 2, 7, 8, 8, 13, 13, 6, 11, 20, 7, 13, 14, 11, 4, 5, 16, 3, 9, 15, 18, 16, 6, 18, 9, 16, 4, 20, 16, 5, 13, 8, 19, 11, 11, 18, 11, 18, 18, 19, 10, 18, 16, 21, 13, 11, 12, 3, 12, 3, 10, 2, 12, 10, 7, 14, 9, 12, 6, 5, 8, 15, 4, 11, 1, 13, 17, 15, 14, 22, 6, 18, 13, 5, 11, 4, 21, 5, 21, 16, 17, 21, 9, 12, 16 ], [ 17, 0, 14, 6, 9, 12, 16, 5, 6, 9, 11, 18, 15, 9, 18, 2, 16, 17, 9, 1, 18, 14, 13, 18, 20, 8, 10, 8, 11, 6, 11, 9, 10, 8, 12, 2, 9, 13, 21, 10, 18, 9, 17, 15, 12, 10, 12, 4, 22, 18, 7, 6, 14, 6, 4, 11, 16, 13, 18, 20, 10, 21, 9, 13, 14, 15, 10, 17, 14, 10, 5, 13, 11, 10, 9, 8, 19, 14, 10, 11, 20, 2, 8, 5, 13, 9, 4, 8, 11, 18, 18, 15, 11, 17, 5, 8, 12, 6, 13, 10, 15, 18, 13, 4, 15, 8, 18, 4, 1, 7, 8, 10, 15, 14, 4, 16, 15, 13, 12, 14, 6, 19, 19, 13, 20, 18, 16 ], [ 16, 14, 0, 10, 5, 16, 11, 10, 11, 13, 7, 4, 3, 10, 7, 12, 2, 5, 15, 15, 13, 16, 7, 5, 14, 16, 4, 6, 4, 11, 9, 5, 15, 6, 14, 14, 13, 18, 9, 4, 7, 5, 10, 15, 10, 13, 18, 14, 11, 12, 14, 10, 19, 8, 11, 6, 18, 15, 5, 17, 8, 10, 6, 1, 18, 2, 8, 4, 13, 6, 8, 12, 4, 9, 6, 16, 9, 2, 7, 3, 7, 15, 13, 9, 1, 8, 13, 9, 5, 15, 7, 14, 18, 15, 13, 15, 17, 17, 19, 19, 19, 13, 19, 10, 17, 7, 17, 11, 13, 7, 6, 9, 11, 2, 13, 19, 6, 14, 5, 18, 11, 6, 6, 5, 12, 7, 3 ], [ 12, 6, 10, 0, 5, 8, 11, 6, 9, 5, 6, 14, 10, 4, 13, 4, 11, 12, 6, 7, 12, 9, 12, 14, 14, 7, 6, 3, 6, 2, 5, 5, 7, 3, 7, 7, 5, 10, 16, 6, 12, 5, 11, 10, 6, 5, 9, 4, 16, 12, 4, 8, 11, 2, 2, 5, 12, 8, 14, 14, 4, 16, 7, 9, 11, 11, 4, 13, 9, 10, 5, 7, 6, 4, 8, 6, 13, 11, 4, 9, 16, 8, 4, 6, 9, 10, 3, 2, 5, 12, 12, 10, 9, 11, 3, 6, 9, 7, 11, 9, 11, 12, 10, 3, 10, 3, 13, 2, 5, 3, 4, 10, 9, 11, 3, 12, 9, 8, 11, 10, 9, 14, 14, 11, 14, 12, 11 ], [ 13, 9, 5, 5, 0, 11, 9, 6, 9, 8, 4, 9, 5, 6, 9, 8, 7, 8, 10, 10, 11, 12, 9, 10, 13, 11, 1, 2, 2, 6, 5, 0, 10, 1, 10, 10, 8, 13, 12, 2, 9, 1, 9, 11, 6, 8, 13, 9, 13, 11, 9, 8, 14, 3, 6, 3, 15, 11, 9, 15, 4, 12, 5, 5, 14, 7, 4, 8, 10, 7, 4, 8, 2, 5, 5, 11, 10, 6, 3, 5, 11, 11, 8, 6, 5, 8, 8, 4, 2, 12, 9, 11, 13, 12, 8, 10, 12, 11, 14, 14, 15, 11, 14, 5, 13, 3, 15, 6, 8, 3, 1, 8, 9, 6, 8, 15, 6, 10, 7, 13, 9, 10, 10, 8, 13, 9, 7 ], [ 6, 12, 16, 8, 11, 0, 10, 13, 17, 3, 9, 20, 14, 5, 16, 10, 17, 15, 3, 13, 10, 2, 20, 19, 12, 5, 12, 11, 12, 7, 7, 12, 1, 10, 2, 13, 3, 2, 19, 13, 15, 12, 11, 5, 7, 3, 2, 8, 17, 10, 5, 16, 3, 9, 9, 10, 5, 2, 18, 9, 7, 18, 15, 15, 3, 17, 7, 17, 6, 17, 13, 5, 11, 7, 16, 5, 14, 17, 9, 16, 20, 13, 4, 13, 15, 18, 7, 8, 10, 9, 14, 6, 4, 7, 7, 4, 1, 8, 4, 6, 4, 10, 3, 11, 3, 9, 7, 8, 12, 11, 11, 18, 8, 17, 8, 4, 13, 4, 19, 2, 17, 18, 19, 19, 14, 14, 16 ], [ 7, 16, 11, 11, 9, 10, 0, 15, 18, 9, 6, 13, 8, 7, 7, 14, 10, 7, 11, 18, 2, 8, 17, 12, 4, 13, 9, 10, 9, 11, 5, 10, 10, 10, 8, 18, 10, 11, 9, 10, 6, 10, 1, 6, 5, 9, 12, 14, 7, 2, 12, 17, 12, 11, 13, 7, 10, 8, 10, 7, 6, 8, 14, 10, 11, 12, 6, 9, 4, 16, 13, 5, 8, 6, 15, 13, 4, 12, 7, 13, 11, 18, 10, 15, 10, 17, 13, 9, 7, 4, 5, 5, 14, 5, 12, 12, 11, 16, 13, 15, 12, 2, 13, 13, 9, 8, 7, 12, 16, 11, 10, 18, 2, 12, 13, 11, 5, 6, 16, 10, 18, 9, 11, 16, 4, 5, 9 ], [ 18, 5, 10, 6, 6, 13, 15, 0, 3, 10, 9, 14, 11, 9, 15, 5, 12, 14, 11, 5, 17, 15, 8, 14, 19, 11, 7, 5, 7, 7, 10, 6, 12, 5, 13, 4, 10, 15, 18, 6, 15, 5, 15, 15, 11, 11, 14, 7, 19, 17, 9, 3, 16, 4, 4, 9, 18, 14, 15, 19, 9, 18, 4, 9, 16, 11, 9, 14, 14, 6, 2, 13, 8, 9, 5, 11, 16, 10, 8, 7, 16, 6, 9, 0, 10, 5, 6, 7, 8, 17, 15, 15, 14, 17, 7, 10, 14, 9, 15, 13, 17, 17, 15, 3, 16, 7, 19, 5, 4, 4, 5, 6, 14, 10, 6, 17, 12, 14, 8, 16, 3, 15, 15, 8, 18, 15, 12 ], [ 21, 6, 11, 9, 9, 17, 18, 3, 0, 14, 12, 14, 13, 13, 17, 7, 13, 15, 14, 7, 20, 18, 7, 15, 22, 14, 9, 8, 10, 10, 13, 8, 15, 8, 16, 5, 13, 19, 20, 8, 17, 8, 18, 19, 14, 14, 18, 10, 21, 20, 12, 1, 19, 8, 7, 11, 21, 17, 16, 23, 12, 20, 5, 11, 19, 12, 12, 15, 17, 5, 4, 16, 10, 12, 5, 13, 19, 11, 11, 8, 18, 7, 12, 3, 11, 4, 9, 10, 11, 21, 17, 18, 17, 20, 10, 13, 17, 12, 18, 16, 20, 20, 19, 6, 19, 10, 22, 8, 6, 6, 8, 4, 17, 11, 9, 21, 15, 17, 7, 19, 0, 17, 16, 8, 21, 17, 14 ], [ 8, 9, 13, 5, 8, 3, 9, 10, 14, 0, 6, 17, 12, 2, 14, 7, 14, 13, 3, 11, 9, 4, 16, 17, 12, 4, 9, 7, 9, 4, 4, 8, 2, 7, 2, 11, 1, 5, 17, 10, 13, 8, 9, 6, 4, 0, 5, 6, 16, 10, 3, 13, 6, 6, 7, 7, 7, 3, 15, 10, 4, 16, 12, 12, 6, 14, 4, 15, 5, 14, 9, 4, 8, 4, 13, 4, 12, 14, 6, 13, 17, 11, 2, 10, 12, 15, 5, 4, 7, 9, 12, 6, 6, 8, 5, 3, 4, 7, 6, 7, 7, 9, 6, 8, 6, 6, 9, 5, 9, 8, 8, 15, 7, 14, 5, 7, 10, 4, 15, 5, 14, 15, 16, 16, 13, 12, 14 ], [ 10, 11, 7, 6, 4, 9, 6, 9, 12, 6, 0, 10, 5, 4, 8, 9, 7, 6, 9, 13, 8, 9, 12, 10, 10, 11, 4, 5, 3, 6, 2, 4, 9, 4, 8, 12, 7, 11, 11, 5, 7, 4, 6, 8, 3, 7, 11, 9, 10, 7, 8, 11, 12, 5, 8, 1, 12, 8, 9, 11, 2, 10, 9, 6, 11, 8, 2, 8, 6, 10, 8, 5, 3, 3, 9, 10, 7, 8, 2, 8, 11, 13, 7, 9, 6, 12, 8, 4, 2, 9, 7, 7, 12, 9, 8, 9, 10, 12, 13, 13, 12, 8, 12, 8, 10, 3, 11, 7, 11, 6, 5, 12, 5, 8, 8, 12, 4, 7, 11, 11, 12, 9, 10, 11, 9, 7, 7 ], [ 19, 18, 4, 14, 9, 20, 13, 14, 14, 17, 10, 0, 5, 14, 7, 17, 3, 6, 19, 19, 15, 19, 8, 2, 16, 20, 8, 11, 8, 15, 13, 9, 19, 11, 18, 18, 17, 22, 7, 8, 8, 9, 12, 18, 13, 17, 22, 18, 11, 15, 18, 14, 22, 13, 15, 10, 22, 19, 4, 19, 12, 9, 10, 5, 22, 3, 12, 4, 16, 9, 12, 15, 8, 13, 9, 20, 10, 3, 11, 7, 4, 19, 17, 13, 5, 11, 17, 13, 10, 17, 8, 17, 22, 18, 17, 19, 21, 21, 23, 23, 23, 15, 23, 14, 21, 12, 20, 16, 17, 11, 10, 11, 14, 4, 17, 23, 8, 17, 7, 21, 14, 5, 4, 7, 14, 8, 4 ], [ 14, 15, 3, 10, 5, 14, 8, 11, 13, 12, 5, 5, 0, 9, 4, 13, 2, 2, 14, 16, 10, 14, 10, 5, 11, 16, 4, 7, 4, 11, 7, 5, 14, 7, 13, 15, 12, 16, 7, 5, 4, 6, 7, 12, 8, 12, 16, 14, 8, 10, 13, 12, 17, 9, 11, 5, 16, 13, 4, 14, 7, 7, 9, 3, 16, 4, 7, 3, 11, 9, 10, 10, 4, 8, 9, 15, 6, 5, 6, 6, 6, 16, 12, 11, 2, 11, 13, 9, 5, 12, 4, 11, 17, 12, 13, 14, 16, 17, 18, 18, 17, 10, 17, 11, 15, 7, 15, 11, 14, 8, 6, 11, 8, 5, 13, 17, 3, 12, 8, 16, 13, 4, 5, 8, 9, 4, 2 ], [ 8, 9, 10, 4, 6, 5, 7, 9, 13, 2, 4, 14, 9, 0, 11, 8, 12, 10, 5, 11, 8, 6, 14, 14, 11, 6, 7, 6, 7, 3, 2, 6, 5, 5, 4, 11, 3, 7, 14, 8, 11, 7, 8, 6, 3, 3, 7, 6, 14, 8, 5, 12, 8, 5, 6, 5, 9, 5, 13, 10, 2, 14, 10, 10, 8, 12, 2, 12, 5, 12, 8, 4, 6, 2, 11, 6, 10, 12, 4, 11, 15, 11, 3, 9, 10, 13, 5, 3, 5, 8, 10, 6, 8, 8, 5, 5, 6, 8, 9, 9, 9, 8, 8, 7, 7, 4, 9, 5, 9, 6, 6, 14, 6, 12, 6, 9, 8, 4, 13, 7, 13, 13, 14, 14, 11, 10, 11 ], [ 13, 18, 7, 13, 9, 16, 7, 15, 17, 14, 8, 7, 4, 11, 0, 17, 5, 2, 16, 20, 9, 15, 14, 6, 9, 18, 8, 11, 8, 14, 9, 9, 16, 10, 14, 19, 15, 17, 3, 9, 1, 10, 6, 12, 9, 14, 18, 17, 4, 8, 16, 17, 18, 12, 15, 8, 17, 14, 3, 13, 10, 3, 13, 7, 17, 7, 9, 4, 11, 13, 14, 10, 7, 10, 13, 18, 3, 8, 9, 10, 4, 20, 14, 15, 6, 15, 16, 11, 8, 11, 1, 11, 19, 12, 16, 17, 17, 20, 19, 20, 18, 9, 19, 14, 16, 10, 14, 15, 18, 12, 10, 15, 8, 8, 16, 18, 4, 12, 12, 17, 17, 2, 4, 12, 6, 1, 4 ], [ 15, 2, 12, 4, 8, 10, 14, 5, 7, 7, 9, 17, 13, 8, 17, 0, 14, 15, 7, 3, 16, 12, 13, 17, 18, 7, 9, 6, 9, 4, 9, 8, 9, 6, 10, 3, 7, 12, 20, 9, 16, 7, 15, 13, 10, 8, 11, 3, 20, 16, 5, 7, 12, 4, 2, 9, 14, 11, 17, 18, 8, 20, 8, 12, 13, 14, 8, 16, 12, 10, 5, 11, 9, 8, 9, 6, 17, 13, 8, 10, 19, 4, 6, 5, 12, 10, 3, 6, 9, 16, 16, 13, 10, 15, 3, 6, 10, 5, 11, 9, 13, 16, 12, 3, 13, 6, 16, 2, 2, 5, 7, 10, 13, 13, 2, 14, 13, 11, 12, 12, 7, 17, 18, 13, 18, 16, 15 ], [ 16, 16, 2, 11, 7, 17, 10, 12, 13, 14, 7, 3, 2, 12, 5, 14, 0, 4, 16, 17, 12, 16, 9, 3, 13, 18, 6, 8, 5, 13, 10, 7, 16, 8, 15, 16, 15, 19, 7, 6, 6, 7, 10, 15, 10, 14, 19, 16, 9, 12, 15, 13, 19, 10, 13, 7, 19, 16, 3, 17, 9, 7, 8, 2, 19, 2, 9, 2, 13, 9, 10, 12, 6, 10, 8, 17, 8, 3, 8, 5, 5, 17, 14, 12, 2, 11, 14, 10, 7, 14, 6, 14, 20, 15, 14, 16, 18, 18, 20, 20, 20, 13, 20, 12, 18, 9, 17, 13, 15, 9, 8, 11, 11, 3, 14, 20, 5, 14, 7, 18, 13, 4, 3, 7, 11, 6, 1 ], [ 13, 17, 5, 12, 8, 15, 7, 14, 15, 13, 6, 6, 2, 10, 2, 15, 4, 0, 15, 18, 9, 14, 12, 5, 10, 17, 7, 9, 6, 12, 8, 8, 15, 9, 13, 17, 14, 17, 4, 7, 2, 8, 6, 12, 8, 13, 17, 16, 6, 8, 15, 15, 18, 11, 13, 6, 16, 14, 3, 13, 8, 5, 11, 5, 17, 6, 8, 3, 10, 12, 12, 10, 6, 9, 11, 17, 4, 6, 8, 8, 5, 18, 13, 13, 5, 13, 14, 10, 6, 11, 2, 11, 18, 12, 14, 15, 16, 18, 19, 19, 18, 9, 18, 13, 15, 9, 14, 13, 16, 10, 9, 14, 8, 6, 15, 17, 2, 12, 11, 16, 16, 3, 4, 11, 7, 2, 3 ], [ 9, 9, 15, 6, 10, 3, 11, 11, 14, 3, 9, 19, 14, 5, 16, 7, 16, 15, 0, 10, 12, 5, 18, 19, 14, 2, 11, 9, 11, 4, 7, 10, 1, 9, 3, 11, 2, 4, 19, 12, 15, 10, 12, 7, 7, 2, 3, 5, 18, 12, 3, 14, 5, 8, 7, 9, 7, 4, 18, 12, 7, 19, 14, 14, 5, 16, 7, 17, 7, 16, 10, 7, 11, 6, 14, 2, 15, 16, 8, 14, 20, 10, 2, 11, 14, 16, 5, 6, 10, 11, 15, 8, 3, 9, 4, 1, 3, 5, 4, 4, 6, 11, 4, 8, 6, 8, 10, 6, 9, 9, 10, 16, 9, 16, 5, 7, 13, 6, 17, 5, 14, 18, 18, 17, 15, 15, 16 ], [ 18, 1, 15, 7, 10, 13, 18, 5, 7, 11, 13, 19, 16, 11, 20, 3, 17, 18, 10, 0, 19, 15, 13, 20, 22, 9, 11, 9, 12, 7, 12, 10, 11, 9, 13, 1, 10, 14, 22, 11, 19, 10, 18, 16, 13, 11, 13, 5, 23, 19, 8, 7, 15, 7, 5, 12, 17, 14, 20, 21, 11, 23, 9, 14, 15, 16, 11, 19, 16, 11, 6, 14, 12, 12, 10, 8, 20, 15, 11, 12, 21, 0, 9, 6, 15, 10, 6, 9, 12, 19, 19, 16, 12, 18, 6, 9, 13, 6, 14, 10, 16, 19, 14, 5, 16, 10, 20, 6, 2, 8, 9, 10, 16, 15, 5, 17, 16, 15, 13, 15, 7, 20, 20, 14, 22, 19, 17 ], [ 5, 18, 13, 12, 11, 10, 2, 17, 20, 9, 8, 15, 10, 8, 9, 16, 12, 9, 12, 19, 0, 8, 19, 14, 2, 14, 12, 12, 11, 12, 7, 12, 10, 12, 8, 19, 11, 11, 11, 13, 8, 12, 3, 5, 6, 9, 11, 15, 8, 1, 13, 19, 12, 13, 14, 9, 9, 8, 12, 4, 8, 10, 16, 12, 10, 14, 8, 12, 4, 18, 15, 5, 10, 8, 17, 14, 6, 15, 9, 15, 13, 20, 11, 17, 12, 19, 14, 11, 9, 2, 7, 4, 14, 4, 14, 13, 11, 17, 13, 15, 11, 0, 12, 15, 9, 10, 6, 14, 17, 13, 12, 20, 3, 15, 14, 10, 7, 6, 18, 10, 20, 11, 13, 18, 4, 7, 12 ], [ 4, 14, 16, 9, 12, 2, 8, 15, 18, 4, 9, 19, 14, 6, 15, 12, 16, 14, 5, 15, 8, 0, 20, 19, 10, 7, 12, 11, 12, 8, 7, 12, 3, 11, 2, 15, 5, 3, 18, 13, 14, 12, 9, 3, 6, 4, 4, 10, 16, 8, 7, 17, 4, 10, 11, 10, 3, 1, 17, 7, 7, 17, 16, 15, 3, 17, 7, 17, 4, 18, 14, 4, 12, 7, 17, 7, 13, 17, 9, 16, 19, 15, 6, 15, 15, 19, 9, 8, 10, 7, 13, 4, 6, 5, 9, 6, 3, 10, 5, 8, 4, 8, 4, 12, 1, 9, 5, 10, 13, 12, 12, 19, 7, 17, 9, 3, 12, 2, 19, 2, 18, 17, 18, 19, 12, 13, 16 ], [ 22, 13, 7, 12, 9, 20, 17, 8, 7, 16, 12, 8, 10, 14, 14, 13, 9, 12, 18, 13, 19, 20, 0, 10, 21, 18, 8, 9, 8, 13, 14, 8, 18, 9, 18, 12, 16, 22, 15, 7, 14, 8, 17, 20, 15, 17, 21, 15, 18, 19, 16, 7, 22, 10, 12, 11, 23, 19, 11, 23, 13, 16, 4, 7, 22, 7, 13, 11, 18, 2, 8, 17, 9, 14, 4, 18, 16, 6, 11, 4, 12, 13, 15, 8, 7, 4, 14, 12, 10, 21, 14, 19, 21, 21, 14, 17, 20, 17, 22, 21, 23, 19, 22, 10, 21, 11, 23, 13, 12, 8, 8, 3, 17, 6, 14, 23, 12, 19, 1, 22, 7, 12, 11, 1, 19, 14, 9 ], [ 19, 18, 5, 14, 10, 19, 12, 14, 15, 17, 10, 2, 5, 14, 6, 17, 3, 5, 19, 20, 14, 19, 10, 0, 15, 20, 9, 11, 8, 16, 12, 10, 19, 11, 18, 19, 17, 21, 6, 9, 6, 10, 11, 17, 13, 17, 21, 18, 9, 13, 18, 15, 22, 13, 16, 10, 21, 18, 3, 18, 12, 7, 11, 5, 21, 4, 12, 3, 15, 11, 13, 15, 8, 13, 10, 20, 9, 4, 11, 8, 3, 20, 17, 14, 5, 12, 17, 13, 10, 16, 7, 16, 22, 17, 17, 19, 21, 21, 23, 23, 22, 14, 22, 15, 20, 12, 19, 16, 18, 12, 10, 13, 13, 5, 17, 22, 7, 17, 9, 21, 16, 3, 2, 8, 12, 7, 3 ], [ 7, 20, 14, 14, 13, 12, 4, 19, 22, 12, 10, 16, 11, 11, 9, 18, 13, 10, 14, 22, 2, 10, 21, 15, 0, 16, 13, 14, 13, 14, 9, 14, 13, 14, 11, 22, 13, 13, 10, 14, 8, 14, 4, 7, 8, 12, 14, 17, 7, 2, 15, 21, 14, 15, 17, 11, 11, 10, 12, 5, 10, 9, 18, 13, 12, 15, 10, 12, 7, 20, 17, 8, 12, 10, 18, 16, 6, 16, 11, 16, 13, 22, 14, 19, 14, 21, 16, 13, 11, 4, 8, 7, 16, 6, 16, 15, 13, 19, 15, 18, 13, 3, 14, 17, 11, 13, 7, 16, 20, 16, 14, 21, 5, 16, 17, 12, 8, 8, 19, 12, 22, 11, 13, 19, 3, 8, 12 ], [ 11, 8, 16, 7, 11, 5, 13, 11, 14, 4, 11, 20, 16, 6, 18, 7, 18, 17, 2, 9, 14, 7, 18, 20, 16, 0, 12, 10, 12, 5, 9, 11, 3, 10, 6, 10, 3, 6, 21, 13, 17, 11, 14, 9, 9, 5, 4, 4, 20, 14, 3, 13, 6, 8, 7, 11, 9, 6, 19, 14, 8, 21, 14, 15, 7, 18, 9, 19, 9, 16, 11, 9, 12, 8, 15, 0, 17, 18, 10, 15, 21, 9, 4, 11, 16, 16, 4, 7, 11, 13, 17, 10, 3, 11, 4, 1, 4, 3, 5, 3, 7, 13, 5, 8, 7, 9, 12, 6, 8, 10, 11, 16, 11, 17, 5, 8, 14, 8, 18, 6, 14, 19, 20, 18, 17, 17, 17 ], [ 14, 10, 4, 6, 1, 12, 9, 7, 9, 9, 4, 8, 4, 7, 8, 9, 6, 7, 11, 11, 12, 12, 8, 9, 13, 12, 0, 3, 1, 7, 6, 1, 11, 3, 11, 11, 10, 14, 11, 1, 8, 1, 9, 12, 7, 9, 14, 10, 12, 11, 10, 8, 15, 5, 7, 3, 15, 12, 8, 15, 5, 11, 5, 3, 15, 5, 5, 7, 10, 6, 5, 9, 1, 6, 5, 12, 10, 5, 3, 4, 10, 12, 9, 7, 4, 8, 9, 5, 2, 13, 8, 11, 15, 13, 9, 11, 13, 13, 15, 15, 16, 12, 15, 6, 14, 4, 15, 7, 10, 4, 2, 8, 9, 5, 9, 16, 6, 11, 7, 14, 9, 9, 9, 7, 12, 8, 6 ], [ 14, 8, 6, 3, 2, 11, 10, 5, 8, 7, 5, 11, 7, 6, 11, 6, 8, 9, 9, 9, 12, 11, 9, 11, 14, 10, 3, 0, 3, 5, 6, 2, 10, 1, 10, 8, 8, 13, 14, 3, 10, 1, 10, 12, 7, 8, 12, 7, 14, 12, 7, 7, 14, 2, 4, 4, 14, 10, 11, 15, 4, 14, 5, 6, 13, 8, 5, 10, 10, 7, 3, 9, 3, 5, 5, 10, 12, 8, 3, 5, 13, 9, 7, 5, 6, 7, 6, 3, 3, 13, 10, 11, 13, 13, 6, 9, 12, 10, 14, 13, 14, 12, 13, 4, 13, 2, 15, 5, 7, 1, 1, 8, 10, 8, 6, 15, 8, 10, 8, 13, 8, 11, 11, 8, 14, 10, 9 ], [ 13, 11, 4, 6, 2, 12, 9, 7, 10, 9, 3, 8, 4, 7, 8, 9, 5, 6, 11, 12, 11, 12, 8, 8, 13, 12, 1, 3, 0, 7, 5, 2, 11, 3, 10, 11, 9, 14, 11, 2, 7, 2, 8, 11, 6, 9, 14, 10, 12, 10, 10, 9, 15, 5, 7, 2, 15, 11, 8, 14, 5, 11, 6, 3, 14, 5, 5, 7, 10, 7, 6, 8, 1, 5, 6, 12, 9, 5, 3, 4, 10, 12, 9, 7, 3, 8, 9, 5, 2, 12, 7, 11, 14, 12, 9, 11, 13, 13, 15, 15, 15, 11, 15, 7, 13, 4, 14, 8, 10, 4, 3, 9, 8, 5, 9, 15, 5, 10, 7, 14, 10, 8, 8, 7, 12, 7, 6 ], [ 11, 6, 11, 2, 6, 7, 11, 7, 10, 4, 6, 15, 11, 3, 14, 4, 13, 12, 4, 7, 12, 8, 13, 16, 14, 5, 7, 5, 7, 0, 5, 6, 5, 5, 6, 8, 3, 9, 17, 8, 13, 6, 11, 9, 6, 4, 8, 3, 17, 12, 2, 9, 9, 3, 3, 6, 11, 7, 15, 13, 4, 17, 9, 11, 9, 13, 5, 14, 8, 11, 6, 7, 7, 4, 10, 5, 13, 13, 5, 10, 17, 8, 2, 7, 11, 11, 2, 2, 6, 12, 13, 9, 8, 11, 2, 4, 7, 6, 9, 8, 10, 12, 9, 4, 9, 4, 12, 2, 6, 5, 6, 12, 9, 12, 2, 11, 10, 7, 13, 9, 10, 15, 15, 13, 15, 13, 13 ], [ 8, 11, 9, 5, 5, 7, 5, 10, 13, 4, 2, 13, 7, 2, 9, 9, 10, 8, 7, 12, 7, 7, 14, 12, 9, 9, 6, 6, 5, 5, 0, 6, 7, 5, 5, 12, 6, 9, 12, 7, 8, 6, 6, 6, 1, 5, 9, 8, 11, 7, 7, 12, 10, 6, 8, 3, 9, 6, 11, 10, 1, 12, 10, 8, 9, 10, 1, 10, 4, 12, 9, 3, 5, 1, 11, 9, 8, 11, 3, 10, 13, 13, 5, 10, 8, 13, 7, 4, 4, 7, 8, 5, 10, 7, 7, 7, 8, 11, 11, 11, 10, 7, 10, 8, 8, 3, 9, 7, 11, 7, 6, 13, 4, 11, 8, 10, 6, 5, 13, 9, 13, 11, 12, 13, 9, 8, 9 ], [ 14, 9, 5, 5, 0, 12, 10, 6, 8, 8, 4, 9, 5, 6, 9, 8, 7, 8, 10, 10, 12, 12, 8, 10, 14, 11, 1, 2, 2, 6, 6, 0, 11, 2, 10, 10, 9, 14, 12, 1, 9, 1, 10, 12, 6, 9, 13, 9, 13, 11, 9, 8, 14, 4, 6, 3, 15, 11, 9, 15, 5, 12, 5, 4, 14, 6, 5, 8, 10, 6, 4, 9, 2, 5, 5, 11, 10, 6, 3, 4, 11, 11, 8, 6, 5, 8, 8, 4, 2, 13, 9, 11, 14, 13, 8, 10, 13, 12, 15, 14, 15, 12, 14, 5, 13, 3, 15, 6, 9, 3, 1, 8, 9, 6, 8, 15, 6, 10, 7, 14, 9, 10, 10, 7, 13, 9, 7 ], [ 8, 10, 15, 7, 10, 1, 10, 12, 15, 2, 9, 19, 14, 5, 16, 9, 16, 15, 1, 11, 10, 3, 18, 19, 13, 3, 11, 10, 11, 5, 7, 11, 0, 9, 2, 12, 2, 3, 19, 12, 15, 11, 11, 6, 6, 2, 3, 6, 17, 11, 4, 15, 4, 8, 8, 9, 6, 3, 17, 10, 7, 18, 14, 14, 4, 16, 7, 17, 6, 16, 11, 6, 11, 6, 15, 4, 14, 17, 8, 15, 19, 12, 3, 12, 15, 17, 6, 6, 10, 9, 14, 6, 4, 8, 6, 3, 2, 7, 4, 5, 5, 10, 4, 9, 4, 8, 9, 7, 10, 10, 10, 17, 8, 17, 6, 5, 12, 4, 18, 4, 15, 17, 18, 18, 14, 14, 16 ], [ 13, 8, 6, 3, 1, 10, 10, 5, 8, 7, 4, 11, 7, 5, 10, 6, 8, 9, 9, 9, 12, 11, 9, 11, 14, 10, 3, 1, 3, 5, 5, 2, 9, 0, 9, 9, 7, 12, 13, 3, 10, 2, 10, 11, 6, 7, 12, 7, 14, 11, 7, 8, 13, 2, 5, 3, 14, 10, 11, 15, 4, 13, 5, 6, 13, 8, 4, 10, 9, 7, 4, 8, 3, 4, 6, 9, 11, 8, 2, 6, 12, 10, 6, 5, 6, 8, 6, 3, 3, 12, 10, 10, 12, 12, 6, 9, 11, 10, 13, 12, 14, 11, 13, 4, 12, 2, 14, 5, 7, 2, 1, 9, 9, 8, 6, 14, 7, 9, 8, 12, 8, 11, 11, 9, 13, 10, 8 ], [ 6, 12, 14, 7, 10, 2, 8, 13, 16, 2, 8, 18, 13, 4, 14, 10, 15, 13, 3, 13, 8, 2, 18, 18, 11, 6, 11, 10, 10, 6, 5, 10, 2, 9, 0, 13, 3, 4, 17, 12, 13, 10, 9, 4, 5, 2, 4, 8, 15, 8, 5, 15, 5, 8, 9, 8, 5, 1, 16, 8, 6, 16, 14, 13, 4, 16, 6, 15, 4, 16, 12, 4, 10, 5, 15, 6, 12, 16, 7, 14, 18, 13, 4, 13, 14, 17, 7, 6, 9, 7, 13, 4, 5, 6, 7, 5, 3, 9, 5, 7, 5, 8, 5, 10, 3, 7, 7, 8, 11, 10, 10, 17, 6, 16, 8, 5, 11, 2, 17, 3, 16, 16, 17, 18, 12, 13, 15 ], [ 19, 2, 14, 7, 10, 13, 18, 4, 5, 11, 12, 18, 15, 11, 19, 3, 16, 17, 11, 1, 19, 15, 12, 19, 22, 10, 11, 8, 11, 8, 12, 10, 12, 9, 13, 0, 10, 15, 22, 10, 18, 9, 18, 17, 13, 11, 14, 6, 23, 19, 8, 5, 15, 7, 5, 12, 18, 14, 19, 21, 11, 22, 8, 13, 16, 15, 11, 18, 16, 10, 6, 14, 12, 11, 9, 9, 20, 14, 11, 11, 20, 2, 9, 4, 14, 9, 6, 9, 11, 19, 18, 16, 13, 18, 6, 10, 14, 7, 15, 11, 16, 19, 15, 5, 16, 9, 20, 6, 2, 7, 9, 9, 16, 14, 6, 17, 16, 15, 12, 16, 5, 19, 19, 12, 21, 18, 16 ], [ 9, 9, 13, 5, 8, 3, 10, 10, 13, 1, 7, 17, 12, 3, 15, 7, 15, 14, 2, 10, 11, 5, 16, 17, 13, 3, 10, 8, 9, 3, 6, 9, 2, 7, 3, 10, 0, 5, 18, 10, 14, 9, 11, 7, 6, 1, 5, 5, 17, 11, 2, 13, 6, 6, 6, 8, 8, 4, 16, 11, 5, 17, 12, 13, 6, 15, 5, 15, 7, 14, 9, 6, 9, 5, 13, 3, 14, 15, 6, 13, 18, 10, 1, 10, 13, 15, 4, 5, 8, 10, 13, 7, 5, 9, 4, 2, 4, 6, 6, 6, 7, 10, 6, 7, 6, 6, 10, 5, 8, 8, 8, 15, 8, 15, 4, 7, 11, 5, 16, 6, 13, 16, 17, 16, 14, 14, 14 ], [ 7, 13, 18, 10, 13, 2, 11, 15, 19, 5, 11, 22, 16, 7, 17, 12, 19, 17, 4, 14, 11, 3, 22, 21, 13, 6, 14, 13, 14, 9, 9, 14, 3, 12, 4, 15, 5, 0, 20, 15, 17, 14, 12, 6, 9, 5, 1, 9, 19, 11, 7, 18, 1, 12, 11, 12, 4, 3, 20, 9, 10, 20, 17, 17, 1, 19, 10, 19, 7, 19, 15, 7, 14, 9, 18, 6, 16, 20, 11, 18, 22, 14, 7, 15, 17, 20, 9, 10, 12, 9, 16, 7, 3, 8, 9, 5, 1, 9, 2, 6, 1, 11, 1, 13, 3, 11, 7, 10, 13, 13, 14, 20, 10, 20, 9, 3, 14, 5, 21, 1, 18, 19, 21, 21, 15, 16, 18 ], [ 16, 21, 9, 16, 12, 19, 9, 18, 20, 17, 11, 7, 7, 14, 3, 20, 7, 4, 19, 22, 11, 18, 15, 6, 10, 21, 11, 14, 11, 17, 12, 12, 19, 13, 17, 22, 18, 20, 0, 12, 4, 13, 9, 15, 12, 17, 21, 20, 4, 10, 19, 19, 21, 15, 18, 11, 19, 17, 4, 15, 13, 1, 15, 9, 20, 8, 12, 5, 14, 15, 16, 13, 10, 13, 15, 21, 5, 9, 12, 12, 3, 23, 17, 18, 8, 17, 19, 15, 11, 13, 4, 14, 22, 14, 19, 20, 20, 23, 22, 23, 21, 11, 22, 17, 19, 13, 17, 18, 21, 15, 13, 17, 11, 9, 19, 20, 7, 15, 14, 20, 20, 3, 4, 14, 8, 4, 6 ], [ 15, 10, 4, 6, 2, 13, 10, 6, 8, 10, 5, 8, 5, 8, 9, 9, 6, 7, 12, 11, 13, 13, 7, 9, 14, 13, 1, 3, 2, 8, 7, 1, 12, 3, 12, 10, 10, 15, 12, 0, 9, 2, 10, 13, 8, 10, 15, 10, 13, 12, 10, 7, 16, 5, 7, 4, 16, 12, 9, 16, 6, 12, 4, 3, 16, 5, 6, 8, 11, 5, 5, 10, 3, 7, 4, 12, 10, 5, 4, 3, 10, 11, 9, 6, 4, 7, 9, 6, 3, 14, 9, 12, 15, 14, 9, 12, 14, 13, 16, 15, 17, 13, 16, 6, 15, 4, 16, 8, 9, 3, 2, 7, 10, 5, 9, 17, 6, 12, 6, 15, 8, 9, 9, 6, 13, 9, 6 ], [ 13, 18, 7, 12, 9, 15, 6, 15, 17, 13, 7, 8, 4, 11, 1, 16, 6, 2, 15, 19, 8, 14, 14, 6, 8, 17, 8, 10, 7, 13, 8, 9, 15, 10, 13, 18, 14, 17, 4, 9, 0, 9, 5, 12, 8, 13, 17, 16, 4, 7, 15, 16, 17, 12, 14, 7, 16, 13, 4, 12, 9, 4, 13, 7, 16, 7, 9, 4, 10, 13, 13, 9, 7, 9, 13, 17, 2, 8, 8, 10, 5, 19, 14, 15, 7, 15, 15, 11, 7, 10, 0, 10, 18, 11, 15, 16, 16, 19, 18, 19, 17, 8, 18, 14, 15, 10, 13, 14, 17, 12, 10, 15, 7, 8, 15, 17, 3, 12, 12, 16, 17, 3, 5, 12, 6, 0, 5 ], [ 14, 9, 5, 5, 1, 12, 10, 5, 8, 8, 4, 9, 6, 7, 10, 7, 7, 8, 10, 10, 12, 12, 8, 10, 14, 11, 1, 1, 2, 6, 6, 1, 11, 2, 10, 9, 9, 14, 13, 2, 9, 0, 10, 12, 7, 9, 13, 9, 14, 12, 9, 7, 15, 3, 6, 3, 15, 11, 10, 15, 5, 13, 4, 5, 14, 7, 5, 9, 10, 6, 4, 9, 3, 6, 5, 11, 11, 6, 3, 4, 11, 10, 8, 5, 5, 7, 8, 4, 3, 13, 9, 11, 14, 13, 8, 10, 13, 11, 15, 14, 15, 12, 15, 5, 14, 3, 15, 6, 8, 2, 1, 8, 10, 6, 8, 15, 7, 11, 7, 14, 8, 10, 10, 7, 13, 9, 7 ], [ 7, 17, 10, 11, 9, 11, 1, 15, 18, 9, 6, 12, 7, 8, 6, 15, 10, 6, 12, 18, 3, 9, 17, 11, 4, 14, 9, 10, 8, 11, 6, 10, 11, 10, 9, 18, 11, 12, 9, 10, 5, 10, 0, 7, 5, 9, 12, 14, 7, 2, 12, 17, 13, 11, 13, 7, 11, 9, 9, 7, 7, 8, 14, 10, 12, 11, 7, 9, 5, 15, 14, 5, 8, 7, 14, 14, 3, 12, 7, 12, 10, 18, 11, 15, 10, 17, 13, 9, 7, 5, 5, 6, 14, 6, 13, 13, 12, 16, 14, 16, 13, 3, 13, 13, 10, 9, 8, 12, 16, 12, 10, 17, 2, 12, 13, 12, 5, 7, 15, 11, 18, 8, 10, 15, 4, 5, 9 ], [ 2, 15, 15, 10, 11, 5, 6, 15, 19, 6, 8, 18, 12, 6, 12, 13, 15, 12, 7, 16, 5, 3, 20, 17, 7, 9, 12, 12, 11, 9, 6, 12, 6, 11, 4, 17, 7, 6, 15, 13, 12, 12, 7, 0, 5, 6, 6, 11, 13, 6, 9, 18, 6, 11, 12, 9, 4, 3, 15, 4, 7, 14, 16, 14, 5, 16, 7, 15, 2, 18, 14, 3, 11, 6, 17, 9, 10, 16, 9, 16, 17, 17, 8, 15, 14, 19, 11, 9, 10, 4, 11, 1, 9, 2, 10, 8, 6, 12, 8, 11, 6, 5, 7, 13, 3, 9, 3, 11, 15, 12, 12, 20, 4, 16, 11, 5, 10, 2, 19, 5, 19, 15, 16, 19, 9, 11, 14 ], [ 7, 12, 10, 6, 6, 7, 5, 11, 14, 4, 3, 13, 8, 3, 9, 10, 10, 8, 7, 13, 6, 6, 15, 13, 8, 9, 7, 7, 6, 6, 1, 6, 6, 6, 5, 13, 6, 9, 12, 8, 8, 7, 5, 5, 0, 5, 9, 9, 11, 6, 7, 13, 9, 6, 8, 4, 9, 5, 11, 9, 2, 12, 11, 9, 9, 11, 2, 10, 4, 13, 9, 2, 5, 2, 12, 9, 8, 11, 3, 10, 13, 13, 6, 11, 9, 14, 8, 4, 4, 7, 8, 4, 10, 6, 8, 8, 8, 11, 10, 11, 10, 6, 10, 9, 7, 4, 8, 7, 11, 8, 7, 14, 3, 11, 8, 9, 6, 4, 13, 8, 14, 11, 12, 14, 9, 8, 10 ], [ 8, 10, 13, 5, 8, 3, 9, 11, 14, 0, 7, 17, 12, 3, 14, 8, 14, 13, 2, 11, 9, 4, 17, 17, 12, 5, 9, 8, 9, 4, 5, 9, 2, 7, 2, 11, 1, 5, 17, 10, 13, 9, 9, 6, 5, 0, 5, 6, 16, 9, 4, 13, 6, 7, 7, 7, 7, 3, 15, 10, 5, 16, 12, 12, 6, 14, 5, 15, 5, 14, 10, 4, 9, 4, 13, 4, 12, 15, 6, 13, 17, 11, 2, 11, 13, 15, 5, 5, 8, 9, 12, 6, 6, 7, 5, 3, 4, 7, 6, 7, 6, 9, 6, 8, 5, 6, 9, 6, 9, 8, 9, 16, 7, 15, 6, 7, 10, 4, 16, 5, 14, 15, 16, 16, 13, 13, 14 ], [ 8, 12, 18, 9, 13, 2, 12, 14, 18, 5, 11, 22, 16, 7, 18, 11, 19, 17, 3, 13, 11, 4, 21, 21, 14, 4, 14, 12, 14, 8, 9, 13, 3, 12, 4, 14, 5, 1, 21, 15, 17, 13, 12, 6, 9, 5, 0, 8, 19, 12, 6, 17, 1, 11, 10, 12, 5, 4, 20, 10, 9, 20, 17, 17, 2, 19, 9, 19, 7, 19, 14, 7, 13, 9, 17, 5, 16, 19, 11, 17, 22, 13, 6, 15, 17, 19, 8, 9, 12, 10, 16, 7, 2, 8, 8, 4, 1, 8, 2, 5, 3, 11, 1, 12, 3, 10, 8, 9, 12, 13, 13, 20, 10, 19, 8, 4, 14, 5, 20, 2, 18, 19, 21, 20, 15, 16, 18 ], [ 13, 4, 14, 4, 9, 8, 14, 7, 10, 6, 9, 18, 14, 6, 17, 3, 16, 16, 5, 5, 15, 10, 15, 18, 17, 4, 10, 7, 10, 3, 8, 9, 6, 7, 8, 6, 5, 9, 20, 10, 16, 9, 14, 11, 9, 6, 8, 0, 20, 15, 2, 10, 9, 5, 3, 9, 12, 9, 18, 16, 8, 20, 10, 13, 10, 15, 8, 17, 11, 12, 7, 10, 10, 8, 11, 4, 17, 15, 8, 12, 20, 5, 4, 7, 14, 12, 1, 6, 9, 15, 16, 11, 7, 13, 1, 4, 8, 3, 9, 6, 11, 15, 9, 5, 10, 7, 14, 3, 4, 7, 8, 13, 12, 15, 1, 11, 13, 10, 14, 10, 10, 18, 18, 15, 18, 16, 16 ], [ 13, 22, 11, 16, 13, 17, 7, 19, 21, 16, 10, 11, 8, 14, 4, 20, 9, 6, 18, 23, 8, 16, 18, 9, 7, 20, 12, 14, 12, 17, 11, 13, 17, 14, 15, 23, 17, 19, 4, 13, 4, 14, 7, 13, 11, 16, 19, 20, 0, 8, 18, 21, 19, 16, 18, 11, 17, 15, 7, 12, 12, 2, 17, 11, 18, 11, 12, 7, 12, 17, 17, 12, 11, 12, 17, 20, 3, 12, 12, 14, 7, 23, 17, 19, 11, 19, 19, 14, 11, 10, 4, 12, 21, 12, 18, 19, 18, 22, 21, 22, 19, 8, 20, 18, 16, 13, 14, 18, 21, 16, 14, 20, 9, 12, 19, 18, 7, 14, 16, 18, 21, 6, 7, 16, 5, 4, 8 ], [ 6, 18, 12, 12, 11, 10, 2, 17, 20, 10, 7, 15, 10, 8, 8, 16, 12, 8, 12, 19, 1, 8, 19, 13, 2, 14, 11, 12, 10, 12, 7, 11, 11, 11, 8, 19, 11, 11, 10, 12, 7, 12, 2, 6, 6, 9, 12, 15, 8, 0, 13, 19, 12, 12, 14, 8, 9, 8, 11, 5, 8, 9, 16, 12, 11, 13, 8, 11, 4, 17, 15, 5, 10, 8, 16, 14, 5, 14, 9, 14, 12, 19, 11, 17, 12, 19, 14, 10, 9, 3, 7, 5, 14, 4, 14, 13, 11, 17, 13, 16, 12, 1, 13, 15, 9, 10, 6, 13, 17, 13, 12, 19, 3, 14, 14, 11, 7, 6, 17, 10, 20, 10, 12, 17, 3, 7, 11 ], [ 11, 7, 14, 4, 9, 5, 12, 9, 12, 3, 8, 18, 13, 5, 16, 5, 15, 15, 3, 8, 13, 7, 16, 18, 15, 3, 10, 7, 10, 2, 7, 9, 4, 7, 5, 8, 2, 7, 19, 10, 15, 9, 12, 9, 7, 4, 6, 2, 18, 13, 0, 11, 7, 6, 5, 9, 10, 6, 17, 14, 6, 19, 11, 13, 8, 15, 6, 16, 9, 13, 8, 8, 10, 6, 12, 2, 15, 15, 7, 13, 19, 8, 2, 9, 13, 14, 2, 5, 9, 12, 15, 9, 5, 11, 2, 2, 5, 4, 7, 5, 8, 13, 7, 6, 8, 6, 12, 3, 6, 7, 8, 14, 10, 15, 3, 9, 12, 7, 15, 7, 12, 17, 18, 15, 16, 15, 15 ], [ 20, 6, 10, 8, 8, 16, 17, 3, 1, 13, 11, 14, 12, 12, 17, 7, 13, 15, 14, 7, 19, 17, 7, 15, 21, 13, 8, 7, 9, 9, 12, 8, 15, 8, 15, 5, 13, 18, 19, 7, 16, 7, 17, 18, 13, 13, 17, 10, 21, 19, 11, 0, 18, 7, 7, 11, 20, 16, 16, 22, 11, 19, 4, 10, 19, 11, 11, 15, 17, 5, 4, 15, 10, 12, 4, 13, 18, 10, 10, 7, 17, 7, 11, 3, 10, 3, 9, 9, 10, 20, 16, 17, 17, 19, 9, 13, 16, 12, 18, 16, 19, 19, 18, 5, 18, 9, 21, 8, 6, 6, 7, 4, 16, 10, 9, 20, 14, 16, 7, 18, 1, 16, 16, 8, 20, 16, 13 ], [ 7, 14, 19, 11, 14, 3, 12, 16, 19, 6, 12, 22, 17, 8, 18, 12, 19, 18, 5, 15, 12, 4, 22, 22, 14, 6, 15, 14, 15, 9, 10, 14, 4, 13, 5, 15, 6, 1, 21, 16, 17, 15, 13, 6, 9, 6, 1, 9, 19, 12, 7, 18, 0, 12, 12, 13, 4, 4, 20, 10, 10, 20, 18, 18, 1, 20, 10, 20, 8, 20, 15, 8, 14, 10, 19, 6, 16, 20, 12, 19, 22, 15, 7, 16, 18, 21, 10, 10, 13, 10, 17, 7, 3, 8, 9, 6, 2, 9, 2, 5, 1, 11, 1, 13, 3, 12, 8, 11, 14, 14, 14, 21, 10, 20, 10, 3, 15, 6, 21, 2, 19, 20, 21, 22, 15, 17, 19 ], [ 13, 6, 8, 2, 3, 9, 11, 4, 8, 6, 5, 13, 9, 5, 12, 4, 10, 11, 8, 7, 13, 10, 10, 13, 15, 8, 5, 2, 5, 3, 6, 4, 8, 2, 8, 7, 6, 12, 15, 5, 12, 3, 11, 11, 6, 7, 11, 5, 16, 12, 6, 7, 12, 0, 3, 5, 13, 10, 13, 15, 4, 15, 6, 8, 12, 10, 5, 12, 10, 8, 3, 8, 5, 5, 7, 8, 13, 10, 4, 7, 14, 8, 5, 4, 8, 8, 4, 2, 5, 13, 12, 11, 11, 12, 4, 7, 10, 8, 12, 11, 13, 12, 12, 2, 12, 2, 14, 3, 5, 2, 3, 9, 10, 9, 4, 13, 9, 9, 9, 12, 8, 13, 13, 10, 14, 12, 10 ], [ 14, 4, 11, 2, 6, 9, 13, 4, 7, 7, 8, 15, 11, 6, 15, 2, 13, 13, 7, 5, 14, 11, 12, 16, 17, 7, 7, 4, 7, 3, 8, 6, 8, 5, 9, 5, 6, 11, 18, 7, 14, 6, 13, 12, 8, 7, 10, 3, 18, 14, 5, 7, 12, 3, 0, 7, 14, 10, 15, 16, 6, 18, 7, 10, 12, 12, 7, 14, 11, 9, 4, 10, 8, 7, 8, 7, 15, 12, 6, 9, 17, 5, 5, 4, 11, 9, 2, 4, 7, 15, 14, 12, 10, 14, 3, 6, 10, 6, 11, 9, 13, 14, 11, 1, 12, 5, 15, 1, 3, 4, 5, 9, 12, 12, 2, 13, 11, 10, 11, 12, 7, 15, 16, 11, 17, 14, 13 ], [ 11, 11, 6, 5, 3, 10, 7, 9, 11, 7, 1, 10, 5, 5, 8, 9, 7, 6, 9, 12, 9, 10, 11, 10, 11, 11, 3, 4, 2, 6, 3, 3, 9, 3, 8, 12, 8, 12, 11, 4, 7, 3, 7, 9, 4, 7, 12, 9, 11, 8, 9, 11, 13, 5, 7, 0, 13, 9, 8, 12, 3, 11, 8, 5, 12, 7, 3, 8, 7, 9, 7, 6, 2, 3, 8, 11, 8, 7, 1, 7, 10, 12, 7, 8, 5, 11, 8, 4, 1, 10, 7, 8, 13, 10, 8, 10, 11, 12, 13, 13, 13, 9, 13, 7, 11, 3, 12, 7, 10, 5, 4, 11, 6, 7, 8, 13, 4, 8, 10, 12, 11, 9, 9, 10, 10, 7, 7 ], [ 4, 16, 18, 12, 15, 5, 10, 18, 21, 7, 12, 22, 16, 9, 17, 14, 19, 16, 7, 17, 9, 3, 23, 21, 11, 9, 15, 14, 15, 11, 9, 15, 6, 14, 5, 18, 8, 4, 19, 16, 16, 15, 11, 4, 9, 7, 5, 12, 17, 9, 10, 20, 4, 13, 14, 13, 0, 4, 19, 6, 10, 18, 19, 18, 3, 20, 10, 19, 6, 21, 17, 7, 14, 10, 20, 9, 14, 20, 12, 19, 21, 18, 9, 18, 18, 22, 12, 11, 13, 7, 15, 5, 7, 5, 11, 9, 5, 12, 6, 9, 3, 9, 5, 15, 2, 12, 4, 12, 16, 15, 15, 22, 8, 20, 12, 1, 14, 5, 22, 2, 21, 19, 20, 22, 13, 15, 18 ], [ 5, 13, 15, 8, 11, 2, 8, 14, 17, 3, 8, 19, 13, 5, 14, 11, 16, 14, 4, 14, 8, 1, 19, 18, 10, 6, 12, 10, 11, 7, 6, 11, 3, 10, 1, 14, 4, 3, 17, 12, 13, 11, 9, 3, 5, 3, 4, 9, 15, 8, 6, 16, 4, 10, 10, 9, 4, 0, 16, 8, 7, 16, 15, 14, 3, 16, 7, 16, 4, 17, 13, 4, 11, 6, 16, 6, 12, 17, 8, 15, 18, 14, 5, 14, 14, 18, 8, 7, 9, 7, 13, 4, 6, 5, 8, 5, 3, 9, 5, 8, 4, 8, 5, 11, 2, 8, 6, 9, 12, 11, 11, 18, 6, 17, 9, 4, 11, 2, 18, 3, 17, 16, 17, 18, 12, 13, 15 ], [ 16, 18, 5, 14, 9, 18, 10, 15, 16, 15, 9, 4, 4, 13, 3, 17, 3, 3, 18, 20, 12, 17, 11, 3, 12, 19, 8, 11, 8, 15, 11, 9, 17, 11, 16, 19, 16, 20, 4, 9, 4, 10, 9, 15, 11, 15, 20, 18, 7, 11, 17, 16, 20, 13, 15, 8, 19, 16, 0, 16, 11, 5, 12, 5, 20, 5, 11, 1, 13, 12, 13, 13, 8, 11, 11, 19, 6, 6, 10, 9, 2, 20, 16, 15, 5, 14, 17, 12, 9, 14, 4, 14, 21, 15, 16, 18, 19, 20, 21, 22, 21, 12, 21, 14, 18, 11, 17, 15, 18, 12, 10, 14, 11, 6, 17, 20, 5, 15, 10, 19, 16, 1, 1, 10, 10, 4, 2 ], [ 3, 20, 17, 14, 15, 9, 7, 19, 23, 10, 11, 19, 14, 10, 13, 18, 17, 13, 12, 21, 4, 7, 23, 18, 5, 14, 15, 15, 14, 13, 10, 15, 10, 15, 8, 21, 11, 9, 15, 16, 12, 15, 7, 4, 9, 10, 10, 16, 12, 5, 14, 22, 10, 15, 16, 12, 6, 8, 16, 0, 11, 14, 20, 16, 8, 18, 11, 16, 5, 21, 18, 7, 14, 10, 20, 14, 10, 19, 12, 19, 17, 21, 12, 19, 16, 23, 15, 13, 13, 2, 12, 5, 13, 3, 15, 13, 10, 17, 12, 15, 9, 4, 11, 17, 7, 13, 2, 15, 19, 16, 16, 23, 6, 19, 16, 8, 12, 6, 22, 8, 23, 15, 17, 22, 7, 12, 16 ], [ 9, 10, 8, 4, 4, 7, 6, 9, 12, 4, 2, 12, 7, 2, 10, 8, 9, 8, 7, 11, 8, 7, 13, 12, 10, 8, 5, 4, 5, 4, 1, 5, 7, 4, 6, 11, 5, 10, 13, 6, 9, 5, 7, 7, 2, 5, 9, 8, 12, 8, 6, 11, 10, 4, 6, 3, 10, 7, 11, 11, 0, 12, 9, 8, 10, 10, 0, 10, 6, 11, 7, 4, 4, 1, 10, 8, 9, 10, 2, 9, 13, 12, 5, 9, 8, 12, 7, 2, 3, 9, 9, 6, 10, 8, 6, 7, 8, 10, 11, 11, 11, 8, 10, 7, 9, 2, 10, 6, 9, 5, 5, 12, 5, 10, 7, 11, 6, 6, 12, 9, 12, 11, 12, 12, 10, 9, 9 ], [ 15, 21, 10, 16, 12, 18, 8, 18, 20, 16, 10, 9, 7, 14, 3, 20, 7, 5, 19, 23, 10, 17, 16, 7, 9, 21, 11, 14, 11, 17, 12, 12, 18, 13, 16, 22, 17, 20, 1, 12, 4, 13, 8, 14, 12, 16, 20, 20, 2, 9, 19, 19, 20, 15, 18, 11, 18, 16, 5, 14, 12, 0, 16, 9, 19, 9, 12, 5, 13, 16, 17, 13, 10, 13, 15, 20, 4, 10, 12, 13, 5, 23, 17, 18, 9, 18, 19, 14, 11, 12, 4, 13, 22, 13, 19, 19, 19, 22, 22, 23, 20, 10, 21, 17, 18, 13, 15, 18, 21, 15, 13, 18, 10, 10, 19, 19, 6, 15, 15, 19, 20, 4, 5, 15, 7, 4, 7 ], [ 18, 9, 6, 7, 5, 15, 14, 4, 5, 12, 9, 10, 9, 10, 13, 8, 8, 11, 14, 9, 16, 16, 4, 11, 18, 14, 5, 5, 6, 9, 10, 5, 14, 5, 14, 8, 12, 17, 15, 4, 13, 4, 14, 16, 11, 12, 17, 10, 17, 16, 11, 4, 18, 6, 7, 8, 19, 15, 12, 20, 9, 16, 0, 6, 18, 7, 9, 11, 15, 2, 3, 13, 6, 10, 1, 14, 14, 6, 8, 3, 13, 10, 11, 4, 6, 3, 10, 8, 7, 17, 13, 15, 17, 17, 10, 13, 16, 13, 18, 16, 19, 16, 18, 6, 17, 7, 19, 8, 8, 4, 4, 3, 14, 6, 9, 19, 10, 15, 4, 18, 5, 12, 12, 4, 17, 13, 9 ], [ 16, 13, 1, 9, 5, 15, 10, 9, 11, 12, 6, 5, 3, 10, 7, 12, 2, 5, 14, 14, 12, 15, 7, 5, 13, 15, 3, 6, 3, 11, 8, 4, 14, 6, 13, 13, 13, 17, 9, 3, 7, 5, 10, 14, 9, 12, 17, 13, 11, 12, 13, 10, 18, 8, 10, 5, 18, 14, 5, 16, 8, 9, 6, 0, 17, 2, 8, 4, 12, 7, 8, 11, 4, 8, 6, 15, 9, 2, 6, 3, 7, 15, 12, 9, 0, 9, 12, 8, 5, 14, 7, 13, 18, 14, 12, 14, 16, 16, 18, 18, 18, 12, 18, 9, 16, 7, 17, 11, 13, 7, 5, 9, 10, 2, 12, 18, 5, 13, 6, 17, 11, 6, 6, 6, 12, 7, 3 ], [ 6, 14, 18, 11, 14, 3, 11, 16, 19, 6, 11, 22, 16, 8, 17, 13, 19, 17, 5, 15, 10, 3, 22, 21, 12, 7, 15, 13, 14, 9, 9, 14, 4, 13, 4, 16, 6, 1, 20, 16, 16, 14, 12, 5, 9, 6, 2, 10, 18, 11, 8, 19, 1, 12, 12, 12, 3, 3, 20, 8, 10, 19, 18, 17, 0, 19, 10, 19, 7, 20, 15, 7, 14, 9, 19, 7, 15, 20, 11, 18, 21, 15, 7, 16, 18, 21, 10, 10, 13, 9, 16, 6, 4, 7, 10, 6, 2, 10, 3, 7, 1, 10, 2, 13, 2, 11, 6, 11, 14, 14, 14, 21, 9, 20, 10, 1, 14, 5, 21, 1, 19, 19, 20, 21, 14, 16, 18 ], [ 18, 15, 2, 11, 7, 17, 12, 11, 12, 14, 8, 3, 4, 12, 7, 14, 2, 6, 16, 16, 14, 17, 7, 4, 15, 18, 5, 8, 5, 13, 10, 6, 16, 8, 16, 15, 15, 19, 8, 5, 7, 7, 11, 16, 11, 14, 19, 15, 11, 13, 15, 11, 20, 10, 12, 7, 20, 16, 5, 18, 10, 9, 7, 2, 19, 0, 10, 4, 14, 7, 9, 13, 6, 11, 7, 17, 10, 1, 8, 4, 6, 16, 14, 11, 2, 9, 14, 10, 7, 16, 8, 15, 20, 16, 14, 16, 18, 18, 21, 20, 20, 14, 20, 11, 18, 9, 19, 13, 14, 9, 7, 9, 12, 1, 14, 20, 6, 15, 6, 19, 12, 6, 5, 5, 13, 8, 3 ], [ 9, 10, 8, 4, 4, 7, 6, 9, 12, 4, 2, 12, 7, 2, 9, 8, 9, 8, 7, 11, 8, 7, 13, 12, 10, 9, 5, 5, 5, 5, 1, 5, 7, 4, 6, 11, 5, 10, 12, 6, 9, 5, 7, 7, 2, 5, 9, 8, 12, 8, 6, 11, 10, 5, 7, 3, 10, 7, 11, 11, 0, 12, 9, 8, 10, 10, 0, 10, 5, 11, 8, 4, 4, 1, 10, 8, 9, 10, 2, 9, 13, 12, 5, 9, 8, 12, 7, 3, 3, 9, 8, 6, 10, 8, 6, 7, 8, 10, 11, 11, 11, 8, 10, 7, 9, 2, 10, 6, 10, 6, 5, 13, 5, 10, 7, 11, 6, 6, 12, 9, 12, 11, 12, 12, 10, 8, 9 ], [ 16, 17, 4, 13, 8, 17, 9, 14, 15, 15, 8, 4, 3, 12, 4, 16, 2, 3, 17, 19, 12, 17, 11, 3, 12, 19, 7, 10, 7, 14, 10, 8, 17, 10, 15, 18, 15, 19, 5, 8, 4, 9, 9, 15, 10, 15, 19, 17, 7, 11, 16, 15, 20, 12, 14, 8, 19, 16, 1, 16, 10, 5, 11, 4, 19, 4, 10, 0, 13, 11, 12, 12, 7, 11, 10, 18, 7, 5, 9, 8, 3, 19, 15, 14, 4, 13, 16, 12, 8, 14, 4, 14, 20, 15, 16, 17, 18, 20, 21, 21, 20, 12, 20, 13, 18, 10, 17, 14, 17, 11, 9, 13, 11, 5, 16, 20, 5, 14, 9, 18, 15, 2, 2, 9, 10, 4, 1 ], [ 4, 14, 13, 9, 10, 6, 4, 14, 17, 5, 6, 16, 11, 5, 11, 12, 13, 10, 7, 16, 4, 4, 18, 15, 7, 9, 10, 10, 10, 8, 4, 10, 6, 9, 4, 16, 7, 7, 14, 11, 10, 10, 5, 2, 4, 5, 7, 11, 12, 4, 9, 17, 8, 10, 11, 7, 6, 4, 13, 5, 6, 13, 15, 12, 7, 14, 5, 13, 0, 16, 13, 1, 9, 5, 15, 10, 9, 14, 7, 14, 15, 16, 7, 14, 12, 17, 10, 7, 8, 4, 9, 1, 9, 3, 10, 8, 7, 12, 9, 11, 8, 4, 8, 12, 5, 8, 5, 10, 14, 11, 10, 18, 3, 14, 10, 7, 8, 2, 17, 6, 17, 13, 14, 17, 8, 9, 12 ], [ 20, 10, 6, 10, 7, 17, 16, 6, 5, 14, 10, 9, 9, 12, 13, 10, 9, 12, 16, 11, 18, 18, 2, 11, 20, 16, 6, 7, 7, 11, 12, 6, 16, 7, 16, 10, 14, 19, 15, 5, 13, 6, 15, 18, 13, 14, 19, 12, 17, 17, 13, 5, 20, 8, 9, 9, 21, 17, 12, 21, 11, 16, 2, 7, 20, 7, 11, 11, 16, 0, 5, 15, 8, 12, 1, 16, 15, 6, 9, 3, 13, 11, 13, 6, 7, 2, 12, 10, 9, 19, 13, 17, 19, 19, 12, 15, 18, 15, 20, 18, 21, 18, 20, 8, 19, 9, 21, 10, 10, 6, 6, 2, 15, 6, 11, 21, 11, 17, 2, 19, 5, 12, 12, 3, 18, 14, 9 ], [ 16, 5, 8, 5, 4, 13, 13, 2, 4, 9, 8, 12, 10, 8, 14, 5, 10, 12, 10, 6, 15, 14, 8, 13, 17, 11, 5, 3, 6, 6, 9, 4, 11, 4, 12, 6, 9, 15, 16, 5, 13, 4, 14, 14, 9, 10, 14, 7, 17, 15, 8, 4, 15, 3, 4, 7, 17, 13, 13, 18, 7, 17, 3, 8, 15, 9, 8, 12, 13, 5, 0, 11, 6, 8, 4, 10, 15, 9, 6, 6, 15, 7, 8, 1, 8, 5, 6, 5, 6, 16, 13, 14, 14, 15, 6, 10, 13, 10, 15, 13, 16, 15, 15, 2, 15, 5, 18, 5, 5, 2, 3, 6, 13, 9, 6, 17, 11, 13, 7, 15, 5, 14, 14, 8, 17, 13, 11 ], [ 5, 13, 12, 7, 8, 5, 5, 13, 16, 4, 5, 15, 10, 4, 10, 11, 12, 10, 7, 14, 5, 4, 17, 15, 8, 9, 9, 9, 8, 7, 3, 9, 6, 8, 4, 14, 6, 7, 13, 10, 9, 9, 5, 3, 2, 4, 7, 10, 12, 5, 8, 15, 8, 8, 10, 6, 7, 4, 13, 7, 4, 13, 13, 11, 7, 13, 4, 12, 1, 15, 11, 0, 8, 3, 14, 9, 9, 13, 6, 13, 14, 15, 6, 13, 11, 16, 9, 6, 7, 5, 9, 2, 9, 4, 9, 8, 7, 11, 9, 11, 8, 5, 8, 10, 5, 6, 6, 9, 13, 10, 9, 17, 3, 13, 9, 7, 7, 2, 16, 6, 16, 12, 14, 16, 8, 9, 12 ], [ 13, 11, 4, 6, 2, 11, 8, 8, 10, 8, 3, 8, 4, 6, 7, 9, 6, 6, 11, 12, 10, 12, 9, 8, 12, 12, 1, 3, 1, 7, 5, 2, 11, 3, 10, 12, 9, 14, 10, 3, 7, 3, 8, 11, 5, 9, 13, 10, 11, 10, 10, 10, 14, 5, 8, 2, 14, 11, 8, 14, 4, 10, 6, 4, 14, 6, 4, 7, 9, 8, 6, 8, 0, 5, 7, 12, 8, 6, 3, 5, 10, 13, 8, 8, 4, 9, 9, 5, 1, 11, 7, 10, 14, 11, 9, 11, 13, 13, 15, 15, 15, 10, 14, 7, 13, 3, 14, 8, 10, 5, 3, 10, 8, 6, 9, 15, 4, 10, 8, 13, 11, 8, 8, 8, 11, 7, 5 ], [ 8, 10, 9, 4, 5, 7, 6, 9, 12, 4, 3, 13, 8, 2, 10, 8, 10, 9, 6, 12, 8, 7, 14, 13, 10, 8, 6, 5, 5, 4, 1, 5, 6, 4, 5, 11, 5, 9, 13, 7, 9, 6, 7, 6, 2, 4, 9, 8, 12, 8, 6, 12, 10, 5, 7, 3, 10, 6, 11, 10, 1, 13, 10, 8, 9, 11, 1, 11, 5, 12, 8, 3, 5, 0, 10, 8, 9, 11, 2, 9, 13, 12, 5, 9, 9, 13, 7, 3, 4, 8, 9, 6, 10, 7, 6, 7, 8, 10, 10, 11, 10, 8, 10, 7, 8, 3, 10, 6, 10, 6, 6, 13, 5, 11, 7, 10, 6, 5, 12, 8, 13, 11, 12, 13, 10, 9, 10 ], [ 19, 9, 6, 8, 5, 16, 15, 5, 5, 13, 9, 9, 9, 11, 13, 9, 8, 11, 14, 10, 17, 17, 4, 10, 18, 15, 5, 5, 6, 10, 11, 5, 15, 6, 15, 9, 13, 18, 15, 4, 13, 5, 14, 17, 12, 13, 17, 11, 17, 16, 12, 4, 19, 7, 8, 8, 20, 16, 11, 20, 10, 15, 1, 6, 19, 7, 10, 10, 15, 1, 4, 14, 7, 10, 0, 14, 14, 6, 8, 3, 13, 10, 12, 5, 6, 3, 10, 8, 7, 18, 13, 16, 17, 18, 10, 14, 17, 14, 19, 17, 20, 17, 19, 6, 18, 7, 20, 9, 9, 5, 5, 3, 14, 6, 10, 20, 10, 15, 3, 18, 5, 12, 12, 4, 17, 13, 9 ], [ 11, 8, 16, 6, 11, 5, 13, 11, 13, 4, 10, 20, 15, 6, 18, 6, 17, 17, 2, 8, 14, 7, 18, 20, 16, 0, 12, 10, 12, 5, 9, 11, 4, 9, 6, 9, 3, 6, 21, 12, 17, 11, 14, 9, 9, 4, 5, 4, 20, 14, 2, 13, 6, 8, 7, 11, 9, 6, 19, 14, 8, 20, 14, 15, 7, 17, 8, 18, 10, 16, 10, 9, 12, 8, 14, 0, 17, 17, 9, 15, 21, 9, 3, 11, 15, 16, 4, 7, 11, 13, 17, 10, 4, 11, 4, 1, 4, 3, 5, 3, 7, 14, 5, 8, 8, 8, 12, 5, 8, 10, 11, 16, 11, 17, 4, 8, 14, 8, 17, 7, 13, 19, 20, 18, 17, 17, 17 ], [ 11, 19, 9, 13, 10, 14, 4, 16, 19, 12, 7, 10, 6, 10, 3, 17, 8, 4, 15, 20, 6, 13, 16, 9, 6, 17, 10, 12, 9, 13, 8, 10, 14, 11, 12, 20, 14, 16, 5, 10, 2, 11, 3, 10, 8, 12, 16, 17, 3, 5, 15, 18, 16, 13, 15, 8, 14, 12, 6, 10, 9, 4, 14, 9, 15, 10, 9, 7, 9, 15, 15, 9, 8, 9, 14, 17, 0, 11, 9, 12, 7, 20, 13, 16, 9, 17, 16, 11, 8, 8, 2, 9, 18, 9, 15, 16, 15, 19, 18, 19, 16, 6, 17, 15, 14, 10, 11, 15, 18, 13, 11, 17, 6, 11, 16, 15, 4, 10, 15, 15, 19, 6, 7, 15, 3, 2, 7 ], [ 18, 14, 2, 11, 6, 17, 12, 10, 11, 14, 8, 3, 5, 12, 8, 13, 3, 6, 16, 15, 15, 17, 6, 4, 16, 18, 5, 8, 5, 13, 11, 6, 17, 8, 16, 14, 15, 20, 9, 5, 8, 6, 12, 16, 11, 15, 19, 15, 12, 14, 15, 10, 20, 10, 12, 7, 20, 17, 6, 19, 10, 10, 6, 2, 20, 1, 10, 5, 14, 6, 9, 13, 6, 11, 6, 17, 11, 0, 9, 3, 7, 16, 14, 10, 2, 8, 14, 10, 7, 16, 9, 15, 20, 17, 14, 16, 18, 18, 21, 20, 21, 15, 20, 11, 19, 9, 19, 12, 14, 8, 7, 8, 13, 0, 14, 21, 7, 15, 5, 19, 11, 7, 6, 4, 14, 9, 4 ], [ 11, 10, 7, 4, 3, 9, 7, 8, 11, 6, 2, 11, 6, 4, 9, 8, 8, 8, 8, 11, 9, 9, 11, 11, 11, 10, 3, 3, 3, 5, 3, 3, 8, 2, 7, 11, 6, 11, 12, 4, 8, 3, 7, 9, 3, 6, 11, 8, 12, 9, 7, 10, 12, 4, 6, 1, 12, 8, 10, 12, 2, 12, 8, 6, 11, 8, 2, 9, 7, 9, 6, 6, 3, 2, 8, 9, 9, 9, 0, 7, 12, 11, 6, 8, 6, 11, 7, 3, 1, 10, 8, 8, 11, 10, 7, 8, 10, 11, 12, 12, 12, 9, 12, 6, 10, 2, 12, 6, 9, 4, 3, 11, 6, 8, 7, 12, 5, 7, 10, 11, 11, 10, 11, 10, 11, 8, 8 ], [ 18, 11, 3, 9, 5, 16, 13, 7, 8, 13, 8, 7, 6, 11, 10, 10, 5, 8, 14, 12, 15, 16, 4, 8, 16, 15, 4, 5, 4, 10, 10, 4, 15, 6, 14, 11, 13, 18, 12, 3, 10, 4, 12, 16, 10, 13, 17, 12, 14, 14, 13, 7, 19, 7, 9, 7, 19, 15, 9, 19, 9, 13, 3, 3, 18, 4, 9, 8, 14, 3, 6, 13, 5, 9, 3, 15, 12, 3, 7, 0, 10, 12, 12, 7, 4, 5, 11, 8, 6, 16, 10, 15, 18, 16, 11, 14, 17, 15, 19, 18, 19, 15, 19, 8, 17, 7, 19, 10, 11, 5, 4, 5, 13, 3, 11, 19, 8, 14, 3, 18, 8, 9, 9, 3, 15, 10, 6 ], [ 18, 20, 7, 16, 11, 20, 11, 16, 18, 17, 11, 4, 6, 15, 4, 19, 5, 5, 20, 21, 13, 19, 12, 3, 13, 21, 10, 13, 10, 17, 13, 11, 19, 12, 18, 20, 18, 22, 3, 10, 5, 11, 10, 17, 13, 17, 22, 20, 7, 12, 19, 17, 22, 14, 17, 10, 21, 18, 2, 17, 13, 5, 13, 7, 21, 6, 13, 3, 15, 13, 15, 14, 10, 13, 13, 21, 7, 7, 12, 10, 0, 22, 18, 16, 7, 15, 19, 14, 10, 15, 6, 16, 23, 16, 18, 20, 21, 22, 23, 24, 22, 13, 23, 16, 20, 13, 19, 17, 20, 14, 12, 15, 12, 7, 19, 22, 7, 17, 11, 21, 18, 2, 1, 11, 11, 6, 4 ], [ 19, 2, 15, 8, 11, 13, 18, 6, 7, 11, 13, 19, 16, 11, 20, 4, 17, 18, 10, 0, 20, 15, 13, 20, 22, 9, 12, 9, 12, 8, 13, 11, 12, 10, 13, 2, 10, 14, 23, 11, 19, 10, 18, 17, 13, 11, 13, 5, 23, 19, 8, 7, 15, 8, 5, 12, 18, 14, 20, 21, 12, 23, 10, 15, 15, 16, 12, 19, 16, 11, 7, 15, 13, 12, 10, 9, 20, 16, 11, 12, 22, 0, 9, 6, 15, 10, 6, 9, 12, 20, 19, 17, 12, 18, 6, 9, 13, 6, 14, 10, 16, 19, 14, 6, 16, 10, 20, 6, 2, 8, 10, 10, 17, 16, 6, 17, 17, 15, 13, 15, 7, 20, 20, 14, 22, 19, 17 ], [ 10, 8, 13, 4, 8, 4, 10, 9, 12, 2, 7, 17, 12, 3, 14, 6, 14, 13, 2, 9, 11, 6, 15, 17, 14, 4, 9, 7, 9, 2, 5, 8, 3, 6, 4, 9, 1, 7, 17, 9, 14, 8, 11, 8, 6, 2, 6, 4, 17, 11, 2, 11, 7, 5, 5, 7, 9, 5, 16, 12, 5, 17, 11, 12, 7, 14, 5, 15, 7, 13, 8, 6, 8, 5, 12, 3, 13, 14, 6, 12, 18, 9, 0, 9, 12, 13, 3, 4, 7, 11, 13, 8, 6, 9, 3, 2, 5, 6, 7, 6, 8, 11, 7, 6, 7, 5, 11, 4, 7, 7, 8, 14, 9, 14, 4, 9, 11, 6, 15, 7, 12, 16, 16, 15, 14, 13, 14 ], [ 18, 5, 9, 6, 6, 13, 15, 0, 3, 10, 9, 13, 11, 9, 15, 5, 12, 13, 11, 6, 17, 15, 8, 14, 19, 11, 7, 5, 7, 7, 10, 6, 12, 5, 13, 4, 10, 15, 18, 6, 15, 5, 15, 15, 11, 11, 15, 7, 19, 17, 9, 3, 16, 4, 4, 8, 18, 14, 15, 19, 9, 18, 4, 9, 16, 11, 9, 14, 14, 6, 1, 13, 8, 9, 5, 11, 16, 10, 8, 7, 16, 6, 9, 0, 9, 5, 7, 7, 8, 17, 15, 15, 14, 17, 7, 10, 14, 10, 15, 13, 17, 17, 16, 3, 16, 6, 19, 5, 4, 3, 5, 5, 14, 10, 6, 17, 12, 14, 8, 16, 3, 15, 15, 8, 18, 15, 12 ], [ 16, 13, 1, 9, 5, 15, 10, 10, 11, 12, 6, 5, 2, 10, 6, 12, 2, 5, 14, 15, 12, 15, 7, 5, 14, 16, 4, 6, 3, 11, 8, 5, 15, 6, 14, 14, 13, 17, 8, 4, 7, 5, 10, 14, 9, 13, 17, 14, 11, 12, 13, 10, 18, 8, 11, 5, 18, 14, 5, 16, 8, 9, 6, 0, 18, 2, 8, 4, 12, 7, 8, 11, 4, 9, 6, 15, 9, 2, 6, 4, 7, 15, 12, 9, 0, 9, 12, 9, 5, 14, 7, 13, 18, 14, 12, 14, 16, 16, 19, 18, 19, 12, 18, 10, 16, 7, 17, 11, 13, 7, 5, 9, 10, 2, 12, 18, 5, 13, 6, 17, 11, 6, 5, 6, 12, 7, 3 ], [ 21, 9, 8, 10, 8, 18, 17, 5, 4, 15, 12, 11, 11, 13, 15, 10, 11, 13, 16, 10, 19, 19, 4, 12, 21, 16, 8, 7, 8, 11, 13, 8, 17, 8, 17, 9, 15, 20, 17, 7, 15, 7, 17, 19, 14, 15, 19, 12, 19, 19, 14, 3, 21, 8, 9, 11, 22, 18, 14, 23, 12, 18, 3, 9, 21, 9, 12, 13, 17, 2, 5, 16, 9, 13, 3, 16, 17, 8, 11, 5, 15, 10, 13, 5, 9, 0, 11, 10, 10, 20, 15, 18, 19, 20, 12, 15, 19, 15, 20, 18, 21, 19, 20, 8, 20, 10, 22, 10, 9, 7, 7, 0, 17, 8, 11, 22, 13, 18, 4, 20, 4, 14, 14, 4, 20, 15, 11 ], [ 13, 4, 13, 3, 8, 7, 13, 6, 9, 5, 8, 17, 13, 5, 16, 3, 14, 14, 5, 6, 14, 9, 14, 17, 16, 4, 9, 6, 9, 2, 7, 8, 6, 6, 7, 6, 4, 9, 19, 9, 15, 8, 13, 11, 8, 5, 8, 1, 19, 14, 2, 9, 10, 4, 2, 8, 12, 8, 17, 15, 7, 19, 10, 12, 10, 14, 7, 16, 10, 12, 6, 9, 9, 7, 10, 4, 16, 14, 7, 11, 19, 6, 3, 7, 12, 11, 0, 4, 8, 14, 15, 11, 8, 13, 0, 4, 8, 4, 9, 7, 11, 14, 9, 4, 10, 6, 14, 1, 4, 6, 7, 12, 11, 14, 0, 11, 12, 9, 13, 10, 9, 17, 17, 14, 17, 15, 14 ], [ 11, 8, 9, 2, 4, 8, 9, 7, 10, 4, 4, 13, 9, 3, 11, 6, 10, 10, 6, 9, 11, 8, 12, 13, 13, 7, 5, 3, 5, 2, 4, 4, 6, 3, 6, 9, 5, 10, 15, 6, 11, 4, 9, 9, 4, 5, 9, 6, 14, 10, 5, 9, 10, 2, 4, 4, 11, 7, 12, 13, 2, 14, 8, 8, 10, 10, 3, 12, 7, 10, 5, 6, 5, 3, 8, 7, 11, 10, 3, 8, 14, 9, 4, 7, 9, 10, 4, 0, 4, 11, 11, 8, 10, 10, 4, 6, 8, 8, 11, 10, 11, 10, 10, 4, 10, 1, 12, 3, 7, 4, 4, 11, 8, 10, 4, 11, 8, 7, 11, 10, 10, 12, 13, 11, 13, 11, 10 ], [ 12, 11, 5, 5, 2, 10, 7, 8, 11, 7, 2, 10, 5, 5, 8, 9, 7, 6, 10, 12, 9, 10, 10, 10, 11, 11, 2, 3, 2, 6, 4, 2, 10, 3, 9, 11, 8, 12, 11, 3, 7, 3, 7, 10, 4, 8, 12, 9, 11, 9, 9, 10, 13, 5, 7, 1, 13, 9, 9, 13, 3, 11, 7, 5, 13, 7, 3, 8, 8, 9, 6, 7, 1, 4, 7, 11, 8, 7, 1, 6, 10, 12, 7, 8, 5, 10, 8, 4, 0, 10, 7, 9, 13, 10, 8, 10, 11, 12, 14, 14, 14, 9, 13, 7, 12, 3, 13, 7, 10, 5, 3, 10, 7, 7, 8, 13, 4, 8, 9, 12, 11, 9, 9, 9, 10, 7, 6 ], [ 3, 18, 15, 12, 12, 9, 4, 17, 21, 9, 9, 17, 12, 8, 11, 16, 14, 11, 11, 19, 2, 7, 21, 16, 4, 13, 13, 13, 12, 12, 7, 13, 9, 12, 7, 19, 10, 9, 13, 14, 10, 13, 5, 4, 7, 9, 10, 15, 10, 3, 12, 20, 10, 13, 15, 10, 7, 7, 14, 2, 9, 12, 17, 14, 9, 16, 9, 14, 4, 19, 16, 5, 11, 8, 18, 13, 8, 16, 10, 16, 15, 20, 11, 17, 14, 20, 14, 11, 10, 0, 9, 3, 12, 2, 13, 12, 10, 16, 12, 14, 9, 2, 11, 15, 7, 11, 4, 14, 18, 14, 13, 21, 4, 16, 14, 8, 9, 5, 19, 8, 21, 13, 15, 19, 6, 9, 13 ], [ 12, 18, 7, 12, 9, 14, 5, 15, 17, 12, 7, 8, 4, 10, 1, 16, 6, 2, 15, 19, 7, 13, 14, 7, 8, 17, 8, 10, 7, 13, 8, 9, 14, 10, 13, 18, 13, 16, 4, 9, 0, 9, 5, 11, 8, 12, 16, 16, 4, 7, 15, 16, 17, 12, 14, 7, 15, 13, 4, 12, 9, 4, 13, 7, 16, 8, 8, 4, 9, 13, 13, 9, 7, 9, 13, 17, 2, 9, 8, 10, 6, 19, 13, 15, 7, 15, 15, 11, 7, 9, 0, 10, 18, 11, 15, 15, 16, 19, 18, 19, 17, 7, 17, 14, 14, 10, 13, 14, 17, 11, 10, 16, 7, 9, 15, 16, 3, 11, 13, 15, 17, 4, 5, 13, 5, 0, 5 ], [ 3, 15, 14, 10, 11, 6, 5, 15, 18, 6, 7, 17, 11, 6, 11, 13, 14, 11, 8, 16, 4, 4, 19, 16, 7, 10, 11, 11, 11, 9, 5, 11, 6, 10, 4, 16, 7, 7, 14, 12, 10, 11, 6, 1, 4, 6, 7, 11, 12, 5, 9, 17, 7, 11, 12, 8, 5, 4, 14, 5, 6, 13, 15, 13, 6, 15, 6, 14, 1, 17, 14, 2, 10, 6, 16, 10, 9, 15, 8, 15, 16, 17, 8, 15, 13, 18, 11, 8, 9, 3, 10, 0, 9, 2, 10, 9, 7, 13, 9, 11, 7, 4, 8, 12, 5, 9, 4, 11, 15, 12, 11, 19, 3, 15, 11, 6, 9, 2, 18, 6, 18, 14, 15, 18, 8, 10, 13 ], [ 10, 11, 18, 9, 13, 4, 14, 14, 17, 6, 12, 22, 17, 8, 19, 10, 20, 18, 3, 12, 14, 6, 21, 22, 16, 3, 15, 13, 14, 8, 10, 14, 4, 12, 5, 13, 5, 3, 22, 15, 18, 14, 14, 9, 10, 6, 2, 7, 21, 14, 5, 17, 3, 11, 10, 13, 7, 6, 21, 13, 10, 22, 17, 18, 4, 20, 10, 20, 9, 19, 14, 9, 14, 10, 17, 4, 18, 20, 11, 18, 23, 12, 6, 14, 18, 19, 8, 10, 13, 12, 18, 9, 0, 10, 7, 4, 3, 6, 2, 2, 4, 13, 2, 11, 6, 11, 11, 9, 11, 13, 13, 19, 12, 20, 8, 6, 16, 7, 20, 4, 17, 21, 22, 21, 17, 18, 19 ], [ 2, 17, 15, 11, 12, 7, 5, 17, 20, 8, 9, 18, 12, 8, 12, 15, 15, 12, 9, 18, 4, 5, 21, 17, 6, 11, 13, 13, 12, 11, 7, 13, 8, 12, 6, 18, 9, 8, 14, 14, 11, 13, 6, 2, 6, 7, 8, 13, 12, 4, 11, 19, 8, 12, 14, 10, 5, 5, 15, 3, 8, 13, 17, 14, 7, 16, 8, 15, 3, 19, 15, 4, 11, 7, 18, 11, 9, 17, 10, 16, 16, 18, 9, 17, 14, 20, 13, 10, 10, 2, 11, 2, 10, 0, 12, 10, 8, 14, 10, 13, 8, 3, 9, 14, 5, 10, 2, 13, 16, 14, 13, 21, 4, 17, 13, 6, 10, 4, 19, 6, 20, 14, 16, 20, 8, 11, 14 ], [ 12, 5, 13, 3, 8, 7, 12, 7, 10, 5, 8, 17, 13, 5, 16, 3, 14, 14, 4, 6, 14, 9, 14, 17, 16, 4, 9, 6, 9, 2, 7, 8, 6, 6, 7, 6, 4, 9, 19, 9, 15, 8, 13, 10, 8, 5, 8, 1, 18, 14, 2, 9, 9, 4, 3, 8, 11, 8, 16, 15, 6, 19, 10, 12, 10, 14, 6, 16, 10, 12, 6, 9, 9, 6, 10, 4, 15, 14, 7, 11, 18, 6, 3, 7, 12, 12, 0, 4, 8, 13, 15, 10, 7, 12, 0, 3, 7, 4, 9, 7, 10, 13, 9, 4, 10, 5, 14, 2, 5, 6, 7, 12, 11, 14, 1, 11, 12, 9, 13, 9, 10, 17, 17, 14, 16, 15, 14 ], [ 10, 8, 15, 6, 10, 4, 12, 10, 13, 3, 9, 19, 14, 5, 17, 6, 16, 15, 1, 9, 13, 6, 17, 19, 15, 1, 11, 9, 11, 4, 7, 10, 3, 9, 5, 10, 2, 5, 20, 12, 16, 10, 13, 8, 8, 3, 4, 4, 19, 13, 2, 13, 6, 7, 6, 10, 9, 5, 18, 13, 7, 19, 13, 14, 6, 16, 7, 17, 8, 15, 10, 8, 11, 7, 14, 1, 16, 16, 8, 14, 20, 9, 2, 10, 14, 15, 4, 6, 10, 12, 15, 9, 4, 10, 3, 0, 4, 4, 5, 4, 7, 12, 5, 7, 7, 7, 11, 5, 8, 9, 10, 16, 10, 16, 4, 8, 13, 7, 17, 6, 13, 18, 19, 17, 16, 16, 16 ], [ 7, 12, 17, 9, 12, 1, 11, 14, 17, 4, 10, 21, 16, 6, 17, 10, 18, 16, 3, 13, 11, 3, 20, 21, 13, 4, 13, 12, 13, 7, 8, 13, 2, 11, 3, 14, 4, 1, 20, 14, 16, 13, 12, 6, 8, 4, 1, 8, 18, 11, 5, 16, 2, 10, 10, 11, 5, 3, 19, 10, 8, 19, 16, 16, 2, 18, 8, 18, 7, 18, 13, 7, 13, 8, 17, 4, 15, 18, 10, 17, 21, 13, 5, 14, 16, 19, 8, 8, 11, 10, 16, 7, 3, 8, 7, 4, 0, 8, 2, 5, 3, 11, 2, 11, 3, 10, 8, 9, 12, 12, 12, 19, 9, 18, 8, 4, 14, 5, 19, 2, 17, 19, 20, 20, 15, 16, 17 ], [ 14, 6, 17, 7, 11, 8, 16, 9, 12, 7, 12, 21, 17, 8, 20, 5, 18, 18, 5, 6, 17, 10, 17, 21, 19, 3, 13, 10, 13, 6, 11, 12, 7, 10, 9, 7, 6, 9, 23, 13, 19, 11, 16, 12, 11, 7, 8, 3, 22, 17, 4, 12, 9, 8, 6, 12, 12, 9, 20, 17, 10, 22, 13, 16, 10, 18, 10, 20, 12, 15, 10, 11, 13, 10, 14, 3, 19, 18, 11, 15, 22, 6, 6, 10, 16, 15, 4, 8, 12, 16, 19, 13, 6, 14, 4, 4, 8, 0, 8, 4, 10, 16, 8, 7, 11, 9, 15, 5, 6, 10, 11, 15, 14, 18, 4, 11, 16, 11, 17, 10, 12, 21, 21, 17, 20, 19, 18 ], [ 9, 13, 19, 11, 14, 4, 13, 15, 18, 6, 13, 23, 18, 9, 19, 11, 20, 19, 4, 14, 13, 5, 22, 23, 15, 5, 15, 14, 15, 9, 11, 15, 4, 13, 5, 15, 6, 2, 22, 16, 18, 15, 14, 8, 10, 6, 2, 9, 21, 13, 7, 18, 2, 12, 11, 13, 6, 5, 21, 12, 11, 22, 18, 18, 3, 21, 11, 21, 9, 20, 15, 9, 15, 10, 19, 5, 18, 21, 12, 19, 23, 14, 7, 15, 19, 20, 9, 11, 14, 12, 18, 9, 2, 10, 9, 5, 2, 8, 0, 4, 3, 13, 1, 13, 5, 12, 9, 10, 13, 14, 14, 21, 12, 21, 9, 4, 16, 7, 21, 3, 18, 21, 22, 22, 17, 18, 20 ], [ 12, 10, 19, 9, 14, 6, 15, 13, 16, 7, 13, 23, 18, 9, 20, 9, 20, 19, 4, 10, 15, 8, 21, 23, 18, 3, 15, 13, 15, 8, 11, 14, 5, 12, 7, 11, 6, 6, 23, 15, 19, 14, 16, 11, 11, 7, 5, 6, 22, 16, 5, 16, 5, 11, 9, 13, 9, 8, 22, 15, 11, 23, 16, 18, 7, 20, 11, 21, 11, 18, 13, 11, 15, 11, 17, 3, 19, 20, 12, 18, 24, 10, 6, 13, 18, 18, 7, 10, 14, 14, 19, 11, 2, 13, 7, 4, 5, 4, 4, 0, 7, 15, 5, 11, 8, 11, 13, 8, 10, 13, 13, 19, 13, 20, 7, 8, 17, 9, 20, 7, 16, 22, 23, 21, 19, 19, 20 ], [ 6, 15, 19, 11, 15, 4, 12, 17, 20, 7, 12, 23, 17, 9, 18, 13, 20, 18, 6, 16, 11, 4, 23, 22, 13, 7, 16, 14, 15, 10, 10, 15, 5, 14, 5, 16, 7, 1, 21, 17, 17, 15, 13, 6, 10, 6, 3, 11, 19, 12, 8, 19, 1, 13, 13, 13, 3, 4, 21, 9, 11, 20, 19, 18, 1, 20, 11, 20, 8, 21, 16, 8, 15, 10, 20, 7, 16, 21, 12, 19, 22, 16, 8, 17, 19, 21, 11, 11, 14, 9, 17, 7, 4, 8, 10, 7, 3, 10, 3, 7, 0, 11, 2, 14, 3, 12, 7, 12, 15, 15, 15, 22, 10, 21, 11, 1, 15, 6, 22, 2, 20, 20, 21, 22, 15, 17, 19 ], [ 5, 18, 13, 12, 11, 10, 2, 17, 20, 9, 8, 15, 10, 8, 9, 16, 13, 9, 11, 19, 0, 8, 19, 14, 3, 13, 12, 12, 11, 12, 7, 12, 10, 11, 8, 19, 10, 11, 11, 13, 8, 12, 3, 5, 6, 9, 11, 15, 8, 1, 13, 19, 11, 12, 14, 9, 9, 8, 12, 4, 8, 10, 16, 12, 10, 14, 8, 12, 4, 18, 15, 5, 10, 8, 17, 14, 6, 15, 9, 15, 13, 19, 11, 17, 12, 19, 14, 10, 9, 2, 7, 4, 13, 3, 13, 12, 11, 16, 13, 15, 11, 0, 12, 15, 8, 10, 5, 13, 17, 13, 12, 20, 3, 15, 14, 10, 7, 6, 18, 10, 20, 11, 13, 18, 4, 8, 12 ], [ 8, 13, 19, 10, 14, 3, 13, 15, 19, 6, 12, 23, 17, 8, 19, 12, 20, 18, 4, 14, 12, 4, 22, 22, 14, 5, 15, 13, 15, 9, 10, 14, 4, 13, 5, 15, 6, 1, 22, 16, 18, 15, 13, 7, 10, 6, 1, 9, 20, 13, 7, 18, 1, 12, 11, 13, 5, 5, 21, 11, 10, 21, 18, 18, 2, 20, 10, 20, 8, 20, 15, 8, 14, 10, 19, 5, 17, 20, 12, 19, 23, 14, 7, 16, 18, 20, 9, 10, 13, 11, 17, 8, 2, 9, 9, 5, 2, 8, 1, 5, 2, 12, 0, 13, 4, 12, 9, 10, 13, 14, 14, 21, 11, 20, 9, 3, 16, 6, 21, 3, 19, 21, 22, 22, 16, 17, 19 ], [ 15, 4, 10, 3, 5, 11, 13, 3, 6, 8, 8, 14, 11, 7, 14, 3, 12, 13, 8, 5, 15, 12, 10, 15, 17, 8, 6, 4, 7, 4, 8, 5, 9, 4, 10, 5, 7, 13, 17, 6, 14, 5, 13, 13, 9, 8, 12, 5, 18, 15, 6, 5, 13, 2, 1, 7, 15, 11, 14, 17, 7, 17, 6, 9, 13, 11, 7, 13, 12, 8, 2, 10, 7, 7, 6, 8, 15, 11, 6, 8, 16, 6, 6, 3, 10, 8, 4, 4, 7, 15, 14, 12, 11, 14, 4, 7, 11, 7, 13, 11, 14, 15, 13, 0, 13, 5, 16, 3, 3, 3, 4, 8, 12, 11, 4, 15, 11, 11, 10, 13, 6, 15, 15, 10, 17, 14, 12 ], [ 4, 15, 17, 10, 13, 3, 9, 16, 19, 6, 10, 21, 15, 7, 16, 13, 18, 15, 6, 16, 9, 1, 21, 20, 11, 7, 14, 13, 13, 9, 8, 13, 4, 12, 3, 16, 6, 3, 19, 15, 15, 14, 10, 3, 7, 5, 3, 10, 16, 9, 8, 18, 3, 12, 12, 11, 2, 2, 18, 7, 9, 18, 17, 16, 2, 18, 9, 18, 5, 19, 15, 5, 13, 8, 18, 8, 14, 19, 10, 17, 20, 16, 7, 16, 16, 20, 10, 10, 12, 7, 14, 5, 6, 5, 10, 7, 3, 11, 5, 8, 3, 8, 4, 13, 0, 11, 5, 11, 14, 13, 13, 21, 8, 19, 10, 2, 13, 3, 20, 1, 19, 18, 19, 21, 12, 14, 17 ], [ 11, 8, 7, 3, 3, 9, 8, 7, 10, 6, 3, 12, 7, 4, 10, 6, 9, 9, 8, 10, 10, 9, 11, 12, 13, 9, 4, 2, 4, 4, 3, 3, 8, 2, 7, 9, 6, 11, 13, 4, 10, 3, 9, 9, 4, 6, 10, 7, 13, 10, 6, 9, 12, 2, 5, 3, 12, 8, 11, 13, 2, 13, 7, 7, 11, 9, 2, 10, 8, 9, 5, 6, 3, 3, 7, 8, 10, 9, 2, 7, 13, 10, 5, 6, 7, 10, 6, 1, 3, 11, 10, 9, 11, 10, 5, 7, 10, 9, 12, 11, 12, 10, 12, 5, 11, 0, 13, 4, 8, 3, 3, 10, 8, 9, 6, 12, 7, 8, 10, 11, 10, 11, 12, 10, 12, 10, 9 ], [ 1, 18, 17, 13, 15, 7, 7, 19, 22, 9, 11, 20, 15, 9, 14, 16, 17, 14, 10, 20, 6, 5, 23, 19, 7, 12, 15, 15, 14, 12, 9, 15, 9, 14, 7, 20, 10, 7, 17, 16, 13, 15, 8, 3, 8, 9, 8, 14, 14, 6, 12, 21, 8, 14, 15, 12, 4, 6, 17, 2, 10, 15, 19, 17, 6, 19, 10, 17, 5, 21, 18, 6, 14, 10, 20, 12, 11, 19, 12, 19, 19, 20, 11, 19, 17, 22, 14, 12, 13, 4, 13, 4, 11, 2, 14, 11, 8, 15, 9, 13, 7, 5, 9, 16, 5, 13, 0, 14, 18, 16, 15, 23, 6, 19, 14, 5, 12, 5, 22, 6, 22, 16, 18, 22, 9, 13, 17 ], [ 13, 4, 11, 2, 6, 8, 12, 5, 8, 5, 7, 16, 11, 5, 15, 2, 13, 13, 6, 6, 14, 10, 13, 16, 16, 6, 7, 5, 8, 2, 7, 6, 7, 5, 8, 6, 5, 10, 18, 8, 14, 6, 12, 11, 7, 6, 9, 3, 18, 13, 3, 8, 11, 3, 1, 7, 12, 9, 15, 15, 6, 18, 8, 11, 11, 13, 6, 14, 10, 10, 5, 9, 8, 6, 9, 5, 15, 12, 6, 10, 17, 6, 4, 5, 11, 10, 1, 3, 7, 14, 14, 11, 9, 13, 2, 5, 9, 5, 10, 8, 12, 13, 10, 3, 11, 4, 14, 0, 4, 4, 6, 11, 11, 12, 1, 12, 11, 9, 12, 10, 8, 15, 16, 12, 16, 14, 13 ], [ 17, 1, 13, 5, 8, 12, 16, 4, 6, 9, 11, 17, 14, 9, 18, 2, 15, 16, 9, 2, 17, 13, 12, 18, 20, 8, 10, 7, 10, 6, 11, 9, 10, 7, 11, 2, 8, 13, 21, 9, 17, 8, 16, 15, 11, 9, 12, 4, 21, 17, 6, 6, 14, 5, 3, 10, 16, 12, 18, 19, 9, 21, 8, 13, 14, 14, 10, 17, 14, 10, 5, 13, 10, 10, 9, 8, 18, 14, 9, 11, 20, 2, 7, 4, 13, 9, 4, 7, 10, 18, 17, 15, 11, 16, 5, 8, 12, 6, 13, 10, 15, 17, 13, 3, 14, 8, 18, 4, 0, 6, 8, 9, 15, 14, 4, 16, 14, 13, 12, 14, 6, 18, 18, 12, 20, 17, 15 ], [ 15, 7, 7, 3, 3, 11, 11, 4, 6, 8, 6, 11, 8, 6, 12, 5, 9, 10, 9, 8, 13, 12, 8, 12, 16, 10, 4, 1, 4, 5, 7, 3, 10, 2, 10, 7, 8, 13, 15, 3, 12, 2, 12, 12, 8, 8, 13, 7, 16, 13, 7, 6, 14, 2, 4, 5, 15, 11, 12, 16, 5, 15, 4, 7, 14, 9, 6, 11, 11, 6, 2, 10, 5, 6, 5, 10, 13, 8, 4, 5, 14, 8, 7, 3, 7, 7, 6, 4, 5, 14, 11, 12, 13, 14, 6, 9, 12, 10, 14, 13, 15, 13, 14, 3, 13, 3, 16, 4, 6, 0, 2, 7, 11, 8, 6, 15, 9, 11, 8, 13, 7, 12, 12, 8, 15, 12, 9 ], [ 14, 8, 6, 4, 1, 11, 10, 5, 8, 8, 5, 10, 6, 6, 10, 7, 8, 9, 10, 9, 12, 12, 8, 10, 14, 11, 2, 1, 3, 6, 6, 1, 10, 1, 10, 9, 8, 14, 13, 2, 10, 1, 10, 12, 7, 9, 13, 8, 14, 12, 8, 7, 14, 3, 5, 4, 15, 11, 10, 16, 5, 13, 4, 5, 14, 7, 5, 9, 10, 6, 3, 9, 3, 6, 5, 11, 11, 7, 3, 4, 12, 10, 8, 5, 5, 7, 7, 4, 3, 13, 10, 11, 13, 13, 7, 10, 12, 11, 14, 13, 15, 12, 14, 4, 13, 3, 15, 6, 8, 2, 0, 8, 10, 7, 7, 15, 7, 11, 7, 14, 8, 11, 11, 7, 14, 10, 8 ], [ 22, 10, 9, 10, 8, 18, 18, 6, 4, 15, 12, 11, 11, 14, 15, 10, 11, 14, 16, 10, 20, 19, 3, 13, 21, 16, 8, 8, 9, 12, 13, 8, 17, 9, 17, 9, 15, 20, 17, 7, 15, 8, 17, 20, 14, 16, 20, 13, 20, 19, 14, 4, 21, 9, 9, 11, 22, 18, 14, 23, 12, 18, 3, 9, 21, 9, 13, 13, 18, 2, 6, 17, 10, 13, 3, 16, 17, 8, 11, 5, 15, 10, 14, 5, 9, 0, 12, 11, 10, 21, 16, 19, 19, 21, 12, 16, 19, 15, 21, 19, 22, 20, 21, 8, 21, 10, 23, 11, 9, 7, 8, 0, 17, 8, 12, 22, 13, 18, 4, 21, 4, 15, 14, 4, 20, 16, 12 ], [ 6, 15, 11, 9, 9, 8, 2, 14, 17, 7, 5, 14, 8, 6, 8, 13, 11, 8, 9, 16, 3, 7, 17, 13, 5, 11, 9, 10, 8, 9, 4, 9, 8, 9, 6, 16, 8, 10, 11, 10, 7, 10, 2, 4, 3, 7, 10, 12, 9, 3, 10, 16, 10, 10, 12, 6, 8, 6, 11, 6, 5, 10, 14, 10, 9, 12, 5, 11, 3, 15, 13, 3, 8, 5, 14, 11, 6, 13, 6, 13, 12, 17, 9, 14, 10, 17, 11, 8, 7, 4, 7, 3, 12, 4, 11, 10, 9, 14, 12, 13, 10, 3, 11, 12, 8, 8, 6, 11, 15, 11, 10, 17, 0, 13, 12, 9, 6, 5, 16, 9, 17, 10, 12, 16, 6, 7, 10 ], [ 18, 14, 2, 11, 6, 17, 12, 10, 11, 14, 8, 4, 5, 12, 8, 13, 3, 6, 16, 15, 15, 17, 6, 5, 16, 17, 5, 8, 5, 12, 11, 6, 17, 8, 16, 14, 15, 20, 9, 5, 8, 6, 12, 16, 11, 15, 19, 15, 12, 14, 15, 10, 20, 9, 12, 7, 20, 17, 6, 19, 10, 10, 6, 2, 20, 1, 10, 5, 14, 6, 9, 13, 6, 11, 6, 17, 11, 0, 8, 3, 7, 16, 14, 10, 2, 8, 14, 10, 7, 16, 9, 15, 20, 17, 14, 16, 18, 18, 21, 20, 21, 15, 20, 11, 19, 9, 19, 12, 14, 8, 7, 8, 13, 0, 14, 21, 7, 15, 4, 19, 11, 7, 6, 4, 14, 9, 4 ], [ 13, 4, 13, 3, 8, 8, 13, 6, 9, 5, 8, 17, 13, 6, 16, 2, 14, 15, 5, 5, 14, 9, 14, 17, 17, 5, 9, 6, 9, 2, 8, 8, 6, 6, 8, 6, 4, 9, 19, 9, 15, 8, 13, 11, 8, 6, 8, 1, 19, 14, 3, 9, 10, 4, 2, 8, 12, 9, 17, 16, 7, 19, 9, 12, 10, 14, 7, 16, 10, 11, 6, 9, 9, 7, 10, 4, 16, 14, 7, 11, 19, 6, 4, 6, 12, 11, 0, 4, 8, 14, 15, 11, 8, 13, 1, 4, 8, 4, 9, 7, 11, 14, 9, 4, 10, 6, 14, 1, 4, 6, 7, 12, 12, 14, 0, 12, 12, 9, 13, 10, 9, 17, 17, 14, 17, 15, 14 ], [ 5, 16, 19, 12, 15, 4, 11, 17, 21, 7, 12, 23, 17, 9, 18, 14, 20, 17, 7, 17, 10, 3, 23, 22, 12, 8, 16, 15, 15, 11, 10, 15, 5, 14, 5, 17, 7, 3, 20, 17, 17, 15, 12, 5, 9, 7, 4, 11, 18, 11, 9, 20, 3, 13, 13, 13, 1, 4, 20, 8, 11, 19, 19, 18, 1, 20, 11, 20, 7, 21, 17, 7, 15, 10, 20, 8, 15, 21, 12, 19, 22, 17, 9, 17, 18, 22, 11, 11, 13, 8, 16, 6, 6, 6, 11, 8, 4, 11, 4, 8, 1, 10, 3, 15, 2, 12, 5, 12, 16, 15, 15, 22, 9, 21, 12, 0, 15, 5, 22, 2, 21, 20, 21, 22, 14, 16, 19 ], [ 11, 15, 6, 9, 6, 13, 5, 12, 15, 10, 4, 8, 3, 8, 4, 13, 5, 2, 13, 16, 7, 12, 12, 7, 8, 14, 6, 8, 5, 10, 6, 6, 12, 7, 11, 16, 11, 14, 7, 6, 3, 7, 5, 10, 6, 10, 14, 13, 7, 7, 12, 14, 15, 9, 11, 4, 14, 11, 5, 12, 6, 6, 10, 5, 14, 6, 6, 5, 8, 11, 11, 7, 4, 6, 10, 14, 4, 7, 5, 8, 7, 17, 11, 12, 5, 13, 12, 8, 4, 9, 3, 9, 16, 10, 12, 13, 14, 16, 16, 17, 15, 7, 16, 11, 13, 7, 12, 11, 14, 9, 7, 13, 6, 7, 12, 15, 0, 10, 11, 14, 15, 5, 6, 11, 7, 3, 4 ], [ 4, 13, 14, 8, 10, 4, 6, 14, 17, 4, 7, 17, 12, 4, 12, 11, 14, 12, 6, 15, 6, 2, 19, 17, 8, 8, 11, 10, 10, 7, 5, 10, 4, 9, 2, 15, 5, 5, 15, 12, 12, 11, 7, 2, 4, 4, 5, 10, 14, 6, 7, 16, 6, 9, 10, 8, 5, 2, 15, 6, 6, 15, 15, 13, 5, 15, 6, 14, 2, 17, 13, 2, 10, 5, 15, 8, 10, 15, 7, 14, 17, 15, 6, 14, 13, 18, 9, 7, 8, 5, 11, 2, 7, 4, 9, 7, 5, 11, 7, 9, 6, 6, 6, 11, 3, 8, 5, 9, 13, 11, 11, 18, 5, 15, 9, 5, 10, 0, 17, 4, 17, 14, 16, 18, 10, 11, 14 ], [ 21, 12, 5, 11, 7, 19, 16, 8, 7, 15, 11, 7, 8, 13, 12, 12, 7, 11, 17, 13, 18, 19, 1, 9, 19, 18, 7, 8, 7, 13, 13, 7, 18, 8, 17, 12, 16, 21, 14, 6, 12, 7, 15, 19, 13, 16, 20, 14, 16, 17, 15, 7, 21, 9, 11, 10, 22, 18, 10, 22, 12, 15, 4, 6, 21, 6, 12, 9, 17, 2, 7, 16, 8, 12, 3, 17, 15, 5, 10, 3, 11, 13, 15, 8, 6, 4, 13, 11, 9, 19, 13, 18, 20, 19, 13, 17, 19, 17, 21, 20, 22, 18, 21, 10, 20, 10, 22, 12, 12, 8, 7, 4, 16, 4, 13, 22, 11, 17, 0, 21, 8, 11, 10, 1, 18, 13, 8 ], [ 5, 14, 18, 10, 13, 2, 10, 16, 19, 5, 11, 21, 16, 7, 17, 12, 18, 16, 5, 15, 10, 2, 22, 21, 12, 6, 14, 13, 14, 9, 9, 14, 4, 12, 3, 16, 6, 1, 20, 15, 16, 14, 11, 5, 8, 5, 2, 10, 18, 10, 7, 18, 2, 12, 12, 12, 2, 3, 19, 8, 9, 19, 18, 17, 1, 19, 9, 18, 6, 19, 15, 6, 13, 8, 18, 7, 15, 19, 11, 18, 21, 15, 7, 16, 17, 20, 10, 10, 12, 8, 15, 6, 4, 6, 9, 6, 2, 10, 3, 7, 2, 10, 3, 13, 1, 11, 6, 10, 14, 13, 14, 21, 9, 19, 10, 2, 14, 4, 21, 0, 19, 19, 20, 21, 14, 15, 18 ], [ 21, 6, 11, 9, 9, 17, 18, 3, 0, 14, 12, 14, 13, 13, 17, 7, 13, 16, 14, 7, 20, 18, 7, 16, 22, 14, 9, 8, 10, 10, 13, 9, 15, 8, 16, 5, 13, 18, 20, 8, 17, 8, 18, 19, 14, 14, 18, 10, 21, 20, 12, 1, 19, 8, 7, 11, 21, 17, 16, 23, 12, 20, 5, 11, 19, 12, 12, 15, 17, 5, 5, 16, 11, 13, 5, 13, 19, 11, 11, 8, 18, 7, 12, 3, 11, 4, 9, 10, 11, 21, 17, 18, 17, 20, 10, 13, 17, 12, 18, 16, 20, 20, 19, 6, 19, 10, 22, 8, 6, 7, 8, 4, 17, 11, 9, 21, 15, 17, 8, 19, 0, 17, 17, 8, 21, 17, 14 ], [ 16, 19, 6, 14, 10, 18, 9, 15, 17, 15, 9, 5, 4, 13, 2, 17, 4, 3, 18, 20, 11, 17, 12, 3, 11, 19, 9, 11, 8, 15, 11, 10, 17, 11, 16, 19, 16, 19, 3, 9, 3, 10, 8, 15, 11, 15, 19, 18, 6, 10, 17, 16, 20, 13, 15, 9, 19, 16, 1, 15, 11, 4, 12, 6, 19, 6, 11, 2, 13, 12, 14, 12, 8, 11, 12, 19, 6, 7, 10, 9, 2, 20, 16, 15, 6, 14, 17, 12, 9, 13, 4, 14, 21, 14, 17, 18, 19, 21, 21, 22, 20, 11, 21, 15, 18, 11, 16, 15, 18, 12, 11, 15, 10, 7, 17, 20, 5, 14, 11, 19, 17, 0, 2, 11, 9, 4, 3 ], [ 17, 19, 6, 14, 10, 19, 11, 15, 16, 16, 10, 4, 5, 14, 4, 18, 3, 4, 18, 20, 13, 18, 11, 2, 13, 20, 9, 11, 8, 15, 12, 10, 18, 11, 17, 19, 17, 21, 4, 9, 5, 10, 10, 16, 12, 16, 21, 18, 7, 12, 18, 16, 21, 13, 16, 9, 20, 17, 1, 17, 12, 5, 12, 6, 20, 5, 12, 2, 14, 12, 14, 14, 8, 12, 12, 20, 7, 6, 11, 9, 1, 20, 16, 15, 5, 14, 17, 13, 9, 15, 5, 15, 22, 16, 17, 19, 20, 21, 22, 23, 21, 13, 22, 15, 19, 12, 18, 16, 18, 12, 11, 14, 12, 6, 17, 21, 6, 16, 10, 20, 17, 2, 0, 10, 10, 5, 3 ], [ 21, 13, 5, 11, 8, 19, 16, 8, 8, 16, 11, 7, 8, 14, 12, 13, 7, 11, 17, 14, 18, 19, 1, 8, 19, 18, 7, 8, 7, 13, 13, 7, 18, 9, 18, 12, 16, 21, 14, 6, 12, 7, 15, 19, 14, 16, 20, 15, 16, 17, 15, 8, 22, 10, 11, 10, 22, 18, 10, 22, 12, 15, 4, 6, 21, 5, 12, 9, 17, 3, 8, 16, 8, 13, 4, 18, 15, 4, 10, 3, 11, 14, 15, 8, 6, 4, 14, 11, 9, 19, 13, 18, 21, 20, 14, 17, 20, 17, 22, 21, 22, 18, 22, 10, 21, 10, 22, 12, 12, 8, 7, 4, 16, 4, 14, 22, 11, 18, 1, 21, 8, 11, 10, 0, 18, 13, 8 ], [ 9, 20, 12, 14, 13, 14, 4, 18, 21, 13, 9, 14, 9, 11, 6, 18, 11, 7, 15, 22, 4, 12, 19, 12, 3, 17, 12, 14, 12, 15, 9, 13, 14, 13, 12, 21, 14, 15, 8, 13, 6, 13, 4, 9, 9, 13, 15, 18, 5, 3, 16, 20, 15, 14, 17, 10, 13, 12, 10, 7, 10, 7, 17, 12, 14, 13, 10, 10, 8, 18, 17, 8, 11, 10, 17, 17, 3, 14, 11, 15, 11, 22, 14, 18, 12, 20, 17, 13, 10, 6, 5, 8, 17, 8, 16, 16, 15, 20, 17, 19, 15, 4, 16, 17, 12, 12, 9, 16, 20, 15, 14, 20, 6, 14, 17, 14, 7, 10, 18, 14, 21, 9, 10, 18, 0, 5, 10 ], [ 12, 18, 7, 12, 9, 14, 5, 15, 17, 12, 7, 8, 4, 10, 1, 16, 6, 2, 15, 19, 7, 13, 14, 7, 8, 17, 8, 10, 7, 13, 8, 9, 14, 10, 13, 18, 14, 16, 4, 9, 0, 9, 5, 11, 8, 13, 16, 16, 4, 7, 15, 16, 17, 12, 14, 7, 15, 13, 4, 12, 9, 4, 13, 7, 16, 8, 8, 4, 9, 14, 13, 9, 7, 9, 13, 17, 2, 9, 8, 10, 6, 19, 13, 15, 7, 15, 15, 11, 7, 9, 0, 10, 18, 11, 15, 16, 16, 19, 18, 19, 17, 8, 17, 14, 14, 10, 13, 14, 17, 12, 10, 16, 7, 9, 15, 16, 3, 11, 13, 15, 17, 4, 5, 13, 5, 0, 5 ], [ 16, 16, 3, 11, 7, 16, 9, 12, 14, 14, 7, 4, 2, 11, 4, 15, 1, 3, 16, 17, 12, 16, 9, 3, 12, 17, 6, 9, 6, 13, 9, 7, 16, 8, 15, 16, 14, 18, 6, 6, 5, 7, 9, 14, 10, 14, 18, 16, 8, 11, 15, 13, 19, 10, 13, 7, 18, 15, 2, 16, 9, 7, 9, 3, 18, 3, 9, 1, 12, 9, 11, 12, 5, 10, 9, 17, 7, 4, 8, 6, 4, 17, 14, 12, 3, 11, 14, 10, 6, 13, 5, 13, 19, 14, 14, 16, 17, 18, 20, 20, 19, 12, 19, 12, 17, 9, 17, 13, 15, 9, 8, 12, 10, 4, 14, 19, 4, 14, 8, 18, 14, 3, 3, 8, 10, 5, 0 ] ]
}