{
  "version" : "0.3",
  "id" : 680054358,
  "name" : "PTP-RAND-3_32_4_64",
  "coordType" : "Eucl",
  "sameVehicleBackward" : false,
  "maxWaitTime" : "00h30",
  "places" : [ {
    "id" : 0,
    "lat" : 4.293978308717784,
    "long" : -1.7587137697959643,
    "category" : 0
  }, {
    "id" : 1,
    "lat" : 6.4124952353654505,
    "long" : 4.711904668795749,
    "category" : 0
  }, {
    "id" : 2,
    "lat" : 10.205702355399525,
    "long" : -0.285774530892857,
    "category" : 0
  }, {
    "id" : 3,
    "lat" : 8.542960180472583,
    "long" : -5.525094326354398,
    "category" : 0
  }, {
    "id" : 4,
    "lat" : -0.8016000668435675,
    "long" : -0.28654218122727937,
    "category" : 0
  }, {
    "id" : 5,
    "lat" : -10.39255933735567,
    "long" : -4.890241859145852,
    "category" : 0
  }, {
    "id" : 6,
    "lat" : -3.520006717102609,
    "long" : -2.640271098720464,
    "category" : 0
  }, {
    "id" : 7,
    "lat" : 7.8979428251317225,
    "long" : 2.8607681796293942,
    "category" : 0
  }, {
    "id" : 8,
    "lat" : 0.7484056883441735,
    "long" : -0.03037197128126937,
    "category" : 0
  }, {
    "id" : 9,
    "lat" : 5.5789135346456336,
    "long" : 0.036281177559081015,
    "category" : 0
  }, {
    "id" : 10,
    "lat" : -7.218125623008131,
    "long" : -1.2367143084361267,
    "category" : 0
  }, {
    "id" : 11,
    "lat" : 4.488917984955249,
    "long" : -5.454025270568173,
    "category" : 0
  }, {
    "id" : 12,
    "lat" : -1.5075299945318816,
    "long" : -11.035223567120958,
    "category" : 0
  }, {
    "id" : 13,
    "lat" : -5.819650343789314,
    "long" : 9.800226230833308,
    "category" : 0
  }, {
    "id" : 14,
    "lat" : -6.770269061534727,
    "long" : -1.4744511087590702,
    "category" : 0
  }, {
    "id" : 15,
    "lat" : 8.363769225492465,
    "long" : -8.106559261170483,
    "category" : 0
  }, {
    "id" : 16,
    "lat" : -0.9907096495435823,
    "long" : 3.482735318415378,
    "category" : 0
  }, {
    "id" : 17,
    "lat" : -5.634119959240031,
    "long" : 0.4286872857651876,
    "category" : 0
  }, {
    "id" : 18,
    "lat" : -10.681612048244741,
    "long" : -0.6662290053202686,
    "category" : 0
  }, {
    "id" : 19,
    "lat" : 4.0205606904273266,
    "long" : -4.559374655299223,
    "category" : 0
  }, {
    "id" : 20,
    "lat" : -11.950606094916708,
    "long" : -0.6124411001012358,
    "category" : 0
  }, {
    "id" : 21,
    "lat" : 7.691316084344369,
    "long" : -2.1484275543663514,
    "category" : 0
  }, {
    "id" : 22,
    "lat" : 3.743088095875033,
    "long" : -9.141886929632472,
    "category" : 0
  }, {
    "id" : 23,
    "lat" : -3.838398245144614,
    "long" : 8.004339197786976,
    "category" : 0
  }, {
    "id" : 24,
    "lat" : -2.8439086651847987,
    "long" : 6.280965347988712,
    "category" : 0
  }, {
    "id" : 25,
    "lat" : -3.231342616422222,
    "long" : 8.546404329805133,
    "category" : 0
  }, {
    "id" : 26,
    "lat" : -8.806435911592997,
    "long" : -0.6920982657833347,
    "category" : 0
  }, {
    "id" : 27,
    "lat" : 10.248087253243533,
    "long" : -2.873686837529335,
    "category" : 0
  }, {
    "id" : 28,
    "lat" : 4.887477578496972,
    "long" : -5.179318970928885,
    "category" : 0
  }, {
    "id" : 29,
    "lat" : -1.9781532417691996,
    "long" : -5.816883840866886,
    "category" : 0
  }, {
    "id" : 30,
    "lat" : -0.2760711050658553,
    "long" : 4.684144739115582,
    "category" : 0
  }, {
    "id" : 31,
    "lat" : -5.709165081804526,
    "long" : 5.8673587682913455,
    "category" : 0
  }, {
    "id" : 32,
    "lat" : -2.6446820377003597,
    "long" : -3.9892391018469353,
    "category" : 1
  }, {
    "id" : 33,
    "lat" : 5.922024103715035,
    "long" : -8.566559412304287,
    "category" : 2
  }, {
    "id" : 34,
    "lat" : -6.399975226829494,
    "long" : 3.095583330085373,
    "category" : 2
  }, {
    "id" : 35,
    "lat" : 3.159014006309883,
    "long" : -6.887643613554875,
    "category" : 2
  }, {
    "id" : 36,
    "lat" : 8.020430714723476,
    "long" : -4.24633078832968,
    "category" : 2
  }, {
    "id" : 37,
    "lat" : -7.3411169955075755,
    "long" : 0.30715310038150767,
    "category" : 2
  }, {
    "id" : 38,
    "lat" : 8.145352209381235,
    "long" : 4.440966423195796,
    "category" : 2
  }, {
    "id" : 39,
    "lat" : 4.221433294404347,
    "long" : 3.6357982890329903,
    "category" : 2
  }, {
    "id" : 40,
    "lat" : 3.689481843068396,
    "long" : -9.181064092285853,
    "category" : 2
  }, {
    "id" : 41,
    "lat" : -2.6935248993245344,
    "long" : -6.396145104636289,
    "category" : 2
  }, {
    "id" : 42,
    "lat" : -6.092471701523445,
    "long" : -4.902486260134164,
    "category" : 2
  }, {
    "id" : 43,
    "lat" : -2.891573642855819,
    "long" : 7.2631629457372195,
    "category" : 2
  }, {
    "id" : 44,
    "lat" : 5.75886944652918,
    "long" : -8.29858878561623,
    "category" : 2
  }, {
    "id" : 45,
    "lat" : -9.121234284262686,
    "long" : -2.7555957705322123,
    "category" : 2
  }, {
    "id" : 46,
    "lat" : 7.708250237729321,
    "long" : -7.856628642856286,
    "category" : 2
  }, {
    "id" : 47,
    "lat" : -0.46526784460529025,
    "long" : 8.45785109128532,
    "category" : 2
  }, {
    "id" : 48,
    "lat" : -2.005764917489981,
    "long" : 10.927161208831844,
    "category" : 2
  }, {
    "id" : 49,
    "lat" : 2.9153013734277815,
    "long" : 10.893315138474774,
    "category" : 2
  }, {
    "id" : 50,
    "lat" : -6.501844507109388,
    "long" : 2.196137892589162,
    "category" : 2
  }, {
    "id" : 51,
    "lat" : 2.620119789847919,
    "long" : 10.235424421592224,
    "category" : 2
  }, {
    "id" : 52,
    "lat" : -8.919657105811465,
    "long" : 2.8446576613912824,
    "category" : 2
  }, {
    "id" : 53,
    "lat" : 1.8231288531783005,
    "long" : 9.774666406260808,
    "category" : 2
  }, {
    "id" : 54,
    "lat" : -1.620005881599676,
    "long" : -9.269295498592102,
    "category" : 2
  }, {
    "id" : 55,
    "lat" : 7.180335215549963,
    "long" : 5.506851513406813,
    "category" : 2
  }, {
    "id" : 56,
    "lat" : -5.006127292787286,
    "long" : 8.002903004438828,
    "category" : 2
  }, {
    "id" : 57,
    "lat" : -4.109796724152509,
    "long" : 5.5817968566888645,
    "category" : 2
  }, {
    "id" : 58,
    "lat" : -7.904589195846859,
    "long" : 3.4712248733340028,
    "category" : 2
  }, {
    "id" : 59,
    "lat" : -7.287072594390576,
    "long" : 5.983208354511298,
    "category" : 2
  }, {
    "id" : 60,
    "lat" : -4.725705541037892,
    "long" : 1.1944443846141992,
    "category" : 2
  }, {
    "id" : 61,
    "lat" : -9.403291298650737,
    "long" : 4.451309927033901,
    "category" : 2
  }, {
    "id" : 62,
    "lat" : 6.679924270902318,
    "long" : -8.962086963892729,
    "category" : 2
  }, {
    "id" : 63,
    "lat" : 11.419960632945141,
    "long" : -2.238813465476769,
    "category" : 2
  }, {
    "id" : 64,
    "lat" : 0.3494718693832824,
    "long" : 4.077974342727652,
    "category" : 2
  }, {
    "id" : 65,
    "lat" : 0.6176119375920051,
    "long" : 5.308197651798743,
    "category" : 2
  }, {
    "id" : 66,
    "lat" : 6.132951809199372,
    "long" : 6.083199616171602,
    "category" : 2
  }, {
    "id" : 67,
    "lat" : 10.044736545513718,
    "long" : 6.3599804261844035,
    "category" : 2
  }, {
    "id" : 68,
    "lat" : 2.8045350377788405,
    "long" : 3.3708533773452096,
    "category" : 2
  }, {
    "id" : 69,
    "lat" : 1.4981549354727994,
    "long" : 9.06195770168485,
    "category" : 2
  }, {
    "id" : 70,
    "lat" : 7.72011081017046,
    "long" : 1.434979151998894,
    "category" : 2
  }, {
    "id" : 71,
    "lat" : 6.56844351597696,
    "long" : 2.8653399489096474,
    "category" : 2
  }, {
    "id" : 72,
    "lat" : -8.048982860404946,
    "long" : 7.946281129085117,
    "category" : 2
  }, {
    "id" : 73,
    "lat" : -6.223772477292397,
    "long" : -0.4739949962770023,
    "category" : 2
  }, {
    "id" : 74,
    "lat" : -4.540355584737583,
    "long" : -9.949098809574926,
    "category" : 2
  }, {
    "id" : 75,
    "lat" : 1.0066758879804336,
    "long" : 2.7985941583065865,
    "category" : 2
  }, {
    "id" : 76,
    "lat" : -4.938596607764583,
    "long" : -3.8955073524475496,
    "category" : 2
  }, {
    "id" : 77,
    "lat" : -0.9732476026607593,
    "long" : 4.604881312507939,
    "category" : 2
  }, {
    "id" : 78,
    "lat" : -7.120433061611578,
    "long" : -4.762041231484681,
    "category" : 2
  }, {
    "id" : 79,
    "lat" : 0.1558998396196887,
    "long" : 1.809853158718004,
    "category" : 2
  }, {
    "id" : 80,
    "lat" : 9.89189102363959,
    "long" : -6.4049590825992,
    "category" : 2
  }, {
    "id" : 81,
    "lat" : -2.7875118706333883,
    "long" : -2.973980405733302,
    "category" : 2
  }, {
    "id" : 82,
    "lat" : -4.437396019655425,
    "long" : -3.9109294537001524,
    "category" : 2
  }, {
    "id" : 83,
    "lat" : 0.9335448567474853,
    "long" : 6.475921675557803,
    "category" : 2
  }, {
    "id" : 84,
    "lat" : -1.2589327888416073,
    "long" : -2.5720506425261327,
    "category" : 2
  }, {
    "id" : 85,
    "lat" : 1.557970426709581,
    "long" : 9.15330647813893,
    "category" : 2
  }, {
    "id" : 86,
    "lat" : 5.752787411404404,
    "long" : 7.147703478870978,
    "category" : 2
  }, {
    "id" : 87,
    "lat" : -6.285578682354329,
    "long" : 5.589309191356636,
    "category" : 2
  }, {
    "id" : 88,
    "lat" : -7.444991980882947,
    "long" : -5.847862488913366,
    "category" : 2
  }, {
    "id" : 89,
    "lat" : -4.701935055721249,
    "long" : 7.072233769011153,
    "category" : 2
  }, {
    "id" : 90,
    "lat" : 2.4754204672002063,
    "long" : -4.185563835729602,
    "category" : 2
  }, {
    "id" : 91,
    "lat" : 4.711657361627698,
    "long" : -8.240578567960386,
    "category" : 2
  }, {
    "id" : 92,
    "lat" : -3.0596315158439356,
    "long" : -5.429109429610189,
    "category" : 2
  }, {
    "id" : 93,
    "lat" : 3.6550121479979993,
    "long" : -9.407086906024261,
    "category" : 2
  }, {
    "id" : 94,
    "lat" : -3.2546521512193585,
    "long" : 5.580383255263278,
    "category" : 2
  }, {
    "id" : 95,
    "lat" : 1.6172300847333176,
    "long" : 10.607873483039288,
    "category" : 2
  }, {
    "id" : 96,
    "lat" : 1.8090383167822697,
    "long" : 5.170802751571203,
    "category" : 2
  }, {
    "id" : 97,
    "lat" : -10.901088102380198,
    "long" : -1.6825150782861635,
    "category" : 2
  }, {
    "id" : 98,
    "lat" : 7.507969510548149,
    "long" : -4.911450887606327,
    "category" : 2
  }, {
    "id" : 99,
    "lat" : -5.951880207116273,
    "long" : 9.93844728250374,
    "category" : 2
  }, {
    "id" : 100,
    "lat" : -3.6219596399285083,
    "long" : 2.384149868553673,
    "category" : 2
  }, {
    "id" : 101,
    "lat" : -7.907978659185209,
    "long" : -6.5506209251276895,
    "category" : 2
  }, {
    "id" : 102,
    "lat" : 10.287624715074278,
    "long" : 0.6099833106381222,
    "category" : 2
  }, {
    "id" : 103,
    "lat" : -5.519709999622114,
    "long" : 9.224430381485826,
    "category" : 2
  } ],
  "vehicles" : [ {
    "id" : 104,
    "canTake" : [ 1 ],
    "start" : 32,
    "end" : 32,
    "capacity" : 6,
    "availability" : [ "07h00:09h00", "10h00:20h00" ]
  }, {
    "id" : 105,
    "canTake" : [ 1 ],
    "start" : 32,
    "end" : 32,
    "capacity" : 4,
    "availability" : [ "07h00:16h00", "17h00:20h00" ]
  }, {
    "id" : 106,
    "canTake" : [ 0 ],
    "start" : 32,
    "end" : 32,
    "capacity" : 4,
    "availability" : [ "07h00:12h00", "14h00:20h00" ]
  }, {
    "id" : 107,
    "canTake" : [ 0 ],
    "start" : 32,
    "end" : 32,
    "capacity" : 4,
    "availability" : [ "07h00:09h00", "10h00:20h00" ]
  } ],
  "patients" : [ {
    "id" : 108,
    "category" : 1,
    "load" : 2,
    "start" : 33,
    "destination" : 0,
    "end" : -1,
    "rdvTime" : "10h14",
    "rdvDuration" : "00h32",
    "srvDuration" : "00h03"
  }, {
    "id" : 109,
    "category" : 0,
    "load" : 2,
    "start" : 34,
    "destination" : 1,
    "end" : 34,
    "rdvTime" : "15h57",
    "rdvDuration" : "01h55",
    "srvDuration" : "00h01"
  }, {
    "id" : 110,
    "category" : 0,
    "load" : 2,
    "start" : 35,
    "destination" : 2,
    "end" : 35,
    "rdvTime" : "14h07",
    "rdvDuration" : "02h06",
    "srvDuration" : "00h01"
  }, {
    "id" : 111,
    "category" : 1,
    "load" : 1,
    "start" : 36,
    "destination" : 3,
    "end" : 36,
    "rdvTime" : "09h15",
    "rdvDuration" : "01h06",
    "srvDuration" : "00h02"
  }, {
    "id" : 112,
    "category" : 1,
    "load" : 2,
    "start" : 37,
    "destination" : 4,
    "end" : 37,
    "rdvTime" : "13h24",
    "rdvDuration" : "01h13",
    "srvDuration" : "00h01"
  }, {
    "id" : 113,
    "category" : 1,
    "load" : 1,
    "start" : -1,
    "destination" : 5,
    "end" : 38,
    "rdvTime" : "10h54",
    "rdvDuration" : "02h59",
    "srvDuration" : "00h03"
  }, {
    "id" : 114,
    "category" : 0,
    "load" : 2,
    "start" : 39,
    "destination" : 6,
    "end" : 40,
    "rdvTime" : "11h30",
    "rdvDuration" : "01h27",
    "srvDuration" : "00h02"
  }, {
    "id" : 115,
    "category" : 1,
    "load" : 1,
    "start" : 41,
    "destination" : 7,
    "end" : 41,
    "rdvTime" : "16h00",
    "rdvDuration" : "01h52",
    "srvDuration" : "00h01"
  }, {
    "id" : 116,
    "category" : 1,
    "load" : 1,
    "start" : 42,
    "destination" : 8,
    "end" : 42,
    "rdvTime" : "09h01",
    "rdvDuration" : "01h09",
    "srvDuration" : "00h01"
  }, {
    "id" : 117,
    "category" : 0,
    "load" : 2,
    "start" : 43,
    "destination" : 9,
    "end" : 43,
    "rdvTime" : "10h31",
    "rdvDuration" : "00h16",
    "srvDuration" : "00h02"
  }, {
    "id" : 118,
    "category" : 1,
    "load" : 1,
    "start" : 44,
    "destination" : 10,
    "end" : 45,
    "rdvTime" : "10h26",
    "rdvDuration" : "00h30",
    "srvDuration" : "00h02"
  }, {
    "id" : 119,
    "category" : 1,
    "load" : 2,
    "start" : 46,
    "destination" : 11,
    "end" : 46,
    "rdvTime" : "11h46",
    "rdvDuration" : "00h42",
    "srvDuration" : "00h01"
  }, {
    "id" : 120,
    "category" : 1,
    "load" : 1,
    "start" : 47,
    "destination" : 12,
    "end" : 47,
    "rdvTime" : "15h08",
    "rdvDuration" : "02h20",
    "srvDuration" : "00h03"
  }, {
    "id" : 121,
    "category" : 0,
    "load" : 2,
    "start" : 48,
    "destination" : 13,
    "end" : 48,
    "rdvTime" : "09h21",
    "rdvDuration" : "02h04",
    "srvDuration" : "00h01"
  }, {
    "id" : 122,
    "category" : 1,
    "load" : 1,
    "start" : 49,
    "destination" : 14,
    "end" : 49,
    "rdvTime" : "10h12",
    "rdvDuration" : "00h47",
    "srvDuration" : "00h01"
  }, {
    "id" : 123,
    "category" : 0,
    "load" : 2,
    "start" : 50,
    "destination" : 15,
    "end" : 51,
    "rdvTime" : "11h53",
    "rdvDuration" : "02h34",
    "srvDuration" : "00h01"
  }, {
    "id" : 124,
    "category" : 1,
    "load" : 2,
    "start" : 52,
    "destination" : 16,
    "end" : 52,
    "rdvTime" : "13h50",
    "rdvDuration" : "01h58",
    "srvDuration" : "00h03"
  }, {
    "id" : 125,
    "category" : 1,
    "load" : 1,
    "start" : 53,
    "destination" : 17,
    "end" : 53,
    "rdvTime" : "12h40",
    "rdvDuration" : "02h20",
    "srvDuration" : "00h03"
  }, {
    "id" : 126,
    "category" : 0,
    "load" : 2,
    "start" : 54,
    "destination" : 18,
    "end" : 55,
    "rdvTime" : "14h42",
    "rdvDuration" : "01h38",
    "srvDuration" : "00h01"
  }, {
    "id" : 127,
    "category" : 1,
    "load" : 2,
    "start" : 56,
    "destination" : 19,
    "end" : 56,
    "rdvTime" : "14h47",
    "rdvDuration" : "02h22",
    "srvDuration" : "00h01"
  }, {
    "id" : 128,
    "category" : 0,
    "load" : 1,
    "start" : 57,
    "destination" : 20,
    "end" : -1,
    "rdvTime" : "15h08",
    "rdvDuration" : "02h42",
    "srvDuration" : "00h02"
  }, {
    "id" : 129,
    "category" : 0,
    "load" : 2,
    "start" : 58,
    "destination" : 21,
    "end" : 58,
    "rdvTime" : "11h06",
    "rdvDuration" : "01h45",
    "srvDuration" : "00h03"
  }, {
    "id" : 130,
    "category" : 1,
    "load" : 2,
    "start" : 59,
    "destination" : 22,
    "end" : 59,
    "rdvTime" : "14h00",
    "rdvDuration" : "02h36",
    "srvDuration" : "00h03"
  }, {
    "id" : 131,
    "category" : 0,
    "load" : 2,
    "start" : 60,
    "destination" : 23,
    "end" : 60,
    "rdvTime" : "11h14",
    "rdvDuration" : "01h39",
    "srvDuration" : "00h03"
  }, {
    "id" : 132,
    "category" : 1,
    "load" : 2,
    "start" : 61,
    "destination" : 24,
    "end" : 61,
    "rdvTime" : "15h07",
    "rdvDuration" : "02h39",
    "srvDuration" : "00h01"
  }, {
    "id" : 133,
    "category" : 1,
    "load" : 1,
    "start" : -1,
    "destination" : 25,
    "end" : 62,
    "rdvTime" : "11h32",
    "rdvDuration" : "01h24",
    "srvDuration" : "00h02"
  }, {
    "id" : 134,
    "category" : 1,
    "load" : 2,
    "start" : 63,
    "destination" : 26,
    "end" : 63,
    "rdvTime" : "13h11",
    "rdvDuration" : "02h37",
    "srvDuration" : "00h01"
  }, {
    "id" : 135,
    "category" : 0,
    "load" : 2,
    "start" : 64,
    "destination" : 27,
    "end" : 64,
    "rdvTime" : "14h26",
    "rdvDuration" : "02h38",
    "srvDuration" : "00h01"
  }, {
    "id" : 136,
    "category" : 0,
    "load" : 1,
    "start" : 65,
    "destination" : 28,
    "end" : 65,
    "rdvTime" : "08h01",
    "rdvDuration" : "00h22",
    "srvDuration" : "00h03"
  }, {
    "id" : 137,
    "category" : 0,
    "load" : 2,
    "start" : 66,
    "destination" : 29,
    "end" : -1,
    "rdvTime" : "14h25",
    "rdvDuration" : "02h40",
    "srvDuration" : "00h03"
  }, {
    "id" : 138,
    "category" : 0,
    "load" : 2,
    "start" : 67,
    "destination" : 30,
    "end" : 67,
    "rdvTime" : "14h21",
    "rdvDuration" : "00h35",
    "srvDuration" : "00h02"
  }, {
    "id" : 139,
    "category" : 1,
    "load" : 2,
    "start" : 68,
    "destination" : 31,
    "end" : 68,
    "rdvTime" : "13h21",
    "rdvDuration" : "01h04",
    "srvDuration" : "00h01"
  }, {
    "id" : 140,
    "category" : 1,
    "load" : 1,
    "start" : 69,
    "destination" : 8,
    "end" : 69,
    "rdvTime" : "14h01",
    "rdvDuration" : "00h52",
    "srvDuration" : "00h02"
  }, {
    "id" : 141,
    "category" : 0,
    "load" : 1,
    "start" : 70,
    "destination" : 7,
    "end" : 70,
    "rdvTime" : "08h00",
    "rdvDuration" : "00h25",
    "srvDuration" : "00h03"
  }, {
    "id" : 142,
    "category" : 1,
    "load" : 1,
    "start" : 71,
    "destination" : 1,
    "end" : 71,
    "rdvTime" : "13h39",
    "rdvDuration" : "00h27",
    "srvDuration" : "00h02"
  }, {
    "id" : 143,
    "category" : 0,
    "load" : 2,
    "start" : 72,
    "destination" : 0,
    "end" : 72,
    "rdvTime" : "14h01",
    "rdvDuration" : "01h45",
    "srvDuration" : "00h02"
  }, {
    "id" : 144,
    "category" : 0,
    "load" : 2,
    "start" : 73,
    "destination" : 17,
    "end" : 73,
    "rdvTime" : "11h39",
    "rdvDuration" : "02h48",
    "srvDuration" : "00h03"
  }, {
    "id" : 145,
    "category" : 0,
    "load" : 2,
    "start" : -1,
    "destination" : 16,
    "end" : 74,
    "rdvTime" : "14h34",
    "rdvDuration" : "01h49",
    "srvDuration" : "00h03"
  }, {
    "id" : 146,
    "category" : 0,
    "load" : 2,
    "start" : 75,
    "destination" : 10,
    "end" : 75,
    "rdvTime" : "15h50",
    "rdvDuration" : "00h25",
    "srvDuration" : "00h03"
  }, {
    "id" : 147,
    "category" : 1,
    "load" : 1,
    "start" : 76,
    "destination" : 18,
    "end" : 77,
    "rdvTime" : "14h37",
    "rdvDuration" : "01h12",
    "srvDuration" : "00h01"
  }, {
    "id" : 148,
    "category" : 1,
    "load" : 1,
    "start" : 78,
    "destination" : 8,
    "end" : 78,
    "rdvTime" : "13h15",
    "rdvDuration" : "02h11",
    "srvDuration" : "00h03"
  }, {
    "id" : 149,
    "category" : 0,
    "load" : 1,
    "start" : 79,
    "destination" : 13,
    "end" : 79,
    "rdvTime" : "10h29",
    "rdvDuration" : "01h21",
    "srvDuration" : "00h03"
  }, {
    "id" : 150,
    "category" : 1,
    "load" : 1,
    "start" : 80,
    "destination" : 17,
    "end" : -1,
    "rdvTime" : "14h35",
    "rdvDuration" : "02h35",
    "srvDuration" : "00h01"
  }, {
    "id" : 151,
    "category" : 0,
    "load" : 1,
    "start" : 81,
    "destination" : 9,
    "end" : 81,
    "rdvTime" : "13h05",
    "rdvDuration" : "01h50",
    "srvDuration" : "00h01"
  }, {
    "id" : 152,
    "category" : 1,
    "load" : 1,
    "start" : 82,
    "destination" : 11,
    "end" : 82,
    "rdvTime" : "15h22",
    "rdvDuration" : "01h43",
    "srvDuration" : "00h01"
  }, {
    "id" : 153,
    "category" : 0,
    "load" : 1,
    "start" : 83,
    "destination" : 22,
    "end" : 83,
    "rdvTime" : "13h31",
    "rdvDuration" : "02h59",
    "srvDuration" : "00h01"
  }, {
    "id" : 154,
    "category" : 1,
    "load" : 2,
    "start" : 84,
    "destination" : 22,
    "end" : 84,
    "rdvTime" : "09h58",
    "rdvDuration" : "02h08",
    "srvDuration" : "00h03"
  }, {
    "id" : 155,
    "category" : 1,
    "load" : 2,
    "start" : 85,
    "destination" : 15,
    "end" : 85,
    "rdvTime" : "12h11",
    "rdvDuration" : "01h37",
    "srvDuration" : "00h02"
  }, {
    "id" : 156,
    "category" : 0,
    "load" : 1,
    "start" : 86,
    "destination" : 10,
    "end" : 86,
    "rdvTime" : "14h03",
    "rdvDuration" : "02h32",
    "srvDuration" : "00h01"
  }, {
    "id" : 157,
    "category" : 1,
    "load" : 1,
    "start" : -1,
    "destination" : 20,
    "end" : 87,
    "rdvTime" : "09h28",
    "rdvDuration" : "01h34",
    "srvDuration" : "00h02"
  }, {
    "id" : 158,
    "category" : 0,
    "load" : 1,
    "start" : 88,
    "destination" : 22,
    "end" : 88,
    "rdvTime" : "10h18",
    "rdvDuration" : "02h36",
    "srvDuration" : "00h01"
  }, {
    "id" : 159,
    "category" : 0,
    "load" : 2,
    "start" : 89,
    "destination" : 15,
    "end" : 90,
    "rdvTime" : "08h10",
    "rdvDuration" : "00h23",
    "srvDuration" : "00h01"
  }, {
    "id" : 160,
    "category" : 1,
    "load" : 1,
    "start" : 91,
    "destination" : 23,
    "end" : 91,
    "rdvTime" : "15h44",
    "rdvDuration" : "02h49",
    "srvDuration" : "00h03"
  }, {
    "id" : 161,
    "category" : 0,
    "load" : 2,
    "start" : 92,
    "destination" : 29,
    "end" : 92,
    "rdvTime" : "09h01",
    "rdvDuration" : "00h51",
    "srvDuration" : "00h03"
  }, {
    "id" : 162,
    "category" : 0,
    "load" : 1,
    "start" : 93,
    "destination" : 30,
    "end" : 93,
    "rdvTime" : "14h14",
    "rdvDuration" : "02h50",
    "srvDuration" : "00h02"
  }, {
    "id" : 163,
    "category" : 0,
    "load" : 1,
    "start" : 94,
    "destination" : 17,
    "end" : 94,
    "rdvTime" : "12h24",
    "rdvDuration" : "01h17",
    "srvDuration" : "00h03"
  }, {
    "id" : 164,
    "category" : 1,
    "load" : 2,
    "start" : 95,
    "destination" : 11,
    "end" : 95,
    "rdvTime" : "11h42",
    "rdvDuration" : "01h46",
    "srvDuration" : "00h03"
  }, {
    "id" : 165,
    "category" : 1,
    "load" : 2,
    "start" : 96,
    "destination" : 6,
    "end" : 96,
    "rdvTime" : "14h00",
    "rdvDuration" : "00h18",
    "srvDuration" : "00h01"
  }, {
    "id" : 166,
    "category" : 1,
    "load" : 1,
    "start" : 97,
    "destination" : 26,
    "end" : 97,
    "rdvTime" : "11h00",
    "rdvDuration" : "01h32",
    "srvDuration" : "00h03"
  }, {
    "id" : 167,
    "category" : 0,
    "load" : 1,
    "start" : 98,
    "destination" : 10,
    "end" : 98,
    "rdvTime" : "10h31",
    "rdvDuration" : "02h01",
    "srvDuration" : "00h01"
  }, {
    "id" : 168,
    "category" : 0,
    "load" : 2,
    "start" : 99,
    "destination" : 7,
    "end" : 99,
    "rdvTime" : "09h11",
    "rdvDuration" : "02h29",
    "srvDuration" : "00h03"
  }, {
    "id" : 169,
    "category" : 0,
    "load" : 1,
    "start" : 100,
    "destination" : 17,
    "end" : 101,
    "rdvTime" : "15h24",
    "rdvDuration" : "02h32",
    "srvDuration" : "00h01"
  }, {
    "id" : 170,
    "category" : 0,
    "load" : 2,
    "start" : 102,
    "destination" : 4,
    "end" : 102,
    "rdvTime" : "15h32",
    "rdvDuration" : "01h54",
    "srvDuration" : "00h03"
  }, {
    "id" : 171,
    "category" : 1,
    "load" : 1,
    "start" : 103,
    "destination" : 9,
    "end" : 103,
    "rdvTime" : "09h26",
    "rdvDuration" : "01h09",
    "srvDuration" : "00h02"
  } ],
  "distMatrix" : [ [ 0, 7, 6, 6, 5, 15, 8, 6, 4, 2, 12, 4, 11, 15, 11, 8, 7, 10, 15, 3, 16, 3, 7, 13, 11, 13, 13, 6, 3, 7, 8, 13, 7, 7, 12, 5, 4, 12, 7, 5, 7, 8, 11, 12, 7, 13, 7, 11, 14, 13, 11, 12, 14, 12, 10, 8, 13, 11, 13, 14, 9, 15, 8, 7, 7, 8, 8, 10, 5, 11, 5, 5, 16, 11, 12, 6, 9, 8, 12, 5, 7, 7, 9, 9, 6, 11, 9, 13, 12, 13, 3, 6, 8, 8, 11, 13, 7, 15, 5, 16, 9, 13, 6, 15 ], [ 7, 0, 6, 10, 9, 19, 12, 2, 7, 5, 15, 10, 18, 13, 15, 13, 8, 13, 18, 10, 19, 7, 14, 11, 9, 10, 16, 9, 10, 13, 7, 12, 13, 13, 13, 12, 9, 14, 2, 2, 14, 14, 16, 10, 13, 17, 13, 8, 10, 7, 13, 7, 15, 7, 16, 1, 12, 11, 14, 14, 12, 16, 14, 9, 6, 6, 1, 4, 4, 7, 4, 2, 15, 14, 18, 6, 14, 7, 17, 7, 12, 12, 14, 6, 11, 7, 3, 13, 17, 11, 10, 13, 14, 14, 10, 8, 5, 18, 10, 13, 10, 18, 6, 13 ], [ 6, 6, 0, 5, 11, 21, 14, 4, 9, 5, 17, 8, 16, 19, 17, 8, 12, 16, 21, 8, 22, 3, 11, 16, 15, 16, 19, 3, 7, 13, 12, 17, 13, 9, 17, 10, 5, 18, 5, 7, 11, 14, 17, 15, 9, 19, 8, 14, 17, 13, 17, 13, 19, 13, 15, 7, 17, 15, 18, 19, 15, 20, 9, 2, 11, 11, 8, 7, 8, 13, 3, 5, 20, 16, 18, 10, 16, 12, 18, 10, 6, 13, 15, 11, 12, 13, 9, 18, 19, 17, 9, 10, 14, 11, 15, 14, 10, 21, 5, 19, 14, 19, 1, 18 ], [ 6, 10, 5, 0, 11, 19, 12, 8, 10, 6, 16, 4, 11, 21, 16, 3, 13, 15, 20, 5, 21, 3, 6, 18, 16, 18, 18, 3, 4, 11, 13, 18, 11, 4, 17, 6, 1, 17, 10, 10, 6, 11, 15, 17, 4, 18, 2, 17, 20, 17, 17, 17, 19, 17, 11, 11, 19, 17, 19, 20, 15, 21, 4, 4, 13, 13, 12, 12, 11, 16, 7, 9, 21, 16, 14, 11, 14, 14, 16, 11, 2, 12, 13, 14, 10, 16, 13, 19, 16, 18, 6, 5, 12, 6, 16, 18, 13, 20, 1, 21, 15, 16, 6, 20 ], [ 5, 9, 11, 11, 0, 11, 4, 9, 2, 6, 6, 7, 11, 11, 6, 12, 4, 5, 10, 6, 11, 9, 10, 9, 7, 9, 8, 11, 8, 6, 5, 8, 4, 11, 7, 8, 10, 7, 10, 6, 10, 6, 7, 8, 10, 9, 11, 9, 11, 12, 6, 11, 9, 10, 9, 10, 9, 7, 8, 9, 4, 10, 11, 12, 5, 6, 9, 13, 5, 10, 9, 8, 11, 5, 10, 4, 5, 5, 8, 2, 12, 3, 5, 7, 2, 10, 10, 8, 9, 8, 5, 10, 6, 10, 6, 11, 6, 10, 10, 11, 4, 9, 11, 11 ], [ 15, 19, 21, 19, 11, 0, 7, 20, 12, 17, 5, 15, 11, 15, 5, 19, 13, 7, 4, 14, 5, 18, 15, 14, 13, 15, 4, 21, 15, 8, 14, 12, 8, 17, 9, 14, 18, 6, 21, 17, 15, 8, 4, 14, 17, 2, 18, 17, 18, 21, 8, 20, 8, 19, 10, 20, 14, 12, 9, 11, 8, 9, 18, 22, 14, 15, 20, 23, 16, 18, 19, 19, 13, 6, 8, 14, 6, 13, 3, 12, 20, 8, 6, 16, 9, 18, 20, 11, 3, 13, 13, 15, 7, 15, 13, 20, 16, 3, 18, 15, 10, 3, 21, 15 ], [ 8, 12, 14, 12, 4, 7, 0, 13, 5, 9, 4, 8, 9, 13, 3, 13, 7, 4, 7, 8, 9, 11, 10, 11, 9, 11, 6, 14, 9, 4, 8, 9, 2, 11, 6, 8, 12, 5, 14, 10, 10, 4, 3, 10, 11, 6, 12, 12, 14, 15, 6, 14, 8, 14, 7, 13, 11, 8, 8, 9, 4, 9, 12, 15, 8, 9, 13, 16, 9, 13, 12, 11, 12, 3, 7, 7, 2, 8, 4, 6, 14, 1, 2, 10, 2, 13, 13, 9, 5, 10, 6, 10, 3, 10, 8, 14, 9, 7, 11, 13, 5, 6, 14, 12 ], [ 6, 2, 4, 8, 9, 20, 13, 0, 8, 4, 16, 9, 17, 15, 15, 11, 9, 14, 19, 8, 20, 5, 13, 13, 11, 12, 17, 6, 9, 13, 8, 14, 13, 12, 14, 11, 7, 15, 2, 4, 13, 14, 16, 12, 11, 18, 11, 10, 13, 9, 14, 9, 17, 9, 15, 3, 14, 12, 16, 16, 13, 17, 12, 6, 8, 8, 4, 4, 5, 9, 1, 1, 17, 15, 18, 7, 15, 9, 17, 8, 9, 12, 14, 8, 11, 9, 5, 14, 18, 13, 9, 12, 14, 13, 11, 10, 7, 19, 8, 16, 12, 18, 3, 15 ], [ 4, 7, 9, 10, 2, 12, 5, 8, 0, 5, 8, 7, 11, 12, 8, 11, 4, 6, 11, 6, 13, 7, 10, 9, 7, 9, 10, 10, 7, 6, 5, 9, 5, 10, 8, 7, 8, 8, 9, 5, 10, 7, 8, 8, 10, 10, 10, 9, 11, 11, 8, 10, 10, 10, 10, 8, 10, 7, 9, 10, 6, 11, 11, 11, 4, 5, 8, 11, 4, 9, 7, 7, 12, 7, 11, 3, 7, 5, 9, 2, 11, 5, 6, 7, 3, 9, 9, 9, 10, 9, 4, 9, 7, 10, 7, 11, 5, 12, 8, 12, 5, 11, 10, 11 ], [ 2, 5, 5, 6, 6, 17, 9, 4, 5, 0, 13, 6, 13, 15, 12, 9, 7, 11, 16, 5, 18, 3, 9, 12, 10, 12, 14, 6, 5, 10, 7, 13, 9, 9, 12, 7, 5, 13, 5, 4, 9, 10, 13, 11, 8, 15, 8, 10, 13, 11, 12, 11, 15, 10, 12, 6, 13, 11, 14, 14, 10, 16, 9, 6, 7, 7, 6, 8, 4, 10, 3, 3, 16, 12, 14, 5, 11, 8, 14, 6, 8, 9, 11, 8, 7, 10, 7, 13, 14, 12, 5, 8, 10, 10, 10, 11, 6, 17, 5, 15, 9, 15, 5, 14 ], [ 12, 15, 17, 16, 6, 5, 4, 16, 8, 13, 0, 12, 11, 11, 1, 17, 8, 2, 4, 12, 5, 15, 14, 10, 9, 11, 2, 18, 13, 7, 9, 7, 5, 15, 4, 12, 16, 2, 16, 12, 13, 7, 4, 10, 15, 2, 16, 12, 13, 16, 4, 15, 4, 14, 10, 16, 10, 7, 5, 7, 3, 6, 16, 19, 9, 10, 15, 19, 11, 13, 15, 14, 9, 1, 9, 9, 4, 9, 4, 8, 18, 5, 4, 11, 6, 14, 15, 7, 5, 9, 10, 14, 6, 14, 8, 15, 11, 4, 15, 11, 5, 5, 18, 11 ], [ 4, 10, 8, 4, 7, 15, 8, 9, 7, 6, 12, 0, 8, 18, 12, 5, 10, 12, 16, 1, 17, 5, 4, 16, 14, 16, 14, 6, 0, 6, 11, 15, 7, 3, 14, 2, 4, 13, 11, 9, 4, 7, 11, 15, 3, 14, 4, 15, 18, 16, 13, 16, 16, 15, 7, 11, 16, 14, 15, 16, 11, 17, 4, 8, 10, 11, 12, 13, 9, 15, 8, 9, 18, 12, 10, 9, 10, 11, 12, 8, 5, 8, 9, 12, 6, 15, 13, 15, 12, 16, 2, 3, 8, 4, 13, 16, 11, 16, 3, 19, 11, 12, 8, 18 ], [ 11, 18, 16, 11, 11, 11, 9, 17, 11, 13, 11, 8, 0, 21, 11, 10, 15, 12, 14, 9, 15, 13, 6, 19, 17, 20, 13, 14, 9, 5, 16, 17, 7, 8, 15, 6, 12, 13, 18, 16, 6, 5, 8, 18, 8, 11, 10, 20, 22, 22, 14, 22, 16, 21, 2, 19, 19, 17, 16, 18, 13, 17, 8, 16, 15, 16, 19, 21, 15, 20, 16, 16, 20, 12, 3, 14, 8, 16, 8, 13, 12, 8, 8, 18, 8, 20, 20, 17, 8, 18, 8, 7, 6, 5, 17, 22, 17, 13, 11, 21, 14, 8, 17, 21 ], [ 15, 13, 19, 21, 11, 15, 13, 15, 12, 15, 11, 18, 21, 0, 11, 23, 8, 9, 12, 17, 12, 18, 21, 3, 5, 3, 11, 20, 18, 16, 8, 4, 14, 22, 7, 19, 20, 10, 15, 12, 21, 16, 15, 4, 21, 13, 22, 6, 4, 9, 8, 8, 8, 8, 20, 14, 2, 5, 7, 4, 9, 6, 23, 21, 8, 8, 13, 16, 11, 7, 16, 14, 3, 10, 20, 10, 14, 7, 15, 10, 23, 13, 14, 8, 13, 7, 12, 4, 16, 3, 16, 21, 15, 21, 5, 7, 9, 13, 20, 0, 8, 16, 19, 1 ], [ 11, 15, 17, 16, 6, 5, 3, 15, 8, 12, 1, 12, 11, 11, 0, 17, 8, 2, 4, 11, 5, 14, 13, 10, 9, 11, 2, 17, 12, 6, 9, 7, 5, 15, 5, 11, 15, 2, 16, 12, 13, 6, 3, 10, 14, 3, 16, 12, 13, 16, 4, 15, 5, 14, 9, 16, 10, 8, 5, 7, 3, 6, 15, 18, 9, 10, 15, 19, 11, 13, 15, 14, 10, 1, 9, 9, 3, 8, 3, 8, 17, 4, 3, 11, 6, 14, 15, 7, 4, 9, 10, 13, 5, 13, 8, 15, 11, 4, 15, 11, 5, 5, 17, 11 ], [ 8, 13, 8, 3, 12, 19, 13, 11, 11, 9, 17, 5, 10, 23, 17, 0, 15, 16, 20, 6, 22, 6, 5, 20, 18, 20, 19, 6, 5, 11, 15, 20, 12, 2, 19, 5, 4, 18, 13, 12, 5, 11, 15, 19, 3, 18, 1, 19, 22, 20, 18, 19, 20, 19, 10, 14, 21, 19, 20, 21, 16, 22, 2, 7, 15, 15, 14, 15, 13, 18, 10, 11, 23, 16, 13, 13, 14, 16, 16, 13, 2, 12, 13, 16, 11, 19, 15, 20, 16, 20, 7, 4, 12, 5, 18, 20, 15, 20, 3, 23, 16, 16, 9, 22 ], [ 7, 8, 12, 13, 4, 13, 7, 9, 4, 7, 8, 10, 15, 8, 8, 15, 0, 6, 11, 9, 12, 10, 13, 5, 3, 6, 9, 13, 10, 9, 1, 5, 8, 14, 5, 11, 12, 7, 9, 5, 14, 10, 10, 4, 14, 10, 14, 5, 8, 8, 6, 8, 8, 7, 13, 8, 6, 4, 7, 7, 4, 8, 15, 14, 1, 2, 8, 11, 4, 6, 9, 8, 8, 7, 14, 2, 8, 1, 10, 2, 15, 7, 8, 4, 6, 6, 8, 6, 11, 5, 8, 13, 9, 14, 3, 8, 3, 11, 12, 8, 3, 12, 12, 7 ], [ 10, 13, 16, 15, 5, 7, 4, 14, 6, 11, 2, 12, 12, 9, 2, 16, 6, 0, 5, 11, 6, 14, 13, 8, 6, 8, 3, 16, 12, 7, 7, 5, 5, 15, 3, 11, 14, 2, 14, 10, 13, 7, 5, 7, 14, 5, 16, 10, 11, 14, 2, 13, 4, 12, 10, 14, 8, 5, 4, 6, 1, 6, 15, 17, 7, 8, 13, 17, 9, 11, 13, 12, 8, 1, 10, 7, 4, 6, 5, 6, 17, 4, 5, 9, 5, 11, 13, 5, 7, 7, 9, 13, 6, 14, 6, 12, 9, 6, 14, 10, 3, 7, 16, 9 ], [ 15, 18, 21, 20, 10, 4, 7, 19, 11, 16, 4, 16, 14, 12, 4, 20, 11, 5, 0, 15, 1, 18, 17, 11, 10, 12, 2, 21, 16, 10, 12, 8, 9, 18, 6, 15, 19, 3, 20, 16, 17, 10, 6, 11, 18, 3, 20, 14, 14, 18, 5, 17, 4, 16, 12, 19, 10, 9, 5, 7, 6, 5, 19, 22, 12, 13, 18, 22, 14, 16, 19, 18, 9, 4, 11, 12, 7, 11, 5, 11, 21, 8, 7, 14, 10, 16, 18, 8, 6, 10, 14, 17, 9, 17, 10, 17, 14, 1, 19, 12, 8, 7, 21, 11 ], [ 3, 10, 8, 5, 6, 14, 8, 8, 6, 5, 12, 1, 9, 17, 11, 6, 9, 11, 15, 0, 16, 4, 5, 15, 13, 15, 13, 6, 1, 6, 10, 14, 7, 4, 13, 2, 4, 12, 10, 8, 5, 7, 10, 14, 4, 13, 5, 14, 17, 15, 13, 15, 15, 15, 7, 11, 15, 13, 14, 15, 10, 16, 5, 8, 9, 10, 11, 12, 8, 14, 7, 8, 17, 11, 10, 8, 9, 10, 11, 7, 6, 7, 8, 11, 6, 14, 12, 14, 12, 15, 2, 4, 7, 5, 12, 15, 10, 15, 4, 18, 10, 12, 8, 17 ], [ 16, 19, 22, 21, 11, 5, 9, 20, 13, 18, 5, 17, 15, 12, 5, 22, 12, 6, 1, 16, 0, 20, 18, 12, 11, 13, 3, 22, 17, 11, 13, 9, 10, 20, 7, 16, 20, 5, 21, 17, 18, 11, 7, 12, 19, 4, 21, 15, 15, 19, 6, 18, 5, 17, 13, 20, 11, 10, 6, 8, 7, 6, 20, 23, 13, 14, 19, 23, 15, 17, 20, 19, 9, 6, 12, 13, 8, 12, 6, 12, 23, 9, 8, 15, 11, 17, 19, 8, 7, 11, 15, 18, 10, 18, 11, 18, 15, 1, 20, 12, 9, 7, 22, 12 ], [ 3, 7, 3, 3, 9, 18, 11, 5, 7, 3, 15, 5, 13, 18, 14, 6, 10, 14, 18, 4, 20, 0, 8, 15, 13, 15, 17, 3, 4, 10, 10, 16, 10, 7, 15, 7, 2, 15, 7, 7, 8, 11, 14, 14, 6, 17, 6, 13, 16, 14, 15, 13, 17, 13, 12, 8, 16, 14, 17, 17, 13, 18, 7, 4, 10, 10, 8, 9, 7, 13, 4, 5, 19, 14, 15, 8, 13, 11, 15, 9, 5, 11, 12, 11, 9, 13, 9, 16, 16, 15, 6, 7, 11, 8, 13, 14, 9, 19, 3, 18, 12, 16, 4, 17 ], [ 7, 14, 11, 6, 10, 15, 10, 13, 10, 9, 14, 4, 6, 21, 13, 5, 13, 13, 17, 5, 18, 8, 0, 19, 17, 19, 15, 9, 4, 7, 14, 18, 8, 2, 16, 2, 7, 15, 14, 13, 0, 7, 11, 18, 2, 14, 4, 18, 21, 20, 15, 19, 17, 19, 5, 15, 19, 17, 17, 19, 13, 19, 3, 10, 14, 15, 15, 17, 13, 18, 11, 12, 21, 13, 8, 12, 10, 15, 12, 12, 7, 9, 10, 16, 8, 18, 16, 18, 12, 18, 5, 1, 8, 0, 16, 20, 14, 16, 6, 21, 14, 12, 12, 21 ], [ 13, 11, 16, 18, 9, 14, 11, 13, 9, 12, 10, 16, 19, 3, 10, 20, 5, 8, 11, 15, 12, 15, 19, 0, 2, 1, 10, 18, 16, 14, 5, 3, 12, 19, 6, 16, 17, 8, 13, 9, 19, 14, 13, 1, 19, 12, 20, 3, 3, 7, 6, 7, 7, 6, 17, 11, 1, 2, 6, 4, 7, 7, 20, 18, 6, 5, 10, 14, 8, 5, 13, 12, 4, 9, 18, 7, 12, 4, 13, 7, 20, 11, 12, 5, 11, 6, 10, 3, 14, 1, 14, 18, 13, 19, 2, 6, 6, 12, 17, 3, 6, 15, 16, 2 ], [ 11, 9, 15, 16, 7, 13, 9, 11, 7, 10, 9, 14, 17, 5, 9, 18, 3, 6, 10, 13, 11, 13, 17, 2, 0, 2, 9, 16, 14, 12, 3, 3, 10, 17, 5, 14, 15, 7, 11, 8, 17, 13, 12, 1, 17, 11, 18, 3, 5, 7, 5, 7, 7, 6, 16, 10, 3, 1, 6, 4, 5, 7, 18, 17, 4, 4, 9, 13, 6, 5, 12, 10, 5, 8, 16, 5, 10, 3, 12, 5, 18, 9, 10, 4, 9, 5, 9, 4, 13, 2, 12, 16, 12, 17, 1, 6, 5, 11, 15, 5, 4, 14, 14, 4 ], [ 13, 10, 16, 18, 9, 15, 11, 12, 9, 12, 11, 16, 20, 3, 11, 20, 6, 8, 12, 15, 13, 15, 19, 1, 2, 0, 11, 18, 16, 14, 5, 4, 13, 19, 6, 17, 17, 9, 12, 9, 19, 15, 14, 1, 19, 13, 20, 3, 3, 7, 7, 6, 8, 5, 18, 11, 2, 3, 7, 5, 8, 7, 20, 18, 6, 5, 10, 13, 8, 5, 13, 11, 5, 10, 19, 7, 13, 5, 14, 8, 20, 12, 13, 5, 11, 5, 9, 4, 15, 2, 14, 19, 14, 19, 3, 5, 6, 13, 17, 3, 6, 16, 16, 2 ], [ 13, 16, 19, 18, 8, 4, 6, 17, 10, 14, 2, 14, 13, 11, 2, 19, 9, 3, 2, 13, 3, 17, 15, 10, 9, 11, 0, 19, 14, 9, 10, 7, 7, 17, 4, 13, 17, 2, 18, 14, 15, 8, 5, 10, 16, 2, 18, 12, 13, 16, 4, 16, 4, 15, 11, 17, 9, 8, 4, 7, 4, 5, 18, 20, 10, 11, 16, 20, 12, 14, 17, 16, 9, 3, 10, 10, 5, 9, 4, 9, 20, 6, 5, 12, 8, 14, 17, 7, 5, 9, 12, 15, 7, 15, 8, 15, 12, 2, 17, 11, 6, 6, 19, 10 ], [ 6, 9, 3, 3, 11, 21, 14, 6, 10, 6, 18, 6, 14, 20, 17, 6, 13, 16, 21, 6, 22, 3, 9, 18, 16, 18, 19, 0, 6, 13, 13, 18, 13, 7, 18, 8, 3, 18, 8, 9, 9, 13, 16, 17, 7, 19, 6, 16, 18, 16, 18, 15, 20, 15, 13, 9, 19, 17, 19, 20, 16, 21, 7, 1, 12, 13, 10, 9, 10, 15, 5, 7, 21, 17, 16, 11, 15, 13, 17, 11, 4, 13, 15, 13, 12, 15, 11, 19, 18, 18, 8, 8, 14, 9, 16, 16, 12, 21, 3, 21, 15, 19, 3, 20 ], [ 3, 10, 7, 4, 8, 15, 9, 9, 7, 5, 13, 0, 9, 18, 12, 5, 10, 12, 16, 1, 17, 4, 4, 16, 14, 16, 14, 6, 0, 7, 11, 15, 8, 4, 14, 2, 3, 13, 10, 9, 4, 8, 11, 15, 3, 14, 4, 15, 18, 16, 14, 16, 16, 15, 8, 11, 16, 14, 15, 17, 12, 17, 4, 7, 10, 11, 11, 13, 9, 15, 7, 8, 18, 12, 11, 9, 10, 11, 12, 8, 5, 8, 9, 12, 7, 15, 12, 16, 12, 16, 3, 3, 8, 4, 13, 16, 11, 16, 3, 19, 11, 13, 8, 18 ], [ 7, 13, 13, 11, 6, 8, 4, 13, 6, 10, 7, 6, 5, 16, 6, 11, 9, 7, 10, 6, 11, 10, 7, 14, 12, 14, 9, 13, 7, 0, 11, 12, 2, 8, 10, 5, 10, 8, 14, 11, 7, 1, 4, 13, 8, 8, 10, 14, 17, 17, 9, 17, 11, 16, 3, 15, 14, 12, 11, 13, 8, 13, 9, 14, 10, 11, 14, 17, 10, 15, 12, 12, 15, 7, 5, 9, 4, 10, 5, 8, 12, 3, 3, 13, 3, 15, 15, 12, 5, 13, 5, 7, 1, 7, 11, 17, 12, 10, 10, 16, 8, 6, 14, 15 ], [ 8, 7, 12, 13, 5, 14, 8, 8, 5, 7, 9, 11, 16, 8, 9, 15, 1, 7, 12, 10, 13, 10, 14, 5, 3, 5, 10, 13, 11, 11, 0, 6, 9, 15, 6, 12, 12, 8, 8, 5, 14, 11, 11, 4, 14, 12, 15, 4, 6, 7, 7, 6, 9, 6, 14, 8, 6, 4, 8, 7, 6, 9, 15, 14, 1, 1, 7, 10, 3, 5, 9, 7, 8, 8, 15, 2, 10, 1, 12, 3, 15, 8, 10, 2, 7, 5, 7, 6, 13, 5, 9, 14, 10, 15, 3, 6, 2, 12, 12, 8, 4, 14, 11, 7 ], [ 13, 12, 17, 18, 8, 12, 9, 14, 9, 13, 7, 15, 17, 4, 7, 20, 5, 5, 8, 14, 9, 16, 18, 3, 3, 4, 7, 18, 15, 12, 6, 0, 10, 19, 3, 16, 17, 6, 14, 10, 18, 13, 11, 3, 18, 9, 19, 6, 6, 10, 4, 9, 4, 8, 16, 13, 2, 2, 3, 2, 5, 4, 19, 19, 6, 6, 12, 16, 9, 8, 14, 13, 3, 6, 16, 7, 10, 5, 11, 7, 20, 9, 10, 7, 10, 8, 12, 1, 12, 2, 13, 18, 12, 18, 2, 9, 8, 9, 17, 4, 4, 13, 17, 3 ], [ 7, 13, 13, 11, 4, 8, 2, 13, 5, 9, 5, 7, 7, 14, 5, 12, 8, 5, 9, 7, 10, 10, 8, 12, 10, 13, 7, 13, 8, 2, 9, 10, 0, 10, 8, 6, 11, 6, 14, 10, 8, 2, 4, 11, 9, 7, 11, 13, 15, 16, 7, 15, 9, 14, 5, 14, 12, 10, 9, 11, 6, 11, 11, 14, 9, 10, 13, 16, 9, 14, 12, 11, 13, 5, 6, 8, 2, 9, 5, 6, 13, 1, 2, 11, 2, 14, 14, 10, 5, 11, 5, 8, 1, 8, 10, 15, 10, 9, 10, 14, 6, 6, 14, 14 ], [ 7, 13, 9, 4, 11, 17, 11, 12, 10, 9, 15, 3, 8, 22, 15, 2, 14, 15, 18, 4, 20, 7, 2, 19, 17, 19, 17, 7, 4, 8, 15, 19, 10, 0, 17, 3, 5, 16, 13, 12, 2, 9, 13, 18, 0, 16, 2, 18, 21, 20, 16, 19, 19, 19, 8, 14, 20, 17, 18, 20, 14, 20, 1, 8, 14, 15, 15, 15, 12, 18, 10, 11, 22, 15, 11, 12, 12, 15, 14, 12, 5, 10, 11, 16, 9, 18, 16, 19, 14, 19, 6, 1, 10, 2, 17, 20, 14, 18, 4, 22, 15, 14, 10, 21 ], [ 12, 13, 17, 17, 7, 9, 6, 14, 8, 12, 4, 14, 15, 7, 5, 19, 5, 3, 6, 13, 7, 15, 16, 6, 5, 6, 4, 18, 14, 10, 6, 3, 8, 17, 0, 14, 16, 3, 15, 11, 16, 10, 8, 5, 17, 6, 18, 8, 9, 12, 1, 12, 3, 11, 13, 14, 5, 3, 2, 3, 3, 3, 18, 19, 7, 7, 13, 17, 9, 10, 14, 13, 5, 4, 13, 7, 7, 6, 8, 7, 19, 7, 7, 8, 8, 10, 13, 2, 9, 4, 11, 16, 9, 16, 4, 11, 8, 7, 16, 7, 3, 10, 17, 6 ], [ 5, 12, 10, 6, 8, 14, 8, 11, 7, 7, 12, 2, 6, 19, 11, 5, 11, 11, 15, 2, 16, 7, 2, 16, 14, 17, 13, 8, 2, 5, 12, 16, 6, 3, 14, 0, 6, 13, 12, 11, 2, 6, 9, 15, 3, 13, 5, 16, 19, 18, 13, 17, 16, 17, 5, 13, 17, 14, 15, 17, 11, 17, 4, 9, 11, 12, 13, 15, 10, 16, 9, 10, 19, 11, 8, 10, 9, 12, 10, 9, 7, 7, 8, 14, 6, 16, 14, 16, 11, 16, 3, 2, 6, 3, 14, 18, 12, 15, 5, 19, 11, 11, 10, 18 ], [ 4, 9, 5, 1, 10, 18, 12, 7, 8, 5, 16, 4, 12, 20, 15, 4, 12, 14, 19, 4, 20, 2, 7, 17, 15, 17, 17, 3, 3, 10, 12, 17, 11, 5, 16, 6, 0, 16, 9, 9, 7, 11, 14, 16, 5, 17, 4, 15, 18, 16, 16, 15, 18, 15, 11, 10, 18, 16, 18, 18, 14, 19, 5, 4, 11, 12, 11, 11, 9, 15, 6, 7, 20, 15, 14, 10, 13, 13, 15, 10, 3, 11, 12, 13, 9, 15, 12, 17, 16, 17, 6, 5, 11, 7, 15, 16, 11, 19, 1, 20, 13, 16, 5, 19 ], [ 12, 14, 18, 17, 7, 6, 5, 15, 8, 13, 2, 13, 13, 10, 2, 18, 7, 2, 3, 12, 5, 15, 15, 8, 7, 9, 2, 18, 13, 8, 8, 6, 6, 16, 3, 13, 16, 0, 16, 12, 15, 8, 5, 8, 16, 4, 17, 11, 12, 15, 2, 14, 3, 13, 11, 15, 8, 6, 3, 6, 3, 5, 17, 19, 9, 9, 15, 18, 11, 12, 15, 14, 8, 1, 11, 9, 5, 8, 5, 8, 18, 6, 5, 10, 7, 13, 15, 5, 6, 7, 11, 15, 7, 15, 7, 14, 10, 4, 16, 10, 4, 7, 18, 9 ], [ 7, 2, 5, 10, 10, 21, 14, 2, 9, 5, 16, 11, 18, 15, 16, 13, 9, 14, 20, 10, 21, 7, 14, 13, 11, 12, 18, 8, 10, 14, 8, 14, 14, 13, 15, 12, 9, 16, 0, 4, 14, 15, 17, 11, 13, 19, 12, 10, 12, 8, 15, 8, 17, 8, 17, 1, 14, 12, 16, 16, 13, 18, 13, 7, 8, 8, 3, 3, 5, 8, 3, 2, 17, 15, 19, 7, 16, 9, 18, 8, 11, 13, 15, 7, 12, 8, 4, 14, 19, 13, 10, 13, 15, 15, 11, 9, 6, 20, 9, 15, 12, 19, 4, 14 ], [ 5, 2, 7, 10, 6, 17, 10, 4, 5, 4, 12, 9, 16, 12, 12, 12, 5, 10, 16, 8, 17, 7, 13, 9, 8, 9, 14, 9, 9, 11, 5, 10, 10, 12, 11, 11, 9, 12, 4, 0, 13, 12, 13, 8, 12, 15, 12, 7, 10, 7, 11, 7, 13, 7, 14, 4, 10, 9, 12, 12, 9, 14, 13, 9, 4, 4, 3, 6, 1, 6, 4, 2, 13, 11, 16, 3, 12, 5, 14, 4, 12, 10, 11, 4, 8, 6, 4, 11, 15, 10, 8, 12, 12, 13, 8, 7, 3, 16, 9, 12, 8, 16, 7, 11 ], [ 7, 14, 11, 6, 10, 15, 10, 13, 10, 9, 13, 4, 6, 21, 13, 5, 14, 13, 17, 5, 18, 8, 0, 19, 17, 19, 15, 9, 4, 7, 14, 18, 8, 2, 16, 2, 7, 15, 14, 13, 0, 7, 11, 18, 2, 14, 4, 18, 21, 20, 15, 19, 17, 19, 5, 15, 19, 17, 17, 19, 13, 19, 3, 10, 14, 15, 15, 17, 13, 18, 11, 12, 21, 13, 8, 12, 10, 15, 12, 12, 7, 9, 10, 16, 8, 18, 16, 18, 12, 18, 5, 1, 8, 0, 16, 20, 14, 16, 6, 21, 14, 12, 12, 21 ], [ 8, 14, 14, 11, 6, 8, 4, 14, 7, 10, 7, 7, 5, 16, 6, 11, 10, 7, 10, 7, 11, 11, 7, 14, 13, 15, 8, 13, 8, 1, 11, 13, 2, 9, 10, 6, 11, 8, 15, 12, 7, 0, 4, 14, 9, 7, 11, 15, 17, 18, 9, 17, 11, 17, 3, 15, 15, 12, 11, 13, 8, 13, 10, 15, 11, 12, 15, 18, 11, 16, 13, 13, 15, 7, 4, 10, 3, 11, 5, 9, 13, 3, 3, 13, 4, 16, 16, 13, 5, 14, 6, 8, 1, 7, 12, 18, 12, 9, 10, 17, 9, 5, 15, 16 ], [ 11, 16, 17, 15, 7, 4, 3, 16, 8, 13, 4, 11, 8, 15, 3, 15, 10, 5, 6, 10, 7, 14, 11, 13, 12, 14, 5, 16, 11, 4, 11, 11, 4, 13, 8, 9, 14, 5, 17, 13, 11, 4, 0, 13, 12, 4, 14, 14, 16, 18, 7, 17, 8, 17, 6, 17, 13, 11, 9, 11, 6, 10, 13, 18, 11, 12, 16, 20, 12, 16, 15, 15, 13, 4, 5, 10, 2, 11, 1, 9, 16, 4, 2, 13, 5, 16, 17, 10, 2, 12, 9, 11, 3, 11, 11, 17, 13, 6, 14, 15, 8, 2, 17, 14 ], [ 12, 10, 15, 17, 8, 14, 10, 12, 8, 11, 10, 15, 18, 4, 10, 19, 4, 7, 11, 14, 12, 14, 18, 1, 1, 1, 10, 17, 15, 13, 4, 3, 11, 18, 5, 15, 16, 8, 11, 8, 18, 14, 13, 0, 18, 12, 18, 3, 4, 7, 6, 6, 7, 5, 17, 10, 2, 2, 6, 5, 6, 7, 19, 17, 5, 4, 9, 13, 7, 5, 12, 10, 5, 8, 17, 6, 11, 3, 13, 6, 19, 10, 11, 4, 10, 5, 9, 4, 14, 2, 13, 17, 13, 18, 2, 6, 5, 12, 16, 4, 5, 15, 15, 3 ], [ 7, 13, 9, 4, 10, 17, 11, 11, 10, 8, 15, 3, 8, 21, 14, 3, 14, 14, 18, 4, 19, 6, 2, 19, 17, 19, 16, 7, 3, 8, 14, 18, 9, 0, 17, 3, 5, 16, 13, 12, 2, 9, 12, 18, 0, 16, 2, 18, 21, 19, 16, 19, 18, 18, 7, 14, 20, 17, 18, 19, 14, 20, 1, 8, 14, 15, 14, 15, 12, 18, 10, 11, 21, 14, 10, 12, 12, 15, 13, 12, 5, 10, 11, 16, 9, 18, 15, 18, 13, 19, 5, 1, 9, 2, 17, 19, 14, 18, 4, 22, 14, 14, 10, 21 ], [ 13, 17, 19, 18, 9, 2, 6, 18, 10, 15, 2, 14, 11, 13, 3, 18, 10, 5, 3, 13, 4, 17, 14, 12, 11, 13, 2, 19, 14, 8, 12, 9, 7, 16, 6, 13, 17, 4, 19, 15, 14, 7, 4, 12, 16, 0, 18, 14, 15, 18, 6, 18, 6, 17, 10, 18, 12, 10, 6, 9, 6, 7, 17, 21, 12, 13, 18, 21, 13, 16, 17, 17, 11, 4, 9, 12, 4, 11, 3, 10, 19, 6, 5, 14, 8, 16, 18, 9, 4, 11, 12, 15, 7, 14, 10, 17, 14, 2, 17, 13, 8, 4, 20, 13 ], [ 7, 13, 8, 2, 11, 18, 12, 11, 10, 8, 16, 4, 10, 22, 16, 1, 14, 16, 20, 5, 21, 6, 4, 20, 18, 20, 18, 6, 4, 10, 15, 19, 11, 2, 18, 5, 4, 17, 12, 12, 4, 11, 14, 18, 2, 18, 0, 18, 21, 19, 17, 19, 20, 19, 9, 13, 20, 18, 19, 20, 15, 21, 2, 7, 14, 15, 14, 14, 12, 18, 9, 11, 22, 16, 12, 13, 13, 15, 15, 12, 3, 12, 13, 16, 10, 18, 15, 19, 15, 19, 6, 3, 11, 4, 17, 19, 14, 20, 3, 22, 15, 16, 9, 22 ], [ 11, 8, 14, 17, 9, 17, 12, 10, 9, 10, 12, 15, 20, 6, 12, 19, 5, 10, 14, 14, 15, 13, 18, 3, 3, 3, 12, 16, 15, 14, 4, 6, 13, 18, 8, 16, 15, 11, 10, 7, 18, 15, 14, 3, 18, 14, 18, 0, 3, 4, 9, 4, 10, 3, 18, 8, 5, 5, 9, 7, 8, 10, 19, 16, 4, 3, 7, 11, 6, 2, 11, 9, 8, 11, 19, 6, 13, 4, 15, 7, 18, 12, 13, 2, 11, 2, 6, 6, 16, 4, 13, 17, 14, 18, 4, 3, 4, 15, 16, 6, 7, 17, 13, 5 ], [ 14, 10, 17, 20, 11, 18, 14, 13, 11, 13, 13, 18, 22, 4, 13, 22, 8, 11, 14, 17, 15, 16, 21, 3, 5, 3, 13, 18, 18, 17, 6, 6, 15, 21, 9, 19, 18, 12, 12, 10, 21, 17, 16, 4, 21, 15, 21, 3, 0, 5, 10, 5, 11, 4, 20, 11, 4, 6, 10, 7, 10, 10, 22, 19, 7, 6, 9, 13, 9, 4, 14, 12, 7, 12, 21, 9, 15, 6, 17, 9, 21, 14, 15, 5, 14, 4, 9, 7, 18, 5, 16, 20, 16, 21, 5, 4, 7, 15, 18, 4, 9, 18, 16, 4 ], [ 13, 7, 13, 17, 12, 21, 15, 9, 11, 11, 16, 16, 22, 9, 16, 20, 8, 14, 18, 15, 19, 14, 20, 7, 7, 7, 16, 16, 16, 17, 7, 10, 16, 20, 12, 18, 16, 15, 8, 7, 20, 18, 18, 7, 19, 18, 19, 4, 5, 0, 13, 1, 14, 2, 21, 7, 8, 9, 13, 11, 12, 14, 20, 16, 7, 6, 6, 8, 8, 2, 11, 9, 11, 15, 22, 8, 17, 7, 19, 9, 19, 15, 17, 5, 14, 2, 5, 11, 20, 9, 15, 19, 17, 20, 8, 1, 6, 19, 16, 9, 11, 21, 13, 9 ], [ 11, 13, 17, 17, 6, 8, 6, 14, 8, 12, 4, 13, 14, 8, 4, 18, 6, 2, 5, 13, 6, 15, 15, 6, 5, 7, 4, 18, 14, 9, 7, 4, 7, 16, 1, 13, 16, 2, 15, 11, 15, 9, 7, 6, 16, 6, 17, 9, 10, 13, 0, 12, 3, 11, 12, 14, 6, 4, 2, 4, 2, 4, 17, 18, 7, 8, 13, 17, 9, 11, 14, 13, 6, 3, 12, 8, 6, 6, 7, 7, 19, 6, 6, 9, 7, 11, 13, 3, 8, 5, 11, 15, 8, 15, 5, 12, 9, 6, 16, 8, 3, 9, 17, 7 ], [ 12, 7, 13, 17, 11, 20, 14, 9, 10, 11, 15, 16, 22, 8, 15, 19, 8, 13, 17, 15, 18, 13, 19, 7, 7, 6, 16, 15, 16, 17, 6, 9, 15, 19, 12, 17, 15, 14, 8, 7, 19, 17, 17, 6, 19, 18, 19, 4, 5, 1, 12, 0, 14, 1, 20, 7, 8, 8, 13, 11, 12, 13, 20, 15, 7, 5, 5, 8, 7, 2, 10, 8, 11, 14, 21, 8, 16, 7, 18, 9, 18, 14, 16, 4, 13, 2, 4, 10, 19, 8, 14, 19, 17, 20, 7, 1, 5, 18, 16, 9, 10, 20, 12, 8 ], [ 14, 15, 19, 19, 9, 8, 8, 17, 10, 15, 4, 16, 16, 8, 5, 20, 8, 4, 4, 15, 5, 17, 17, 7, 7, 8, 4, 20, 16, 11, 9, 4, 9, 19, 3, 16, 18, 3, 17, 13, 17, 11, 8, 7, 18, 6, 20, 10, 11, 14, 3, 14, 0, 13, 14, 16, 6, 6, 1, 4, 5, 2, 20, 21, 9, 10, 15, 19, 12, 12, 17, 15, 5, 4, 14, 10, 8, 8, 8, 9, 21, 8, 8, 11, 9, 12, 15, 4, 9, 6, 13, 18, 10, 18, 6, 13, 11, 5, 18, 8, 5, 9, 19, 7 ], [ 12, 7, 13, 17, 10, 19, 14, 9, 10, 10, 14, 15, 21, 8, 14, 19, 7, 12, 16, 15, 17, 13, 19, 6, 6, 5, 15, 15, 15, 16, 6, 8, 14, 19, 11, 17, 15, 13, 8, 7, 19, 17, 17, 5, 18, 17, 19, 3, 4, 2, 11, 1, 13, 0, 19, 7, 7, 7, 12, 10, 11, 12, 19, 15, 6, 5, 6, 9, 6, 1, 10, 8, 10, 13, 21, 7, 15, 6, 17, 8, 18, 14, 15, 3, 13, 1, 5, 9, 18, 7, 14, 18, 16, 19, 7, 1, 5, 17, 16, 8, 9, 19, 12, 7 ], [ 10, 16, 15, 11, 9, 10, 7, 15, 10, 12, 10, 7, 2, 20, 9, 10, 13, 10, 12, 7, 13, 12, 5, 17, 16, 18, 11, 13, 8, 3, 14, 16, 5, 8, 13, 5, 11, 11, 17, 14, 5, 3, 6, 17, 7, 10, 9, 18, 20, 21, 12, 20, 14, 19, 0, 17, 18, 15, 14, 16, 11, 16, 8, 15, 13, 15, 17, 20, 13, 19, 14, 15, 18, 10, 3, 12, 6, 14, 7, 11, 12, 6, 6, 16, 7, 19, 18, 16, 7, 17, 7, 6, 4, 5, 15, 20, 15, 12, 10, 20, 12, 7, 15, 19 ], [ 8, 1, 7, 11, 10, 20, 13, 3, 8, 6, 16, 11, 19, 14, 16, 14, 8, 14, 19, 11, 20, 8, 15, 11, 10, 11, 17, 9, 11, 15, 8, 13, 14, 14, 14, 13, 10, 15, 1, 4, 15, 15, 17, 10, 14, 18, 13, 8, 11, 7, 14, 7, 16, 7, 17, 0, 12, 11, 15, 14, 13, 17, 14, 9, 7, 7, 1, 3, 5, 7, 4, 3, 15, 15, 19, 7, 15, 8, 18, 8, 12, 13, 15, 6, 12, 7, 2, 13, 19, 12, 11, 14, 15, 15, 10, 8, 5, 19, 10, 14, 11, 19, 6, 13 ], [ 13, 12, 17, 19, 9, 14, 11, 14, 10, 13, 10, 16, 19, 2, 10, 21, 6, 8, 10, 15, 11, 16, 19, 1, 3, 2, 9, 19, 16, 14, 6, 2, 12, 20, 5, 17, 18, 8, 14, 10, 19, 15, 13, 2, 20, 12, 20, 5, 4, 8, 6, 8, 6, 7, 18, 12, 0, 3, 5, 3, 7, 6, 21, 19, 7, 6, 11, 15, 9, 7, 14, 13, 3, 9, 18, 8, 12, 5, 13, 8, 21, 11, 12, 6, 11, 7, 11, 3, 14, 1, 14, 19, 14, 19, 3, 7, 7, 11, 18, 2, 6, 15, 17, 1 ], [ 11, 11, 15, 17, 7, 12, 8, 12, 7, 11, 7, 14, 17, 5, 8, 19, 4, 5, 9, 13, 10, 14, 17, 2, 1, 3, 8, 17, 14, 12, 4, 2, 10, 17, 3, 14, 16, 6, 12, 9, 17, 12, 11, 2, 17, 10, 18, 5, 6, 9, 4, 8, 6, 7, 15, 11, 3, 0, 4, 3, 4, 5, 18, 17, 5, 5, 10, 14, 7, 7, 13, 11, 5, 6, 16, 6, 10, 3, 11, 6, 18, 9, 9, 5, 9, 7, 10, 2, 12, 2, 12, 16, 11, 17, 1, 8, 6, 10, 16, 5, 3, 13, 15, 4 ], [ 13, 14, 18, 19, 8, 9, 8, 16, 9, 14, 5, 15, 16, 7, 5, 20, 7, 4, 5, 14, 6, 17, 17, 6, 6, 7, 4, 19, 15, 11, 8, 3, 9, 18, 2, 15, 18, 3, 16, 12, 17, 11, 9, 6, 18, 6, 19, 9, 10, 13, 2, 13, 1, 12, 14, 15, 5, 4, 0, 3, 4, 2, 19, 20, 8, 9, 14, 18, 11, 11, 16, 14, 4, 4, 14, 9, 8, 7, 8, 8, 20, 8, 8, 9, 9, 11, 14, 3, 9, 5, 13, 17, 10, 17, 5, 12, 10, 6, 18, 7, 4, 10, 18, 6 ], [ 14, 14, 19, 20, 9, 11, 9, 16, 10, 14, 7, 16, 18, 4, 7, 21, 7, 6, 7, 15, 8, 17, 19, 4, 4, 5, 7, 20, 17, 13, 7, 2, 11, 20, 3, 17, 18, 6, 16, 12, 19, 13, 11, 5, 19, 9, 20, 7, 7, 11, 4, 11, 4, 10, 16, 14, 3, 3, 3, 0, 5, 3, 20, 20, 8, 8, 13, 17, 10, 9, 16, 14, 2, 7, 16, 9, 10, 6, 11, 9, 21, 10, 10, 8, 10, 9, 13, 1, 12, 3, 14, 19, 12, 19, 4, 10, 9, 8, 18, 4, 5, 13, 18, 4 ], [ 9, 12, 15, 15, 4, 8, 4, 13, 6, 10, 3, 11, 13, 9, 3, 16, 4, 1, 6, 10, 7, 13, 13, 7, 5, 8, 4, 16, 12, 8, 6, 5, 6, 14, 3, 11, 14, 3, 13, 9, 13, 8, 6, 6, 14, 6, 15, 8, 10, 12, 2, 12, 5, 11, 11, 13, 7, 4, 4, 5, 0, 6, 15, 17, 6, 7, 12, 16, 8, 10, 12, 11, 8, 2, 11, 6, 5, 5, 6, 5, 16, 5, 5, 8, 5, 10, 12, 5, 8, 6, 9, 13, 7, 14, 5, 11, 8, 7, 14, 9, 2, 8, 15, 8 ], [ 15, 16, 20, 21, 10, 9, 9, 17, 11, 16, 6, 17, 17, 6, 6, 22, 8, 6, 5, 16, 6, 18, 19, 7, 7, 7, 5, 21, 17, 13, 9, 4, 11, 20, 3, 17, 19, 5, 18, 14, 19, 13, 10, 7, 20, 7, 21, 10, 10, 14, 4, 13, 2, 12, 16, 17, 6, 5, 2, 3, 6, 0, 21, 22, 10, 10, 16, 20, 12, 12, 17, 16, 4, 6, 15, 11, 9, 8, 9, 10, 22, 10, 10, 11, 11, 12, 15, 3, 10, 5, 15, 19, 12, 19, 6, 13, 11, 6, 19, 6, 6, 11, 20, 6 ], [ 8, 14, 9, 4, 11, 18, 12, 12, 11, 9, 16, 4, 8, 23, 15, 2, 15, 15, 19, 5, 20, 7, 3, 20, 18, 20, 18, 7, 4, 9, 15, 19, 11, 1, 18, 4, 5, 17, 13, 13, 3, 10, 13, 19, 1, 17, 2, 19, 22, 20, 17, 20, 20, 19, 8, 14, 21, 18, 19, 20, 15, 21, 0, 8, 14, 16, 15, 16, 13, 19, 10, 12, 22, 15, 11, 13, 13, 16, 14, 13, 4, 11, 12, 16, 10, 19, 16, 19, 14, 20, 6, 2, 10, 3, 18, 20, 15, 19, 4, 23, 15, 15, 10, 22 ], [ 7, 9, 2, 4, 12, 22, 15, 6, 11, 6, 19, 8, 16, 21, 18, 7, 14, 17, 22, 8, 23, 4, 10, 18, 17, 18, 20, 1, 7, 14, 14, 19, 14, 8, 19, 9, 4, 19, 7, 9, 10, 15, 18, 17, 8, 21, 7, 16, 19, 16, 18, 15, 21, 15, 15, 9, 19, 17, 20, 20, 17, 22, 8, 0, 13, 13, 10, 9, 10, 15, 5, 7, 22, 18, 18, 12, 16, 14, 19, 12, 4, 14, 16, 14, 13, 15, 11, 19, 19, 19, 9, 9, 15, 11, 17, 16, 12, 22, 5, 21, 16, 20, 3, 20 ], [ 7, 6, 11, 13, 5, 14, 8, 8, 4, 7, 9, 10, 15, 8, 9, 15, 1, 7, 12, 9, 13, 10, 14, 6, 4, 6, 10, 12, 10, 10, 1, 6, 9, 14, 7, 11, 11, 9, 8, 4, 14, 11, 11, 5, 14, 12, 14, 4, 7, 7, 7, 7, 9, 6, 13, 7, 7, 5, 8, 8, 6, 10, 14, 13, 0, 1, 6, 10, 3, 5, 8, 6, 9, 8, 15, 1, 10, 1, 12, 2, 14, 8, 9, 2, 7, 5, 6, 7, 13, 6, 9, 13, 10, 14, 4, 7, 2, 13, 11, 9, 4, 13, 11, 8 ], [ 8, 6, 11, 13, 6, 15, 9, 8, 5, 7, 10, 11, 16, 8, 10, 15, 2, 8, 13, 10, 14, 10, 15, 5, 4, 5, 11, 13, 11, 11, 1, 6, 10, 15, 7, 12, 12, 9, 8, 4, 15, 12, 12, 4, 15, 13, 15, 3, 6, 6, 8, 5, 10, 5, 15, 7, 6, 5, 9, 8, 7, 10, 16, 13, 1, 0, 6, 9, 3, 4, 8, 6, 9, 9, 16, 3, 11, 2, 13, 4, 15, 9, 11, 1, 8, 4, 5, 7, 14, 6, 10, 14, 11, 15, 4, 5, 1, 13, 12, 8, 5, 15, 11, 7 ], [ 8, 1, 8, 12, 9, 20, 13, 4, 8, 6, 15, 12, 19, 13, 15, 14, 8, 13, 18, 11, 19, 8, 15, 10, 9, 10, 16, 10, 11, 14, 7, 12, 13, 15, 13, 13, 11, 15, 3, 3, 15, 15, 16, 9, 14, 18, 14, 7, 9, 6, 13, 5, 15, 6, 17, 1, 11, 10, 14, 13, 12, 16, 15, 10, 6, 6, 0, 4, 4, 6, 5, 3, 14, 14, 19, 6, 15, 7, 17, 7, 13, 13, 15, 5, 11, 6, 1, 12, 18, 11, 11, 14, 15, 16, 9, 6, 4, 19, 11, 13, 10, 19, 7, 12 ], [ 10, 4, 7, 12, 13, 23, 16, 4, 11, 8, 19, 13, 21, 16, 19, 15, 11, 17, 22, 12, 23, 9, 17, 14, 13, 13, 20, 9, 13, 17, 10, 16, 16, 15, 17, 15, 11, 18, 3, 6, 17, 18, 20, 13, 15, 21, 14, 11, 13, 8, 17, 8, 19, 9, 20, 3, 15, 14, 18, 17, 16, 20, 16, 9, 10, 9, 4, 0, 8, 9, 5, 5, 18, 18, 22, 10, 18, 11, 20, 11, 13, 16, 18, 9, 14, 9, 4, 16, 21, 15, 13, 16, 18, 17, 13, 9, 8, 22, 12, 16, 14, 22, 6, 16 ], [ 5, 4, 8, 11, 5, 16, 9, 5, 4, 4, 11, 9, 15, 11, 11, 13, 4, 9, 14, 8, 15, 7, 13, 8, 6, 8, 12, 10, 9, 10, 3, 9, 9, 12, 9, 10, 9, 11, 5, 1, 13, 11, 12, 7, 12, 13, 12, 6, 9, 8, 9, 7, 12, 6, 13, 5, 9, 7, 11, 10, 8, 12, 13, 10, 3, 3, 4, 8, 0, 6, 5, 4, 12, 10, 15, 2, 11, 4, 13, 3, 12, 8, 10, 4, 7, 6, 5, 9, 14, 8, 8, 12, 11, 13, 6, 7, 2, 15, 10, 11, 7, 15, 8, 10 ], [ 11, 7, 13, 16, 10, 18, 13, 9, 9, 10, 13, 15, 20, 7, 13, 18, 6, 11, 16, 14, 17, 13, 18, 5, 5, 5, 14, 15, 15, 15, 5, 8, 14, 18, 10, 16, 15, 12, 8, 6, 18, 16, 16, 5, 18, 16, 18, 2, 4, 2, 11, 2, 12, 1, 19, 7, 7, 7, 11, 9, 10, 12, 19, 15, 5, 4, 6, 9, 6, 0, 10, 8, 10, 12, 20, 6, 14, 5, 16, 7, 18, 13, 14, 3, 12, 0, 5, 9, 17, 7, 13, 18, 15, 19, 6, 2, 4, 16, 15, 8, 8, 18, 12, 7 ], [ 5, 4, 3, 7, 9, 19, 12, 1, 7, 3, 15, 8, 16, 16, 15, 10, 9, 13, 19, 7, 20, 4, 11, 13, 12, 13, 17, 5, 7, 12, 9, 14, 12, 10, 14, 9, 6, 15, 3, 4, 11, 13, 15, 12, 10, 17, 9, 11, 14, 11, 14, 10, 17, 10, 14, 4, 14, 13, 16, 16, 12, 17, 10, 5, 8, 8, 5, 5, 5, 10, 0, 2, 17, 14, 17, 7, 14, 9, 16, 8, 8, 11, 13, 8, 10, 10, 6, 15, 17, 14, 8, 10, 13, 12, 12, 11, 7, 19, 6, 16, 11, 18, 3, 15 ], [ 5, 2, 5, 9, 8, 19, 11, 1, 7, 3, 14, 9, 16, 14, 14, 11, 8, 12, 18, 8, 19, 5, 12, 12, 10, 11, 16, 7, 8, 12, 7, 13, 11, 11, 13, 10, 7, 14, 2, 2, 12, 13, 15, 10, 11, 17, 11, 9, 12, 9, 13, 8, 15, 8, 15, 3, 13, 11, 14, 14, 11, 16, 12, 7, 6, 6, 3, 5, 4, 8, 2, 0, 15, 13, 17, 6, 13, 8, 16, 6, 10, 11, 13, 7, 10, 8, 4, 13, 17, 12, 8, 11, 13, 13, 10, 9, 5, 18, 8, 14, 10, 17, 4, 14 ], [ 16, 15, 20, 21, 11, 13, 12, 17, 12, 16, 9, 18, 20, 3, 10, 23, 8, 8, 9, 17, 9, 19, 21, 4, 5, 5, 9, 21, 18, 15, 8, 3, 13, 22, 5, 19, 20, 8, 17, 13, 21, 15, 13, 5, 21, 11, 22, 8, 7, 11, 6, 11, 5, 10, 18, 15, 3, 5, 4, 2, 8, 4, 22, 22, 9, 9, 14, 18, 12, 10, 17, 15, 0, 9, 18, 10, 12, 8, 13, 10, 23, 12, 12, 9, 13, 10, 14, 3, 14, 3, 16, 21, 14, 21, 5, 10, 10, 10, 20, 3, 7, 14, 20, 3 ], [ 11, 14, 16, 16, 5, 6, 3, 15, 7, 12, 1, 12, 12, 10, 1, 16, 7, 1, 4, 11, 6, 14, 13, 9, 8, 10, 3, 17, 12, 7, 8, 6, 5, 15, 4, 11, 15, 1, 15, 11, 13, 7, 4, 8, 14, 4, 16, 11, 12, 15, 3, 14, 4, 13, 10, 15, 9, 6, 4, 7, 2, 6, 15, 18, 8, 9, 14, 18, 10, 12, 14, 13, 9, 0, 10, 8, 4, 7, 4, 7, 17, 4, 4, 10, 5, 12, 14, 6, 6, 8, 9, 13, 6, 13, 7, 14, 10, 5, 14, 10, 4, 6, 17, 10 ], [ 12, 18, 18, 14, 10, 8, 7, 18, 11, 14, 9, 10, 3, 20, 9, 13, 14, 10, 11, 10, 12, 15, 8, 18, 16, 19, 10, 16, 11, 5, 15, 16, 6, 11, 13, 8, 14, 11, 19, 16, 8, 4, 5, 17, 10, 9, 12, 19, 21, 22, 12, 21, 14, 21, 3, 19, 18, 16, 14, 16, 11, 15, 11, 18, 15, 16, 19, 22, 15, 20, 17, 17, 18, 10, 0, 14, 6, 15, 6, 13, 15, 7, 6, 17, 8, 20, 20, 16, 5, 17, 9, 9, 5, 8, 16, 21, 16, 10, 13, 20, 12, 5, 18, 19 ], [ 6, 6, 10, 11, 4, 14, 7, 7, 3, 5, 9, 9, 14, 10, 9, 13, 2, 7, 12, 8, 13, 8, 12, 7, 5, 7, 10, 11, 9, 9, 2, 7, 8, 12, 7, 10, 10, 9, 7, 3, 12, 10, 10, 6, 12, 12, 13, 6, 9, 8, 8, 8, 10, 7, 12, 7, 8, 6, 9, 9, 6, 11, 13, 12, 1, 3, 6, 10, 2, 6, 7, 6, 10, 8, 14, 0, 9, 3, 11, 1, 13, 7, 9, 4, 6, 6, 6, 8, 12, 7, 7, 12, 9, 12, 5, 8, 3, 13, 10, 10, 5, 13, 10, 9 ], [ 9, 14, 16, 14, 5, 6, 2, 15, 7, 11, 4, 10, 8, 14, 3, 14, 8, 4, 7, 9, 8, 13, 10, 12, 10, 13, 5, 15, 10, 4, 10, 10, 2, 12, 7, 9, 13, 5, 16, 12, 10, 3, 2, 11, 12, 4, 13, 13, 15, 17, 6, 16, 8, 15, 6, 15, 12, 10, 8, 10, 5, 9, 13, 16, 10, 11, 15, 18, 11, 14, 14, 13, 12, 4, 6, 9, 0, 9, 2, 8, 15, 2, 1, 12, 4, 15, 15, 10, 3, 11, 7, 11, 2, 10, 10, 16, 11, 6, 12, 14, 6, 4, 16, 13 ], [ 8, 7, 12, 14, 5, 13, 8, 9, 5, 8, 9, 11, 16, 7, 8, 16, 1, 6, 11, 10, 12, 11, 15, 4, 3, 5, 9, 13, 11, 10, 1, 5, 9, 15, 6, 12, 13, 8, 9, 5, 15, 11, 11, 3, 15, 11, 15, 4, 6, 7, 6, 7, 8, 6, 14, 8, 5, 3, 7, 6, 5, 8, 16, 14, 1, 2, 7, 11, 4, 5, 9, 8, 8, 7, 15, 3, 9, 0, 11, 3, 15, 8, 9, 3, 7, 5, 7, 5, 12, 4, 9, 14, 10, 15, 2, 7, 3, 12, 13, 7, 3, 13, 12, 6 ], [ 12, 17, 18, 16, 8, 3, 4, 17, 9, 14, 4, 12, 8, 15, 3, 16, 10, 5, 5, 11, 6, 15, 12, 13, 12, 14, 4, 17, 12, 5, 12, 11, 5, 14, 8, 10, 15, 5, 18, 14, 12, 5, 1, 13, 13, 3, 15, 15, 17, 19, 7, 18, 8, 17, 7, 18, 13, 11, 8, 11, 6, 9, 14, 19, 12, 13, 17, 20, 13, 16, 16, 16, 13, 4, 6, 11, 2, 11, 0, 10, 17, 5, 3, 14, 6, 16, 18, 10, 1, 12, 10, 12, 4, 12, 11, 18, 13, 5, 15, 15, 8, 2, 18, 14 ], [ 5, 7, 10, 11, 2, 12, 6, 8, 2, 6, 8, 8, 13, 10, 8, 13, 2, 6, 11, 7, 12, 9, 12, 7, 5, 8, 9, 11, 8, 8, 3, 7, 6, 12, 7, 9, 10, 8, 8, 4, 12, 9, 9, 6, 12, 10, 12, 7, 9, 9, 7, 9, 9, 8, 11, 8, 8, 6, 8, 9, 5, 10, 13, 12, 2, 4, 7, 11, 3, 7, 8, 6, 10, 7, 13, 1, 8, 3, 10, 0, 13, 6, 7, 5, 5, 7, 8, 7, 11, 7, 6, 11, 8, 12, 5, 9, 4, 12, 10, 10, 4, 12, 10, 9 ], [ 7, 12, 6, 2, 12, 20, 14, 9, 11, 8, 18, 5, 12, 23, 17, 2, 15, 17, 21, 6, 23, 5, 7, 20, 18, 20, 20, 4, 5, 12, 15, 20, 13, 5, 19, 7, 3, 18, 11, 12, 7, 13, 16, 19, 5, 19, 3, 18, 21, 19, 19, 18, 21, 18, 12, 12, 21, 18, 20, 21, 16, 22, 4, 4, 14, 15, 13, 13, 12, 18, 8, 10, 23, 17, 15, 13, 15, 15, 17, 13, 0, 13, 15, 16, 12, 18, 14, 20, 17, 20, 8, 5, 13, 7, 18, 19, 14, 21, 3, 23, 16, 18, 7, 22 ], [ 7, 12, 13, 12, 3, 8, 1, 12, 5, 9, 5, 8, 8, 13, 4, 12, 7, 4, 8, 7, 9, 11, 9, 11, 9, 12, 6, 13, 8, 3, 8, 9, 1, 10, 7, 7, 11, 6, 13, 10, 9, 3, 4, 10, 10, 6, 12, 12, 14, 15, 6, 14, 8, 14, 6, 13, 11, 9, 8, 10, 5, 10, 11, 14, 8, 9, 13, 16, 8, 13, 11, 11, 12, 4, 7, 7, 2, 8, 5, 6, 13, 0, 2, 10, 2, 13, 13, 9, 5, 10, 5, 9, 2, 9, 9, 14, 9, 8, 10, 13, 5, 6, 14, 13 ], [ 9, 14, 15, 13, 5, 6, 2, 14, 6, 11, 4, 9, 8, 14, 3, 13, 8, 5, 7, 8, 8, 12, 10, 12, 10, 13, 5, 15, 9, 3, 10, 10, 2, 11, 7, 8, 12, 5, 15, 11, 10, 3, 2, 11, 11, 5, 13, 13, 15, 17, 6, 16, 8, 15, 6, 15, 12, 9, 8, 10, 5, 10, 12, 16, 9, 11, 15, 18, 10, 14, 13, 13, 12, 4, 6, 9, 1, 9, 3, 7, 15, 2, 0, 12, 3, 14, 15, 10, 4, 11, 7, 10, 2, 10, 10, 16, 11, 7, 12, 14, 6, 4, 15, 13 ], [ 9, 6, 11, 14, 7, 16, 10, 8, 7, 8, 11, 12, 18, 8, 11, 16, 4, 9, 14, 11, 15, 11, 16, 5, 4, 5, 12, 13, 12, 13, 2, 7, 11, 16, 8, 14, 13, 10, 7, 4, 16, 13, 13, 4, 16, 14, 16, 2, 5, 5, 9, 4, 11, 3, 16, 6, 6, 5, 9, 8, 8, 11, 16, 14, 2, 1, 5, 9, 4, 3, 8, 7, 9, 10, 17, 4, 12, 3, 14, 5, 16, 10, 12, 0, 9, 3, 5, 7, 15, 6, 11, 15, 13, 16, 4, 4, 2, 14, 13, 8, 6, 16, 11, 7 ], [ 6, 11, 12, 10, 2, 9, 2, 11, 3, 7, 6, 6, 8, 13, 6, 11, 6, 5, 10, 6, 11, 9, 8, 11, 9, 11, 8, 12, 7, 3, 7, 10, 2, 9, 8, 6, 9, 7, 12, 8, 8, 4, 5, 10, 9, 8, 10, 11, 14, 14, 7, 13, 9, 13, 7, 12, 11, 9, 9, 10, 5, 11, 10, 13, 7, 8, 11, 14, 7, 12, 10, 10, 13, 5, 8, 6, 4, 7, 6, 5, 12, 2, 3, 9, 0, 12, 12, 10, 7, 10, 4, 8, 3, 8, 8, 13, 8, 10, 9, 13, 5, 8, 12, 13 ], [ 11, 7, 13, 16, 10, 18, 13, 9, 9, 10, 14, 15, 20, 7, 14, 19, 6, 11, 16, 14, 17, 13, 18, 6, 5, 5, 14, 15, 15, 15, 5, 8, 14, 18, 10, 16, 15, 13, 8, 6, 18, 16, 16, 5, 18, 16, 18, 2, 4, 2, 11, 2, 12, 1, 19, 7, 7, 7, 11, 9, 10, 12, 19, 15, 5, 4, 6, 9, 6, 0, 10, 8, 10, 12, 20, 6, 15, 5, 16, 7, 18, 13, 14, 3, 12, 0, 5, 9, 17, 7, 13, 18, 15, 19, 6, 1, 4, 17, 15, 8, 9, 18, 12, 7 ], [ 9, 3, 9, 13, 10, 20, 13, 5, 9, 7, 15, 13, 20, 12, 15, 15, 8, 13, 18, 12, 19, 9, 16, 10, 9, 9, 17, 11, 12, 15, 7, 12, 14, 16, 13, 14, 12, 15, 4, 4, 16, 16, 17, 9, 15, 18, 15, 6, 9, 5, 13, 4, 15, 5, 18, 2, 11, 10, 14, 13, 12, 15, 16, 11, 6, 5, 1, 4, 5, 5, 6, 4, 14, 14, 20, 6, 15, 7, 18, 8, 14, 13, 15, 5, 12, 5, 0, 12, 19, 10, 12, 15, 15, 17, 9, 5, 4, 19, 12, 12, 11, 19, 8, 11 ], [ 13, 13, 18, 19, 8, 11, 9, 14, 9, 13, 7, 15, 17, 4, 7, 20, 6, 5, 8, 14, 8, 16, 18, 3, 4, 4, 7, 19, 16, 12, 6, 1, 10, 19, 2, 16, 17, 5, 14, 11, 18, 13, 10, 4, 18, 9, 19, 6, 7, 11, 3, 10, 4, 9, 16, 13, 3, 2, 3, 1, 5, 3, 19, 19, 7, 7, 12, 16, 9, 9, 15, 13, 3, 6, 16, 8, 10, 5, 10, 7, 20, 9, 10, 7, 10, 9, 12, 0, 11, 2, 13, 18, 11, 18, 3, 9, 8, 9, 17, 4, 4, 12, 17, 4 ], [ 12, 17, 19, 16, 9, 3, 5, 18, 10, 14, 5, 12, 8, 16, 4, 16, 11, 7, 6, 12, 7, 16, 12, 14, 13, 15, 5, 18, 12, 5, 13, 12, 5, 14, 9, 11, 16, 6, 19, 15, 12, 5, 2, 14, 13, 4, 15, 16, 18, 20, 8, 19, 9, 18, 7, 19, 14, 12, 9, 12, 8, 10, 14, 19, 13, 14, 18, 21, 14, 17, 17, 17, 14, 6, 5, 12, 3, 12, 1, 11, 17, 5, 4, 15, 7, 17, 19, 11, 0, 13, 10, 12, 4, 12, 12, 19, 14, 5, 15, 16, 9, 1, 19, 15 ], [ 13, 11, 17, 18, 8, 13, 10, 13, 9, 12, 9, 16, 18, 3, 9, 20, 5, 7, 10, 15, 11, 15, 18, 1, 2, 2, 9, 18, 16, 13, 5, 2, 11, 19, 4, 16, 17, 7, 13, 10, 18, 14, 12, 2, 19, 11, 19, 4, 5, 9, 5, 8, 6, 7, 17, 12, 1, 2, 5, 3, 6, 5, 20, 19, 6, 6, 11, 15, 8, 7, 14, 12, 3, 8, 17, 7, 11, 4, 12, 7, 20, 10, 11, 6, 10, 7, 10, 2, 13, 0, 13, 18, 13, 18, 2, 7, 7, 11, 17, 3, 5, 14, 16, 2 ], [ 3, 10, 9, 6, 5, 13, 6, 9, 4, 5, 10, 2, 8, 16, 10, 7, 8, 9, 14, 2, 15, 6, 5, 14, 12, 14, 12, 8, 3, 5, 9, 13, 5, 6, 11, 3, 6, 11, 10, 8, 5, 6, 9, 13, 5, 12, 6, 13, 16, 15, 11, 14, 13, 14, 7, 11, 14, 12, 13, 14, 9, 15, 6, 9, 9, 10, 11, 13, 8, 13, 8, 8, 16, 9, 9, 7, 7, 9, 10, 6, 8, 5, 7, 11, 4, 13, 12, 13, 10, 13, 0, 5, 6, 5, 11, 15, 9, 14, 5, 16, 9, 11, 9, 16 ], [ 6, 13, 10, 5, 10, 15, 10, 12, 9, 8, 14, 3, 7, 21, 13, 4, 13, 13, 17, 4, 18, 7, 1, 18, 16, 19, 15, 8, 3, 7, 14, 18, 8, 1, 16, 2, 5, 15, 13, 12, 1, 8, 11, 17, 1, 15, 3, 17, 20, 19, 15, 19, 18, 18, 6, 14, 19, 16, 17, 19, 13, 19, 2, 9, 13, 14, 14, 16, 12, 18, 10, 11, 21, 13, 9, 12, 11, 14, 12, 11, 5, 9, 10, 15, 8, 18, 15, 18, 12, 18, 5, 0, 8, 2, 16, 19, 14, 17, 4, 21, 14, 13, 10, 20 ], [ 8, 14, 14, 12, 6, 7, 3, 14, 7, 10, 6, 8, 6, 15, 5, 12, 9, 6, 9, 7, 10, 11, 8, 13, 12, 14, 7, 14, 8, 1, 10, 12, 1, 10, 9, 6, 11, 7, 15, 12, 8, 1, 3, 13, 9, 7, 11, 14, 16, 17, 8, 17, 10, 16, 4, 15, 14, 11, 10, 12, 7, 12, 10, 15, 10, 11, 15, 18, 11, 15, 13, 13, 14, 6, 5, 9, 2, 10, 4, 8, 13, 2, 2, 13, 3, 15, 15, 11, 4, 13, 6, 8, 0, 8, 11, 17, 12, 9, 11, 16, 8, 5, 15, 15 ], [ 8, 14, 11, 6, 10, 15, 10, 13, 10, 10, 14, 4, 5, 21, 13, 5, 14, 14, 17, 5, 18, 8, 0, 19, 17, 19, 15, 9, 4, 7, 15, 18, 8, 2, 16, 3, 7, 15, 15, 13, 0, 7, 11, 18, 2, 14, 4, 18, 21, 20, 15, 20, 18, 19, 5, 15, 19, 17, 17, 19, 14, 19, 3, 11, 14, 15, 16, 17, 13, 19, 12, 13, 21, 13, 8, 12, 10, 15, 12, 12, 7, 9, 10, 16, 8, 19, 17, 18, 12, 18, 5, 2, 8, 0, 17, 20, 15, 16, 6, 22, 14, 12, 12, 21 ], [ 11, 10, 15, 16, 6, 13, 8, 11, 7, 10, 8, 13, 17, 5, 8, 18, 3, 6, 10, 12, 11, 13, 16, 2, 1, 3, 8, 16, 13, 11, 3, 2, 10, 17, 4, 14, 15, 7, 11, 8, 16, 12, 11, 2, 17, 10, 17, 4, 5, 8, 5, 7, 6, 7, 15, 10, 3, 1, 5, 4, 5, 6, 18, 17, 4, 4, 9, 13, 6, 6, 12, 10, 5, 7, 16, 5, 10, 2, 11, 5, 18, 9, 10, 4, 8, 6, 9, 3, 12, 2, 11, 16, 11, 17, 0, 7, 5, 11, 15, 5, 3, 13, 14, 4 ], [ 13, 8, 14, 18, 11, 20, 14, 10, 11, 11, 15, 16, 22, 7, 15, 20, 8, 12, 17, 15, 18, 14, 20, 6, 6, 5, 15, 16, 16, 17, 6, 9, 15, 20, 11, 18, 16, 14, 9, 7, 20, 18, 17, 6, 19, 17, 19, 3, 4, 1, 12, 1, 13, 1, 20, 8, 7, 8, 12, 10, 11, 13, 20, 16, 7, 5, 6, 9, 7, 2, 11, 9, 10, 14, 21, 8, 16, 7, 18, 9, 19, 14, 16, 4, 13, 1, 5, 9, 19, 7, 15, 19, 17, 20, 7, 0, 5, 18, 17, 8, 10, 20, 13, 7 ], [ 7, 5, 10, 13, 6, 16, 9, 7, 5, 6, 11, 11, 17, 9, 11, 15, 3, 9, 14, 10, 15, 9, 14, 6, 5, 6, 12, 12, 11, 12, 2, 8, 10, 14, 8, 12, 11, 10, 6, 3, 14, 12, 13, 5, 14, 14, 14, 4, 7, 6, 9, 5, 11, 5, 15, 5, 7, 6, 10, 9, 8, 11, 15, 12, 2, 1, 4, 8, 2, 4, 7, 5, 10, 10, 16, 3, 11, 3, 13, 4, 14, 9, 11, 2, 8, 4, 4, 8, 14, 7, 9, 14, 12, 15, 5, 5, 0, 14, 12, 9, 6, 15, 10, 8 ], [ 15, 18, 21, 20, 10, 3, 7, 19, 12, 17, 4, 16, 13, 13, 4, 20, 11, 6, 1, 15, 1, 19, 16, 12, 11, 13, 2, 21, 16, 10, 12, 9, 9, 18, 7, 15, 19, 4, 20, 16, 16, 9, 6, 12, 18, 2, 20, 15, 15, 19, 6, 18, 5, 17, 12, 19, 11, 10, 6, 8, 7, 6, 19, 22, 13, 13, 19, 22, 15, 16, 19, 18, 10, 5, 10, 13, 6, 12, 5, 12, 21, 8, 7, 14, 10, 17, 19, 9, 5, 11, 14, 17, 9, 16, 11, 18, 14, 0, 19, 13, 8, 6, 21, 12 ], [ 5, 10, 5, 1, 10, 18, 11, 8, 8, 5, 15, 3, 11, 20, 15, 3, 12, 14, 19, 4, 20, 3, 6, 17, 15, 17, 17, 3, 3, 10, 12, 17, 10, 4, 16, 5, 1, 16, 9, 9, 6, 10, 14, 16, 4, 17, 3, 16, 18, 16, 16, 16, 18, 16, 10, 10, 18, 16, 18, 18, 14, 19, 4, 5, 11, 12, 11, 12, 10, 15, 6, 8, 20, 14, 13, 10, 12, 13, 15, 10, 3, 10, 12, 13, 9, 15, 12, 17, 15, 17, 5, 4, 11, 6, 15, 17, 12, 19, 0, 20, 13, 16, 6, 19 ], [ 16, 13, 19, 21, 11, 15, 13, 16, 12, 15, 11, 19, 21, 0, 11, 23, 8, 10, 12, 18, 12, 18, 21, 3, 5, 3, 11, 21, 19, 16, 8, 4, 14, 22, 7, 19, 20, 10, 15, 12, 21, 17, 15, 4, 22, 13, 22, 6, 4, 9, 8, 9, 8, 8, 20, 14, 2, 5, 7, 4, 9, 6, 23, 21, 9, 8, 13, 16, 11, 8, 16, 14, 3, 10, 20, 10, 14, 7, 15, 10, 23, 13, 14, 8, 13, 8, 12, 4, 16, 3, 16, 21, 16, 22, 5, 8, 9, 13, 20, 0, 8, 17, 19, 1 ], [ 9, 10, 14, 15, 4, 10, 5, 12, 5, 9, 5, 11, 14, 8, 5, 16, 3, 3, 8, 10, 9, 12, 14, 6, 4, 6, 6, 15, 11, 8, 4, 4, 6, 15, 3, 11, 13, 4, 12, 8, 14, 9, 8, 5, 14, 8, 15, 7, 9, 11, 3, 10, 5, 9, 12, 11, 6, 3, 4, 5, 2, 6, 15, 16, 4, 5, 10, 14, 7, 8, 11, 10, 7, 4, 12, 5, 6, 3, 8, 4, 16, 5, 6, 6, 5, 9, 11, 4, 9, 5, 9, 14, 8, 14, 3, 10, 6, 8, 13, 8, 0, 10, 14, 7 ], [ 13, 18, 19, 16, 9, 3, 6, 18, 11, 15, 5, 12, 8, 16, 5, 16, 12, 7, 7, 12, 7, 16, 12, 15, 14, 16, 6, 19, 13, 6, 14, 13, 6, 14, 10, 11, 16, 7, 19, 16, 12, 5, 2, 15, 14, 4, 16, 17, 18, 21, 9, 20, 9, 19, 7, 19, 15, 13, 10, 13, 8, 11, 15, 20, 13, 15, 19, 22, 15, 18, 18, 17, 14, 6, 5, 13, 4, 13, 2, 12, 18, 6, 4, 16, 8, 18, 19, 12, 1, 14, 11, 13, 5, 12, 13, 20, 15, 6, 16, 17, 10, 0, 20, 16 ], [ 6, 6, 1, 6, 11, 21, 14, 3, 10, 5, 18, 8, 17, 19, 17, 9, 12, 16, 21, 8, 22, 4, 12, 16, 14, 16, 19, 3, 8, 14, 11, 17, 14, 10, 17, 10, 5, 18, 4, 7, 12, 15, 17, 15, 10, 20, 9, 13, 16, 13, 17, 12, 19, 12, 15, 6, 17, 15, 18, 18, 15, 20, 10, 3, 11, 11, 7, 6, 8, 12, 3, 4, 20, 17, 18, 10, 16, 12, 18, 10, 7, 14, 15, 11, 12, 12, 8, 17, 19, 16, 9, 10, 15, 12, 14, 13, 10, 21, 6, 19, 14, 20, 0, 18 ], [ 15, 13, 18, 20, 11, 15, 12, 15, 11, 14, 11, 18, 21, 1, 11, 22, 7, 9, 11, 17, 12, 17, 21, 2, 4, 2, 10, 20, 18, 15, 7, 3, 14, 21, 6, 18, 19, 9, 14, 11, 21, 16, 14, 3, 21, 13, 22, 5, 4, 9, 7, 8, 7, 7, 19, 13, 1, 4, 6, 4, 8, 6, 22, 20, 8, 7, 12, 16, 10, 7, 15, 14, 3, 10, 19, 9, 13, 6, 14, 9, 22, 13, 13, 7, 13, 7, 11, 4, 15, 2, 16, 20, 15, 21, 4, 7, 8, 12, 19, 1, 7, 16, 18, 0 ] ]
}