{
  "version" : "0.3",
  "id" : 186965012,
  "name" : "PTP-RAND-2_16_2_16",
  "coordType" : "Eucl",
  "sameVehicleBackward" : false,
  "maxWaitTime" : "00h30",
  "places" : [ {
    "id" : 0,
    "lat" : -2.387577513024296,
    "long" : -2.306294088751079,
    "category" : 0
  }, {
    "id" : 1,
    "lat" : -2.3272306735820267,
    "long" : 8.489714390988684,
    "category" : 0
  }, {
    "id" : 2,
    "lat" : -0.07562839805940906,
    "long" : 2.034029318256489,
    "category" : 0
  }, {
    "id" : 3,
    "lat" : 1.6210341188753745,
    "long" : -7.319432224779051,
    "category" : 0
  }, {
    "id" : 4,
    "lat" : -1.6700571166640836,
    "long" : -2.4427197989715714,
    "category" : 0
  }, {
    "id" : 5,
    "lat" : -0.4850824765041076,
    "long" : 6.529380784692793,
    "category" : 0
  }, {
    "id" : 6,
    "lat" : 1.941312658827924,
    "long" : -3.8793555365534713,
    "category" : 0
  }, {
    "id" : 7,
    "lat" : -2.61322115883573,
    "long" : 4.229471410770029,
    "category" : 0
  }, {
    "id" : 8,
    "lat" : -2.3718040691849223,
    "long" : 1.6985894672248212,
    "category" : 0
  }, {
    "id" : 9,
    "lat" : -2.826276234627571,
    "long" : 4.151245923776583,
    "category" : 0
  }, {
    "id" : 10,
    "lat" : 4.0284957405131,
    "long" : 5.148491127123567,
    "category" : 0
  }, {
    "id" : 11,
    "lat" : 8.421622157840186,
    "long" : 1.6319387327755321,
    "category" : 0
  }, {
    "id" : 12,
    "lat" : 6.181465798702591,
    "long" : -0.6765595108375054,
    "category" : 0
  }, {
    "id" : 13,
    "lat" : 4.072097734879015,
    "long" : 2.891857551524565,
    "category" : 0
  }, {
    "id" : 14,
    "lat" : 1.3730786891328208,
    "long" : 0.8778902705187104,
    "category" : 0
  }, {
    "id" : 15,
    "lat" : -2.820474829329886,
    "long" : -9.578235891144674,
    "category" : 0
  }, {
    "id" : 16,
    "lat" : 7.044539182213483,
    "long" : 0.21813925047374141,
    "category" : 1
  }, {
    "id" : 17,
    "lat" : 2.2107289762980935,
    "long" : 9.493211856070237,
    "category" : 1
  }, {
    "id" : 18,
    "lat" : 3.748762925099755,
    "long" : -3.0843635417498954,
    "category" : 2
  }, {
    "id" : 19,
    "lat" : -3.8782287227145584,
    "long" : -7.775378515955583,
    "category" : 2
  }, {
    "id" : 20,
    "lat" : 4.658359202662688,
    "long" : -1.8868412445286182,
    "category" : 2
  }, {
    "id" : 21,
    "lat" : 4.41841215985587,
    "long" : 2.4617461977395467,
    "category" : 2
  }, {
    "id" : 22,
    "lat" : -7.530224802983349,
    "long" : -4.039631853858957,
    "category" : 2
  }, {
    "id" : 23,
    "lat" : 2.2675819080158135,
    "long" : -7.458747313368903,
    "category" : 2
  }, {
    "id" : 24,
    "lat" : 3.4574965393121526,
    "long" : 6.040325095997281,
    "category" : 2
  }, {
    "id" : 25,
    "lat" : -1.8803992416314552,
    "long" : 5.312846728319922,
    "category" : 2
  }, {
    "id" : 26,
    "lat" : 5.59817890188833,
    "long" : -0.0820393120254641,
    "category" : 2
  }, {
    "id" : 27,
    "lat" : 6.207008919485907,
    "long" : -6.708928239461355,
    "category" : 2
  }, {
    "id" : 28,
    "lat" : 2.2257244441480735,
    "long" : -1.9939187073148181,
    "category" : 2
  }, {
    "id" : 29,
    "lat" : 4.351802028290469,
    "long" : -5.954319319637807,
    "category" : 2
  }, {
    "id" : 30,
    "lat" : -7.243779283272347,
    "long" : 0.7273287875769319,
    "category" : 2
  }, {
    "id" : 31,
    "lat" : 1.192426070537852,
    "long" : 3.0416723706027766,
    "category" : 2
  }, {
    "id" : 32,
    "lat" : 3.573132284432155,
    "long" : -4.629009826045918,
    "category" : 2
  }, {
    "id" : 33,
    "lat" : -8.010594437562528,
    "long" : 5.552246987680798,
    "category" : 2
  }, {
    "id" : 34,
    "lat" : 5.247203034568061,
    "long" : -3.434304449235487,
    "category" : 2
  } ],
  "vehicles" : [ {
    "id" : 35,
    "canTake" : [ 1, 2 ],
    "start" : 16,
    "end" : 16,
    "capacity" : 4,
    "availability" : [ "07h00:11h00", "14h00:20h00" ]
  }, {
    "id" : 36,
    "canTake" : [ 0 ],
    "start" : 17,
    "end" : 17,
    "capacity" : 5,
    "availability" : [ "07h00:17h00", "19h00:20h00" ]
  } ],
  "patients" : [ {
    "id" : 37,
    "category" : 2,
    "load" : 2,
    "start" : 18,
    "destination" : 0,
    "end" : 18,
    "rdvTime" : "15h30",
    "rdvDuration" : "01h46",
    "srvDuration" : "00h05"
  }, {
    "id" : 38,
    "category" : 0,
    "load" : 3,
    "start" : 19,
    "destination" : 1,
    "end" : 19,
    "rdvTime" : "10h00",
    "rdvDuration" : "01h23",
    "srvDuration" : "00h03"
  }, {
    "id" : 39,
    "category" : 1,
    "load" : 2,
    "start" : 20,
    "destination" : 2,
    "end" : 20,
    "rdvTime" : "10h00",
    "rdvDuration" : "02h20",
    "srvDuration" : "00h03"
  }, {
    "id" : 40,
    "category" : 2,
    "load" : 3,
    "start" : 21,
    "destination" : 3,
    "end" : 21,
    "rdvTime" : "14h48",
    "rdvDuration" : "02h36",
    "srvDuration" : "00h05"
  }, {
    "id" : 41,
    "category" : 0,
    "load" : 2,
    "start" : 22,
    "destination" : 4,
    "end" : 22,
    "rdvTime" : "12h55",
    "rdvDuration" : "01h35",
    "srvDuration" : "00h03"
  }, {
    "id" : 42,
    "category" : 1,
    "load" : 1,
    "start" : 23,
    "destination" : 5,
    "end" : 23,
    "rdvTime" : "08h38",
    "rdvDuration" : "02h48",
    "srvDuration" : "00h03"
  }, {
    "id" : 43,
    "category" : 0,
    "load" : 1,
    "start" : 24,
    "destination" : 6,
    "end" : 24,
    "rdvTime" : "14h52",
    "rdvDuration" : "01h18",
    "srvDuration" : "00h02"
  }, {
    "id" : 44,
    "category" : 1,
    "load" : 3,
    "start" : 25,
    "destination" : 7,
    "end" : 25,
    "rdvTime" : "15h21",
    "rdvDuration" : "02h39",
    "srvDuration" : "00h03"
  }, {
    "id" : 45,
    "category" : 2,
    "load" : 3,
    "start" : 26,
    "destination" : 8,
    "end" : 26,
    "rdvTime" : "14h13",
    "rdvDuration" : "01h55",
    "srvDuration" : "00h02"
  }, {
    "id" : 46,
    "category" : 0,
    "load" : 3,
    "start" : 27,
    "destination" : 9,
    "end" : 27,
    "rdvTime" : "12h31",
    "rdvDuration" : "00h21",
    "srvDuration" : "00h02"
  }, {
    "id" : 47,
    "category" : 1,
    "load" : 2,
    "start" : 28,
    "destination" : 10,
    "end" : 28,
    "rdvTime" : "10h59",
    "rdvDuration" : "00h21",
    "srvDuration" : "00h05"
  }, {
    "id" : 48,
    "category" : 2,
    "load" : 3,
    "start" : 29,
    "destination" : 11,
    "end" : 30,
    "rdvTime" : "12h58",
    "rdvDuration" : "02h33",
    "srvDuration" : "00h05"
  }, {
    "id" : 49,
    "category" : 1,
    "load" : 1,
    "start" : 31,
    "destination" : 12,
    "end" : 31,
    "rdvTime" : "14h44",
    "rdvDuration" : "00h19",
    "srvDuration" : "00h02"
  }, {
    "id" : 50,
    "category" : 1,
    "load" : 2,
    "start" : 32,
    "destination" : 13,
    "end" : 32,
    "rdvTime" : "12h42",
    "rdvDuration" : "00h55",
    "srvDuration" : "00h02"
  }, {
    "id" : 51,
    "category" : 2,
    "load" : 1,
    "start" : 33,
    "destination" : 14,
    "end" : 33,
    "rdvTime" : "12h14",
    "rdvDuration" : "01h29",
    "srvDuration" : "00h03"
  }, {
    "id" : 52,
    "category" : 1,
    "load" : 1,
    "start" : 34,
    "destination" : 15,
    "end" : 34,
    "rdvTime" : "11h33",
    "rdvDuration" : "02h16",
    "srvDuration" : "00h02"
  } ],
  "distMatrix" : [ [ 0, 11, 5, 6, 1, 9, 5, 7, 4, 6, 10, 12, 9, 8, 5, 7, 10, 13, 6, 6, 7, 8, 5, 7, 10, 8, 8, 10, 5, 8, 6, 6, 6, 10, 8 ], [ 11, 0, 7, 16, 11, 3, 13, 4, 7, 4, 7, 13, 13, 9, 8, 18, 12, 5, 13, 16, 13, 9, 14, 17, 6, 3, 12, 17, 11, 16, 9, 6, 14, 6, 14 ], [ 5, 7, 0, 10, 5, 5, 6, 3, 2, 3, 5, 9, 7, 4, 2, 12, 7, 8, 6, 11, 6, 5, 10, 10, 5, 4, 6, 11, 5, 9, 7, 2, 8, 9, 8 ], [ 6, 16, 10, 0, 6, 14, 3, 12, 10, 12, 13, 11, 8, 11, 8, 5, 9, 17, 5, 6, 6, 10, 10, 1, 13, 13, 8, 5, 5, 3, 12, 10, 3, 16, 5 ], [ 1, 11, 5, 6, 0, 9, 4, 7, 4, 7, 9, 11, 8, 8, 5, 7, 9, 13, 5, 6, 6, 8, 6, 6, 10, 8, 8, 9, 4, 7, 6, 6, 6, 10, 7 ], [ 9, 3, 5, 14, 9, 0, 11, 3, 5, 3, 5, 10, 10, 6, 6, 16, 10, 4, 11, 15, 10, 6, 13, 14, 4, 2, 9, 15, 9, 13, 9, 4, 12, 8, 11 ], [ 5, 13, 6, 3, 4, 11, 0, 9, 7, 9, 9, 9, 5, 7, 5, 7, 7, 13, 2, 7, 3, 7, 9, 4, 10, 10, 5, 5, 2, 3, 10, 7, 2, 14, 3 ], [ 7, 4, 3, 12, 7, 3, 9, 0, 3, 0, 7, 11, 10, 7, 5, 14, 10, 7, 10, 12, 10, 7, 10, 13, 6, 1, 9, 14, 8, 12, 6, 4, 11, 6, 11 ], [ 4, 7, 2, 10, 4, 5, 7, 3, 0, 2, 7, 11, 9, 7, 4, 11, 10, 9, 8, 10, 8, 7, 8, 10, 7, 4, 8, 12, 6, 10, 5, 4, 9, 7, 9 ], [ 6, 4, 3, 12, 7, 3, 9, 0, 2, 0, 7, 12, 10, 7, 5, 14, 11, 7, 10, 12, 10, 7, 9, 13, 7, 1, 9, 14, 8, 12, 6, 4, 11, 5, 11 ], [ 10, 7, 5, 13, 9, 5, 9, 7, 7, 7, 0, 6, 6, 2, 5, 16, 6, 5, 8, 15, 7, 3, 15, 13, 1, 6, 5, 12, 7, 11, 12, 4, 10, 12, 9 ], [ 12, 13, 9, 11, 11, 10, 9, 11, 11, 12, 6, 0, 3, 5, 7, 16, 2, 10, 7, 15, 5, 4, 17, 11, 7, 11, 3, 9, 7, 9, 16, 7, 8, 17, 6 ], [ 9, 13, 7, 8, 8, 10, 5, 10, 9, 10, 6, 3, 0, 4, 5, 13, 1, 11, 3, 12, 2, 4, 14, 8, 7, 10, 1, 6, 4, 6, 13, 6, 5, 15, 3 ], [ 8, 9, 4, 11, 8, 6, 7, 7, 7, 7, 2, 5, 4, 0, 3, 14, 4, 7, 6, 13, 5, 1, 14, 11, 3, 6, 3, 10, 5, 9, 12, 3, 8, 12, 6 ], [ 5, 8, 2, 8, 5, 6, 5, 5, 4, 5, 5, 7, 5, 3, 0, 11, 6, 9, 5, 10, 4, 3, 10, 8, 6, 6, 4, 9, 3, 7, 9, 2, 6, 10, 6 ], [ 7, 18, 12, 5, 7, 16, 7, 14, 11, 14, 16, 16, 13, 14, 11, 0, 14, 20, 9, 2, 11, 14, 7, 6, 17, 15, 13, 9, 9, 8, 11, 13, 8, 16, 10 ], [ 10, 12, 7, 9, 9, 10, 7, 10, 10, 11, 6, 2, 1, 4, 6, 14, 0, 10, 5, 14, 3, 3, 15, 9, 7, 10, 1, 7, 5, 7, 14, 6, 6, 16, 4 ], [ 13, 5, 8, 17, 13, 4, 13, 7, 9, 7, 5, 10, 11, 7, 9, 20, 10, 0, 13, 18, 12, 7, 17, 17, 4, 6, 10, 17, 11, 16, 13, 7, 14, 11, 13 ], [ 6, 13, 6, 5, 5, 11, 2, 10, 8, 10, 8, 7, 3, 6, 5, 9, 5, 13, 0, 9, 2, 6, 11, 5, 9, 10, 4, 4, 2, 3, 12, 7, 2, 15, 2 ], [ 6, 16, 11, 6, 6, 15, 7, 12, 10, 12, 15, 15, 12, 13, 10, 2, 14, 18, 9, 0, 10, 13, 5, 6, 16, 13, 12, 10, 8, 8, 9, 12, 8, 14, 10 ], [ 7, 13, 6, 6, 6, 10, 3, 10, 8, 10, 7, 5, 2, 5, 4, 11, 3, 12, 2, 10, 0, 4, 12, 6, 8, 10, 2, 5, 2, 4, 12, 6, 3, 15, 2 ], [ 8, 9, 5, 10, 8, 6, 7, 7, 7, 7, 3, 4, 4, 1, 3, 14, 3, 7, 6, 13, 4, 0, 14, 10, 4, 7, 3, 9, 5, 8, 12, 3, 7, 13, 6 ], [ 5, 14, 10, 10, 6, 13, 9, 10, 8, 9, 15, 17, 14, 14, 10, 7, 15, 17, 11, 5, 12, 14, 0, 10, 15, 11, 14, 14, 10, 12, 5, 11, 11, 10, 13 ], [ 7, 17, 10, 1, 6, 14, 4, 13, 10, 13, 13, 11, 8, 11, 8, 6, 9, 17, 5, 6, 6, 10, 10, 0, 14, 13, 8, 4, 5, 3, 13, 11, 3, 17, 5 ], [ 10, 6, 5, 13, 10, 4, 10, 6, 7, 7, 1, 7, 7, 3, 6, 17, 7, 4, 9, 16, 8, 4, 15, 14, 0, 5, 6, 13, 8, 12, 12, 4, 11, 11, 10 ], [ 8, 3, 4, 13, 8, 2, 10, 1, 4, 1, 6, 11, 10, 6, 6, 15, 10, 6, 10, 13, 10, 7, 11, 13, 5, 0, 9, 14, 8, 13, 7, 4, 11, 6, 11 ], [ 8, 12, 6, 8, 8, 9, 5, 9, 8, 9, 5, 3, 1, 3, 4, 13, 1, 10, 4, 12, 2, 3, 14, 8, 6, 9, 0, 7, 4, 6, 13, 5, 5, 15, 3 ], [ 10, 17, 11, 5, 9, 15, 5, 14, 12, 14, 12, 9, 6, 10, 9, 9, 7, 17, 4, 10, 5, 9, 14, 4, 13, 14, 7, 0, 6, 2, 15, 11, 3, 19, 3 ], [ 5, 11, 5, 5, 4, 9, 2, 8, 6, 8, 7, 7, 4, 5, 3, 9, 5, 11, 2, 8, 2, 5, 10, 5, 8, 8, 4, 6, 0, 4, 10, 5, 3, 13, 3 ], [ 8, 16, 9, 3, 7, 13, 3, 12, 10, 12, 11, 9, 6, 9, 7, 8, 7, 16, 3, 8, 4, 8, 12, 3, 12, 13, 6, 2, 4, 0, 13, 10, 2, 17, 3 ], [ 6, 9, 7, 12, 6, 9, 10, 6, 5, 6, 12, 16, 13, 12, 9, 11, 14, 13, 12, 9, 12, 12, 5, 13, 12, 7, 13, 15, 10, 13, 0, 9, 12, 5, 13 ], [ 6, 6, 2, 10, 6, 4, 7, 4, 4, 4, 4, 7, 6, 3, 2, 13, 6, 7, 7, 12, 6, 3, 11, 11, 4, 4, 5, 11, 5, 10, 9, 0, 8, 10, 8 ], [ 6, 14, 8, 3, 6, 12, 2, 11, 9, 11, 10, 8, 5, 8, 6, 8, 6, 14, 2, 8, 3, 7, 11, 3, 11, 11, 5, 3, 3, 2, 12, 8, 0, 15, 2 ], [ 10, 6, 9, 16, 10, 8, 14, 6, 7, 5, 12, 17, 15, 12, 10, 16, 16, 11, 15, 14, 15, 13, 10, 17, 11, 6, 15, 19, 13, 17, 5, 10, 15, 0, 16 ], [ 8, 14, 8, 5, 7, 11, 3, 11, 9, 11, 9, 6, 3, 6, 6, 10, 4, 13, 2, 10, 2, 6, 13, 5, 10, 11, 3, 3, 3, 3, 13, 8, 2, 16, 0 ] ]
}