{
  "version" : "0.3",
  "id" : 1009373126,
  "name" : "PTP-RAND-2_32_3_32",
  "coordType" : "Eucl",
  "sameVehicleBackward" : false,
  "maxWaitTime" : "00h30",
  "places" : [ {
    "id" : 0,
    "lat" : -1.8956015940741777,
    "long" : 3.26434585660589,
    "category" : 0
  }, {
    "id" : 1,
    "lat" : 5.658098583240765,
    "long" : -7.696659622515304,
    "category" : 0
  }, {
    "id" : 2,
    "lat" : -0.5981615103278133,
    "long" : -5.965448162168311,
    "category" : 0
  }, {
    "id" : 3,
    "lat" : 4.255303444842822,
    "long" : -5.198059056789533,
    "category" : 0
  }, {
    "id" : 4,
    "lat" : 4.007769507318408,
    "long" : 8.564908077479252,
    "category" : 0
  }, {
    "id" : 5,
    "lat" : 0.43770548197643155,
    "long" : -9.724118130011794,
    "category" : 0
  }, {
    "id" : 6,
    "lat" : -2.8440843962712665,
    "long" : 1.4927717777808045,
    "category" : 0
  }, {
    "id" : 7,
    "lat" : 1.8402671052379531,
    "long" : 5.855529456131057,
    "category" : 0
  }, {
    "id" : 8,
    "lat" : 7.5614820517790164,
    "long" : -2.6983070886934515,
    "category" : 0
  }, {
    "id" : 9,
    "lat" : -4.398440007744526,
    "long" : 1.239136954483618,
    "category" : 0
  }, {
    "id" : 10,
    "lat" : -3.311324784038106,
    "long" : 4.888548279624038,
    "category" : 0
  }, {
    "id" : 11,
    "lat" : -2.7844239280673744,
    "long" : -9.288924643657504,
    "category" : 0
  }, {
    "id" : 12,
    "lat" : 5.39308352906398,
    "long" : -5.614860051188214,
    "category" : 0
  }, {
    "id" : 13,
    "lat" : 4.632442584034295,
    "long" : 0.9998512816846059,
    "category" : 0
  }, {
    "id" : 14,
    "lat" : -9.215042362872857,
    "long" : -0.13649004221053002,
    "category" : 0
  }, {
    "id" : 15,
    "lat" : -2.6667878135731624,
    "long" : 1.7761949608587222,
    "category" : 0
  }, {
    "id" : 16,
    "lat" : -2.4778158458170414,
    "long" : 5.06674948901205,
    "category" : 0
  }, {
    "id" : 17,
    "lat" : -3.0137455201264474,
    "long" : -0.9630046442492387,
    "category" : 0
  }, {
    "id" : 18,
    "lat" : 2.2075821790996324,
    "long" : 6.352829080914204,
    "category" : 0
  }, {
    "id" : 19,
    "lat" : -1.127743279035996,
    "long" : -4.7799243184024,
    "category" : 0
  }, {
    "id" : 20,
    "lat" : -5.101806496038056,
    "long" : -8.207697894647092,
    "category" : 0
  }, {
    "id" : 21,
    "lat" : -5.551426592017517,
    "long" : 2.191313762209532,
    "category" : 0
  }, {
    "id" : 22,
    "lat" : -0.9875631375726042,
    "long" : -7.764335885059799,
    "category" : 0
  }, {
    "id" : 23,
    "lat" : 6.3637245826147755,
    "long" : 0.5731460271643973,
    "category" : 0
  }, {
    "id" : 24,
    "lat" : 2.7763310808771635,
    "long" : -4.638934728926656,
    "category" : 0
  }, {
    "id" : 25,
    "lat" : 8.933774184518535,
    "long" : 3.909107797259178,
    "category" : 0
  }, {
    "id" : 26,
    "lat" : -7.565825777930429,
    "long" : 2.4273290149878988,
    "category" : 0
  }, {
    "id" : 27,
    "lat" : 3.513576465300631,
    "long" : -3.448665509308112,
    "category" : 0
  }, {
    "id" : 28,
    "lat" : 4.61743134919486,
    "long" : 0.11097443544511015,
    "category" : 0
  }, {
    "id" : 29,
    "lat" : -2.946575011110321,
    "long" : 9.493969701481648,
    "category" : 0
  }, {
    "id" : 30,
    "lat" : -3.1821840256851863,
    "long" : -2.862858882334461,
    "category" : 0
  }, {
    "id" : 31,
    "lat" : 1.892787235239955,
    "long" : -3.561318275847868,
    "category" : 0
  }, {
    "id" : 32,
    "lat" : 3.117462986102139,
    "long" : -7.83944590568731,
    "category" : 1
  }, {
    "id" : 33,
    "lat" : -4.142713409745294,
    "long" : 8.340723370330457,
    "category" : 1
  }, {
    "id" : 34,
    "lat" : 2.6611177624202393,
    "long" : -9.376893422237828,
    "category" : 1
  }, {
    "id" : 35,
    "lat" : 8.395533391481635,
    "long" : 1.4069326929808728,
    "category" : 2
  }, {
    "id" : 36,
    "lat" : -8.78150124592997,
    "long" : -3.9011127436177016,
    "category" : 2
  }, {
    "id" : 37,
    "lat" : 0.8401311636981372,
    "long" : -4.415083949862129,
    "category" : 2
  }, {
    "id" : 38,
    "lat" : -1.1767253187610878,
    "long" : -1.2908863761836893,
    "category" : 2
  }, {
    "id" : 39,
    "lat" : 1.5355879746398806,
    "long" : 1.0750048411030366,
    "category" : 2
  }, {
    "id" : 40,
    "lat" : 4.178059890950205,
    "long" : -4.896549687614539,
    "category" : 2
  }, {
    "id" : 41,
    "lat" : 0.29854929738654257,
    "long" : -6.406383228162425,
    "category" : 2
  }, {
    "id" : 42,
    "lat" : -1.3765542046302757,
    "long" : 9.49368661304251,
    "category" : 2
  }, {
    "id" : 43,
    "lat" : -5.416538854229468,
    "long" : -0.46123908487880594,
    "category" : 2
  }, {
    "id" : 44,
    "lat" : -4.167350306163794,
    "long" : -1.431517491670057,
    "category" : 2
  }, {
    "id" : 45,
    "lat" : 0.3391286069160989,
    "long" : -9.294820211613198,
    "category" : 2
  }, {
    "id" : 46,
    "lat" : -0.4551093595703909,
    "long" : -1.5121778714213625,
    "category" : 2
  }, {
    "id" : 47,
    "lat" : -3.2407999000391845,
    "long" : -8.579972415402375,
    "category" : 2
  }, {
    "id" : 48,
    "lat" : -7.219265799272541,
    "long" : 5.972904315663764,
    "category" : 2
  }, {
    "id" : 49,
    "lat" : -6.482307421318729,
    "long" : 2.144119229796683,
    "category" : 2
  }, {
    "id" : 50,
    "lat" : 2.2586903096774376,
    "long" : -8.468503349714181,
    "category" : 2
  }, {
    "id" : 51,
    "lat" : -0.9867386787439977,
    "long" : -1.6303369809567345,
    "category" : 2
  }, {
    "id" : 52,
    "lat" : -7.379465252125109,
    "long" : -1.650416686125707,
    "category" : 2
  }, {
    "id" : 53,
    "lat" : -2.117461725153615,
    "long" : 7.199555825834207,
    "category" : 2
  }, {
    "id" : 54,
    "lat" : -7.880112515475374,
    "long" : 4.579234402274057,
    "category" : 2
  }, {
    "id" : 55,
    "lat" : -9.04967162406491,
    "long" : 3.876747320217656,
    "category" : 2
  }, {
    "id" : 56,
    "lat" : -1.9560974173023424,
    "long" : 7.02608406972232,
    "category" : 2
  }, {
    "id" : 57,
    "lat" : -8.253440903571256,
    "long" : -4.65649920458312,
    "category" : 2
  }, {
    "id" : 58,
    "lat" : -0.6855865871982117,
    "long" : -2.5365670197710597,
    "category" : 2
  }, {
    "id" : 59,
    "lat" : -4.578923397886111,
    "long" : 3.0669548322121822,
    "category" : 2
  }, {
    "id" : 60,
    "lat" : 1.0569962148612861,
    "long" : 9.931039054388474,
    "category" : 2
  }, {
    "id" : 61,
    "lat" : 7.9332898930821685,
    "long" : -0.7823798762217163,
    "category" : 2
  }, {
    "id" : 62,
    "lat" : -6.921842590838312,
    "long" : -0.5056953229311815,
    "category" : 2
  }, {
    "id" : 63,
    "lat" : -5.3262881710850545,
    "long" : 0.41396614955503264,
    "category" : 2
  }, {
    "id" : 64,
    "lat" : 0.01195332926014252,
    "long" : -2.698923453930135,
    "category" : 2
  }, {
    "id" : 65,
    "lat" : 1.1949065997812458,
    "long" : -3.34413854008096,
    "category" : 2
  }, {
    "id" : 66,
    "lat" : -1.9655225513981993,
    "long" : -4.695108338923001,
    "category" : 2
  }, {
    "id" : 67,
    "lat" : -3.0758665198991335,
    "long" : 9.482747370986178,
    "category" : 2
  }, {
    "id" : 68,
    "lat" : -0.4857955708088368,
    "long" : -7.363050440852184,
    "category" : 2
  }, {
    "id" : 69,
    "lat" : -6.216962763044448,
    "long" : 0.8053509761832667,
    "category" : 2
  }, {
    "id" : 70,
    "lat" : 6.0597427798347665,
    "long" : 4.40034829057468,
    "category" : 2
  } ],
  "vehicles" : [ {
    "id" : 71,
    "canTake" : [ 0, 1 ],
    "start" : 32,
    "end" : 32,
    "capacity" : 5,
    "availability" : [ "07h00:09h00", "12h00:20h00" ]
  }, {
    "id" : 72,
    "canTake" : [ 0 ],
    "start" : 33,
    "end" : 33,
    "capacity" : 4,
    "availability" : [ "07h00:20h00" ]
  }, {
    "id" : 73,
    "canTake" : [ 2 ],
    "start" : 34,
    "end" : 34,
    "capacity" : 5,
    "availability" : [ "07h00:15h00", "16h00:20h00" ]
  } ],
  "patients" : [ {
    "id" : 74,
    "category" : 1,
    "load" : 1,
    "start" : -1,
    "destination" : 0,
    "end" : 35,
    "rdvTime" : "12h53",
    "rdvDuration" : "02h00",
    "srvDuration" : "00h05"
  }, {
    "id" : 75,
    "category" : 0,
    "load" : 2,
    "start" : 36,
    "destination" : 1,
    "end" : 36,
    "rdvTime" : "10h37",
    "rdvDuration" : "02h49",
    "srvDuration" : "00h02"
  }, {
    "id" : 76,
    "category" : 0,
    "load" : 2,
    "start" : 37,
    "destination" : 2,
    "end" : 37,
    "rdvTime" : "15h54",
    "rdvDuration" : "01h39",
    "srvDuration" : "00h04"
  }, {
    "id" : 77,
    "category" : 0,
    "load" : 2,
    "start" : 38,
    "destination" : 3,
    "end" : 38,
    "rdvTime" : "15h00",
    "rdvDuration" : "01h15",
    "srvDuration" : "00h02"
  }, {
    "id" : 78,
    "category" : 2,
    "load" : 1,
    "start" : -1,
    "destination" : 4,
    "end" : 39,
    "rdvTime" : "13h58",
    "rdvDuration" : "01h13",
    "srvDuration" : "00h02"
  }, {
    "id" : 79,
    "category" : 2,
    "load" : 2,
    "start" : 40,
    "destination" : 5,
    "end" : 40,
    "rdvTime" : "09h22",
    "rdvDuration" : "03h00",
    "srvDuration" : "00h02"
  }, {
    "id" : 80,
    "category" : 0,
    "load" : 2,
    "start" : 41,
    "destination" : 6,
    "end" : 41,
    "rdvTime" : "13h14",
    "rdvDuration" : "02h42",
    "srvDuration" : "00h04"
  }, {
    "id" : 81,
    "category" : 2,
    "load" : 2,
    "start" : 42,
    "destination" : 7,
    "end" : 42,
    "rdvTime" : "08h52",
    "rdvDuration" : "02h33",
    "srvDuration" : "00h02"
  }, {
    "id" : 82,
    "category" : 1,
    "load" : 3,
    "start" : 43,
    "destination" : 8,
    "end" : 43,
    "rdvTime" : "11h36",
    "rdvDuration" : "01h53",
    "srvDuration" : "00h05"
  }, {
    "id" : 83,
    "category" : 1,
    "load" : 3,
    "start" : 44,
    "destination" : 9,
    "end" : 44,
    "rdvTime" : "10h32",
    "rdvDuration" : "02h33",
    "srvDuration" : "00h04"
  }, {
    "id" : 84,
    "category" : 1,
    "load" : 3,
    "start" : 45,
    "destination" : 10,
    "end" : 45,
    "rdvTime" : "13h24",
    "rdvDuration" : "00h37",
    "srvDuration" : "00h04"
  }, {
    "id" : 85,
    "category" : 2,
    "load" : 3,
    "start" : -1,
    "destination" : 11,
    "end" : 46,
    "rdvTime" : "08h24",
    "rdvDuration" : "01h27",
    "srvDuration" : "00h03"
  }, {
    "id" : 86,
    "category" : 1,
    "load" : 1,
    "start" : 47,
    "destination" : 12,
    "end" : -1,
    "rdvTime" : "11h23",
    "rdvDuration" : "01h33",
    "srvDuration" : "00h02"
  }, {
    "id" : 87,
    "category" : 1,
    "load" : 3,
    "start" : 48,
    "destination" : 13,
    "end" : 49,
    "rdvTime" : "13h39",
    "rdvDuration" : "01h59",
    "srvDuration" : "00h02"
  }, {
    "id" : 88,
    "category" : 0,
    "load" : 2,
    "start" : 50,
    "destination" : 14,
    "end" : 50,
    "rdvTime" : "09h21",
    "rdvDuration" : "01h44",
    "srvDuration" : "00h03"
  }, {
    "id" : 89,
    "category" : 0,
    "load" : 3,
    "start" : 51,
    "destination" : 15,
    "end" : 51,
    "rdvTime" : "11h19",
    "rdvDuration" : "02h03",
    "srvDuration" : "00h03"
  }, {
    "id" : 90,
    "category" : 1,
    "load" : 2,
    "start" : 52,
    "destination" : 16,
    "end" : 52,
    "rdvTime" : "09h04",
    "rdvDuration" : "01h48",
    "srvDuration" : "00h04"
  }, {
    "id" : 91,
    "category" : 1,
    "load" : 1,
    "start" : 53,
    "destination" : 17,
    "end" : 53,
    "rdvTime" : "09h18",
    "rdvDuration" : "00h18",
    "srvDuration" : "00h04"
  }, {
    "id" : 92,
    "category" : 0,
    "load" : 1,
    "start" : 54,
    "destination" : 18,
    "end" : 54,
    "rdvTime" : "10h45",
    "rdvDuration" : "02h12",
    "srvDuration" : "00h04"
  }, {
    "id" : 93,
    "category" : 2,
    "load" : 1,
    "start" : 55,
    "destination" : 19,
    "end" : 55,
    "rdvTime" : "10h29",
    "rdvDuration" : "00h57",
    "srvDuration" : "00h04"
  }, {
    "id" : 94,
    "category" : 0,
    "load" : 2,
    "start" : 56,
    "destination" : 20,
    "end" : -1,
    "rdvTime" : "14h14",
    "rdvDuration" : "02h38",
    "srvDuration" : "00h05"
  }, {
    "id" : 95,
    "category" : 2,
    "load" : 3,
    "start" : 57,
    "destination" : 21,
    "end" : 58,
    "rdvTime" : "10h03",
    "rdvDuration" : "00h59",
    "srvDuration" : "00h05"
  }, {
    "id" : 96,
    "category" : 0,
    "load" : 2,
    "start" : 59,
    "destination" : 22,
    "end" : 60,
    "rdvTime" : "13h42",
    "rdvDuration" : "00h49",
    "srvDuration" : "00h05"
  }, {
    "id" : 97,
    "category" : 1,
    "load" : 2,
    "start" : 61,
    "destination" : 23,
    "end" : 61,
    "rdvTime" : "14h05",
    "rdvDuration" : "01h21",
    "srvDuration" : "00h05"
  }, {
    "id" : 98,
    "category" : 2,
    "load" : 1,
    "start" : 62,
    "destination" : 24,
    "end" : 62,
    "rdvTime" : "08h58",
    "rdvDuration" : "00h45",
    "srvDuration" : "00h05"
  }, {
    "id" : 99,
    "category" : 2,
    "load" : 2,
    "start" : 63,
    "destination" : 25,
    "end" : 63,
    "rdvTime" : "11h41",
    "rdvDuration" : "02h38",
    "srvDuration" : "00h02"
  }, {
    "id" : 100,
    "category" : 2,
    "load" : 1,
    "start" : 64,
    "destination" : 26,
    "end" : 64,
    "rdvTime" : "15h10",
    "rdvDuration" : "00h42",
    "srvDuration" : "00h04"
  }, {
    "id" : 101,
    "category" : 0,
    "load" : 3,
    "start" : 65,
    "destination" : 27,
    "end" : 66,
    "rdvTime" : "12h41",
    "rdvDuration" : "00h32",
    "srvDuration" : "00h02"
  }, {
    "id" : 102,
    "category" : 1,
    "load" : 1,
    "start" : 67,
    "destination" : 28,
    "end" : 67,
    "rdvTime" : "11h44",
    "rdvDuration" : "02h49",
    "srvDuration" : "00h05"
  }, {
    "id" : 103,
    "category" : 2,
    "load" : 2,
    "start" : 68,
    "destination" : 29,
    "end" : 68,
    "rdvTime" : "15h51",
    "rdvDuration" : "00h31",
    "srvDuration" : "00h02"
  }, {
    "id" : 104,
    "category" : 1,
    "load" : 1,
    "start" : 69,
    "destination" : 30,
    "end" : 69,
    "rdvTime" : "08h08",
    "rdvDuration" : "00h41",
    "srvDuration" : "00h02"
  }, {
    "id" : 105,
    "category" : 2,
    "load" : 3,
    "start" : 70,
    "destination" : 31,
    "end" : 70,
    "rdvTime" : "13h59",
    "rdvDuration" : "02h55",
    "srvDuration" : "00h03"
  } ],
  "distMatrix" : [ [ 0, 13, 9, 10, 8, 13, 2, 5, 11, 3, 2, 13, 11, 7, 8, 2, 2, 4, 5, 8, 12, 4, 11, 9, 9, 11, 6, 9, 7, 6, 6, 8, 12, 6, 13, 10, 10, 8, 5, 4, 10, 10, 6, 5, 5, 13, 5, 12, 6, 5, 12, 5, 7, 4, 6, 7, 4, 10, 6, 3, 7, 11, 6, 4, 6, 7, 8, 6, 11, 5, 8 ], [ 13, 0, 6, 3, 16, 6, 13, 14, 5, 13, 15, 9, 2, 9, 17, 13, 15, 11, 14, 7, 11, 15, 7, 8, 4, 12, 17, 5, 8, 19, 10, 6, 3, 19, 3, 10, 15, 6, 9, 10, 3, 6, 19, 13, 12, 6, 9, 9, 19, 16, 3, 9, 14, 17, 18, 19, 17, 14, 8, 15, 18, 7, 14, 14, 8, 6, 8, 19, 6, 15, 12 ], [ 9, 6, 0, 5, 15, 4, 8, 12, 9, 8, 11, 4, 6, 9, 10, 8, 11, 6, 13, 1, 5, 10, 2, 10, 4, 14, 11, 5, 8, 16, 4, 3, 4, 15, 5, 12, 8, 2, 5, 7, 5, 1, 15, 7, 6, 3, 4, 4, 14, 10, 4, 4, 8, 13, 13, 13, 13, 8, 3, 10, 16, 10, 8, 8, 3, 3, 2, 16, 1, 9, 12 ], [ 10, 3, 5, 0, 14, 6, 10, 11, 4, 11, 13, 8, 1, 6, 14, 10, 12, 8, 12, 5, 10, 12, 6, 6, 2, 10, 14, 2, 5, 16, 8, 3, 3, 16, 4, 8, 13, 4, 7, 7, 0, 4, 16, 11, 9, 6, 6, 8, 16, 13, 4, 6, 12, 14, 16, 16, 14, 13, 6, 12, 15, 6, 12, 11, 5, 4, 6, 16, 5, 12, 10 ], [ 8, 16, 15, 14, 0, 19, 10, 3, 12, 11, 8, 19, 14, 8, 16, 10, 7, 12, 3, 14, 19, 11, 17, 8, 13, 7, 13, 12, 8, 7, 14, 12, 16, 8, 18, 8, 18, 13, 11, 8, 13, 15, 5, 13, 13, 18, 11, 19, 12, 12, 17, 11, 15, 6, 13, 14, 6, 18, 12, 10, 3, 10, 14, 12, 12, 12, 15, 7, 17, 13, 5 ], [ 13, 6, 4, 6, 19, 0, 12, 16, 10, 12, 15, 3, 6, 12, 14, 12, 15, 9, 16, 5, 6, 13, 2, 12, 6, 16, 15, 7, 11, 20, 8, 6, 3, 19, 2, 14, 11, 5, 9, 11, 6, 3, 19, 11, 9, 0, 8, 4, 17, 14, 2, 8, 11, 17, 17, 17, 17, 10, 7, 14, 20, 12, 12, 12, 7, 6, 6, 20, 3, 12, 15 ], [ 2, 13, 8, 10, 10, 12, 0, 6, 11, 2, 3, 11, 11, 7, 7, 0, 4, 2, 7, 7, 10, 3, 9, 9, 8, 12, 5, 8, 8, 8, 4, 7, 11, 7, 12, 11, 8, 7, 3, 4, 9, 9, 8, 3, 3, 11, 4, 10, 6, 4, 11, 4, 6, 6, 6, 7, 6, 8, 5, 2, 9, 11, 5, 3, 5, 6, 6, 8, 9, 3, 9 ], [ 5, 14, 12, 11, 3, 16, 6, 0, 10, 8, 5, 16, 12, 6, 13, 6, 4, 8, 1, 11, 16, 8, 14, 7, 11, 7, 10, 9, 6, 6, 10, 9, 14, 6, 15, 8, 14, 10, 8, 5, 11, 12, 5, 10, 9, 15, 8, 15, 9, 9, 14, 8, 12, 4, 10, 11, 4, 15, 9, 7, 4, 9, 11, 9, 9, 9, 11, 6, 13, 10, 4 ], [ 11, 5, 9, 4, 12, 10, 11, 10, 0, 13, 13, 12, 4, 5, 17, 11, 13, 11, 11, 9, 14, 14, 10, 3, 5, 7, 16, 4, 4, 16, 11, 6, 7, 16, 8, 4, 16, 7, 9, 7, 4, 8, 15, 13, 12, 10, 8, 12, 17, 15, 8, 9, 15, 14, 17, 18, 14, 16, 8, 13, 14, 2, 15, 13, 8, 6, 10, 16, 9, 14, 7 ], [ 3, 13, 8, 11, 11, 12, 2, 8, 13, 0, 4, 11, 12, 9, 5, 2, 4, 3, 8, 7, 9, 1, 10, 11, 9, 14, 3, 9, 9, 8, 4, 8, 12, 7, 13, 13, 7, 8, 4, 6, 11, 9, 9, 2, 3, 12, 5, 10, 6, 2, 12, 4, 4, 6, 5, 5, 6, 7, 5, 2, 10, 12, 3, 1, 6, 7, 6, 8, 9, 2, 11 ], [ 2, 15, 11, 13, 8, 15, 3, 5, 13, 4, 0, 14, 14, 9, 8, 3, 1, 6, 6, 10, 13, 4, 13, 11, 11, 12, 5, 11, 9, 5, 8, 10, 14, 4, 15, 12, 10, 10, 7, 6, 12, 12, 5, 6, 6, 15, 7, 13, 4, 4, 14, 7, 8, 3, 5, 6, 3, 11, 8, 2, 7, 13, 6, 5, 8, 9, 10, 5, 13, 5, 9 ], [ 13, 9, 4, 8, 19, 3, 11, 16, 12, 11, 14, 0, 9, 13, 11, 11, 14, 8, 16, 5, 3, 12, 2, 13, 7, 18, 13, 9, 12, 19, 6, 7, 6, 18, 5, 15, 8, 6, 8, 11, 8, 4, 19, 9, 8, 3, 8, 1, 16, 12, 5, 8, 9, 17, 15, 15, 16, 7, 7, 12, 20, 14, 10, 10, 7, 7, 5, 19, 3, 11, 16 ], [ 11, 2, 6, 1, 14, 6, 11, 12, 4, 12, 14, 9, 0, 7, 16, 11, 13, 10, 12, 7, 11, 13, 7, 6, 3, 10, 15, 3, 6, 17, 9, 4, 3, 17, 5, 8, 14, 5, 8, 8, 1, 5, 17, 12, 10, 6, 7, 9, 17, 14, 4, 8, 13, 15, 17, 17, 15, 14, 7, 13, 16, 5, 13, 12, 6, 5, 7, 17, 6, 13, 10 ], [ 7, 9, 9, 6, 8, 12, 7, 6, 5, 9, 9, 13, 7, 0, 14, 7, 8, 8, 6, 8, 13, 10, 10, 2, 6, 5, 12, 5, 1, 11, 9, 5, 9, 11, 11, 4, 14, 7, 6, 3, 6, 9, 10, 10, 9, 11, 6, 12, 13, 11, 10, 6, 12, 9, 13, 14, 9, 14, 6, 9, 10, 4, 12, 10, 6, 6, 9, 11, 10, 11, 4 ], [ 8, 17, 10, 14, 16, 14, 7, 13, 17, 5, 8, 11, 16, 14, 0, 7, 9, 6, 13, 9, 9, 4, 11, 16, 13, 19, 3, 13, 14, 11, 7, 12, 15, 10, 15, 18, 4, 11, 8, 11, 14, 11, 12, 4, 5, 13, 9, 10, 6, 4, 14, 8, 2, 10, 5, 4, 10, 5, 9, 6, 14, 17, 2, 4, 10, 11, 9, 11, 11, 3, 16 ], [ 2, 13, 8, 10, 10, 12, 0, 6, 11, 2, 3, 11, 11, 7, 7, 0, 3, 3, 7, 7, 10, 3, 10, 9, 8, 12, 5, 8, 7, 8, 5, 7, 11, 7, 12, 11, 8, 7, 3, 4, 10, 9, 8, 4, 4, 11, 4, 10, 6, 4, 11, 4, 6, 5, 6, 7, 5, 9, 5, 2, 9, 11, 5, 3, 5, 6, 7, 8, 9, 4, 9 ], [ 2, 15, 11, 12, 7, 15, 4, 4, 13, 4, 1, 14, 13, 8, 9, 3, 0, 6, 5, 10, 14, 4, 13, 10, 11, 11, 6, 10, 9, 4, 8, 10, 14, 4, 15, 11, 11, 10, 6, 6, 12, 12, 5, 6, 7, 15, 7, 14, 5, 5, 14, 7, 8, 2, 5, 7, 2, 11, 8, 3, 6, 12, 7, 5, 8, 9, 10, 4, 13, 6, 9 ], [ 4, 11, 6, 8, 12, 9, 2, 8, 11, 3, 6, 8, 10, 8, 6, 3, 6, 0, 9, 4, 8, 4, 7, 10, 7, 13, 6, 7, 8, 10, 2, 6, 9, 9, 10, 12, 6, 5, 2, 5, 8, 6, 11, 2, 1, 9, 3, 8, 8, 5, 9, 2, 4, 8, 7, 8, 8, 6, 3, 4, 12, 11, 4, 3, 3, 5, 4, 10, 7, 4, 11 ], [ 5, 14, 13, 12, 3, 16, 7, 1, 11, 8, 6, 16, 12, 6, 13, 7, 5, 9, 0, 12, 16, 9, 14, 7, 11, 7, 11, 10, 7, 6, 11, 10, 14, 7, 16, 8, 15, 11, 8, 5, 11, 13, 5, 10, 10, 16, 8, 16, 9, 10, 15, 9, 12, 4, 10, 12, 4, 15, 9, 8, 4, 9, 11, 10, 9, 10, 12, 6, 14, 10, 4 ], [ 8, 7, 1, 5, 14, 5, 7, 11, 9, 7, 10, 5, 7, 8, 9, 7, 10, 4, 12, 0, 5, 8, 3, 9, 4, 13, 10, 5, 8, 14, 3, 3, 5, 13, 6, 11, 8, 2, 3, 6, 5, 2, 14, 6, 5, 5, 3, 4, 12, 9, 5, 3, 7, 12, 12, 12, 12, 7, 2, 9, 15, 10, 7, 7, 2, 3, 1, 14, 3, 8, 12 ], [ 12, 11, 5, 10, 19, 6, 10, 16, 14, 9, 13, 3, 11, 13, 9, 10, 14, 8, 16, 5, 0, 10, 4, 14, 9, 19, 11, 10, 13, 18, 6, 8, 8, 17, 8, 17, 6, 7, 8, 11, 10, 6, 18, 8, 7, 6, 8, 2, 14, 10, 7, 8, 7, 16, 13, 13, 16, 5, 7, 11, 19, 15, 8, 9, 8, 8, 5, 18, 5, 9, 17 ], [ 4, 15, 10, 12, 11, 13, 3, 8, 14, 1, 4, 12, 13, 10, 4, 3, 4, 4, 9, 8, 10, 0, 11, 12, 11, 15, 2, 11, 10, 8, 6, 9, 13, 6, 14, 14, 7, 9, 6, 7, 12, 10, 8, 3, 4, 13, 6, 11, 4, 1, 13, 6, 4, 6, 3, 4, 6, 7, 7, 1, 10, 14, 3, 2, 7, 9, 8, 8, 11, 2, 12 ], [ 11, 7, 2, 6, 17, 2, 9, 14, 10, 10, 13, 2, 7, 10, 11, 10, 13, 7, 14, 3, 4, 11, 0, 11, 5, 15, 12, 6, 10, 17, 5, 5, 4, 16, 4, 13, 9, 4, 6, 9, 6, 2, 17, 9, 7, 2, 6, 2, 15, 11, 3, 6, 9, 15, 14, 14, 15, 8, 5, 11, 18, 11, 9, 9, 5, 5, 3, 17, 1, 10, 14 ], [ 9, 8, 10, 6, 8, 12, 9, 7, 3, 11, 11, 13, 6, 2, 16, 9, 10, 10, 7, 9, 14, 12, 11, 0, 6, 4, 14, 5, 2, 13, 10, 6, 9, 13, 11, 2, 16, 7, 8, 5, 6, 9, 12, 12, 11, 12, 7, 13, 15, 13, 10, 8, 14, 11, 15, 16, 11, 16, 8, 11, 11, 2, 13, 12, 7, 6, 10, 13, 10, 13, 4 ], [ 9, 4, 4, 2, 13, 6, 8, 11, 5, 9, 11, 7, 3, 6, 13, 8, 11, 7, 11, 4, 9, 11, 5, 6, 0, 11, 13, 1, 5, 15, 6, 1, 3, 15, 5, 8, 12, 2, 5, 6, 1, 3, 15, 9, 8, 5, 4, 7, 15, 11, 4, 5, 11, 13, 14, 15, 13, 11, 4, 11, 15, 6, 11, 10, 3, 2, 5, 15, 4, 11, 10 ], [ 11, 12, 14, 10, 7, 16, 12, 7, 7, 14, 12, 18, 10, 5, 19, 12, 11, 13, 7, 13, 19, 15, 15, 4, 11, 0, 17, 9, 6, 13, 14, 10, 13, 14, 15, 3, 19, 12, 11, 8, 10, 13, 12, 15, 14, 16, 11, 17, 16, 16, 14, 11, 17, 12, 17, 18, 11, 19, 12, 14, 10, 5, 16, 15, 11, 11, 14, 13, 15, 15, 3 ], [ 6, 17, 11, 14, 13, 15, 5, 10, 16, 3, 5, 13, 15, 12, 3, 5, 6, 6, 11, 10, 11, 2, 12, 14, 13, 17, 0, 13, 12, 8, 7, 11, 15, 7, 16, 16, 6, 11, 7, 9, 14, 12, 9, 4, 5, 14, 8, 12, 4, 1, 15, 8, 4, 7, 2, 2, 7, 7, 8, 3, 11, 16, 3, 3, 9, 10, 9, 8, 12, 2, 14 ], [ 9, 5, 5, 2, 12, 7, 8, 9, 4, 9, 11, 9, 3, 5, 13, 8, 10, 7, 10, 5, 10, 11, 6, 5, 1, 9, 13, 0, 4, 14, 7, 2, 4, 14, 6, 7, 12, 3, 5, 5, 2, 4, 14, 9, 8, 7, 4, 8, 14, 11, 5, 5, 11, 12, 14, 15, 12, 12, 4, 10, 14, 5, 11, 10, 4, 2, 6, 15, 6, 11, 8 ], [ 7, 8, 8, 5, 8, 11, 8, 6, 4, 9, 9, 12, 6, 1, 14, 7, 9, 8, 7, 8, 13, 10, 10, 2, 5, 6, 12, 4, 0, 12, 8, 5, 8, 12, 10, 4, 14, 6, 6, 3, 5, 8, 11, 10, 9, 10, 5, 12, 13, 11, 9, 6, 12, 10, 13, 14, 10, 14, 6, 10, 10, 3, 12, 10, 5, 5, 8, 12, 9, 11, 5 ], [ 6, 19, 16, 16, 7, 20, 8, 6, 16, 8, 5, 19, 17, 11, 11, 8, 4, 10, 6, 14, 18, 8, 17, 13, 15, 13, 8, 14, 12, 0, 12, 14, 18, 2, 20, 14, 15, 14, 11, 10, 16, 16, 2, 10, 11, 19, 11, 18, 6, 8, 19, 11, 12, 2, 7, 8, 3, 15, 12, 7, 4, 15, 11, 9, 13, 13, 14, 0, 17, 9, 10 ], [ 6, 10, 4, 8, 14, 8, 4, 10, 11, 4, 8, 6, 9, 9, 7, 5, 8, 2, 11, 3, 6, 6, 5, 10, 6, 14, 7, 7, 8, 12, 0, 5, 8, 11, 9, 12, 6, 4, 3, 6, 8, 5, 12, 3, 2, 7, 3, 6, 10, 6, 8, 3, 4, 10, 9, 9, 10, 5, 3, 6, 13, 11, 4, 4, 3, 4, 2, 12, 5, 5, 12 ], [ 8, 6, 3, 3, 12, 6, 7, 9, 6, 8, 10, 7, 4, 5, 12, 7, 10, 6, 10, 3, 8, 9, 5, 6, 1, 10, 11, 2, 5, 14, 5, 0, 4, 13, 6, 8, 11, 1, 4, 5, 3, 3, 13, 8, 6, 6, 3, 7, 13, 10, 5, 3, 9, 11, 13, 13, 11, 10, 3, 9, 14, 7, 9, 8, 2, 1, 4, 14, 4, 9, 9 ], [ 12, 3, 4, 3, 16, 3, 11, 14, 7, 12, 14, 6, 3, 9, 15, 11, 14, 9, 14, 5, 8, 13, 4, 9, 3, 13, 15, 4, 8, 18, 8, 4, 0, 18, 2, 11, 13, 4, 8, 9, 3, 3, 18, 11, 10, 3, 7, 6, 17, 14, 1, 7, 12, 16, 17, 17, 16, 12, 7, 13, 18, 9, 12, 12, 6, 5, 6, 18, 4, 13, 13 ], [ 6, 19, 15, 16, 8, 19, 7, 6, 16, 7, 4, 18, 17, 11, 10, 7, 4, 9, 7, 13, 17, 6, 16, 13, 15, 14, 7, 14, 12, 2, 11, 13, 18, 0, 19, 14, 13, 14, 10, 9, 16, 15, 3, 9, 10, 18, 11, 17, 4, 7, 18, 10, 11, 2, 5, 7, 3, 14, 11, 5, 5, 15, 9, 8, 12, 13, 13, 2, 16, 8, 11 ], [ 13, 3, 5, 4, 18, 2, 12, 15, 8, 13, 15, 5, 5, 11, 15, 12, 15, 10, 16, 6, 8, 14, 4, 11, 5, 15, 16, 6, 10, 20, 9, 6, 2, 19, 0, 12, 13, 5, 9, 11, 5, 4, 19, 12, 10, 2, 8, 6, 18, 15, 1, 9, 13, 17, 17, 18, 17, 12, 8, 14, 19, 10, 13, 13, 7, 6, 7, 20, 4, 14, 14 ], [ 10, 10, 12, 8, 8, 14, 11, 8, 4, 13, 12, 15, 8, 4, 18, 11, 11, 12, 8, 11, 17, 14, 13, 2, 8, 3, 16, 7, 4, 14, 12, 8, 11, 14, 12, 0, 18, 10, 10, 7, 8, 11, 13, 14, 13, 13, 9, 15, 16, 15, 12, 10, 16, 12, 17, 18, 12, 18, 10, 13, 11, 2, 15, 14, 9, 9, 12, 14, 12, 15, 4 ], [ 10, 15, 8, 13, 18, 11, 8, 14, 16, 7, 10, 8, 14, 14, 4, 8, 11, 6, 15, 8, 6, 7, 9, 16, 12, 19, 6, 12, 14, 15, 6, 11, 13, 13, 13, 18, 0, 10, 8, 11, 13, 9, 15, 5, 5, 11, 9, 7, 10, 6, 12, 8, 3, 13, 9, 8, 13, 1, 8, 8, 17, 17, 4, 6, 9, 10, 7, 15, 9, 5, 17 ], [ 8, 6, 2, 4, 13, 5, 7, 10, 7, 8, 10, 6, 5, 7, 11, 7, 10, 5, 11, 2, 7, 9, 4, 7, 2, 12, 11, 3, 6, 14, 4, 1, 4, 14, 5, 10, 10, 0, 4, 6, 3, 2, 14, 7, 6, 5, 3, 6, 13, 10, 4, 3, 9, 12, 13, 13, 12, 9, 2, 9, 14, 8, 9, 8, 2, 1, 3, 14, 3, 9, 10 ], [ 5, 9, 5, 7, 11, 9, 3, 8, 9, 4, 7, 8, 8, 6, 8, 3, 6, 2, 8, 3, 8, 6, 6, 8, 5, 11, 7, 5, 6, 11, 3, 4, 8, 10, 9, 10, 8, 4, 0, 4, 6, 5, 11, 4, 3, 8, 1, 8, 9, 6, 8, 0, 6, 9, 9, 9, 8, 8, 1, 6, 11, 9, 6, 4, 2, 3, 3, 11, 6, 5, 9 ], [ 4, 10, 7, 7, 8, 11, 4, 5, 7, 6, 6, 11, 8, 3, 11, 4, 6, 5, 5, 6, 11, 7, 9, 5, 6, 8, 9, 5, 3, 10, 6, 5, 9, 9, 11, 7, 11, 6, 4, 0, 7, 8, 9, 7, 6, 10, 3, 11, 10, 8, 10, 4, 9, 7, 10, 11, 7, 11, 4, 6, 9, 7, 9, 7, 4, 4, 7, 10, 9, 8, 6 ], [ 10, 3, 5, 0, 13, 6, 9, 11, 4, 11, 12, 8, 1, 6, 14, 10, 12, 8, 11, 5, 10, 12, 6, 6, 1, 10, 14, 2, 5, 16, 8, 3, 3, 16, 5, 8, 13, 3, 6, 7, 0, 4, 15, 11, 9, 6, 6, 8, 16, 13, 4, 6, 12, 14, 15, 16, 13, 12, 5, 12, 15, 6, 12, 11, 5, 3, 6, 16, 5, 12, 9 ], [ 10, 6, 1, 4, 15, 3, 9, 12, 8, 9, 12, 4, 5, 9, 11, 9, 12, 6, 13, 2, 6, 10, 2, 9, 3, 13, 12, 4, 8, 16, 5, 3, 3, 15, 4, 11, 9, 2, 5, 8, 4, 0, 16, 8, 7, 3, 5, 4, 14, 11, 3, 5, 9, 14, 14, 14, 14, 9, 4, 11, 16, 9, 9, 9, 4, 3, 3, 16, 1, 10, 12 ], [ 6, 19, 15, 16, 5, 19, 8, 5, 15, 9, 5, 19, 17, 10, 12, 8, 5, 11, 5, 14, 18, 8, 17, 12, 15, 12, 9, 14, 11, 2, 12, 13, 18, 3, 19, 13, 15, 14, 11, 9, 15, 16, 0, 11, 11, 19, 11, 18, 7, 9, 18, 11, 13, 2, 8, 10, 3, 16, 12, 7, 2, 14, 11, 10, 12, 13, 14, 2, 17, 10, 9 ], [ 5, 13, 7, 11, 13, 11, 3, 10, 13, 2, 6, 9, 12, 10, 4, 4, 6, 2, 10, 6, 8, 3, 9, 12, 9, 15, 4, 9, 10, 10, 3, 8, 11, 9, 12, 14, 5, 7, 4, 7, 11, 8, 11, 0, 2, 11, 5, 8, 7, 3, 11, 5, 2, 8, 6, 6, 8, 5, 5, 4, 12, 13, 2, 1, 6, 7, 5, 10, 8, 1, 12 ], [ 5, 12, 6, 9, 13, 9, 3, 9, 12, 3, 6, 8, 10, 9, 5, 4, 7, 1, 10, 5, 7, 4, 7, 11, 8, 14, 5, 8, 9, 11, 2, 6, 10, 10, 10, 13, 5, 6, 3, 6, 9, 7, 11, 2, 0, 9, 4, 7, 8, 4, 10, 3, 3, 9, 7, 7, 9, 5, 4, 5, 13, 12, 3, 2, 4, 6, 4, 11, 7, 3, 12 ], [ 13, 6, 3, 6, 18, 0, 11, 15, 10, 12, 15, 3, 6, 11, 13, 11, 15, 9, 16, 5, 6, 13, 2, 12, 5, 16, 14, 7, 10, 19, 7, 6, 3, 18, 2, 13, 11, 5, 8, 10, 6, 3, 19, 11, 9, 0, 8, 4, 17, 13, 2, 8, 11, 17, 16, 16, 16, 10, 7, 13, 19, 11, 11, 11, 7, 6, 5, 19, 2, 12, 15 ], [ 5, 9, 4, 6, 11, 8, 4, 8, 8, 5, 7, 8, 7, 6, 9, 4, 7, 3, 8, 3, 8, 6, 6, 7, 4, 11, 8, 4, 5, 11, 3, 3, 7, 11, 8, 9, 9, 3, 1, 3, 6, 5, 11, 5, 4, 8, 0, 8, 10, 7, 7, 1, 7, 9, 10, 10, 9, 8, 1, 6, 12, 8, 7, 5, 1, 2, 4, 11, 6, 6, 9 ], [ 12, 9, 4, 8, 19, 4, 10, 15, 12, 10, 13, 1, 9, 12, 10, 10, 14, 8, 16, 4, 2, 11, 2, 13, 7, 17, 12, 8, 12, 18, 6, 7, 6, 17, 6, 15, 7, 6, 8, 11, 8, 4, 18, 8, 7, 4, 8, 0, 15, 11, 6, 7, 8, 16, 14, 14, 16, 6, 7, 12, 19, 14, 9, 9, 7, 7, 4, 18, 3, 10, 16 ], [ 6, 19, 14, 16, 12, 17, 6, 9, 17, 6, 4, 16, 17, 13, 6, 6, 5, 8, 9, 12, 14, 4, 15, 15, 15, 16, 4, 14, 13, 6, 10, 13, 17, 4, 18, 16, 10, 13, 9, 10, 16, 14, 7, 7, 8, 17, 10, 15, 0, 4, 17, 10, 8, 5, 2, 3, 5, 11, 11, 4, 9, 17, 6, 6, 11, 13, 12, 5, 15, 5, 13 ], [ 5, 16, 10, 13, 12, 14, 4, 9, 15, 2, 4, 12, 14, 11, 4, 4, 5, 5, 10, 9, 10, 1, 11, 13, 11, 16, 1, 11, 11, 8, 6, 10, 14, 7, 15, 15, 6, 10, 6, 8, 13, 11, 9, 3, 4, 13, 7, 11, 4, 0, 14, 7, 4, 7, 3, 3, 7, 7, 7, 2, 11, 15, 3, 2, 8, 9, 8, 8, 11, 1, 13 ], [ 12, 3, 4, 4, 17, 2, 11, 14, 8, 12, 14, 5, 4, 10, 14, 11, 14, 9, 15, 5, 7, 13, 3, 10, 4, 14, 15, 5, 9, 19, 8, 5, 1, 18, 1, 12, 12, 4, 8, 10, 4, 3, 18, 11, 10, 2, 7, 6, 17, 14, 0, 8, 12, 16, 17, 17, 16, 11, 7, 13, 18, 10, 12, 12, 6, 5, 6, 19, 3, 13, 13 ], [ 5, 9, 4, 6, 11, 8, 4, 8, 9, 4, 7, 8, 8, 6, 8, 4, 7, 2, 9, 3, 8, 6, 6, 8, 5, 11, 8, 5, 6, 11, 3, 3, 7, 10, 9, 10, 8, 3, 0, 4, 6, 5, 11, 5, 3, 8, 1, 7, 10, 7, 8, 0, 6, 9, 9, 10, 9, 8, 1, 6, 12, 9, 6, 5, 1, 3, 3, 11, 6, 6, 9 ], [ 7, 14, 8, 12, 15, 11, 6, 12, 15, 4, 8, 9, 13, 12, 2, 6, 8, 4, 12, 7, 7, 4, 9, 14, 11, 17, 4, 11, 12, 12, 4, 9, 12, 11, 13, 16, 3, 9, 6, 9, 12, 9, 13, 2, 3, 11, 7, 8, 8, 4, 12, 6, 0, 10, 6, 6, 10, 3, 7, 5, 14, 15, 1, 3, 7, 9, 6, 12, 9, 3, 15 ], [ 4, 17, 13, 14, 6, 17, 6, 4, 14, 6, 3, 17, 15, 9, 10, 5, 2, 8, 4, 12, 16, 6, 15, 11, 13, 12, 7, 12, 10, 2, 10, 11, 16, 2, 17, 12, 13, 12, 9, 7, 14, 14, 2, 8, 9, 17, 9, 16, 5, 7, 16, 9, 10, 0, 6, 8, 0, 13, 10, 5, 4, 13, 9, 8, 10, 11, 12, 2, 15, 8, 9 ], [ 6, 18, 13, 16, 13, 17, 6, 10, 17, 5, 5, 15, 17, 13, 5, 6, 5, 7, 10, 12, 13, 3, 14, 15, 14, 17, 2, 14, 13, 7, 9, 13, 17, 5, 17, 17, 9, 13, 9, 10, 15, 14, 8, 6, 7, 16, 10, 14, 2, 3, 17, 9, 6, 6, 0, 1, 6, 9, 10, 4, 10, 17, 5, 5, 11, 12, 11, 7, 14, 4, 14 ], [ 7, 19, 13, 16, 14, 17, 7, 11, 18, 5, 6, 15, 17, 14, 4, 7, 7, 8, 12, 12, 13, 4, 14, 16, 15, 18, 2, 15, 14, 8, 9, 13, 17, 7, 18, 18, 8, 13, 9, 11, 16, 14, 10, 6, 7, 16, 10, 14, 3, 3, 17, 10, 6, 8, 1, 0, 8, 9, 11, 5, 12, 18, 5, 5, 11, 13, 11, 8, 14, 4, 15 ], [ 4, 17, 13, 14, 6, 17, 6, 4, 14, 6, 3, 16, 15, 9, 10, 5, 2, 8, 4, 12, 16, 6, 15, 11, 13, 11, 7, 12, 10, 3, 10, 11, 16, 3, 17, 12, 13, 12, 8, 7, 13, 14, 3, 8, 9, 16, 9, 16, 5, 7, 16, 9, 10, 0, 6, 8, 0, 13, 10, 5, 4, 13, 9, 7, 10, 11, 12, 3, 14, 8, 8 ], [ 10, 14, 8, 13, 18, 10, 8, 15, 16, 7, 11, 7, 14, 14, 5, 9, 11, 6, 15, 7, 5, 7, 8, 16, 11, 19, 7, 12, 14, 15, 5, 10, 12, 14, 12, 18, 1, 9, 8, 11, 12, 9, 16, 5, 5, 10, 8, 6, 11, 7, 11, 8, 3, 13, 9, 9, 13, 0, 8, 9, 17, 17, 4, 6, 8, 10, 6, 15, 8, 6, 17 ], [ 6, 8, 3, 6, 12, 7, 5, 9, 8, 5, 8, 7, 7, 6, 9, 5, 8, 3, 9, 2, 7, 7, 5, 8, 4, 12, 8, 4, 6, 12, 3, 3, 7, 11, 8, 10, 8, 2, 1, 4, 5, 4, 12, 5, 4, 7, 1, 7, 11, 7, 7, 1, 7, 10, 10, 11, 10, 8, 0, 7, 13, 9, 7, 5, 1, 2, 3, 12, 5, 6, 10 ], [ 3, 15, 10, 12, 10, 14, 2, 7, 13, 2, 2, 12, 13, 9, 6, 2, 3, 4, 8, 9, 11, 1, 11, 11, 11, 14, 3, 10, 10, 7, 6, 9, 13, 5, 14, 13, 8, 9, 6, 6, 12, 11, 7, 4, 5, 13, 6, 12, 4, 2, 13, 6, 5, 5, 4, 5, 5, 9, 7, 0, 9, 13, 4, 3, 7, 9, 8, 7, 11, 3, 11 ], [ 7, 18, 16, 15, 3, 20, 9, 4, 14, 10, 7, 20, 16, 10, 14, 9, 6, 12, 4, 15, 19, 10, 18, 11, 15, 10, 11, 14, 10, 4, 13, 14, 18, 5, 19, 11, 17, 14, 11, 9, 15, 16, 2, 12, 13, 19, 12, 19, 9, 11, 18, 12, 14, 4, 10, 12, 4, 17, 13, 9, 0, 13, 13, 11, 13, 13, 15, 4, 17, 12, 7 ], [ 11, 7, 10, 6, 10, 12, 11, 9, 2, 12, 13, 14, 5, 4, 17, 11, 12, 11, 9, 10, 15, 14, 11, 2, 6, 5, 16, 5, 3, 15, 11, 7, 9, 15, 10, 2, 17, 8, 9, 7, 6, 9, 14, 13, 12, 11, 8, 14, 17, 15, 10, 9, 15, 13, 17, 18, 13, 17, 9, 13, 13, 0, 15, 13, 8, 7, 11, 15, 11, 14, 6 ], [ 6, 14, 8, 12, 14, 12, 5, 11, 15, 3, 6, 10, 13, 12, 2, 5, 7, 4, 11, 7, 8, 3, 9, 13, 11, 16, 3, 11, 12, 11, 4, 9, 12, 9, 13, 15, 4, 9, 6, 9, 12, 9, 11, 2, 3, 11, 7, 9, 6, 3, 12, 6, 1, 9, 5, 5, 9, 4, 7, 4, 13, 15, 0, 2, 7, 9, 6, 11, 9, 1, 14 ], [ 4, 14, 8, 11, 12, 12, 3, 9, 13, 1, 5, 10, 12, 10, 4, 3, 5, 3, 10, 7, 9, 2, 9, 12, 10, 15, 3, 10, 10, 9, 4, 8, 12, 8, 13, 14, 6, 8, 4, 7, 11, 9, 10, 1, 2, 11, 5, 9, 6, 2, 12, 5, 3, 8, 5, 5, 7, 6, 5, 3, 11, 13, 2, 0, 6, 8, 6, 9, 9, 1, 12 ], [ 6, 8, 3, 5, 12, 7, 5, 9, 8, 6, 8, 7, 6, 6, 10, 5, 8, 3, 9, 2, 8, 7, 5, 7, 3, 11, 9, 4, 5, 13, 3, 2, 6, 12, 7, 9, 9, 2, 2, 4, 5, 4, 12, 6, 4, 7, 1, 7, 11, 8, 6, 1, 7, 10, 11, 11, 10, 8, 1, 7, 13, 8, 7, 6, 0, 1, 3, 13, 5, 7, 9 ], [ 7, 6, 3, 4, 12, 6, 6, 9, 6, 7, 9, 7, 5, 6, 11, 6, 9, 5, 10, 3, 8, 9, 5, 6, 2, 11, 10, 2, 5, 13, 4, 1, 5, 13, 6, 9, 10, 1, 3, 4, 3, 3, 13, 7, 6, 6, 2, 7, 13, 9, 5, 3, 9, 11, 12, 13, 11, 10, 2, 9, 13, 7, 9, 8, 1, 0, 3, 14, 4, 8, 9 ], [ 8, 8, 2, 6, 15, 6, 6, 11, 10, 6, 10, 5, 7, 9, 9, 7, 10, 4, 12, 1, 5, 8, 3, 10, 5, 14, 9, 6, 8, 14, 2, 4, 6, 13, 7, 12, 7, 3, 3, 7, 6, 3, 14, 5, 4, 5, 4, 4, 12, 8, 6, 3, 6, 12, 11, 11, 12, 6, 3, 8, 15, 11, 6, 6, 3, 3, 0, 14, 3, 7, 12 ], [ 6, 19, 16, 16, 7, 20, 8, 6, 16, 8, 5, 19, 17, 11, 11, 8, 4, 10, 6, 14, 18, 8, 17, 13, 15, 13, 8, 15, 12, 0, 12, 14, 18, 2, 20, 14, 15, 14, 11, 10, 16, 16, 2, 10, 11, 19, 11, 18, 5, 8, 19, 11, 12, 2, 7, 8, 3, 15, 12, 7, 4, 15, 11, 9, 13, 14, 14, 0, 17, 9, 10 ], [ 11, 6, 1, 5, 17, 3, 9, 13, 9, 9, 13, 3, 6, 10, 11, 9, 13, 7, 14, 3, 5, 11, 1, 10, 4, 15, 12, 6, 9, 17, 5, 4, 4, 16, 4, 12, 9, 3, 6, 9, 5, 1, 17, 8, 7, 2, 6, 3, 15, 11, 3, 6, 9, 15, 14, 14, 14, 8, 5, 11, 17, 11, 9, 9, 5, 4, 3, 17, 0, 10, 13 ], [ 5, 15, 9, 12, 13, 12, 3, 10, 14, 2, 5, 11, 13, 11, 3, 4, 6, 4, 10, 8, 9, 2, 10, 13, 11, 15, 2, 11, 11, 9, 5, 9, 13, 8, 14, 15, 5, 9, 5, 8, 12, 10, 10, 1, 3, 12, 6, 10, 5, 1, 13, 6, 3, 8, 4, 4, 8, 6, 6, 3, 12, 14, 1, 1, 7, 8, 7, 9, 10, 0, 13 ], [ 8, 12, 12, 10, 5, 15, 9, 4, 7, 11, 9, 16, 10, 4, 16, 9, 9, 11, 4, 12, 17, 12, 14, 4, 10, 3, 14, 8, 5, 10, 12, 9, 13, 11, 14, 4, 17, 10, 9, 6, 9, 12, 9, 12, 12, 15, 9, 16, 13, 13, 13, 9, 15, 9, 14, 15, 8, 17, 10, 11, 7, 6, 14, 12, 9, 9, 12, 10, 13, 13, 0 ] ]
}