{
  "version" : "0.3",
  "id" : 1295345914,
  "name" : "PTP-RAND-3_48_4_48",
  "coordType" : "Eucl",
  "sameVehicleBackward" : false,
  "maxWaitTime" : "00h30",
  "places" : [ {
    "id" : 0,
    "lat" : -7.937891695238313,
    "long" : 3.700951434286204,
    "category" : 0
  }, {
    "id" : 1,
    "lat" : 5.0220632107891126,
    "long" : -3.850657019499811,
    "category" : 0
  }, {
    "id" : 2,
    "lat" : 3.177579610991937,
    "long" : -9.003886827297933,
    "category" : 0
  }, {
    "id" : 3,
    "lat" : 5.564390776725504,
    "long" : 5.594208900804472,
    "category" : 0
  }, {
    "id" : 4,
    "lat" : 7.41867178020266,
    "long" : 0.9841941199640037,
    "category" : 0
  }, {
    "id" : 5,
    "lat" : -5.056855792751677,
    "long" : 6.497967939818364,
    "category" : 0
  }, {
    "id" : 6,
    "lat" : -2.2038183765464323,
    "long" : 7.414307343378869,
    "category" : 0
  }, {
    "id" : 7,
    "lat" : 2.3405697426552408,
    "long" : -2.582188090779237,
    "category" : 0
  }, {
    "id" : 8,
    "lat" : -0.948427556341153,
    "long" : -0.8681841692437825,
    "category" : 0
  }, {
    "id" : 9,
    "lat" : -0.5717948815027005,
    "long" : -2.969502000064661,
    "category" : 0
  }, {
    "id" : 10,
    "lat" : 1.3706073452498817,
    "long" : -0.14694614973863135,
    "category" : 0
  }, {
    "id" : 11,
    "lat" : 3.002204158095475,
    "long" : 6.452708336478677,
    "category" : 0
  }, {
    "id" : 12,
    "lat" : 6.589618352361805,
    "long" : 7.080836139329343,
    "category" : 0
  }, {
    "id" : 13,
    "lat" : -2.7369081544165996,
    "long" : -8.180829578178608,
    "category" : 0
  }, {
    "id" : 14,
    "lat" : 6.127400106645489,
    "long" : -1.4269065709924071,
    "category" : 0
  }, {
    "id" : 15,
    "lat" : -7.049242578195516,
    "long" : -0.07435056910779027,
    "category" : 0
  }, {
    "id" : 16,
    "lat" : 4.757633084354277,
    "long" : 3.1815511732084913,
    "category" : 0
  }, {
    "id" : 17,
    "lat" : 3.3321367010237437,
    "long" : 9.398789943045719,
    "category" : 0
  }, {
    "id" : 18,
    "lat" : -6.900552488182587,
    "long" : -0.4735783579724094,
    "category" : 0
  }, {
    "id" : 19,
    "lat" : 2.5821895210476575,
    "long" : -8.584162804794044,
    "category" : 0
  }, {
    "id" : 20,
    "lat" : 2.0166239537771684,
    "long" : 5.287606189779377,
    "category" : 0
  }, {
    "id" : 21,
    "lat" : -9.759963007461145,
    "long" : 1.5694491239950683,
    "category" : 0
  }, {
    "id" : 22,
    "lat" : -5.370831001052966,
    "long" : -3.2825321357211874,
    "category" : 0
  }, {
    "id" : 23,
    "lat" : 5.585242245513137,
    "long" : -3.0454237829041837,
    "category" : 0
  }, {
    "id" : 24,
    "lat" : -2.1143760793572803,
    "long" : 5.919443312343642,
    "category" : 0
  }, {
    "id" : 25,
    "lat" : -5.810561948597572,
    "long" : -7.083701247810354,
    "category" : 0
  }, {
    "id" : 26,
    "lat" : 7.042956252766894,
    "long" : -0.4514654771158958,
    "category" : 0
  }, {
    "id" : 27,
    "lat" : -1.8409462956025031,
    "long" : -4.380543748665544,
    "category" : 0
  }, {
    "id" : 28,
    "lat" : -5.5674297833750686,
    "long" : 7.223568165662336,
    "category" : 0
  }, {
    "id" : 29,
    "lat" : -1.9278340863414,
    "long" : 7.697286542822923,
    "category" : 0
  }, {
    "id" : 30,
    "lat" : -4.176467910435393,
    "long" : -0.97808119418372,
    "category" : 0
  }, {
    "id" : 31,
    "lat" : -3.9919649783824522,
    "long" : -3.5818283910152773,
    "category" : 0
  }, {
    "id" : 32,
    "lat" : -6.999947247095692,
    "long" : 0.11799823486091703,
    "category" : 0
  }, {
    "id" : 33,
    "lat" : -1.5968411281104988,
    "long" : 0.9445791053707232,
    "category" : 0
  }, {
    "id" : 34,
    "lat" : 9.516018093040925,
    "long" : -2.770940318588093,
    "category" : 0
  }, {
    "id" : 35,
    "lat" : -6.58474360713476,
    "long" : -4.551981403517082,
    "category" : 0
  }, {
    "id" : 36,
    "lat" : -5.104970139372925,
    "long" : 2.1953505966029456,
    "category" : 0
  }, {
    "id" : 37,
    "lat" : 5.80934624016276,
    "long" : -2.540214675776534,
    "category" : 0
  }, {
    "id" : 38,
    "lat" : -4.474114586407231,
    "long" : 4.200205417038256,
    "category" : 0
  }, {
    "id" : 39,
    "lat" : 6.881923279376046,
    "long" : -4.219630879502396,
    "category" : 0
  }, {
    "id" : 40,
    "lat" : 3.0026220627441953,
    "long" : -2.420751754355636,
    "category" : 0
  }, {
    "id" : 41,
    "lat" : -7.370825388482276,
    "long" : 4.495112653206255,
    "category" : 0
  }, {
    "id" : 42,
    "lat" : -2.5865165986567753,
    "long" : -2.625183280632222,
    "category" : 0
  }, {
    "id" : 43,
    "lat" : -5.095931604075234,
    "long" : 4.447807244450197,
    "category" : 0
  }, {
    "id" : 44,
    "lat" : -9.101012980004459,
    "long" : -1.8159070602076703,
    "category" : 0
  }, {
    "id" : 45,
    "lat" : 4.796222808311754,
    "long" : -6.598174582475658,
    "category" : 0
  }, {
    "id" : 46,
    "lat" : -2.5081990622978423,
    "long" : -2.9881084835090457,
    "category" : 0
  }, {
    "id" : 47,
    "lat" : -7.094433547694773,
    "long" : -3.9098149561679656,
    "category" : 0
  }, {
    "id" : 48,
    "lat" : 5.299270362300215,
    "long" : -6.542204896468805,
    "category" : 1
  }, {
    "id" : 49,
    "lat" : -4.589987898223604,
    "long" : -4.191680067716353,
    "category" : 1
  }, {
    "id" : 50,
    "lat" : 0.48723833069124584,
    "long" : -1.9426889403830805,
    "category" : 1
  }, {
    "id" : 51,
    "lat" : -2.590264587328902,
    "long" : 6.92838415080482,
    "category" : 1
  }, {
    "id" : 52,
    "lat" : 5.394842319284412,
    "long" : -4.766155878992157,
    "category" : 2
  }, {
    "id" : 53,
    "lat" : 0.14920526794403785,
    "long" : -0.08225028905567153,
    "category" : 2
  }, {
    "id" : 54,
    "lat" : -3.627917259131653,
    "long" : -2.502398477446126,
    "category" : 2
  }, {
    "id" : 55,
    "lat" : -9.253372470960661,
    "long" : 0.7181850076946943,
    "category" : 2
  }, {
    "id" : 56,
    "lat" : 4.083192420912141,
    "long" : 5.282333321371152,
    "category" : 2
  }, {
    "id" : 57,
    "lat" : 4.167500887796009,
    "long" : 4.223659798535003,
    "category" : 2
  }, {
    "id" : 58,
    "lat" : 7.723189658757777,
    "long" : 2.34436795493549,
    "category" : 2
  }, {
    "id" : 59,
    "lat" : 7.962307909908318,
    "long" : 4.437011094790845,
    "category" : 2
  }, {
    "id" : 60,
    "lat" : -6.561890914342326,
    "long" : -5.610193112823455,
    "category" : 2
  }, {
    "id" : 61,
    "lat" : -0.9300658467046399,
    "long" : 1.630797159900539,
    "category" : 2
  }, {
    "id" : 62,
    "lat" : -3.075233794950588,
    "long" : 8.689641558456833,
    "category" : 2
  }, {
    "id" : 63,
    "lat" : -9.480479083872408,
    "long" : -2.154492076196432,
    "category" : 2
  }, {
    "id" : 64,
    "lat" : 2.1045455423026165,
    "long" : 4.713549387989564,
    "category" : 2
  }, {
    "id" : 65,
    "lat" : 7.407441131640328,
    "long" : 5.898292761645618,
    "category" : 2
  }, {
    "id" : 66,
    "lat" : -0.226900547307816,
    "long" : -2.0552223453764085,
    "category" : 2
  }, {
    "id" : 67,
    "lat" : -0.4225956738825522,
    "long" : 1.8798996661977057,
    "category" : 2
  }, {
    "id" : 68,
    "lat" : -2.098170908055151,
    "long" : 2.261242662621189,
    "category" : 2
  }, {
    "id" : 69,
    "lat" : 6.41744713613983,
    "long" : -4.536570138911356,
    "category" : 2
  }, {
    "id" : 70,
    "lat" : 3.1385268589382274,
    "long" : 4.034911522707256,
    "category" : 2
  }, {
    "id" : 71,
    "lat" : -4.7629176820924295,
    "long" : -3.6211402480574075,
    "category" : 2
  }, {
    "id" : 72,
    "lat" : 6.517091622866463,
    "long" : -0.572896142966172,
    "category" : 2
  }, {
    "id" : 73,
    "lat" : -6.061812558517051,
    "long" : 0.7091533001349081,
    "category" : 2
  }, {
    "id" : 74,
    "lat" : 5.04679706202337,
    "long" : -2.791280401833118,
    "category" : 2
  }, {
    "id" : 75,
    "lat" : 4.456385987283635,
    "long" : -8.224609660277391,
    "category" : 2
  }, {
    "id" : 76,
    "lat" : 0.15025533783873765,
    "long" : -4.591394588918877,
    "category" : 2
  }, {
    "id" : 77,
    "lat" : 2.827267950896674,
    "long" : -2.83947490827575,
    "category" : 2
  }, {
    "id" : 78,
    "lat" : -3.048885693748315,
    "long" : -1.6992518027839683,
    "category" : 2
  }, {
    "id" : 79,
    "lat" : -2.9141959465485274,
    "long" : -8.08022689600878,
    "category" : 2
  }, {
    "id" : 80,
    "lat" : -5.5014554949022285,
    "long" : 1.556281625476108,
    "category" : 2
  }, {
    "id" : 81,
    "lat" : 1.2936302619327429,
    "long" : -0.5080078774758748,
    "category" : 2
  }, {
    "id" : 82,
    "lat" : -3.0478125362544843,
    "long" : 1.405922470762888,
    "category" : 2
  }, {
    "id" : 83,
    "lat" : -8.776205648522767,
    "long" : -2.2026675572063263,
    "category" : 2
  }, {
    "id" : 84,
    "lat" : -0.39463575878425544,
    "long" : -6.558087297983533,
    "category" : 2
  }, {
    "id" : 85,
    "lat" : 4.017615557051314,
    "long" : -4.052586339082442,
    "category" : 2
  }, {
    "id" : 86,
    "lat" : -5.20695202142977,
    "long" : 6.497959295311149,
    "category" : 2
  }, {
    "id" : 87,
    "lat" : -3.944831840032438,
    "long" : 5.662780599148184,
    "category" : 2
  }, {
    "id" : 88,
    "lat" : 3.27271331547825,
    "long" : -7.56577640482117,
    "category" : 2
  }, {
    "id" : 89,
    "lat" : -2.82792905236431,
    "long" : -4.693000788609123,
    "category" : 2
  }, {
    "id" : 90,
    "lat" : -6.305952163268265,
    "long" : 1.5968476830436267,
    "category" : 2
  }, {
    "id" : 91,
    "lat" : 2.242503069140372,
    "long" : 9.399343218540231,
    "category" : 2
  }, {
    "id" : 92,
    "lat" : 3.7972724729280816,
    "long" : -8.111216319329282,
    "category" : 2
  }, {
    "id" : 93,
    "lat" : -0.5489304587781901,
    "long" : 5.961523228569826,
    "category" : 2
  }, {
    "id" : 94,
    "lat" : 0.42344156400991584,
    "long" : -1.3856165119180546,
    "category" : 2
  }, {
    "id" : 95,
    "lat" : -6.628472053624387,
    "long" : -1.9576745545614829,
    "category" : 2
  }, {
    "id" : 96,
    "lat" : -4.825315153143498,
    "long" : 6.527703419091548,
    "category" : 2
  }, {
    "id" : 97,
    "lat" : 1.9138705503592124,
    "long" : 3.073923209727013,
    "category" : 2
  }, {
    "id" : 98,
    "lat" : -6.700622747767934,
    "long" : -2.833582169989788,
    "category" : 2
  }, {
    "id" : 99,
    "lat" : -2.012246939635663,
    "long" : -9.69848950799637,
    "category" : 2
  }, {
    "id" : 100,
    "lat" : 6.512605296381268,
    "long" : -3.4755274687805184,
    "category" : 2
  }, {
    "id" : 101,
    "lat" : 9.261886371199457,
    "long" : 0.3309420925531766,
    "category" : 2
  }, {
    "id" : 102,
    "lat" : -8.974062306918515,
    "long" : -1.2553427539170052,
    "category" : 2
  }, {
    "id" : 103,
    "lat" : 6.358395990609539,
    "long" : 5.387216580249383,
    "category" : 2
  } ],
  "vehicles" : [ {
    "id" : 104,
    "canTake" : [ 0 ],
    "start" : 48,
    "end" : 48,
    "capacity" : 5,
    "availability" : [ "07h00:11h00", "13h00:20h00" ]
  }, {
    "id" : 105,
    "canTake" : [ 2 ],
    "start" : 49,
    "end" : 49,
    "capacity" : 4,
    "availability" : [ "07h00:12h00", "16h00:20h00" ]
  }, {
    "id" : 106,
    "canTake" : [ 1 ],
    "start" : 50,
    "end" : 50,
    "capacity" : 5,
    "availability" : [ "07h00:17h00", "19h00:20h00" ]
  }, {
    "id" : 107,
    "canTake" : [ 1 ],
    "start" : 51,
    "end" : 51,
    "capacity" : 4,
    "availability" : [ "07h00:13h00", "17h00:20h00" ]
  } ],
  "patients" : [ {
    "id" : 108,
    "category" : 0,
    "load" : 3,
    "start" : 52,
    "destination" : 0,
    "end" : 52,
    "rdvTime" : "12h19",
    "rdvDuration" : "02h40",
    "srvDuration" : "00h02"
  }, {
    "id" : 109,
    "category" : 1,
    "load" : 3,
    "start" : 53,
    "destination" : 1,
    "end" : 53,
    "rdvTime" : "11h50",
    "rdvDuration" : "00h50",
    "srvDuration" : "00h03"
  }, {
    "id" : 110,
    "category" : 2,
    "load" : 3,
    "start" : -1,
    "destination" : 2,
    "end" : 54,
    "rdvTime" : "12h25",
    "rdvDuration" : "00h27",
    "srvDuration" : "00h04"
  }, {
    "id" : 111,
    "category" : 2,
    "load" : 3,
    "start" : 55,
    "destination" : 3,
    "end" : 55,
    "rdvTime" : "08h15",
    "rdvDuration" : "01h01",
    "srvDuration" : "00h02"
  }, {
    "id" : 112,
    "category" : 1,
    "load" : 1,
    "start" : 56,
    "destination" : 4,
    "end" : 56,
    "rdvTime" : "14h22",
    "rdvDuration" : "00h44",
    "srvDuration" : "00h02"
  }, {
    "id" : 113,
    "category" : 1,
    "load" : 1,
    "start" : -1,
    "destination" : 5,
    "end" : 57,
    "rdvTime" : "11h47",
    "rdvDuration" : "02h56",
    "srvDuration" : "00h02"
  }, {
    "id" : 114,
    "category" : 2,
    "load" : 2,
    "start" : 58,
    "destination" : 6,
    "end" : 59,
    "rdvTime" : "10h04",
    "rdvDuration" : "00h22",
    "srvDuration" : "00h05"
  }, {
    "id" : 115,
    "category" : 1,
    "load" : 2,
    "start" : 60,
    "destination" : 7,
    "end" : 60,
    "rdvTime" : "15h42",
    "rdvDuration" : "02h53",
    "srvDuration" : "00h04"
  }, {
    "id" : 116,
    "category" : 2,
    "load" : 1,
    "start" : 61,
    "destination" : 8,
    "end" : 61,
    "rdvTime" : "10h31",
    "rdvDuration" : "02h54",
    "srvDuration" : "00h02"
  }, {
    "id" : 117,
    "category" : 1,
    "load" : 1,
    "start" : 62,
    "destination" : 9,
    "end" : 62,
    "rdvTime" : "14h41",
    "rdvDuration" : "02h00",
    "srvDuration" : "00h02"
  }, {
    "id" : 118,
    "category" : 1,
    "load" : 2,
    "start" : 63,
    "destination" : 10,
    "end" : -1,
    "rdvTime" : "08h26",
    "rdvDuration" : "00h21",
    "srvDuration" : "00h04"
  }, {
    "id" : 119,
    "category" : 2,
    "load" : 3,
    "start" : 64,
    "destination" : 11,
    "end" : 64,
    "rdvTime" : "10h15",
    "rdvDuration" : "02h18",
    "srvDuration" : "00h04"
  }, {
    "id" : 120,
    "category" : 1,
    "load" : 2,
    "start" : 65,
    "destination" : 12,
    "end" : 65,
    "rdvTime" : "15h41",
    "rdvDuration" : "01h26",
    "srvDuration" : "00h03"
  }, {
    "id" : 121,
    "category" : 1,
    "load" : 2,
    "start" : -1,
    "destination" : 13,
    "end" : 66,
    "rdvTime" : "08h46",
    "rdvDuration" : "00h46",
    "srvDuration" : "00h02"
  }, {
    "id" : 122,
    "category" : 1,
    "load" : 3,
    "start" : -1,
    "destination" : 14,
    "end" : 67,
    "rdvTime" : "14h32",
    "rdvDuration" : "00h24",
    "srvDuration" : "00h03"
  }, {
    "id" : 123,
    "category" : 2,
    "load" : 1,
    "start" : 68,
    "destination" : 15,
    "end" : 68,
    "rdvTime" : "15h25",
    "rdvDuration" : "00h56",
    "srvDuration" : "00h04"
  }, {
    "id" : 124,
    "category" : 1,
    "load" : 3,
    "start" : 69,
    "destination" : 16,
    "end" : 69,
    "rdvTime" : "14h06",
    "rdvDuration" : "00h28",
    "srvDuration" : "00h02"
  }, {
    "id" : 125,
    "category" : 2,
    "load" : 3,
    "start" : -1,
    "destination" : 17,
    "end" : 70,
    "rdvTime" : "12h53",
    "rdvDuration" : "01h31",
    "srvDuration" : "00h05"
  }, {
    "id" : 126,
    "category" : 1,
    "load" : 1,
    "start" : 71,
    "destination" : 18,
    "end" : 71,
    "rdvTime" : "15h29",
    "rdvDuration" : "01h28",
    "srvDuration" : "00h05"
  }, {
    "id" : 127,
    "category" : 2,
    "load" : 1,
    "start" : -1,
    "destination" : 19,
    "end" : 72,
    "rdvTime" : "15h17",
    "rdvDuration" : "02h39",
    "srvDuration" : "00h03"
  }, {
    "id" : 128,
    "category" : 0,
    "load" : 1,
    "start" : 73,
    "destination" : 20,
    "end" : 73,
    "rdvTime" : "15h54",
    "rdvDuration" : "02h18",
    "srvDuration" : "00h03"
  }, {
    "id" : 129,
    "category" : 2,
    "load" : 1,
    "start" : 74,
    "destination" : 21,
    "end" : 74,
    "rdvTime" : "14h47",
    "rdvDuration" : "01h28",
    "srvDuration" : "00h04"
  }, {
    "id" : 130,
    "category" : 0,
    "load" : 1,
    "start" : 75,
    "destination" : 22,
    "end" : 75,
    "rdvTime" : "15h07",
    "rdvDuration" : "02h40",
    "srvDuration" : "00h03"
  }, {
    "id" : 131,
    "category" : 2,
    "load" : 1,
    "start" : 76,
    "destination" : 23,
    "end" : -1,
    "rdvTime" : "08h52",
    "rdvDuration" : "01h21",
    "srvDuration" : "00h05"
  }, {
    "id" : 132,
    "category" : 1,
    "load" : 3,
    "start" : 77,
    "destination" : 24,
    "end" : 77,
    "rdvTime" : "10h02",
    "rdvDuration" : "00h43",
    "srvDuration" : "00h05"
  }, {
    "id" : 133,
    "category" : 0,
    "load" : 1,
    "start" : 78,
    "destination" : 25,
    "end" : 78,
    "rdvTime" : "14h34",
    "rdvDuration" : "01h46",
    "srvDuration" : "00h05"
  }, {
    "id" : 134,
    "category" : 1,
    "load" : 3,
    "start" : 79,
    "destination" : 26,
    "end" : 79,
    "rdvTime" : "11h00",
    "rdvDuration" : "02h39",
    "srvDuration" : "00h03"
  }, {
    "id" : 135,
    "category" : 0,
    "load" : 3,
    "start" : 80,
    "destination" : 27,
    "end" : 80,
    "rdvTime" : "09h39",
    "rdvDuration" : "00h37",
    "srvDuration" : "00h02"
  }, {
    "id" : 136,
    "category" : 1,
    "load" : 2,
    "start" : -1,
    "destination" : 28,
    "end" : 81,
    "rdvTime" : "15h23",
    "rdvDuration" : "02h29",
    "srvDuration" : "00h03"
  }, {
    "id" : 137,
    "category" : 0,
    "load" : 2,
    "start" : 82,
    "destination" : 29,
    "end" : 82,
    "rdvTime" : "08h06",
    "rdvDuration" : "00h16",
    "srvDuration" : "00h02"
  }, {
    "id" : 138,
    "category" : 1,
    "load" : 2,
    "start" : -1,
    "destination" : 30,
    "end" : 83,
    "rdvTime" : "15h01",
    "rdvDuration" : "02h38",
    "srvDuration" : "00h02"
  }, {
    "id" : 139,
    "category" : 1,
    "load" : 1,
    "start" : 84,
    "destination" : 31,
    "end" : 84,
    "rdvTime" : "14h39",
    "rdvDuration" : "00h33",
    "srvDuration" : "00h02"
  }, {
    "id" : 140,
    "category" : 0,
    "load" : 3,
    "start" : 85,
    "destination" : 32,
    "end" : 86,
    "rdvTime" : "15h13",
    "rdvDuration" : "00h30",
    "srvDuration" : "00h04"
  }, {
    "id" : 141,
    "category" : 2,
    "load" : 1,
    "start" : 87,
    "destination" : 33,
    "end" : -1,
    "rdvTime" : "08h12",
    "rdvDuration" : "01h45",
    "srvDuration" : "00h04"
  }, {
    "id" : 142,
    "category" : 1,
    "load" : 2,
    "start" : 88,
    "destination" : 34,
    "end" : 88,
    "rdvTime" : "12h42",
    "rdvDuration" : "02h21",
    "srvDuration" : "00h03"
  }, {
    "id" : 143,
    "category" : 2,
    "load" : 2,
    "start" : 89,
    "destination" : 35,
    "end" : 90,
    "rdvTime" : "11h54",
    "rdvDuration" : "00h45",
    "srvDuration" : "00h04"
  }, {
    "id" : 144,
    "category" : 2,
    "load" : 2,
    "start" : 91,
    "destination" : 36,
    "end" : -1,
    "rdvTime" : "12h20",
    "rdvDuration" : "02h07",
    "srvDuration" : "00h03"
  }, {
    "id" : 145,
    "category" : 0,
    "load" : 2,
    "start" : 92,
    "destination" : 37,
    "end" : 92,
    "rdvTime" : "11h13",
    "rdvDuration" : "02h27",
    "srvDuration" : "00h05"
  }, {
    "id" : 146,
    "category" : 1,
    "load" : 2,
    "start" : 93,
    "destination" : 38,
    "end" : 93,
    "rdvTime" : "13h56",
    "rdvDuration" : "02h56",
    "srvDuration" : "00h02"
  }, {
    "id" : 147,
    "category" : 2,
    "load" : 2,
    "start" : 94,
    "destination" : 39,
    "end" : 94,
    "rdvTime" : "09h31",
    "rdvDuration" : "00h51",
    "srvDuration" : "00h04"
  }, {
    "id" : 148,
    "category" : 2,
    "load" : 3,
    "start" : 95,
    "destination" : 40,
    "end" : 95,
    "rdvTime" : "15h22",
    "rdvDuration" : "02h47",
    "srvDuration" : "00h03"
  }, {
    "id" : 149,
    "category" : 2,
    "load" : 1,
    "start" : 96,
    "destination" : 41,
    "end" : 96,
    "rdvTime" : "12h53",
    "rdvDuration" : "02h30",
    "srvDuration" : "00h05"
  }, {
    "id" : 150,
    "category" : 2,
    "load" : 3,
    "start" : 97,
    "destination" : 42,
    "end" : 97,
    "rdvTime" : "12h55",
    "rdvDuration" : "01h02",
    "srvDuration" : "00h05"
  }, {
    "id" : 151,
    "category" : 1,
    "load" : 3,
    "start" : 98,
    "destination" : 43,
    "end" : 98,
    "rdvTime" : "15h22",
    "rdvDuration" : "00h38",
    "srvDuration" : "00h04"
  }, {
    "id" : 152,
    "category" : 0,
    "load" : 2,
    "start" : 99,
    "destination" : 44,
    "end" : 100,
    "rdvTime" : "12h00",
    "rdvDuration" : "01h11",
    "srvDuration" : "00h04"
  }, {
    "id" : 153,
    "category" : 0,
    "load" : 2,
    "start" : 101,
    "destination" : 45,
    "end" : 101,
    "rdvTime" : "12h10",
    "rdvDuration" : "01h34",
    "srvDuration" : "00h05"
  }, {
    "id" : 154,
    "category" : 1,
    "load" : 2,
    "start" : 102,
    "destination" : 46,
    "end" : 102,
    "rdvTime" : "11h46",
    "rdvDuration" : "00h25",
    "srvDuration" : "00h04"
  }, {
    "id" : 155,
    "category" : 1,
    "load" : 1,
    "start" : 103,
    "destination" : 47,
    "end" : 103,
    "rdvTime" : "11h22",
    "rdvDuration" : "01h32",
    "srvDuration" : "00h03"
  } ],
  "distMatrix" : [ [ 0, 15, 17, 14, 16, 4, 7, 12, 8, 10, 10, 11, 15, 13, 15, 4, 13, 13, 4, 16, 10, 3, 7, 15, 6, 11, 16, 10, 4, 7, 6, 8, 4, 7, 19, 8, 3, 15, 3, 17, 13, 1, 8, 3, 6, 16, 9, 8, 17, 9, 10, 6, 16, 9, 8, 3, 12, 12, 16, 16, 9, 7, 7, 6, 10, 16, 10, 8, 6, 17, 11, 8, 15, 4, 15, 17, 12, 13, 7, 13, 3, 10, 5, 6, 13, 14, 4, 4, 16, 10, 3, 12, 17, 8, 10, 6, 4, 10, 7, 15, 16, 18, 5, 14 ], [ 15, 0, 5, 9, 5, 14, 13, 3, 7, 6, 5, 10, 11, 9, 3, 13, 7, 13, 12, 5, 10, 16, 10, 1, 12, 11, 4, 7, 15, 13, 10, 9, 13, 8, 5, 12, 12, 2, 12, 2, 2, 15, 8, 13, 14, 3, 8, 12, 3, 10, 5, 13, 1, 6, 9, 15, 9, 8, 7, 9, 12, 8, 15, 15, 9, 10, 6, 8, 9, 2, 8, 10, 4, 12, 1, 4, 5, 2, 8, 9, 12, 5, 10, 14, 6, 1, 15, 13, 4, 8, 13, 14, 4, 11, 5, 12, 14, 8, 12, 9, 2, 6, 14, 9 ], [ 17, 5, 0, 15, 11, 18, 17, 6, 9, 7, 9, 15, 16, 6, 8, 14, 12, 18, 13, 1, 14, 17, 10, 6, 16, 9, 9, 7, 18, 17, 11, 9, 14, 11, 9, 11, 14, 7, 15, 6, 7, 17, 9, 16, 14, 3, 8, 11, 3, 9, 8, 17, 5, 9, 9, 16, 14, 13, 12, 14, 10, 11, 19, 14, 14, 15, 8, 11, 12, 6, 13, 10, 9, 13, 6, 1, 5, 6, 10, 6, 14, 9, 12, 14, 4, 5, 18, 16, 1, 7, 14, 18, 1, 15, 8, 12, 17, 12, 12, 5, 6, 11, 14, 15 ], [ 14, 9, 15, 0, 5, 11, 8, 9, 9, 11, 7, 3, 2, 16, 7, 14, 3, 4, 14, 14, 4, 16, 14, 9, 8, 17, 6, 12, 11, 8, 12, 13, 14, 9, 9, 16, 11, 8, 10, 10, 8, 13, 12, 11, 16, 12, 12, 16, 12, 14, 9, 8, 10, 8, 12, 16, 2, 2, 4, 3, 17, 8, 9, 17, 4, 2, 10, 7, 8, 10, 3, 14, 6, 13, 8, 14, 12, 9, 11, 16, 12, 7, 10, 16, 14, 10, 11, 10, 13, 13, 13, 5, 14, 6, 9, 14, 10, 4, 15, 17, 9, 6, 16, 1 ], [ 16, 5, 11, 5, 0, 14, 12, 6, 9, 9, 6, 7, 6, 14, 3, 15, 3, 9, 14, 11, 7, 17, 13, 4, 11, 15, 1, 11, 14, 12, 12, 12, 14, 9, 4, 15, 13, 4, 12, 5, 6, 15, 11, 13, 17, 8, 11, 15, 8, 13, 8, 12, 6, 7, 12, 17, 5, 5, 1, 3, 15, 8, 13, 17, 6, 5, 8, 8, 10, 6, 5, 13, 2, 13, 4, 10, 9, 6, 11, 14, 13, 6, 10, 17, 11, 6, 14, 12, 10, 12, 14, 10, 10, 9, 7, 14, 13, 6, 15, 14, 5, 2, 17, 5 ], [ 4, 14, 18, 11, 14, 0, 3, 12, 8, 10, 9, 8, 12, 15, 14, 7, 10, 9, 7, 17, 7, 7, 10, 14, 3, 14, 14, 11, 1, 3, 8, 10, 7, 7, 17, 11, 4, 14, 2, 16, 12, 3, 9, 2, 9, 16, 10, 11, 17, 11, 10, 3, 15, 8, 9, 7, 9, 10, 13, 13, 12, 6, 3, 10, 7, 12, 10, 7, 5, 16, 9, 10, 14, 6, 14, 18, 12, 12, 8, 15, 5, 9, 5, 9, 14, 14, 0, 1, 16, 11, 5, 8, 17, 5, 10, 9, 0, 8, 9, 16, 15, 16, 9, 11 ], [ 7, 13, 17, 8, 12, 3, 0, 11, 8, 11, 8, 5, 9, 16, 12, 9, 8, 6, 9, 17, 5, 10, 11, 13, 1, 15, 12, 12, 3, 0, 9, 11, 9, 6, 16, 13, 6, 13, 4, 15, 11, 6, 10, 4, 12, 16, 10, 12, 16, 12, 10, 1, 14, 8, 10, 10, 7, 7, 11, 11, 14, 6, 2, 12, 5, 10, 10, 6, 5, 15, 6, 11, 12, 8, 13, 17, 12, 11, 9, 16, 7, 9, 6, 12, 14, 13, 3, 2, 16, 12, 7, 5, 17, 2, 9, 10, 3, 6, 11, 17, 14, 13, 11, 9 ], [ 12, 3, 6, 9, 6, 12, 11, 0, 4, 3, 3, 9, 11, 8, 4, 10, 6, 12, 9, 6, 8, 13, 8, 3, 10, 9, 5, 5, 13, 11, 7, 6, 10, 5, 7, 9, 9, 3, 10, 5, 1, 12, 5, 10, 11, 5, 5, 10, 5, 7, 2, 11, 4, 3, 6, 12, 8, 7, 7, 9, 9, 5, 13, 12, 7, 10, 3, 5, 7, 5, 7, 7, 5, 9, 3, 6, 3, 1, 5, 8, 9, 2, 7, 11, 5, 2, 12, 10, 5, 6, 10, 12, 6, 9, 2, 9, 12, 6, 9, 8, 4, 8, 11, 9 ], [ 8, 7, 9, 9, 9, 8, 8, 4, 0, 2, 2, 8, 11, 8, 7, 6, 7, 11, 6, 8, 7, 9, 5, 7, 7, 8, 8, 4, 9, 9, 3, 4, 6, 2, 11, 7, 5, 7, 6, 9, 4, 8, 2, 7, 8, 8, 3, 7, 8, 5, 2, 8, 7, 1, 3, 8, 8, 7, 9, 10, 7, 2, 10, 9, 6, 11, 1, 3, 3, 8, 6, 5, 7, 5, 6, 9, 4, 4, 2, 7, 5, 2, 3, 8, 6, 6, 9, 7, 8, 4, 6, 11, 9, 7, 1, 6, 8, 5, 6, 9, 8, 10, 8, 10 ], [ 10, 6, 7, 11, 9, 10, 11, 3, 2, 0, 3, 10, 12, 6, 7, 7, 8, 13, 7, 6, 9, 10, 5, 6, 9, 7, 8, 2, 11, 11, 4, 3, 7, 4, 10, 6, 7, 6, 8, 8, 4, 10, 2, 9, 9, 6, 2, 7, 7, 4, 1, 10, 6, 3, 3, 9, 9, 9, 10, 11, 7, 5, 12, 9, 8, 12, 1, 5, 5, 7, 8, 4, 7, 7, 6, 7, 2, 3, 3, 6, 7, 3, 5, 8, 4, 5, 11, 9, 6, 3, 7, 13, 7, 9, 2, 6, 10, 7, 6, 7, 7, 10, 9, 11 ], [ 10, 5, 9, 7, 6, 9, 8, 3, 2, 3, 0, 7, 9, 9, 5, 8, 5, 10, 8, 9, 5, 11, 7, 5, 7, 10, 6, 5, 10, 9, 6, 6, 8, 3, 9, 9, 7, 5, 7, 7, 3, 10, 5, 8, 11, 7, 5, 9, 8, 7, 2, 8, 6, 1, 6, 11, 6, 5, 7, 8, 10, 3, 10, 11, 5, 9, 2, 3, 4, 7, 5, 7, 5, 7, 5, 9, 5, 3, 5, 9, 7, 0, 5, 10, 7, 5, 9, 8, 8, 6, 8, 10, 8, 6, 2, 8, 9, 3, 9, 10, 6, 8, 10, 7 ], [ 11, 10, 15, 3, 7, 8, 5, 9, 8, 10, 7, 0, 4, 16, 8, 12, 4, 3, 12, 15, 2, 14, 13, 10, 5, 16, 8, 12, 9, 5, 10, 12, 12, 7, 11, 15, 9, 9, 8, 11, 9, 11, 11, 8, 15, 13, 11, 14, 13, 13, 9, 6, 11, 7, 11, 14, 2, 3, 6, 5, 15, 6, 6, 15, 2, 4, 9, 6, 7, 12, 2, 13, 8, 11, 9, 15, 11, 9, 10, 16, 10, 7, 8, 15, 13, 11, 8, 7, 14, 13, 10, 3, 15, 4, 8, 13, 8, 4, 13, 17, 11, 9, 14, 4 ], [ 15, 11, 16, 2, 6, 12, 9, 11, 11, 12, 9, 4, 0, 18, 9, 15, 4, 4, 15, 16, 5, 17, 16, 10, 9, 19, 8, 14, 12, 9, 13, 15, 15, 10, 10, 18, 13, 10, 11, 11, 10, 14, 13, 12, 18, 14, 14, 18, 14, 16, 11, 9, 12, 10, 14, 17, 3, 4, 5, 3, 18, 9, 10, 19, 5, 1, 11, 9, 10, 12, 5, 16, 8, 14, 10, 15, 13, 11, 13, 18, 13, 9, 11, 18, 15, 11, 12, 11, 15, 15, 14, 5, 15, 7, 10, 16, 11, 6, 17, 19, 11, 7, 18, 2 ], [ 13, 9, 6, 16, 14, 15, 16, 8, 8, 6, 9, 16, 18, 0, 11, 9, 14, 19, 9, 5, 14, 12, 6, 10, 14, 3, 12, 4, 16, 16, 7, 5, 9, 9, 13, 5, 11, 10, 13, 10, 8, 13, 6, 13, 9, 8, 5, 6, 8, 4, 7, 15, 9, 9, 6, 11, 15, 14, 15, 17, 5, 10, 17, 9, 14, 17, 7, 10, 10, 10, 14, 5, 12, 9, 9, 7, 5, 8, 6, 0, 10, 9, 10, 8, 3, 8, 15, 14, 6, 3, 10, 18, 7, 14, 7, 7, 15, 12, 7, 2, 10, 15, 9, 16 ], [ 15, 3, 8, 7, 3, 14, 12, 4, 7, 7, 5, 8, 9, 11, 0, 13, 5, 11, 13, 8, 8, 16, 12, 2, 11, 13, 1, 8, 15, 12, 10, 10, 13, 8, 4, 13, 12, 1, 12, 3, 3, 15, 9, 13, 15, 5, 9, 13, 5, 11, 6, 12, 3, 6, 10, 16, 7, 6, 4, 6, 13, 8, 14, 16, 7, 7, 6, 7, 9, 3, 6, 11, 1, 12, 2, 7, 7, 4, 9, 11, 12, 5, 10, 15, 8, 3, 14, 12, 7, 10, 13, 12, 7, 10, 6, 13, 14, 6, 13, 12, 2, 4, 15, 7 ], [ 4, 13, 14, 14, 15, 7, 9, 10, 6, 7, 8, 12, 15, 9, 13, 0, 12, 14, 0, 13, 11, 3, 4, 13, 8, 7, 14, 7, 7, 9, 3, 5, 0, 6, 17, 5, 3, 13, 5, 15, 10, 5, 5, 5, 3, 14, 5, 4, 14, 5, 8, 8, 13, 7, 4, 2, 12, 12, 15, 16, 6, 6, 10, 3, 10, 16, 7, 7, 5, 14, 11, 4, 14, 1, 12, 14, 8, 10, 4, 9, 2, 8, 4, 3, 9, 12, 7, 7, 13, 6, 2, 13, 13, 9, 8, 2, 7, 9, 3, 11, 14, 16, 2, 14 ], [ 13, 7, 12, 3, 3, 10, 8, 6, 7, 8, 5, 4, 4, 14, 5, 12, 0, 6, 12, 12, 3, 15, 12, 6, 7, 15, 4, 10, 11, 8, 10, 11, 12, 7, 8, 14, 10, 6, 9, 8, 6, 12, 9, 10, 15, 10, 10, 14, 10, 12, 7, 8, 8, 6, 10, 14, 2, 1, 3, 3, 14, 6, 10, 15, 3, 4, 7, 5, 7, 8, 2, 12, 4, 11, 6, 11, 9, 6, 9, 14, 10, 5, 8, 15, 11, 7, 11, 9, 11, 11, 11, 7, 11, 6, 6, 12, 10, 3, 13, 15, 7, 5, 14, 3 ], [ 13, 13, 18, 4, 9, 9, 6, 12, 11, 13, 10, 3, 4, 19, 11, 14, 6, 0, 14, 18, 4, 15, 15, 13, 6, 19, 11, 15, 9, 6, 13, 15, 14, 10, 14, 17, 11, 12, 9, 14, 12, 12, 13, 10, 17, 16, 14, 17, 16, 16, 12, 6, 14, 10, 14, 15, 4, 5, 8, 7, 18, 9, 6, 17, 5, 5, 12, 8, 9, 14, 5, 15, 10, 13, 12, 18, 14, 12, 13, 19, 12, 10, 10, 17, 16, 13, 9, 8, 17, 15, 12, 1, 18, 5, 11, 15, 9, 6, 16, 20, 13, 11, 16, 5 ], [ 4, 12, 13, 14, 14, 7, 9, 9, 6, 7, 8, 12, 15, 9, 13, 0, 12, 14, 0, 12, 11, 4, 3, 13, 8, 7, 14, 6, 8, 10, 3, 4, 1, 5, 17, 4, 3, 13, 5, 14, 10, 5, 5, 5, 3, 13, 5, 3, 14, 4, 8, 9, 13, 7, 4, 3, 12, 12, 15, 16, 5, 6, 10, 3, 10, 16, 7, 7, 6, 14, 11, 4, 13, 1, 12, 14, 8, 10, 4, 9, 2, 8, 4, 3, 9, 11, 7, 7, 12, 6, 2, 13, 13, 9, 7, 2, 7, 10, 2, 10, 14, 16, 2, 14 ], [ 16, 5, 1, 14, 11, 17, 17, 6, 8, 6, 9, 15, 16, 5, 8, 13, 12, 18, 12, 0, 14, 16, 10, 6, 15, 9, 9, 6, 18, 17, 10, 8, 13, 10, 9, 10, 13, 7, 15, 6, 6, 16, 8, 15, 14, 3, 8, 11, 3, 8, 7, 16, 5, 9, 9, 15, 14, 13, 12, 14, 10, 11, 18, 14, 13, 15, 7, 11, 12, 6, 13, 9, 9, 13, 6, 2, 5, 6, 9, 6, 13, 8, 11, 13, 4, 5, 17, 16, 1, 7, 14, 18, 1, 15, 8, 11, 17, 12, 11, 5, 6, 11, 14, 14 ], [ 10, 10, 14, 4, 7, 7, 5, 8, 7, 9, 5, 2, 5, 14, 8, 11, 3, 4, 11, 14, 0, 12, 11, 9, 4, 15, 8, 10, 8, 5, 9, 11, 10, 6, 11, 13, 8, 9, 7, 11, 8, 9, 9, 7, 13, 12, 9, 13, 12, 12, 7, 5, 11, 6, 10, 12, 2, 2, 6, 6, 14, 5, 6, 14, 1, 5, 8, 4, 5, 11, 2, 11, 7, 9, 9, 14, 10, 8, 9, 14, 8, 6, 6, 13, 12, 10, 7, 6, 13, 11, 9, 4, 14, 3, 7, 11, 7, 2, 12, 16, 10, 9, 13, 4 ], [ 3, 16, 17, 16, 17, 7, 10, 13, 9, 10, 11, 14, 17, 12, 16, 3, 15, 15, 4, 16, 12, 0, 7, 16, 9, 10, 17, 10, 7, 10, 6, 8, 3, 8, 20, 7, 5, 16, 6, 18, 13, 4, 8, 5, 3, 17, 9, 6, 17, 8, 11, 9, 16, 10, 7, 1, 14, 14, 18, 18, 8, 9, 10, 4, 12, 18, 10, 9, 8, 17, 13, 7, 16, 4, 15, 17, 12, 13, 7, 12, 4, 11, 7, 4, 12, 15, 7, 7, 16, 9, 3, 14, 17, 10, 11, 5, 7, 12, 5, 14, 17, 19, 3, 17 ], [ 7, 10, 10, 14, 13, 10, 11, 8, 5, 5, 7, 13, 16, 6, 12, 4, 12, 15, 3, 10, 11, 7, 0, 11, 10, 4, 13, 4, 11, 12, 3, 1, 4, 6, 15, 2, 5, 11, 8, 12, 8, 8, 3, 8, 4, 11, 3, 2, 11, 1, 6, 11, 11, 6, 2, 6, 13, 12, 14, 15, 3, 7, 12, 4, 11, 16, 5, 7, 6, 12, 11, 1, 12, 4, 10, 11, 6, 8, 3, 5, 5, 7, 5, 4, 6, 9, 10, 9, 10, 3, 5, 15, 10, 10, 6, 2, 10, 10, 1, 7, 12, 15, 4, 15 ], [ 15, 1, 6, 9, 4, 14, 13, 3, 7, 6, 5, 10, 10, 10, 2, 13, 6, 13, 13, 6, 9, 16, 11, 0, 12, 12, 3, 8, 15, 13, 10, 10, 13, 8, 4, 12, 12, 1, 12, 2, 3, 15, 8, 13, 15, 4, 8, 13, 4, 10, 5, 13, 2, 6, 9, 15, 8, 7, 6, 8, 12, 8, 15, 15, 9, 9, 6, 8, 9, 2, 7, 10, 3, 12, 1, 5, 6, 3, 9, 10, 12, 5, 10, 14, 7, 2, 14, 13, 5, 9, 13, 13, 5, 11, 5, 12, 14, 7, 12, 10, 1, 5, 15, 8 ], [ 6, 12, 16, 8, 11, 3, 1, 10, 7, 9, 7, 5, 9, 14, 11, 8, 7, 6, 8, 15, 4, 9, 10, 12, 0, 14, 11, 10, 4, 2, 7, 10, 8, 5, 15, 11, 5, 12, 3, 14, 10, 5, 9, 3, 10, 14, 9, 11, 15, 10, 8, 1, 13, 6, 9, 9, 6, 7, 10, 10, 12, 4, 3, 11, 4, 10, 8, 4, 4, 13, 6, 10, 11, 7, 11, 16, 11, 10, 8, 14, 6, 7, 5, 11, 13, 12, 3, 2, 15, 11, 6, 6, 15, 2, 8, 9, 3, 5, 10, 16, 13, 13, 10, 8 ], [ 11, 11, 9, 17, 15, 14, 15, 9, 8, 7, 10, 16, 19, 3, 13, 7, 15, 19, 7, 9, 15, 10, 4, 12, 14, 0, 14, 5, 14, 15, 6, 4, 7, 9, 16, 3, 9, 12, 11, 13, 10, 12, 6, 12, 6, 11, 5, 3, 11, 3, 8, 14, 11, 9, 5, 9, 16, 15, 16, 18, 2, 10, 16, 6, 14, 19, 8, 10, 10, 12, 14, 4, 14, 8, 12, 10, 6, 10, 6, 3, 9, 10, 9, 6, 5, 10, 14, 13, 9, 4, 9, 18, 10, 14, 8, 5, 14, 13, 4, 5, 13, 17, 7, 17 ], [ 16, 4, 9, 6, 1, 14, 12, 5, 8, 8, 6, 8, 8, 12, 1, 14, 4, 11, 14, 9, 8, 17, 13, 3, 11, 14, 0, 10, 15, 12, 11, 11, 14, 9, 3, 14, 12, 2, 12, 4, 4, 15, 10, 13, 16, 7, 10, 15, 6, 12, 7, 12, 5, 7, 11, 16, 6, 5, 3, 5, 15, 8, 14, 17, 7, 6, 7, 8, 10, 4, 6, 12, 1, 13, 3, 8, 8, 5, 10, 13, 13, 6, 10, 16, 10, 5, 14, 13, 8, 11, 14, 11, 8, 10, 7, 14, 14, 6, 14, 13, 3, 2, 16, 6 ], [ 10, 7, 7, 12, 11, 11, 12, 5, 4, 2, 5, 12, 14, 4, 8, 7, 10, 15, 6, 6, 10, 10, 4, 8, 10, 5, 10, 0, 12, 12, 4, 2, 7, 5, 11, 5, 7, 8, 9, 9, 5, 10, 2, 9, 8, 7, 2, 5, 7, 3, 3, 11, 7, 5, 3, 9, 11, 10, 12, 13, 5, 6, 13, 8, 10, 14, 3, 6, 7, 8, 10, 3, 9, 7, 7, 7, 2, 5, 3, 4, 7, 5, 6, 7, 3, 6, 11, 10, 6, 1, 7, 14, 7, 10, 4, 5, 11, 8, 5, 5, 8, 12, 8, 13 ], [ 4, 15, 18, 11, 14, 1, 3, 13, 9, 11, 10, 9, 12, 16, 15, 7, 11, 9, 8, 18, 8, 7, 11, 15, 4, 14, 15, 12, 0, 4, 8, 11, 7, 7, 18, 12, 5, 15, 3, 17, 13, 3, 10, 3, 10, 17, 11, 11, 18, 11, 11, 3, 16, 9, 10, 7, 10, 10, 14, 14, 13, 7, 3, 10, 8, 13, 11, 7, 6, 17, 9, 11, 14, 7, 15, 18, 13, 13, 9, 16, 6, 10, 6, 10, 15, 15, 1, 2, 17, 12, 6, 8, 18, 5, 10, 9, 1, 9, 10, 17, 16, 16, 9, 12 ], [ 7, 13, 17, 8, 12, 3, 0, 11, 9, 11, 9, 5, 9, 16, 12, 9, 8, 6, 10, 17, 5, 10, 12, 13, 2, 15, 12, 12, 4, 0, 9, 11, 9, 7, 16, 13, 6, 13, 4, 15, 11, 6, 10, 5, 12, 16, 11, 13, 16, 12, 10, 1, 14, 8, 10, 10, 6, 7, 11, 10, 14, 6, 2, 12, 5, 10, 10, 6, 5, 15, 6, 12, 12, 8, 13, 17, 12, 12, 9, 16, 7, 9, 6, 12, 14, 13, 3, 3, 16, 12, 8, 5, 17, 2, 9, 11, 3, 6, 12, 17, 14, 13, 11, 9 ], [ 6, 10, 11, 12, 12, 8, 9, 7, 3, 4, 6, 10, 13, 7, 10, 3, 10, 13, 3, 10, 9, 6, 3, 10, 7, 6, 11, 4, 8, 9, 0, 3, 3, 3, 14, 4, 3, 10, 5, 12, 7, 6, 2, 6, 5, 11, 3, 4, 11, 3, 5, 8, 10, 4, 2, 5, 10, 10, 12, 13, 5, 4, 10, 5, 8, 13, 4, 5, 4, 11, 9, 3, 11, 3, 9, 11, 6, 7, 1, 7, 3, 5, 3, 5, 7, 9, 8, 7, 10, 4, 3, 12, 11, 8, 5, 3, 8, 7, 3, 9, 11, 14, 5, 12 ], [ 8, 9, 9, 13, 12, 10, 11, 6, 4, 3, 6, 12, 15, 5, 10, 5, 11, 15, 4, 8, 11, 8, 1, 10, 10, 4, 11, 2, 11, 11, 3, 0, 5, 5, 14, 3, 6, 10, 8, 11, 7, 9, 2, 8, 5, 9, 2, 3, 10, 1, 5, 11, 9, 5, 1, 7, 12, 11, 13, 14, 3, 6, 12, 6, 10, 15, 4, 7, 6, 10, 10, 1, 11, 5, 9, 10, 4, 7, 2, 5, 5, 6, 5, 5, 5, 8, 10, 9, 8, 2, 6, 14, 9, 10, 5, 3, 10, 9, 3, 6, 11, 14, 5, 14 ], [ 4, 13, 14, 14, 14, 7, 9, 10, 6, 7, 8, 12, 15, 9, 13, 0, 12, 14, 1, 13, 10, 3, 4, 13, 8, 7, 14, 7, 7, 9, 3, 5, 0, 5, 17, 5, 3, 13, 5, 15, 10, 4, 5, 5, 3, 14, 5, 4, 14, 5, 8, 8, 13, 7, 4, 2, 12, 12, 15, 16, 6, 6, 9, 3, 10, 16, 7, 7, 5, 14, 11, 4, 14, 1, 12, 14, 9, 10, 4, 9, 2, 8, 4, 3, 9, 12, 7, 6, 13, 6, 2, 13, 14, 9, 8, 2, 7, 9, 3, 11, 14, 16, 2, 14 ], [ 7, 8, 11, 9, 9, 7, 6, 5, 2, 4, 3, 7, 10, 9, 8, 6, 7, 10, 5, 10, 6, 8, 6, 8, 5, 9, 9, 5, 7, 7, 3, 5, 5, 0, 12, 7, 4, 8, 4, 10, 6, 7, 4, 5, 8, 10, 4, 7, 10, 6, 4, 6, 9, 2, 4, 8, 7, 7, 9, 10, 8, 1, 8, 8, 5, 10, 3, 2, 1, 10, 6, 6, 8, 4, 8, 11, 6, 6, 3, 9, 4, 3, 2, 8, 8, 8, 7, 5, 10, 6, 5, 9, 11, 5, 3, 6, 6, 4, 6, 11, 9, 11, 8, 9 ], [ 19, 5, 9, 9, 4, 17, 16, 7, 11, 10, 9, 11, 10, 13, 4, 17, 8, 14, 17, 9, 11, 20, 15, 4, 15, 16, 3, 11, 18, 16, 14, 14, 17, 12, 0, 16, 15, 4, 16, 3, 7, 18, 12, 16, 19, 6, 12, 17, 6, 14, 9, 16, 5, 10, 13, 19, 10, 9, 5, 7, 16, 11, 17, 19, 11, 9, 10, 11, 13, 4, 9, 14, 4, 16, 4, 7, 10, 7, 13, 14, 16, 9, 13, 18, 11, 6, 17, 16, 8, 12, 16, 14, 8, 13, 9, 16, 17, 10, 16, 13, 3, 3, 19, 9 ], [ 8, 12, 11, 16, 15, 11, 13, 9, 7, 6, 9, 15, 18, 5, 13, 5, 14, 17, 4, 10, 13, 7, 2, 12, 11, 3, 14, 5, 12, 13, 4, 3, 5, 7, 16, 0, 7, 13, 9, 13, 10, 9, 4, 9, 4, 12, 4, 1, 12, 2, 8, 12, 12, 8, 4, 6, 15, 14, 16, 17, 1, 8, 14, 4, 13, 17, 7, 9, 8, 13, 13, 2, 14, 5, 12, 12, 7, 10, 5, 5, 6, 9, 7, 3, 7, 11, 11, 11, 10, 4, 6, 17, 11, 12, 8, 3, 11, 11, 2, 7, 13, 17, 4, 16 ], [ 3, 12, 14, 11, 13, 4, 6, 9, 5, 7, 7, 9, 13, 11, 12, 3, 10, 11, 3, 13, 8, 5, 5, 12, 5, 9, 12, 7, 5, 6, 3, 6, 3, 4, 15, 7, 0, 12, 2, 14, 9, 3, 5, 2, 6, 13, 6, 6, 14, 6, 7, 5, 13, 6, 5, 4, 10, 9, 13, 13, 8, 4, 7, 6, 8, 13, 6, 5, 3, 13, 8, 6, 12, 2, 11, 14, 9, 9, 4, 11, 1, 7, 2, 6, 10, 11, 4, 4, 13, 7, 1, 10, 14, 6, 7, 4, 4, 7, 5, 12, 13, 14, 5, 12 ], [ 15, 2, 7, 8, 4, 14, 13, 3, 7, 6, 5, 9, 10, 10, 1, 13, 6, 12, 13, 7, 9, 16, 11, 1, 12, 12, 2, 8, 15, 13, 10, 10, 13, 8, 4, 13, 12, 0, 12, 2, 3, 15, 8, 13, 15, 4, 8, 13, 4, 11, 5, 13, 2, 6, 9, 15, 8, 7, 5, 7, 13, 8, 14, 15, 8, 9, 6, 8, 9, 2, 7, 11, 2, 12, 1, 6, 6, 3, 9, 10, 12, 5, 10, 15, 7, 2, 14, 13, 6, 9, 13, 12, 6, 11, 6, 12, 14, 7, 13, 11, 1, 4, 15, 8 ], [ 3, 12, 15, 10, 12, 2, 4, 10, 6, 8, 7, 8, 11, 13, 12, 5, 9, 9, 5, 15, 7, 6, 8, 12, 3, 11, 12, 9, 3, 4, 5, 8, 5, 4, 16, 9, 2, 12, 0, 14, 10, 3, 7, 1, 8, 14, 7, 9, 15, 8, 8, 3, 13, 6, 7, 6, 9, 9, 12, 12, 10, 4, 5, 8, 7, 12, 8, 5, 3, 14, 8, 8, 12, 4, 12, 15, 10, 10, 6, 12, 3, 7, 3, 8, 12, 12, 2, 2, 14, 9, 3, 8, 15, 4, 7, 7, 2, 6, 7, 14, 13, 14, 7, 11 ], [ 17, 2, 6, 10, 5, 16, 15, 5, 9, 8, 7, 11, 11, 10, 3, 15, 8, 14, 14, 6, 11, 18, 12, 2, 14, 13, 4, 9, 17, 15, 12, 11, 15, 10, 3, 13, 14, 2, 14, 0, 4, 17, 10, 15, 16, 3, 9, 14, 3, 11, 7, 15, 2, 8, 11, 17, 10, 9, 7, 9, 14, 10, 16, 16, 10, 10, 7, 10, 11, 1, 9, 12, 4, 14, 2, 5, 7, 4, 10, 11, 14, 7, 11, 16, 8, 3, 16, 15, 5, 10, 14, 14, 5, 13, 7, 14, 16, 9, 14, 10, 1, 5, 16, 10 ], [ 13, 2, 7, 8, 6, 12, 11, 1, 4, 4, 3, 9, 10, 8, 3, 10, 6, 12, 10, 6, 8, 13, 8, 3, 10, 10, 4, 5, 13, 11, 7, 7, 10, 6, 7, 10, 9, 3, 10, 4, 0, 12, 6, 11, 12, 5, 6, 10, 5, 8, 3, 11, 3, 4, 7, 13, 8, 7, 7, 8, 10, 6, 13, 12, 7, 9, 3, 5, 7, 4, 6, 8, 4, 10, 2, 6, 4, 0, 6, 8, 9, 3, 7, 12, 5, 2, 12, 11, 5, 6, 10, 12, 6, 9, 3, 10, 12, 6, 10, 9, 4, 7, 12, 8 ], [ 1, 15, 17, 13, 15, 3, 6, 12, 8, 10, 10, 11, 14, 13, 15, 5, 12, 12, 5, 16, 9, 4, 8, 15, 5, 12, 15, 10, 3, 6, 6, 9, 4, 7, 18, 9, 3, 15, 3, 17, 12, 0, 9, 2, 7, 16, 9, 8, 17, 9, 10, 5, 16, 9, 8, 4, 11, 12, 15, 15, 10, 7, 6, 7, 9, 15, 10, 7, 6, 16, 11, 9, 15, 4, 14, 17, 12, 13, 8, 13, 3, 10, 5, 7, 13, 14, 3, 4, 16, 10, 3, 11, 17, 7, 10, 6, 3, 9, 7, 15, 16, 17, 6, 14 ], [ 8, 8, 9, 12, 11, 9, 10, 5, 2, 2, 5, 11, 13, 6, 9, 5, 9, 13, 5, 8, 9, 8, 3, 8, 9, 6, 10, 2, 10, 10, 2, 2, 5, 4, 12, 4, 5, 8, 7, 10, 6, 9, 0, 8, 7, 8, 0, 5, 9, 3, 3, 10, 8, 4, 1, 7, 10, 10, 11, 13, 5, 5, 11, 7, 9, 13, 2, 5, 5, 9, 9, 2, 9, 5, 8, 9, 3, 5, 1, 5, 5, 4, 4, 6, 5, 7, 9, 8, 8, 2, 6, 13, 8, 9, 3, 4, 9, 7, 4, 7, 9, 12, 7, 12 ], [ 3, 13, 16, 11, 13, 2, 4, 10, 7, 9, 8, 8, 12, 13, 13, 5, 10, 10, 5, 15, 7, 5, 8, 13, 3, 12, 13, 9, 3, 5, 6, 8, 5, 5, 16, 9, 2, 13, 1, 15, 11, 2, 8, 0, 7, 15, 8, 9, 15, 9, 8, 4, 14, 7, 7, 6, 9, 9, 13, 13, 10, 5, 5, 8, 7, 13, 8, 5, 4, 15, 8, 8, 13, 4, 12, 16, 10, 11, 6, 13, 3, 8, 4, 8, 12, 12, 2, 2, 15, 9, 3, 9, 15, 5, 8, 7, 2, 7, 7, 14, 14, 15, 7, 11 ], [ 6, 14, 14, 16, 17, 9, 12, 11, 8, 9, 11, 15, 18, 9, 15, 3, 15, 17, 3, 14, 13, 3, 4, 15, 10, 6, 16, 8, 10, 12, 5, 5, 3, 8, 19, 4, 6, 15, 8, 16, 12, 7, 7, 7, 0, 15, 7, 3, 15, 5, 10, 11, 15, 9, 6, 3, 15, 15, 17, 18, 5, 9, 12, 1, 13, 18, 9, 9, 8, 16, 14, 5, 16, 4, 14, 15, 10, 12, 6, 9, 5, 10, 7, 1, 10, 13, 9, 9, 14, 7, 4, 16, 14, 12, 10, 2, 9, 12, 3, 11, 16, 18, 1, 17 ], [ 16, 3, 3, 12, 8, 16, 16, 5, 8, 6, 7, 13, 14, 8, 5, 14, 10, 16, 13, 3, 12, 17, 11, 4, 14, 11, 7, 7, 17, 16, 11, 9, 14, 10, 6, 12, 13, 4, 14, 3, 5, 16, 8, 15, 15, 0, 8, 12, 1, 10, 6, 15, 2, 8, 9, 16, 12, 11, 9, 11, 11, 10, 17, 15, 12, 13, 7, 10, 11, 3, 11, 10, 6, 13, 4, 2, 5, 4, 9, 8, 13, 7, 11, 14, 5, 3, 16, 15, 2, 8, 14, 16, 2, 14, 7, 12, 16, 10, 12, 7, 4, 8, 15, 12 ], [ 9, 8, 8, 12, 11, 10, 10, 5, 3, 2, 5, 11, 14, 5, 9, 5, 10, 14, 5, 8, 9, 9, 3, 8, 9, 5, 10, 2, 11, 11, 3, 2, 5, 4, 12, 4, 6, 8, 7, 9, 6, 9, 0, 8, 7, 8, 0, 5, 9, 2, 3, 10, 8, 4, 1, 8, 11, 10, 12, 13, 5, 5, 12, 7, 9, 13, 2, 5, 5, 9, 9, 2, 9, 5, 8, 9, 3, 5, 1, 5, 5, 5, 4, 6, 4, 7, 10, 9, 7, 2, 6, 13, 8, 9, 3, 4, 10, 8, 4, 7, 9, 12, 7, 12 ], [ 8, 12, 11, 16, 15, 11, 12, 10, 7, 7, 9, 14, 18, 6, 13, 4, 14, 17, 3, 11, 13, 6, 2, 13, 11, 3, 15, 5, 11, 13, 4, 3, 4, 7, 17, 1, 6, 13, 9, 14, 10, 8, 5, 9, 3, 12, 5, 0, 13, 3, 8, 12, 13, 8, 4, 5, 14, 14, 16, 17, 2, 8, 13, 3, 13, 18, 7, 9, 8, 14, 13, 2, 14, 5, 12, 12, 7, 10, 5, 6, 6, 9, 7, 2, 7, 11, 11, 10, 11, 4, 6, 16, 12, 12, 8, 2, 11, 11, 1, 8, 14, 17, 3, 16 ], [ 17, 3, 3, 12, 8, 17, 16, 5, 8, 7, 8, 13, 14, 8, 5, 14, 10, 16, 14, 3, 12, 17, 11, 4, 15, 11, 6, 7, 18, 16, 11, 10, 14, 10, 6, 12, 14, 4, 15, 3, 5, 17, 9, 15, 15, 1, 9, 13, 0, 10, 7, 16, 2, 8, 10, 16, 12, 11, 9, 11, 12, 10, 17, 15, 12, 13, 7, 10, 11, 2, 11, 10, 6, 13, 4, 2, 6, 4, 10, 8, 13, 7, 12, 15, 6, 3, 17, 15, 2, 8, 14, 16, 2, 14, 7, 13, 17, 10, 13, 8, 3, 8, 15, 12 ], [ 9, 10, 9, 14, 13, 11, 12, 7, 5, 4, 7, 13, 16, 4, 11, 5, 12, 16, 4, 8, 12, 8, 1, 10, 10, 3, 12, 3, 11, 12, 3, 1, 5, 6, 14, 2, 6, 11, 8, 11, 8, 9, 3, 9, 5, 10, 2, 3, 10, 0, 6, 11, 10, 6, 2, 7, 13, 12, 14, 15, 2, 7, 13, 5, 11, 16, 5, 7, 7, 11, 11, 1, 12, 5, 10, 10, 5, 8, 3, 4, 6, 7, 6, 5, 5, 9, 11, 10, 9, 2, 6, 15, 9, 11, 6, 3, 11, 10, 3, 6, 11, 15, 5, 15 ], [ 10, 5, 8, 9, 8, 10, 10, 2, 2, 1, 2, 9, 11, 7, 6, 8, 7, 12, 8, 7, 7, 11, 6, 5, 8, 8, 7, 3, 11, 10, 5, 5, 8, 4, 9, 8, 7, 5, 8, 7, 3, 10, 3, 8, 10, 6, 3, 8, 7, 6, 0, 9, 6, 2, 4, 10, 8, 7, 8, 10, 8, 4, 11, 10, 7, 10, 1, 4, 5, 6, 7, 6, 6, 7, 5, 7, 3, 3, 4, 7, 7, 2, 5, 9, 5, 4, 10, 9, 6, 4, 8, 11, 7, 8, 1, 7, 10, 5, 7, 8, 6, 9, 9, 9 ], [ 6, 13, 17, 8, 12, 3, 1, 11, 8, 10, 8, 6, 9, 15, 12, 8, 8, 6, 9, 16, 5, 9, 11, 13, 1, 14, 12, 11, 3, 1, 8, 11, 8, 6, 16, 12, 5, 13, 3, 15, 11, 5, 10, 4, 11, 15, 10, 12, 16, 11, 9, 0, 14, 8, 9, 9, 7, 7, 11, 11, 13, 6, 2, 11, 5, 10, 9, 5, 5, 15, 6, 11, 12, 7, 12, 17, 12, 11, 9, 15, 6, 8, 6, 11, 14, 13, 3, 2, 16, 12, 6, 5, 16, 2, 9, 10, 2, 6, 11, 17, 14, 14, 10, 9 ], [ 16, 1, 5, 10, 6, 15, 14, 4, 7, 6, 6, 11, 12, 9, 3, 13, 8, 14, 13, 5, 11, 16, 11, 2, 13, 11, 5, 7, 16, 14, 10, 9, 13, 9, 5, 12, 13, 2, 13, 2, 3, 16, 8, 14, 15, 2, 8, 13, 2, 10, 6, 14, 0, 7, 9, 16, 10, 9, 7, 10, 12, 9, 16, 15, 10, 11, 6, 9, 10, 1, 9, 10, 4, 13, 2, 4, 5, 3, 9, 9, 13, 6, 10, 14, 6, 2, 15, 14, 4, 8, 13, 15, 4, 12, 6, 12, 15, 9, 12, 9, 2, 6, 15, 10 ], [ 9, 6, 9, 8, 7, 8, 8, 3, 1, 3, 1, 7, 10, 9, 6, 7, 6, 10, 7, 9, 6, 10, 6, 6, 6, 9, 7, 5, 9, 8, 4, 5, 7, 2, 10, 8, 6, 6, 6, 8, 4, 9, 4, 7, 9, 8, 4, 8, 8, 6, 2, 8, 7, 0, 4, 9, 7, 6, 8, 9, 9, 2, 9, 10, 5, 9, 2, 2, 3, 8, 5, 6, 6, 6, 6, 9, 5, 4, 4, 9, 6, 1, 4, 9, 6, 6, 8, 7, 8, 5, 7, 10, 9, 6, 1, 7, 8, 4, 7, 10, 7, 9, 9, 8 ], [ 8, 9, 9, 12, 12, 9, 10, 6, 3, 3, 6, 11, 14, 6, 10, 4, 10, 14, 4, 9, 10, 7, 2, 9, 9, 5, 11, 3, 10, 10, 2, 1, 4, 4, 13, 4, 5, 9, 7, 11, 7, 8, 1, 7, 6, 9, 1, 4, 10, 2, 4, 9, 9, 4, 0, 6, 11, 10, 12, 14, 4, 5, 11, 6, 9, 14, 3, 5, 5, 10, 9, 2, 10, 4, 9, 10, 4, 6, 1, 6, 4, 5, 4, 5, 5, 8, 9, 8, 9, 2, 5, 13, 9, 9, 4, 3, 9, 8, 3, 7, 10, 13, 5, 13 ], [ 3, 15, 16, 16, 17, 7, 10, 12, 8, 9, 11, 14, 17, 11, 16, 2, 14, 15, 3, 15, 12, 1, 6, 15, 9, 9, 16, 9, 7, 10, 5, 7, 2, 8, 19, 6, 4, 15, 6, 17, 13, 4, 7, 6, 3, 16, 8, 5, 16, 7, 10, 9, 16, 9, 6, 0, 14, 14, 17, 18, 7, 8, 10, 3, 12, 17, 9, 9, 7, 17, 13, 6, 16, 3, 15, 16, 11, 13, 7, 11, 4, 11, 6, 3, 11, 14, 7, 7, 15, 8, 3, 14, 16, 10, 10, 4, 7, 11, 4, 13, 16, 19, 2, 16 ], [ 12, 9, 14, 2, 5, 9, 7, 8, 8, 9, 6, 2, 3, 15, 7, 12, 2, 4, 12, 14, 2, 14, 13, 8, 6, 16, 6, 11, 10, 6, 10, 12, 12, 7, 10, 15, 10, 8, 9, 10, 8, 11, 10, 9, 15, 12, 11, 14, 12, 13, 8, 7, 10, 7, 11, 14, 0, 1, 5, 4, 15, 6, 8, 15, 2, 3, 9, 6, 7, 10, 2, 13, 6, 11, 8, 14, 11, 8, 10, 15, 10, 6, 8, 15, 13, 9, 9, 8, 13, 12, 11, 5, 13, 5, 8, 13, 9, 3, 13, 16, 9, 7, 15, 2 ], [ 12, 8, 13, 2, 5, 10, 7, 7, 7, 9, 5, 3, 4, 14, 6, 12, 1, 5, 12, 13, 2, 14, 12, 7, 7, 15, 5, 10, 10, 7, 10, 11, 12, 7, 9, 14, 9, 7, 9, 9, 7, 12, 10, 9, 15, 11, 10, 14, 11, 12, 7, 7, 9, 6, 10, 14, 1, 0, 4, 4, 15, 6, 9, 15, 2, 4, 8, 5, 7, 9, 1, 12, 5, 11, 7, 12, 10, 7, 9, 14, 10, 6, 8, 14, 12, 8, 10, 8, 12, 11, 11, 6, 12, 5, 7, 12, 9, 3, 13, 15, 8, 6, 14, 2 ], [ 16, 7, 12, 4, 1, 13, 11, 7, 9, 10, 7, 6, 5, 15, 4, 15, 3, 8, 15, 12, 6, 18, 14, 6, 10, 16, 3, 12, 14, 11, 12, 13, 15, 9, 5, 16, 13, 5, 12, 7, 7, 15, 11, 13, 17, 9, 12, 16, 9, 14, 8, 11, 7, 8, 12, 17, 5, 4, 0, 2, 16, 9, 13, 18, 6, 4, 9, 8, 10, 7, 5, 14, 3, 14, 6, 11, 10, 7, 12, 15, 13, 7, 11, 17, 12, 7, 14, 12, 11, 13, 14, 9, 11, 9, 8, 15, 13, 6, 15, 15, 6, 3, 17, 3 ], [ 16, 9, 14, 3, 3, 13, 11, 9, 10, 11, 8, 5, 3, 17, 6, 16, 3, 7, 16, 14, 6, 18, 15, 8, 10, 18, 5, 13, 14, 10, 13, 14, 16, 10, 7, 17, 13, 7, 12, 9, 8, 15, 13, 13, 18, 11, 13, 17, 11, 15, 10, 11, 10, 9, 14, 18, 4, 4, 2, 0, 18, 9, 12, 19, 6, 2, 10, 9, 10, 9, 5, 15, 5, 15, 8, 13, 12, 9, 13, 17, 14, 8, 11, 18, 14, 9, 13, 12, 13, 14, 15, 8, 13, 9, 10, 16, 13, 6, 16, 17, 8, 4, 18, 2 ], [ 9, 12, 10, 17, 15, 12, 14, 9, 7, 7, 10, 15, 18, 5, 13, 6, 14, 18, 5, 10, 14, 8, 3, 12, 12, 2, 15, 5, 13, 14, 5, 3, 6, 8, 16, 1, 8, 13, 10, 14, 10, 10, 5, 10, 5, 11, 5, 2, 12, 2, 8, 13, 12, 9, 4, 7, 15, 15, 16, 18, 0, 9, 15, 5, 13, 18, 7, 10, 9, 13, 14, 3, 14, 6, 12, 11, 7, 10, 5, 4, 7, 9, 8, 4, 6, 11, 12, 12, 10, 4, 7, 17, 11, 13, 8, 4, 12, 12, 3, 6, 13, 17, 5, 17 ], [ 7, 8, 11, 8, 8, 6, 6, 5, 2, 5, 3, 6, 9, 10, 8, 6, 6, 9, 6, 11, 5, 9, 7, 8, 4, 10, 8, 6, 7, 6, 4, 6, 6, 1, 11, 8, 4, 8, 4, 10, 6, 7, 5, 5, 9, 10, 5, 8, 10, 7, 4, 6, 9, 2, 5, 8, 6, 6, 9, 9, 9, 0, 7, 9, 4, 9, 4, 1, 1, 10, 5, 7, 8, 5, 7, 11, 6, 6, 4, 10, 5, 3, 2, 9, 8, 8, 6, 5, 10, 7, 5, 8, 11, 4, 3, 7, 6, 3, 7, 11, 9, 10, 9, 8 ], [ 7, 15, 19, 9, 13, 3, 2, 13, 10, 12, 10, 6, 10, 17, 14, 10, 10, 6, 10, 18, 6, 10, 12, 15, 3, 16, 14, 13, 3, 2, 10, 12, 9, 8, 17, 14, 7, 14, 5, 16, 13, 6, 11, 5, 12, 17, 12, 13, 17, 13, 11, 2, 16, 9, 11, 10, 8, 9, 13, 12, 15, 7, 0, 13, 7, 11, 11, 7, 7, 16, 8, 12, 13, 9, 14, 19, 14, 13, 10, 17, 8, 10, 7, 12, 15, 15, 3, 3, 17, 13, 8, 5, 18, 4, 11, 11, 3, 8, 12, 18, 15, 15, 12, 10 ], [ 6, 15, 14, 17, 17, 10, 12, 12, 9, 9, 11, 15, 19, 9, 16, 3, 15, 17, 3, 14, 14, 4, 4, 15, 11, 6, 17, 8, 10, 12, 5, 6, 3, 8, 19, 4, 6, 15, 8, 16, 12, 7, 7, 8, 1, 15, 7, 3, 15, 5, 10, 11, 15, 10, 6, 3, 15, 15, 18, 19, 5, 9, 13, 0, 13, 19, 9, 10, 9, 16, 14, 5, 16, 4, 15, 15, 10, 12, 6, 9, 5, 11, 7, 1, 10, 14, 10, 10, 14, 7, 5, 16, 15, 12, 10, 3, 10, 13, 3, 11, 16, 19, 1, 18 ], [ 10, 9, 14, 4, 6, 7, 5, 7, 6, 8, 5, 2, 5, 14, 7, 10, 3, 5, 10, 13, 1, 12, 11, 9, 4, 14, 7, 10, 8, 5, 8, 10, 10, 5, 11, 13, 8, 8, 7, 10, 7, 9, 9, 7, 13, 12, 9, 13, 12, 11, 7, 5, 10, 5, 9, 12, 2, 2, 6, 6, 13, 4, 7, 13, 0, 5, 7, 4, 5, 10, 1, 11, 7, 9, 8, 13, 10, 8, 8, 14, 8, 5, 6, 13, 12, 9, 8, 6, 12, 11, 9, 5, 13, 3, 6, 11, 7, 2, 12, 15, 9, 8, 13, 4 ], [ 16, 10, 15, 2, 5, 12, 10, 10, 11, 12, 9, 4, 1, 17, 7, 16, 4, 5, 16, 15, 5, 18, 16, 9, 10, 19, 6, 14, 13, 10, 13, 15, 16, 10, 9, 17, 13, 9, 12, 10, 9, 15, 13, 13, 18, 13, 13, 18, 13, 16, 10, 10, 11, 9, 14, 17, 3, 4, 4, 2, 18, 9, 11, 19, 5, 0, 11, 9, 10, 10, 5, 15, 7, 14, 9, 14, 13, 10, 13, 17, 14, 9, 11, 18, 15, 11, 13, 11, 14, 15, 14, 6, 14, 8, 10, 16, 12, 6, 17, 18, 9, 6, 18, 1 ], [ 10, 6, 8, 10, 8, 10, 10, 3, 1, 1, 2, 9, 11, 7, 6, 7, 7, 12, 7, 7, 8, 10, 5, 6, 8, 8, 7, 3, 11, 10, 4, 4, 7, 3, 10, 7, 6, 6, 8, 7, 3, 10, 2, 8, 9, 7, 2, 7, 7, 5, 1, 9, 6, 2, 3, 9, 9, 8, 9, 10, 7, 4, 11, 9, 7, 11, 0, 4, 5, 7, 7, 5, 7, 6, 5, 8, 3, 3, 3, 7, 6, 2, 4, 9, 5, 5, 10, 9, 7, 4, 7, 12, 7, 8, 1, 6, 10, 6, 7, 8, 7, 10, 9, 10 ], [ 8, 8, 11, 7, 8, 7, 6, 5, 3, 5, 3, 6, 9, 10, 7, 7, 5, 8, 7, 11, 4, 9, 7, 8, 4, 10, 8, 6, 7, 6, 5, 7, 7, 2, 11, 9, 5, 8, 5, 10, 5, 7, 5, 5, 9, 10, 5, 9, 10, 7, 4, 5, 9, 2, 5, 9, 6, 5, 8, 9, 10, 1, 7, 10, 4, 9, 4, 0, 2, 9, 4, 7, 7, 6, 7, 11, 6, 6, 4, 10, 5, 3, 3, 9, 8, 7, 7, 5, 10, 7, 6, 8, 11, 4, 3, 7, 6, 3, 8, 12, 9, 10, 9, 8 ], [ 6, 9, 12, 8, 10, 5, 5, 7, 3, 5, 4, 7, 10, 10, 9, 5, 7, 9, 6, 12, 5, 8, 6, 9, 4, 10, 10, 7, 6, 5, 4, 6, 5, 1, 13, 8, 3, 9, 3, 11, 7, 6, 5, 4, 8, 11, 5, 8, 11, 7, 5, 5, 10, 3, 5, 7, 7, 7, 10, 10, 9, 1, 7, 9, 5, 10, 5, 2, 0, 11, 6, 6, 9, 4, 9, 12, 7, 7, 4, 10, 3, 4, 1, 8, 9, 9, 5, 4, 11, 7, 4, 8, 12, 4, 4, 6, 5, 4, 7, 12, 10, 12, 8, 9 ], [ 17, 2, 6, 10, 6, 16, 15, 5, 8, 7, 7, 12, 12, 10, 3, 14, 8, 14, 14, 6, 11, 17, 12, 2, 13, 12, 4, 8, 17, 15, 11, 10, 14, 10, 4, 13, 13, 2, 14, 1, 4, 16, 9, 15, 16, 3, 9, 14, 2, 11, 6, 15, 1, 8, 10, 17, 10, 9, 7, 9, 13, 10, 16, 16, 10, 10, 7, 9, 11, 0, 9, 11, 4, 14, 2, 4, 6, 4, 10, 10, 13, 7, 11, 15, 7, 2, 16, 15, 4, 9, 14, 15, 4, 13, 7, 13, 16, 9, 13, 10, 1, 6, 16, 10 ], [ 11, 8, 13, 3, 5, 9, 6, 7, 6, 8, 5, 2, 5, 14, 6, 11, 2, 5, 11, 13, 2, 13, 11, 7, 6, 14, 6, 10, 9, 6, 9, 10, 11, 6, 9, 13, 8, 7, 8, 9, 6, 11, 9, 8, 14, 11, 9, 13, 11, 11, 7, 6, 9, 5, 9, 13, 2, 1, 5, 5, 14, 5, 8, 14, 1, 5, 7, 4, 6, 9, 0, 11, 6, 10, 7, 12, 9, 7, 8, 14, 9, 5, 7, 13, 11, 8, 9, 7, 12, 11, 10, 5, 12, 4, 6, 11, 8, 2, 12, 15, 8, 7, 13, 3 ], [ 8, 10, 10, 14, 13, 10, 11, 7, 5, 4, 7, 13, 16, 5, 11, 4, 12, 15, 4, 9, 11, 7, 1, 10, 10, 4, 12, 3, 11, 12, 3, 1, 4, 6, 14, 2, 6, 11, 8, 12, 8, 9, 2, 8, 5, 10, 2, 2, 10, 1, 6, 11, 10, 6, 2, 6, 13, 12, 14, 15, 3, 7, 12, 5, 11, 15, 5, 7, 6, 11, 11, 0, 12, 5, 10, 10, 5, 8, 3, 5, 5, 7, 5, 4, 5, 9, 10, 9, 9, 2, 5, 15, 10, 10, 6, 2, 10, 9, 2, 7, 11, 15, 5, 14 ], [ 15, 4, 9, 6, 2, 14, 12, 5, 7, 7, 5, 8, 8, 12, 1, 14, 4, 10, 13, 9, 7, 16, 12, 3, 11, 14, 1, 9, 14, 12, 11, 11, 14, 8, 4, 14, 12, 2, 12, 4, 4, 15, 9, 13, 16, 6, 9, 14, 6, 12, 6, 12, 4, 6, 10, 16, 6, 5, 3, 5, 14, 8, 13, 16, 7, 7, 7, 7, 9, 4, 6, 12, 0, 13, 3, 8, 8, 4, 10, 12, 12, 5, 10, 15, 9, 4, 14, 12, 8, 10, 13, 11, 8, 10, 6, 13, 13, 6, 13, 12, 3, 3, 16, 6 ], [ 4, 12, 13, 13, 13, 6, 8, 9, 5, 7, 7, 11, 14, 9, 12, 1, 11, 13, 1, 13, 9, 4, 4, 12, 7, 8, 13, 7, 7, 8, 3, 5, 1, 4, 16, 5, 2, 12, 4, 14, 10, 4, 5, 4, 4, 13, 5, 5, 13, 5, 7, 7, 13, 6, 4, 3, 11, 11, 14, 15, 6, 5, 9, 4, 9, 14, 6, 6, 4, 14, 10, 5, 13, 0, 12, 14, 8, 10, 4, 9, 1, 7, 3, 4, 9, 11, 6, 5, 12, 6, 1, 12, 13, 8, 7, 3, 6, 8, 4, 11, 13, 15, 4, 13 ], [ 15, 1, 6, 8, 4, 14, 13, 3, 6, 6, 5, 9, 10, 9, 2, 12, 6, 12, 12, 6, 9, 15, 10, 1, 11, 12, 3, 7, 15, 13, 9, 9, 12, 8, 4, 12, 11, 1, 12, 2, 2, 14, 8, 12, 14, 4, 8, 12, 4, 10, 5, 12, 2, 6, 9, 15, 8, 7, 6, 8, 12, 7, 14, 15, 8, 9, 5, 7, 9, 2, 7, 10, 3, 12, 0, 5, 5, 2, 8, 10, 11, 4, 9, 14, 7, 2, 14, 12, 5, 8, 12, 13, 5, 10, 5, 12, 14, 7, 12, 10, 2, 5, 14, 8 ], [ 17, 4, 1, 14, 10, 18, 17, 6, 9, 7, 9, 15, 15, 7, 7, 14, 11, 18, 14, 2, 14, 17, 11, 5, 16, 10, 8, 7, 18, 17, 11, 10, 14, 11, 7, 12, 14, 6, 15, 5, 6, 17, 9, 16, 15, 2, 9, 12, 2, 10, 7, 17, 4, 9, 10, 16, 14, 12, 11, 13, 11, 11, 19, 15, 13, 14, 8, 11, 12, 4, 12, 10, 8, 14, 5, 0, 6, 6, 10, 7, 14, 8, 12, 15, 5, 4, 18, 16, 1, 8, 15, 18, 1, 15, 8, 13, 17, 12, 12, 7, 5, 10, 15, 14 ], [ 12, 5, 5, 12, 9, 12, 12, 3, 4, 2, 5, 11, 13, 5, 7, 8, 9, 14, 8, 5, 10, 12, 6, 6, 11, 6, 8, 2, 13, 12, 6, 4, 9, 6, 10, 7, 9, 6, 10, 7, 4, 12, 3, 10, 10, 5, 3, 7, 6, 5, 3, 12, 5, 5, 4, 11, 11, 10, 10, 12, 7, 6, 14, 10, 10, 13, 3, 6, 7, 6, 9, 5, 8, 8, 5, 6, 0, 3, 4, 5, 8, 4, 7, 9, 2, 4, 12, 11, 4, 3, 9, 14, 5, 11, 3, 7, 12, 8, 7, 6, 6, 10, 10, 12 ], [ 13, 2, 6, 9, 6, 12, 11, 1, 4, 3, 3, 9, 11, 8, 4, 10, 6, 12, 10, 6, 8, 13, 8, 3, 10, 10, 5, 5, 13, 12, 7, 7, 10, 6, 7, 10, 9, 3, 10, 4, 0, 13, 5, 11, 12, 4, 5, 10, 4, 8, 3, 11, 3, 4, 6, 13, 8, 7, 7, 9, 10, 6, 13, 12, 8, 10, 3, 6, 7, 4, 7, 8, 4, 10, 2, 6, 3, 0, 6, 8, 9, 3, 7, 12, 5, 2, 12, 11, 5, 6, 10, 12, 5, 9, 3, 9, 12, 6, 10, 8, 4, 7, 12, 9 ], [ 7, 8, 10, 11, 11, 8, 9, 5, 2, 3, 5, 10, 13, 6, 9, 4, 9, 13, 4, 9, 9, 7, 3, 9, 8, 6, 10, 3, 9, 9, 1, 2, 4, 3, 13, 5, 4, 9, 6, 10, 6, 8, 1, 6, 6, 9, 1, 5, 10, 3, 4, 9, 9, 4, 1, 7, 10, 9, 12, 13, 5, 4, 10, 6, 8, 13, 3, 4, 4, 10, 8, 3, 10, 4, 8, 10, 4, 6, 0, 6, 4, 5, 3, 6, 6, 7, 8, 7, 9, 3, 5, 12, 9, 8, 3, 4, 8, 7, 4, 8, 10, 12, 6, 12 ], [ 13, 9, 6, 16, 14, 15, 16, 8, 7, 6, 9, 16, 18, 0, 11, 9, 14, 19, 9, 6, 14, 12, 5, 10, 14, 3, 13, 4, 16, 16, 7, 5, 9, 9, 14, 5, 11, 10, 12, 11, 8, 13, 5, 13, 9, 8, 5, 6, 8, 4, 7, 15, 9, 9, 6, 11, 15, 14, 15, 17, 4, 10, 17, 9, 14, 17, 7, 10, 10, 10, 14, 5, 12, 9, 10, 7, 5, 8, 6, 0, 10, 9, 9, 8, 3, 8, 15, 14, 6, 3, 10, 18, 7, 14, 7, 7, 15, 12, 6, 2, 10, 15, 9, 16 ], [ 3, 12, 14, 12, 13, 5, 7, 9, 5, 7, 7, 10, 13, 10, 12, 2, 10, 12, 2, 13, 8, 4, 5, 12, 6, 9, 13, 7, 6, 7, 3, 5, 2, 4, 16, 6, 1, 12, 3, 14, 9, 3, 5, 3, 5, 13, 5, 6, 13, 6, 7, 6, 13, 6, 4, 4, 10, 10, 13, 14, 7, 5, 8, 5, 8, 14, 6, 5, 3, 13, 9, 5, 12, 1, 11, 14, 8, 9, 4, 10, 0, 7, 2, 5, 10, 11, 5, 4, 13, 7, 1, 11, 13, 7, 7, 4, 5, 8, 5, 12, 13, 15, 4, 12 ], [ 10, 5, 9, 7, 6, 9, 9, 2, 2, 3, 0, 7, 9, 9, 5, 8, 5, 10, 8, 8, 6, 11, 7, 5, 7, 10, 6, 5, 10, 9, 5, 6, 8, 3, 9, 9, 7, 5, 7, 7, 3, 10, 4, 8, 10, 7, 5, 9, 7, 7, 2, 8, 6, 1, 5, 11, 6, 6, 7, 8, 9, 3, 10, 11, 5, 9, 2, 3, 4, 7, 5, 7, 5, 7, 4, 8, 4, 3, 5, 9, 7, 0, 5, 10, 6, 4, 10, 8, 7, 6, 8, 10, 8, 7, 1, 8, 9, 4, 8, 10, 6, 8, 10, 8 ], [ 5, 10, 12, 10, 10, 5, 6, 7, 3, 5, 5, 8, 11, 10, 10, 4, 8, 10, 4, 11, 6, 7, 5, 10, 5, 9, 10, 6, 6, 6, 3, 5, 4, 2, 13, 7, 2, 10, 3, 11, 7, 5, 4, 4, 7, 11, 4, 7, 12, 6, 5, 6, 10, 4, 4, 6, 8, 8, 11, 11, 8, 2, 7, 7, 6, 11, 4, 3, 1, 11, 7, 5, 10, 3, 9, 12, 7, 7, 3, 9, 2, 5, 0, 7, 8, 9, 6, 4, 11, 6, 3, 10, 12, 5, 4, 5, 5, 5, 6, 11, 11, 12, 6, 10 ], [ 6, 14, 14, 16, 17, 9, 12, 11, 8, 8, 10, 15, 18, 8, 15, 3, 15, 17, 3, 13, 13, 4, 4, 14, 11, 6, 16, 7, 10, 12, 5, 5, 3, 8, 18, 3, 6, 15, 8, 16, 12, 7, 6, 8, 1, 14, 6, 2, 15, 5, 9, 11, 14, 9, 5, 3, 15, 14, 17, 18, 4, 9, 12, 1, 13, 18, 9, 9, 8, 15, 13, 4, 15, 4, 14, 15, 9, 12, 6, 8, 5, 10, 7, 0, 9, 13, 9, 9, 13, 6, 5, 16, 14, 12, 9, 2, 10, 12, 2, 10, 15, 18, 1, 17 ], [ 13, 6, 4, 14, 11, 14, 14, 5, 6, 4, 7, 13, 15, 3, 8, 9, 11, 16, 9, 4, 12, 12, 6, 7, 13, 5, 10, 3, 15, 14, 7, 5, 9, 8, 11, 7, 10, 7, 12, 8, 5, 13, 5, 12, 10, 5, 4, 7, 6, 5, 5, 14, 6, 6, 5, 11, 13, 12, 12, 14, 6, 8, 15, 10, 12, 15, 5, 8, 9, 7, 11, 5, 9, 9, 7, 5, 2, 5, 6, 3, 10, 6, 8, 9, 0, 5, 14, 13, 4, 3, 10, 16, 4, 13, 5, 8, 14, 10, 7, 4, 8, 12, 10, 14 ], [ 14, 1, 5, 10, 6, 14, 13, 2, 6, 5, 5, 11, 11, 8, 3, 12, 7, 13, 11, 5, 10, 15, 9, 2, 12, 10, 5, 6, 15, 13, 9, 8, 12, 8, 6, 11, 11, 2, 12, 3, 2, 14, 7, 12, 13, 3, 7, 11, 3, 9, 4, 13, 2, 6, 8, 14, 9, 8, 7, 9, 11, 8, 15, 14, 9, 11, 5, 7, 9, 2, 8, 9, 4, 11, 2, 4, 4, 2, 7, 8, 11, 4, 9, 13, 5, 0, 14, 13, 4, 7, 12, 14, 4, 11, 4, 11, 14, 7, 11, 8, 3, 7, 13, 10 ], [ 4, 15, 18, 11, 14, 0, 3, 12, 9, 11, 9, 8, 12, 15, 14, 7, 11, 9, 7, 17, 7, 7, 10, 14, 3, 14, 14, 11, 1, 3, 8, 10, 7, 7, 17, 11, 4, 14, 2, 16, 12, 3, 9, 2, 9, 16, 10, 11, 17, 11, 10, 3, 15, 8, 9, 7, 9, 10, 14, 13, 12, 6, 3, 10, 8, 13, 10, 7, 5, 16, 9, 10, 14, 6, 14, 18, 12, 12, 8, 15, 5, 10, 6, 9, 14, 14, 0, 2, 16, 11, 5, 8, 17, 5, 10, 9, 0, 8, 9, 17, 15, 16, 9, 12 ], [ 4, 13, 16, 10, 12, 1, 2, 10, 7, 9, 8, 7, 11, 14, 12, 7, 9, 8, 7, 16, 6, 7, 9, 13, 2, 13, 13, 10, 2, 3, 7, 9, 6, 5, 16, 11, 4, 13, 2, 15, 11, 4, 8, 2, 9, 15, 9, 10, 15, 10, 9, 2, 14, 7, 8, 7, 8, 8, 12, 12, 12, 5, 3, 10, 6, 11, 9, 5, 4, 15, 7, 9, 12, 5, 12, 16, 11, 11, 7, 14, 4, 8, 4, 9, 13, 13, 2, 0, 15, 10, 5, 7, 16, 3, 8, 8, 1, 6, 9, 15, 14, 14, 9, 10 ], [ 16, 4, 1, 13, 10, 16, 16, 5, 8, 6, 8, 14, 15, 6, 7, 13, 11, 17, 12, 1, 13, 16, 10, 5, 15, 9, 8, 6, 17, 16, 10, 8, 13, 10, 8, 10, 13, 6, 14, 5, 5, 16, 8, 15, 14, 2, 7, 11, 2, 9, 6, 16, 4, 8, 9, 15, 13, 12, 11, 13, 10, 10, 17, 14, 12, 14, 7, 10, 11, 4, 12, 9, 8, 12, 5, 1, 4, 5, 9, 6, 13, 7, 11, 13, 4, 4, 16, 15, 0, 7, 13, 17, 1, 14, 7, 11, 16, 11, 11, 6, 5, 10, 14, 13 ], [ 10, 8, 7, 13, 12, 11, 12, 6, 4, 3, 6, 13, 15, 3, 10, 6, 11, 15, 6, 7, 11, 9, 3, 9, 11, 4, 11, 1, 12, 12, 4, 2, 6, 6, 12, 4, 7, 9, 9, 10, 6, 10, 2, 9, 7, 8, 2, 4, 8, 2, 4, 12, 8, 5, 2, 8, 12, 11, 13, 14, 4, 7, 13, 7, 11, 15, 4, 7, 7, 9, 11, 2, 10, 6, 8, 8, 3, 6, 3, 3, 7, 6, 6, 6, 3, 7, 11, 10, 7, 0, 7, 15, 7, 11, 5, 5, 11, 9, 4, 5, 9, 13, 7, 14 ], [ 3, 13, 14, 13, 14, 5, 7, 10, 6, 7, 8, 10, 14, 10, 13, 2, 11, 12, 2, 14, 9, 3, 5, 13, 6, 9, 14, 7, 6, 8, 3, 6, 2, 5, 16, 6, 1, 13, 3, 14, 10, 3, 6, 3, 4, 14, 6, 6, 14, 6, 8, 6, 13, 7, 5, 3, 11, 11, 14, 15, 7, 5, 8, 5, 9, 14, 7, 6, 4, 14, 10, 5, 13, 1, 12, 15, 9, 10, 5, 10, 1, 8, 3, 5, 10, 12, 5, 5, 13, 7, 0, 12, 14, 7, 7, 4, 5, 8, 4, 12, 14, 16, 4, 13 ], [ 12, 14, 18, 5, 10, 8, 5, 12, 11, 13, 10, 3, 5, 18, 12, 13, 7, 1, 13, 18, 4, 14, 15, 13, 6, 18, 11, 14, 8, 5, 12, 14, 13, 9, 14, 17, 10, 12, 8, 14, 12, 11, 13, 9, 16, 16, 13, 16, 16, 15, 11, 5, 15, 10, 13, 14, 5, 6, 9, 8, 17, 8, 5, 16, 5, 6, 12, 8, 8, 15, 5, 15, 11, 12, 13, 18, 14, 12, 12, 18, 11, 10, 10, 16, 16, 14, 8, 7, 17, 15, 12, 0, 18, 4, 11, 14, 8, 6, 15, 20, 14, 11, 15, 6 ], [ 17, 4, 1, 14, 10, 17, 17, 6, 9, 7, 8, 15, 15, 7, 7, 13, 11, 18, 13, 1, 14, 17, 10, 5, 15, 10, 8, 7, 18, 17, 11, 9, 14, 11, 8, 11, 14, 6, 15, 5, 6, 17, 8, 15, 14, 2, 8, 12, 2, 9, 7, 16, 4, 9, 9, 16, 13, 12, 11, 13, 11, 11, 18, 15, 13, 14, 7, 11, 12, 4, 12, 10, 8, 13, 5, 1, 5, 5, 9, 7, 13, 8, 12, 14, 4, 4, 17, 16, 1, 7, 14, 18, 0, 15, 8, 12, 17, 11, 12, 6, 5, 10, 14, 14 ], [ 8, 11, 15, 6, 9, 5, 2, 9, 7, 9, 6, 4, 7, 14, 10, 9, 6, 5, 9, 15, 3, 10, 10, 11, 2, 14, 10, 10, 5, 2, 8, 10, 9, 5, 13, 12, 6, 11, 4, 13, 9, 7, 9, 5, 12, 14, 9, 12, 14, 11, 8, 2, 12, 6, 9, 10, 5, 5, 9, 9, 13, 4, 4, 12, 3, 8, 8, 4, 4, 13, 4, 10, 10, 8, 10, 15, 11, 9, 8, 14, 7, 7, 5, 12, 13, 11, 5, 3, 14, 11, 7, 4, 15, 0, 7, 10, 4, 4, 11, 16, 12, 11, 11, 7 ], [ 10, 5, 8, 9, 7, 10, 9, 2, 1, 2, 2, 8, 10, 7, 6, 8, 6, 11, 7, 8, 7, 11, 6, 5, 8, 8, 7, 4, 10, 9, 5, 5, 8, 3, 9, 8, 7, 6, 7, 7, 3, 10, 3, 8, 10, 7, 3, 8, 7, 6, 1, 9, 6, 1, 4, 10, 8, 7, 8, 10, 8, 3, 11, 10, 6, 10, 1, 3, 4, 7, 6, 6, 6, 7, 5, 8, 3, 3, 3, 7, 7, 1, 4, 9, 5, 4, 10, 8, 7, 5, 7, 11, 8, 7, 0, 7, 9, 5, 7, 9, 6, 9, 9, 9 ], [ 6, 12, 12, 14, 14, 9, 10, 9, 6, 6, 8, 13, 16, 7, 13, 2, 12, 15, 2, 11, 11, 5, 2, 12, 9, 5, 14, 5, 9, 11, 3, 3, 2, 6, 16, 3, 4, 12, 7, 14, 10, 6, 4, 7, 2, 12, 4, 2, 13, 3, 7, 10, 12, 7, 3, 4, 13, 12, 15, 16, 4, 7, 11, 3, 11, 16, 6, 7, 6, 13, 11, 2, 13, 3, 12, 13, 7, 9, 4, 7, 4, 8, 5, 2, 8, 11, 9, 8, 11, 5, 4, 14, 12, 10, 7, 0, 9, 10, 1, 9, 13, 16, 2, 15 ], [ 4, 14, 17, 10, 13, 0, 3, 12, 8, 10, 9, 8, 11, 15, 14, 7, 10, 9, 7, 17, 7, 7, 10, 14, 3, 14, 14, 11, 1, 3, 8, 10, 7, 6, 17, 11, 4, 14, 2, 16, 12, 3, 9, 2, 9, 16, 10, 11, 17, 11, 10, 2, 15, 8, 9, 7, 9, 9, 13, 13, 12, 6, 3, 10, 7, 12, 10, 6, 5, 16, 8, 10, 13, 6, 14, 17, 12, 12, 8, 15, 5, 9, 5, 10, 14, 14, 0, 1, 16, 11, 5, 8, 17, 4, 9, 9, 0, 8, 10, 16, 15, 15, 9, 11 ], [ 10, 8, 12, 4, 6, 8, 6, 6, 5, 7, 3, 4, 6, 12, 6, 9, 3, 6, 10, 12, 2, 12, 10, 7, 5, 13, 6, 8, 9, 6, 7, 9, 9, 4, 10, 11, 7, 7, 6, 9, 6, 9, 7, 7, 12, 10, 8, 11, 10, 10, 5, 6, 9, 4, 8, 11, 3, 3, 6, 6, 12, 3, 8, 13, 2, 6, 6, 3, 4, 9, 2, 9, 6, 8, 7, 12, 8, 6, 7, 12, 8, 4, 5, 12, 10, 7, 8, 6, 11, 9, 8, 6, 11, 4, 5, 10, 8, 0, 10, 13, 8, 8, 12, 5 ], [ 7, 12, 12, 15, 15, 9, 11, 9, 6, 6, 9, 13, 17, 7, 13, 3, 13, 16, 2, 11, 12, 5, 1, 12, 10, 4, 14, 5, 10, 12, 3, 3, 3, 6, 16, 2, 5, 13, 7, 14, 10, 7, 4, 7, 3, 12, 4, 1, 13, 3, 7, 11, 12, 7, 3, 4, 13, 13, 15, 16, 3, 7, 12, 3, 12, 17, 7, 8, 7, 13, 12, 2, 13, 4, 12, 12, 7, 10, 4, 6, 5, 8, 6, 2, 7, 11, 9, 9, 11, 4, 4, 15, 12, 11, 7, 1, 10, 10, 0, 8, 13, 16, 3, 15 ], [ 15, 9, 5, 17, 14, 16, 17, 8, 9, 7, 10, 17, 19, 2, 12, 11, 15, 20, 10, 5, 16, 14, 7, 10, 16, 5, 13, 5, 17, 17, 9, 6, 11, 11, 13, 7, 12, 11, 14, 10, 9, 15, 7, 14, 11, 7, 7, 8, 8, 6, 8, 17, 9, 10, 7, 13, 16, 15, 15, 17, 6, 11, 18, 11, 15, 18, 8, 12, 12, 10, 15, 7, 12, 11, 10, 7, 6, 8, 8, 2, 12, 10, 11, 10, 4, 8, 17, 15, 6, 5, 12, 20, 6, 16, 9, 9, 16, 13, 8, 0, 11, 15, 11, 17 ], [ 16, 2, 6, 9, 5, 15, 14, 4, 8, 7, 6, 11, 11, 10, 2, 14, 7, 13, 14, 6, 10, 17, 12, 1, 13, 13, 3, 8, 16, 14, 11, 11, 14, 9, 3, 13, 13, 1, 13, 1, 4, 16, 9, 14, 16, 4, 9, 14, 3, 11, 6, 14, 2, 7, 10, 16, 9, 8, 6, 8, 13, 9, 15, 16, 9, 9, 7, 9, 10, 1, 8, 11, 3, 13, 2, 5, 6, 4, 10, 10, 13, 6, 11, 15, 8, 3, 15, 14, 5, 9, 14, 14, 5, 12, 6, 13, 15, 8, 13, 11, 0, 5, 16, 9 ], [ 18, 6, 11, 6, 2, 16, 13, 8, 10, 10, 8, 9, 7, 15, 4, 16, 5, 11, 16, 11, 9, 19, 15, 5, 13, 17, 2, 12, 16, 13, 14, 14, 16, 11, 3, 17, 14, 4, 14, 5, 7, 17, 12, 15, 18, 8, 12, 17, 8, 15, 9, 14, 6, 9, 13, 19, 7, 6, 3, 4, 17, 10, 15, 19, 8, 6, 10, 10, 12, 6, 7, 15, 3, 15, 5, 10, 10, 7, 12, 15, 15, 8, 12, 18, 12, 7, 16, 14, 10, 13, 16, 11, 10, 11, 9, 16, 15, 8, 16, 15, 5, 0, 18, 6 ], [ 5, 14, 14, 16, 17, 9, 11, 11, 8, 9, 10, 14, 18, 9, 15, 2, 14, 16, 2, 14, 13, 3, 4, 15, 10, 7, 16, 8, 9, 11, 5, 5, 2, 8, 19, 4, 5, 15, 7, 16, 12, 6, 7, 7, 1, 15, 7, 3, 15, 5, 9, 10, 15, 9, 5, 2, 15, 14, 17, 18, 5, 9, 12, 1, 13, 18, 9, 9, 8, 16, 13, 5, 16, 4, 14, 15, 10, 12, 6, 9, 4, 10, 6, 1, 10, 13, 9, 9, 14, 7, 4, 15, 14, 11, 9, 2, 9, 12, 3, 11, 16, 18, 0, 17 ], [ 14, 9, 15, 1, 5, 11, 9, 9, 10, 11, 7, 4, 2, 16, 7, 14, 3, 5, 14, 14, 4, 17, 15, 8, 8, 17, 6, 13, 12, 9, 12, 14, 14, 9, 9, 16, 12, 8, 11, 10, 8, 14, 12, 11, 17, 12, 12, 16, 12, 15, 9, 9, 10, 8, 13, 16, 2, 2, 3, 2, 17, 8, 10, 18, 4, 1, 10, 8, 9, 10, 3, 14, 6, 13, 8, 14, 12, 9, 12, 16, 12, 8, 10, 17, 14, 10, 12, 10, 13, 14, 13, 6, 14, 7, 9, 15, 11, 5, 15, 17, 9, 6, 17, 0 ] ]
}