{
  "version" : "0.3",
  "id" : 1992100550,
  "name" : "PTP-RAND-1_16_2_16",
  "coordType" : "Eucl",
  "sameVehicleBackward" : false,
  "maxWaitTime" : "00h30",
  "places" : [ {
    "id" : 0,
    "lat" : -8.500248150032084,
    "long" : -4.539864859055949,
    "category" : 0
  }, {
    "id" : 1,
    "lat" : -3.4257860407050615,
    "long" : 5.780370654191681,
    "category" : 0
  }, {
    "id" : 2,
    "lat" : 0.3020726435788326,
    "long" : -3.2514896097097705,
    "category" : 0
  }, {
    "id" : 3,
    "lat" : -2.5440927945025504,
    "long" : -8.768394695429123,
    "category" : 0
  }, {
    "id" : 4,
    "lat" : 3.5284701760718704,
    "long" : 0.5971729009731588,
    "category" : 0
  }, {
    "id" : 5,
    "lat" : -3.989050831075641,
    "long" : -1.6672547924761865,
    "category" : 0
  }, {
    "id" : 6,
    "lat" : 0.35457722726603447,
    "long" : 2.332489827239991,
    "category" : 0
  }, {
    "id" : 7,
    "lat" : -9.798989960579013,
    "long" : 0.28912291135200724,
    "category" : 0
  }, {
    "id" : 8,
    "lat" : 1.2000999326248074,
    "long" : 4.602757670226878,
    "category" : 0
  }, {
    "id" : 9,
    "lat" : -4.1823258328933886,
    "long" : -8.382414585409387,
    "category" : 0
  }, {
    "id" : 10,
    "lat" : -1.2283244897176044,
    "long" : 1.2487906473089632,
    "category" : 0
  }, {
    "id" : 11,
    "lat" : -5.562946758299828,
    "long" : 0.013866990142237693,
    "category" : 0
  }, {
    "id" : 12,
    "lat" : 4.403953455752565,
    "long" : -0.9577637663370586,
    "category" : 0
  }, {
    "id" : 13,
    "lat" : 5.678721302317983,
    "long" : -1.8843342638979559,
    "category" : 0
  }, {
    "id" : 14,
    "lat" : 0.9572264009456705,
    "long" : 3.921108761473577,
    "category" : 0
  }, {
    "id" : 15,
    "lat" : 1.3500079478969171,
    "long" : 7.631897843401585,
    "category" : 0
  }, {
    "id" : 16,
    "lat" : 1.0748706249273445,
    "long" : -7.473011166058152,
    "category" : 1
  }, {
    "id" : 17,
    "lat" : 2.124505514916517,
    "long" : -8.350254320046917,
    "category" : 1
  }, {
    "id" : 18,
    "lat" : 1.2464830156628528,
    "long" : 6.237783298950657,
    "category" : 2
  }, {
    "id" : 19,
    "lat" : 3.281313182974626,
    "long" : 6.743222739003735,
    "category" : 2
  }, {
    "id" : 20,
    "lat" : 3.448987907770232,
    "long" : -8.853358515377137,
    "category" : 2
  }, {
    "id" : 21,
    "lat" : -1.9485986577040546,
    "long" : -9.71189188959523,
    "category" : 2
  }, {
    "id" : 22,
    "lat" : -8.06350668909011,
    "long" : -3.794567427019253,
    "category" : 2
  }, {
    "id" : 23,
    "lat" : -3.881783474772175,
    "long" : -2.414472544804306,
    "category" : 2
  }, {
    "id" : 24,
    "lat" : 8.286511216325746,
    "long" : -2.0165293805504914,
    "category" : 2
  }, {
    "id" : 25,
    "lat" : -1.0261376630554457,
    "long" : -8.225886747338985,
    "category" : 2
  }, {
    "id" : 26,
    "lat" : -0.2548216701901062,
    "long" : -0.049452978085504334,
    "category" : 2
  }, {
    "id" : 27,
    "lat" : -1.232689900919508,
    "long" : 3.848855320754125,
    "category" : 2
  }, {
    "id" : 28,
    "lat" : -4.562697827738178,
    "long" : 5.970156517779845,
    "category" : 2
  }, {
    "id" : 29,
    "lat" : -1.7171045610867255,
    "long" : -3.6579046440208196,
    "category" : 2
  }, {
    "id" : 30,
    "lat" : 1.7607759541374775,
    "long" : -6.698150549501117,
    "category" : 2
  }, {
    "id" : 31,
    "lat" : -0.08403716034607492,
    "long" : 2.945495099366563,
    "category" : 2
  }, {
    "id" : 32,
    "lat" : -3.315815829155512,
    "long" : -6.251417927149265,
    "category" : 2
  }, {
    "id" : 33,
    "lat" : -0.12375902735318726,
    "long" : -4.781948739943327,
    "category" : 2
  }, {
    "id" : 34,
    "lat" : -1.346145617430566,
    "long" : -7.367312090312748,
    "category" : 2
  }, {
    "id" : 35,
    "lat" : 4.671800373198087,
    "long" : -3.3468739475115834,
    "category" : 2
  }, {
    "id" : 36,
    "lat" : 4.646567391733605,
    "long" : 0.35587664137780567,
    "category" : 2
  } ],
  "vehicles" : [ {
    "id" : 37,
    "canTake" : [ 1, 2 ],
    "start" : 16,
    "end" : 16,
    "capacity" : 3,
    "availability" : [ "07h00:16h00", "18h00:20h00" ]
  }, {
    "id" : 38,
    "canTake" : [ 0 ],
    "start" : 17,
    "end" : 17,
    "capacity" : 3,
    "availability" : [ "07h00:13h00", "15h00:20h00" ]
  } ],
  "patients" : [ {
    "id" : 39,
    "category" : 1,
    "load" : 3,
    "start" : 18,
    "destination" : 0,
    "end" : 19,
    "rdvTime" : "10h55",
    "rdvDuration" : "01h09",
    "srvDuration" : "00h04"
  }, {
    "id" : 40,
    "category" : 2,
    "load" : 2,
    "start" : 20,
    "destination" : 1,
    "end" : -1,
    "rdvTime" : "08h39",
    "rdvDuration" : "02h59",
    "srvDuration" : "00h04"
  }, {
    "id" : 41,
    "category" : 2,
    "load" : 3,
    "start" : 21,
    "destination" : 2,
    "end" : 22,
    "rdvTime" : "08h41",
    "rdvDuration" : "00h48",
    "srvDuration" : "00h02"
  }, {
    "id" : 42,
    "category" : 2,
    "load" : 1,
    "start" : 23,
    "destination" : 3,
    "end" : 23,
    "rdvTime" : "13h27",
    "rdvDuration" : "02h20",
    "srvDuration" : "00h05"
  }, {
    "id" : 43,
    "category" : 0,
    "load" : 3,
    "start" : -1,
    "destination" : 4,
    "end" : 24,
    "rdvTime" : "12h58",
    "rdvDuration" : "01h15",
    "srvDuration" : "00h01"
  }, {
    "id" : 44,
    "category" : 2,
    "load" : 3,
    "start" : 25,
    "destination" : 5,
    "end" : 25,
    "rdvTime" : "15h03",
    "rdvDuration" : "01h47",
    "srvDuration" : "00h05"
  }, {
    "id" : 45,
    "category" : 0,
    "load" : 3,
    "start" : 26,
    "destination" : 6,
    "end" : 26,
    "rdvTime" : "10h23",
    "rdvDuration" : "02h49",
    "srvDuration" : "00h03"
  }, {
    "id" : 46,
    "category" : 0,
    "load" : 1,
    "start" : 27,
    "destination" : 7,
    "end" : 27,
    "rdvTime" : "12h52",
    "rdvDuration" : "02h54",
    "srvDuration" : "00h02"
  }, {
    "id" : 47,
    "category" : 0,
    "load" : 1,
    "start" : 28,
    "destination" : 8,
    "end" : 28,
    "rdvTime" : "13h54",
    "rdvDuration" : "01h40",
    "srvDuration" : "00h04"
  }, {
    "id" : 48,
    "category" : 2,
    "load" : 1,
    "start" : 29,
    "destination" : 9,
    "end" : 29,
    "rdvTime" : "12h24",
    "rdvDuration" : "01h20",
    "srvDuration" : "00h02"
  }, {
    "id" : 49,
    "category" : 2,
    "load" : 3,
    "start" : -1,
    "destination" : 10,
    "end" : 30,
    "rdvTime" : "12h55",
    "rdvDuration" : "00h35",
    "srvDuration" : "00h03"
  }, {
    "id" : 50,
    "category" : 2,
    "load" : 1,
    "start" : 31,
    "destination" : 11,
    "end" : 31,
    "rdvTime" : "11h44",
    "rdvDuration" : "02h58",
    "srvDuration" : "00h04"
  }, {
    "id" : 51,
    "category" : 1,
    "load" : 3,
    "start" : 32,
    "destination" : 12,
    "end" : 32,
    "rdvTime" : "12h19",
    "rdvDuration" : "02h07",
    "srvDuration" : "00h02"
  }, {
    "id" : 52,
    "category" : 1,
    "load" : 1,
    "start" : -1,
    "destination" : 13,
    "end" : 33,
    "rdvTime" : "10h43",
    "rdvDuration" : "02h41",
    "srvDuration" : "00h04"
  }, {
    "id" : 53,
    "category" : 0,
    "load" : 3,
    "start" : 34,
    "destination" : 14,
    "end" : 35,
    "rdvTime" : "08h52",
    "rdvDuration" : "01h04",
    "srvDuration" : "00h04"
  }, {
    "id" : 54,
    "category" : 2,
    "load" : 3,
    "start" : 36,
    "destination" : 15,
    "end" : 36,
    "rdvTime" : "16h00",
    "rdvDuration" : "00h53",
    "srvDuration" : "00h03"
  } ],
  "distMatrix" : [ [ 0, 12, 9, 7, 13, 5, 11, 5, 13, 6, 9, 5, 13, 14, 13, 16, 10, 11, 15, 16, 13, 8, 1, 5, 17, 8, 9, 11, 11, 7, 10, 11, 5, 8, 8, 13, 14 ], [ 12, 0, 10, 15, 9, 7, 5, 8, 5, 14, 5, 6, 10, 12, 5, 5, 14, 15, 5, 7, 16, 16, 11, 8, 14, 14, 7, 3, 1, 10, 14, 4, 12, 11, 13, 12, 10 ], [ 9, 10, 0, 6, 5, 5, 6, 11, 8, 7, 5, 7, 5, 6, 7, 11, 4, 5, 10, 10, 6, 7, 8, 4, 8, 5, 3, 7, 10, 2, 4, 6, 5, 2, 4, 4, 6 ], [ 7, 15, 6, 0, 11, 7, 11, 12, 14, 2, 10, 9, 10, 11, 13, 17, 4, 5, 15, 17, 6, 1, 7, 6, 13, 2, 9, 13, 15, 5, 5, 12, 3, 5, 2, 9, 12 ], [ 13, 9, 5, 11, 0, 8, 4, 13, 5, 12, 5, 9, 2, 3, 4, 7, 8, 9, 6, 6, 9, 12, 12, 8, 5, 10, 4, 6, 10, 7, 8, 4, 10, 7, 9, 4, 1 ], [ 5, 7, 5, 7, 8, 0, 6, 6, 8, 7, 4, 2, 8, 10, 7, 11, 8, 9, 9, 11, 10, 8, 5, 1, 12, 7, 4, 6, 8, 3, 8, 6, 5, 5, 6, 9, 9 ], [ 11, 5, 6, 11, 4, 6, 0, 10, 2, 12, 2, 6, 5, 7, 2, 5, 10, 11, 4, 5, 12, 12, 10, 6, 9, 11, 2, 2, 6, 6, 9, 1, 9, 7, 10, 7, 5 ], [ 5, 8, 11, 12, 13, 6, 10, 0, 12, 10, 9, 4, 14, 16, 11, 13, 13, 15, 13, 15, 16, 13, 4, 7, 18, 12, 10, 9, 8, 9, 14, 10, 9, 11, 11, 15, 14 ], [ 13, 5, 8, 14, 5, 8, 2, 12, 0, 14, 4, 8, 6, 8, 1, 3, 12, 13, 2, 3, 14, 15, 13, 9, 10, 13, 5, 3, 6, 9, 11, 2, 12, 9, 12, 9, 5 ], [ 6, 14, 7, 2, 12, 7, 12, 10, 14, 0, 10, 9, 11, 12, 13, 17, 5, 6, 16, 17, 8, 3, 6, 6, 14, 3, 9, 13, 14, 5, 6, 12, 2, 5, 3, 10, 12 ], [ 9, 5, 5, 10, 5, 4, 2, 9, 4, 10, 0, 5, 6, 8, 3, 7, 9, 10, 6, 7, 11, 11, 8, 5, 10, 9, 2, 3, 6, 5, 8, 2, 8, 6, 9, 7, 6 ], [ 5, 6, 7, 9, 9, 2, 6, 4, 8, 9, 5, 0, 10, 11, 8, 10, 10, 11, 9, 11, 13, 10, 5, 3, 14, 9, 5, 6, 6, 5, 10, 6, 7, 7, 9, 11, 10 ], [ 13, 10, 5, 10, 2, 8, 5, 14, 6, 11, 6, 10, 0, 2, 6, 9, 7, 8, 8, 8, 8, 11, 13, 8, 4, 9, 5, 7, 11, 7, 6, 6, 9, 6, 9, 2, 1 ], [ 14, 12, 6, 11, 3, 10, 7, 16, 8, 12, 8, 11, 2, 0, 7, 10, 7, 7, 9, 9, 7, 11, 14, 10, 3, 9, 6, 9, 13, 8, 6, 8, 10, 6, 9, 2, 2 ], [ 13, 5, 7, 13, 4, 7, 2, 11, 1, 13, 3, 8, 6, 7, 0, 4, 11, 12, 2, 4, 13, 14, 12, 8, 9, 12, 4, 2, 6, 8, 11, 1, 11, 9, 12, 8, 5 ], [ 16, 5, 11, 17, 7, 11, 5, 13, 3, 17, 7, 10, 9, 10, 4, 0, 15, 16, 1, 2, 17, 18, 15, 11, 12, 16, 8, 5, 6, 12, 14, 5, 15, 13, 15, 11, 8 ], [ 10, 14, 4, 4, 8, 8, 10, 13, 12, 5, 9, 10, 7, 7, 11, 15, 0, 1, 14, 14, 3, 4, 10, 7, 9, 2, 8, 12, 15, 5, 1, 10, 5, 3, 2, 5, 9 ], [ 11, 15, 5, 5, 9, 9, 11, 15, 13, 6, 10, 11, 8, 7, 12, 16, 1, 0, 15, 15, 1, 4, 11, 8, 9, 3, 9, 13, 16, 6, 2, 12, 6, 4, 4, 6, 9 ], [ 15, 5, 10, 15, 6, 9, 4, 13, 2, 16, 6, 9, 8, 9, 2, 1, 14, 15, 0, 2, 15, 16, 14, 10, 11, 15, 6, 3, 6, 10, 13, 4, 13, 11, 14, 10, 7 ], [ 16, 7, 10, 17, 6, 11, 5, 15, 3, 17, 7, 11, 8, 9, 4, 2, 14, 15, 2, 0, 16, 17, 15, 12, 10, 16, 8, 5, 8, 12, 14, 5, 15, 12, 15, 10, 7 ], [ 13, 16, 6, 6, 9, 10, 12, 16, 14, 8, 11, 13, 8, 7, 13, 17, 3, 1, 15, 16, 0, 5, 13, 10, 8, 5, 10, 14, 17, 7, 3, 12, 7, 5, 5, 6, 9 ], [ 8, 16, 7, 1, 12, 8, 12, 13, 15, 3, 11, 10, 11, 11, 14, 18, 4, 4, 16, 17, 5, 0, 9, 8, 13, 2, 10, 14, 16, 6, 5, 13, 4, 5, 2, 9, 12 ], [ 1, 11, 8, 7, 12, 5, 10, 4, 13, 6, 8, 5, 13, 14, 12, 15, 10, 11, 14, 15, 13, 9, 0, 4, 16, 8, 9, 10, 10, 6, 10, 10, 5, 8, 8, 13, 13 ], [ 5, 8, 4, 6, 8, 1, 6, 7, 9, 6, 5, 3, 8, 10, 8, 11, 7, 8, 10, 12, 10, 8, 4, 0, 12, 6, 4, 7, 8, 2, 7, 7, 4, 4, 6, 9, 9 ], [ 17, 14, 8, 13, 5, 12, 9, 18, 10, 14, 10, 14, 4, 3, 9, 12, 9, 9, 11, 10, 8, 13, 16, 12, 0, 11, 9, 11, 15, 10, 8, 10, 12, 9, 11, 4, 4 ], [ 8, 14, 5, 2, 10, 7, 11, 12, 13, 3, 9, 9, 9, 9, 12, 16, 2, 3, 15, 16, 5, 2, 8, 6, 11, 0, 8, 12, 15, 5, 3, 11, 3, 4, 1, 8, 10 ], [ 9, 7, 3, 9, 4, 4, 2, 10, 5, 9, 2, 5, 5, 6, 4, 8, 8, 9, 6, 8, 10, 10, 9, 4, 9, 8, 0, 4, 7, 4, 7, 3, 7, 5, 7, 6, 5 ], [ 11, 3, 7, 13, 6, 6, 2, 9, 3, 13, 3, 6, 7, 9, 2, 5, 12, 13, 3, 5, 14, 14, 10, 7, 11, 12, 4, 0, 4, 8, 11, 1, 10, 9, 11, 9, 7 ], [ 11, 1, 10, 15, 10, 8, 6, 8, 6, 14, 6, 6, 11, 13, 6, 6, 15, 16, 6, 8, 17, 16, 10, 8, 15, 15, 7, 4, 0, 10, 14, 5, 12, 12, 14, 13, 11 ], [ 7, 10, 2, 5, 7, 3, 6, 9, 9, 5, 5, 5, 7, 8, 8, 12, 5, 6, 10, 12, 7, 6, 6, 2, 10, 5, 4, 8, 10, 0, 5, 7, 3, 2, 4, 6, 8 ], [ 10, 14, 4, 5, 8, 8, 9, 14, 11, 6, 8, 10, 6, 6, 11, 14, 1, 2, 13, 14, 3, 5, 10, 7, 8, 3, 7, 11, 14, 5, 0, 10, 5, 3, 3, 4, 8 ], [ 11, 4, 6, 12, 4, 6, 1, 10, 2, 12, 2, 6, 6, 8, 1, 5, 10, 12, 4, 5, 12, 13, 10, 7, 10, 11, 3, 1, 5, 7, 10, 0, 10, 8, 10, 8, 5 ], [ 5, 12, 5, 3, 10, 5, 9, 9, 12, 2, 8, 7, 9, 10, 11, 15, 5, 6, 13, 15, 7, 4, 5, 4, 12, 3, 7, 10, 12, 3, 5, 10, 0, 4, 2, 8, 10 ], [ 8, 11, 2, 5, 7, 5, 7, 11, 9, 5, 6, 7, 6, 6, 9, 13, 3, 4, 11, 12, 5, 5, 8, 4, 9, 4, 5, 9, 12, 2, 3, 8, 4, 0, 3, 5, 7 ], [ 8, 13, 4, 2, 9, 6, 10, 11, 12, 3, 9, 9, 9, 9, 12, 15, 2, 4, 14, 15, 5, 2, 8, 6, 11, 1, 7, 11, 14, 4, 3, 10, 2, 3, 0, 7, 10 ], [ 13, 12, 4, 9, 4, 9, 7, 15, 9, 10, 7, 11, 2, 2, 8, 11, 5, 6, 10, 10, 6, 9, 13, 9, 4, 8, 6, 9, 13, 6, 4, 8, 8, 5, 7, 0, 4 ], [ 14, 10, 6, 12, 1, 9, 5, 14, 5, 12, 6, 10, 1, 2, 5, 8, 9, 9, 7, 7, 9, 12, 13, 9, 4, 10, 5, 7, 11, 8, 8, 5, 10, 7, 10, 4, 0 ] ]
}