{
  "version" : "0.3",
  "id" : 400703845,
  "name" : "PTP-RAND-3_32_3_32",
  "coordType" : "Eucl",
  "sameVehicleBackward" : false,
  "maxWaitTime" : "00h30",
  "places" : [ {
    "id" : 0,
    "lat" : 7.003740785904596,
    "long" : -1.878950535679579,
    "category" : 0
  }, {
    "id" : 1,
    "lat" : 3.423634356422747,
    "long" : -1.1139022569939996,
    "category" : 0
  }, {
    "id" : 2,
    "lat" : -2.1626485443829155,
    "long" : -7.287320306292474,
    "category" : 0
  }, {
    "id" : 3,
    "lat" : -7.980649620449637,
    "long" : 2.909806465945264,
    "category" : 0
  }, {
    "id" : 4,
    "lat" : 4.31363740517102,
    "long" : 3.2531403622031667,
    "category" : 0
  }, {
    "id" : 5,
    "lat" : -4.6116779124623966,
    "long" : 0.26688079580663754,
    "category" : 0
  }, {
    "id" : 6,
    "lat" : 1.5245435003019563,
    "long" : -2.524989931168616,
    "category" : 0
  }, {
    "id" : 7,
    "lat" : 3.371597139335689,
    "long" : -5.366849389688529,
    "category" : 0
  }, {
    "id" : 8,
    "lat" : 5.240446445843309,
    "long" : 0.6159450269032785,
    "category" : 0
  }, {
    "id" : 9,
    "lat" : -0.8755452564888958,
    "long" : 0.37294034840763257,
    "category" : 0
  }, {
    "id" : 10,
    "lat" : 0.6276247925278102,
    "long" : -2.6818060871056697,
    "category" : 0
  }, {
    "id" : 11,
    "lat" : 2.187689107344254,
    "long" : 3.50631335234638,
    "category" : 0
  }, {
    "id" : 12,
    "lat" : -2.388364558441212,
    "long" : 5.739355053038102,
    "category" : 0
  }, {
    "id" : 13,
    "lat" : 1.9106857769132215,
    "long" : 8.87022892403709,
    "category" : 0
  }, {
    "id" : 14,
    "lat" : 2.834733208780106,
    "long" : -5.78578353631735,
    "category" : 0
  }, {
    "id" : 15,
    "lat" : 1.0810006357158282,
    "long" : -7.499034241532488,
    "category" : 0
  }, {
    "id" : 16,
    "lat" : 1.0719024917051134,
    "long" : 0.9522654645992782,
    "category" : 0
  }, {
    "id" : 17,
    "lat" : -0.3829209920906513,
    "long" : -8.953440336639598,
    "category" : 0
  }, {
    "id" : 18,
    "lat" : 5.303018698883035,
    "long" : -3.5460128036928387,
    "category" : 0
  }, {
    "id" : 19,
    "lat" : 1.2825147360539992,
    "long" : 2.344006584613097,
    "category" : 0
  }, {
    "id" : 20,
    "lat" : 0.992060895914599,
    "long" : 0.12354849295962284,
    "category" : 0
  }, {
    "id" : 21,
    "lat" : 1.5763741751240972,
    "long" : -6.0534559359491436,
    "category" : 0
  }, {
    "id" : 22,
    "lat" : 4.559474512191398,
    "long" : 4.029904538274692,
    "category" : 0
  }, {
    "id" : 23,
    "lat" : 1.4159958905330583,
    "long" : -7.308803690729251,
    "category" : 0
  }, {
    "id" : 24,
    "lat" : 3.998071358491317,
    "long" : 4.6738044720258145,
    "category" : 0
  }, {
    "id" : 25,
    "lat" : -6.559842868266225,
    "long" : -2.693465876808313,
    "category" : 0
  }, {
    "id" : 26,
    "lat" : 4.405662243786574,
    "long" : 5.721796840855279,
    "category" : 0
  }, {
    "id" : 27,
    "lat" : 3.1290610831238532,
    "long" : -7.668852265780186,
    "category" : 0
  }, {
    "id" : 28,
    "lat" : -8.140280362442551,
    "long" : -0.7579095032539293,
    "category" : 0
  }, {
    "id" : 29,
    "lat" : -6.6396384266612305,
    "long" : 0.18231850191750307,
    "category" : 0
  }, {
    "id" : 30,
    "lat" : 0.4115718341804211,
    "long" : -6.9382648957838855,
    "category" : 0
  }, {
    "id" : 31,
    "lat" : 4.361994898653108,
    "long" : -7.219583619073008,
    "category" : 0
  }, {
    "id" : 32,
    "lat" : -6.851937993933276,
    "long" : 5.574566178413657,
    "category" : 1
  }, {
    "id" : 33,
    "lat" : -7.154303720402621,
    "long" : -5.585451883389543,
    "category" : 1
  }, {
    "id" : 34,
    "lat" : -0.11660938505291289,
    "long" : 0.44825659584673594,
    "category" : 1
  }, {
    "id" : 35,
    "lat" : 7.78534967624087,
    "long" : 1.5129081864671488,
    "category" : 2
  }, {
    "id" : 36,
    "lat" : 1.6454204309129479,
    "long" : -1.0201405386752822,
    "category" : 2
  }, {
    "id" : 37,
    "lat" : -7.608146975682373,
    "long" : -3.6275508023259766,
    "category" : 2
  }, {
    "id" : 38,
    "lat" : 2.169989094799712,
    "long" : 5.7161446288315645,
    "category" : 2
  }, {
    "id" : 39,
    "lat" : 0.7161557571883616,
    "long" : -0.5785189619945299,
    "category" : 2
  }, {
    "id" : 40,
    "lat" : 0.1226095754299705,
    "long" : 2.1177473800880957,
    "category" : 2
  }, {
    "id" : 41,
    "lat" : 3.7565015660265577,
    "long" : -6.333262110943767,
    "category" : 2
  }, {
    "id" : 42,
    "lat" : -4.440852194298728,
    "long" : 1.7136224372250086,
    "category" : 2
  }, {
    "id" : 43,
    "lat" : 7.464139359106973,
    "long" : -5.631711396022283,
    "category" : 2
  }, {
    "id" : 44,
    "lat" : 7.834369827647132,
    "long" : -6.091407717989216,
    "category" : 2
  }, {
    "id" : 45,
    "lat" : -0.6315068975207978,
    "long" : -0.11471844832204273,
    "category" : 2
  }, {
    "id" : 46,
    "lat" : 8.731355415385124,
    "long" : 3.528977953355311,
    "category" : 2
  }, {
    "id" : 47,
    "lat" : -2.024118728488486,
    "long" : -7.337901638328282,
    "category" : 2
  }, {
    "id" : 48,
    "lat" : 5.837722218389904,
    "long" : 0.23321786073590242,
    "category" : 2
  }, {
    "id" : 49,
    "lat" : 8.924228536905472,
    "long" : -4.437169470904739,
    "category" : 2
  }, {
    "id" : 50,
    "lat" : 7.280708589353869,
    "long" : 3.1418171927632828,
    "category" : 2
  }, {
    "id" : 51,
    "lat" : 5.739655825320695,
    "long" : 4.114646319535104,
    "category" : 2
  }, {
    "id" : 52,
    "lat" : 3.1171422750635047,
    "long" : -0.11097283892861824,
    "category" : 2
  }, {
    "id" : 53,
    "lat" : 6.747147130412884,
    "long" : 3.550181035847807,
    "category" : 2
  }, {
    "id" : 54,
    "lat" : 7.662345399348262,
    "long" : 3.1241442741623895,
    "category" : 2
  }, {
    "id" : 55,
    "lat" : -4.750316803509151,
    "long" : 7.464385758681368,
    "category" : 2
  }, {
    "id" : 56,
    "lat" : -3.958951253852896,
    "long" : 7.4685313464234735,
    "category" : 2
  }, {
    "id" : 57,
    "lat" : -6.4327527655093055,
    "long" : -3.1571540150799025,
    "category" : 2
  }, {
    "id" : 58,
    "lat" : 6.087410940090035,
    "long" : -7.835488540328757,
    "category" : 2
  }, {
    "id" : 59,
    "lat" : 2.027234211192342,
    "long" : 4.550038085482908,
    "category" : 2
  }, {
    "id" : 60,
    "lat" : -1.611095603433975,
    "long" : -0.26268281770352175,
    "category" : 2
  }, {
    "id" : 61,
    "lat" : 6.284303587159491,
    "long" : -7.260503637197023,
    "category" : 2
  }, {
    "id" : 62,
    "lat" : 0.9582774087239966,
    "long" : 3.7783452566841116,
    "category" : 2
  }, {
    "id" : 63,
    "lat" : -4.600491871377044,
    "long" : -6.338414245409156,
    "category" : 2
  }, {
    "id" : 64,
    "lat" : -0.8105593573230119,
    "long" : -3.2695338810869967,
    "category" : 2
  }, {
    "id" : 65,
    "lat" : 8.376835369118975,
    "long" : 4.706225442220803,
    "category" : 2
  }, {
    "id" : 66,
    "lat" : -2.6149582463356564,
    "long" : 6.323293420172651,
    "category" : 2
  }, {
    "id" : 67,
    "lat" : 6.739572746005278,
    "long" : -6.527318391362633,
    "category" : 2
  }, {
    "id" : 68,
    "lat" : -4.822285354913122,
    "long" : -4.361559655550575,
    "category" : 2
  }, {
    "id" : 69,
    "lat" : 8.29441105861349,
    "long" : 0.027388033123614333,
    "category" : 2
  }, {
    "id" : 70,
    "lat" : 4.117924992354747,
    "long" : -6.021247316344271,
    "category" : 2
  } ],
  "vehicles" : [ {
    "id" : 71,
    "canTake" : [ 1 ],
    "start" : 32,
    "end" : 32,
    "capacity" : 5,
    "availability" : [ "07h00:20h00" ]
  }, {
    "id" : 72,
    "canTake" : [ 2 ],
    "start" : 33,
    "end" : 33,
    "capacity" : 4,
    "availability" : [ "11h00:20h00" ]
  }, {
    "id" : 73,
    "canTake" : [ 0, 1, 2 ],
    "start" : 34,
    "end" : 34,
    "capacity" : 4,
    "availability" : [ "07h00:12h00", "13h00:20h00" ]
  } ],
  "patients" : [ {
    "id" : 74,
    "category" : 2,
    "load" : 2,
    "start" : 35,
    "destination" : 0,
    "end" : 36,
    "rdvTime" : "12h35",
    "rdvDuration" : "01h46",
    "srvDuration" : "00h02"
  }, {
    "id" : 75,
    "category" : 0,
    "load" : 1,
    "start" : 37,
    "destination" : 1,
    "end" : 37,
    "rdvTime" : "13h13",
    "rdvDuration" : "02h29",
    "srvDuration" : "00h04"
  }, {
    "id" : 76,
    "category" : 2,
    "load" : 1,
    "start" : 38,
    "destination" : 2,
    "end" : 38,
    "rdvTime" : "08h40",
    "rdvDuration" : "00h30",
    "srvDuration" : "00h02"
  }, {
    "id" : 77,
    "category" : 2,
    "load" : 1,
    "start" : 39,
    "destination" : 3,
    "end" : 39,
    "rdvTime" : "09h19",
    "rdvDuration" : "01h55",
    "srvDuration" : "00h03"
  }, {
    "id" : 78,
    "category" : 0,
    "load" : 1,
    "start" : -1,
    "destination" : 4,
    "end" : 40,
    "rdvTime" : "12h05",
    "rdvDuration" : "02h38",
    "srvDuration" : "00h04"
  }, {
    "id" : 79,
    "category" : 0,
    "load" : 1,
    "start" : 41,
    "destination" : 5,
    "end" : 41,
    "rdvTime" : "15h14",
    "rdvDuration" : "00h53",
    "srvDuration" : "00h05"
  }, {
    "id" : 80,
    "category" : 0,
    "load" : 2,
    "start" : 42,
    "destination" : 6,
    "end" : -1,
    "rdvTime" : "13h35",
    "rdvDuration" : "01h21",
    "srvDuration" : "00h05"
  }, {
    "id" : 81,
    "category" : 1,
    "load" : 2,
    "start" : 43,
    "destination" : 7,
    "end" : 43,
    "rdvTime" : "08h33",
    "rdvDuration" : "01h43",
    "srvDuration" : "00h05"
  }, {
    "id" : 82,
    "category" : 0,
    "load" : 3,
    "start" : -1,
    "destination" : 8,
    "end" : 44,
    "rdvTime" : "08h50",
    "rdvDuration" : "00h20",
    "srvDuration" : "00h04"
  }, {
    "id" : 83,
    "category" : 2,
    "load" : 3,
    "start" : 45,
    "destination" : 9,
    "end" : 45,
    "rdvTime" : "09h35",
    "rdvDuration" : "02h50",
    "srvDuration" : "00h03"
  }, {
    "id" : 84,
    "category" : 1,
    "load" : 2,
    "start" : 46,
    "destination" : 10,
    "end" : -1,
    "rdvTime" : "11h10",
    "rdvDuration" : "01h04",
    "srvDuration" : "00h05"
  }, {
    "id" : 85,
    "category" : 0,
    "load" : 1,
    "start" : -1,
    "destination" : 11,
    "end" : 47,
    "rdvTime" : "08h35",
    "rdvDuration" : "00h50",
    "srvDuration" : "00h02"
  }, {
    "id" : 86,
    "category" : 0,
    "load" : 3,
    "start" : 48,
    "destination" : 12,
    "end" : 49,
    "rdvTime" : "10h28",
    "rdvDuration" : "01h55",
    "srvDuration" : "00h02"
  }, {
    "id" : 87,
    "category" : 0,
    "load" : 1,
    "start" : 50,
    "destination" : 13,
    "end" : 50,
    "rdvTime" : "13h34",
    "rdvDuration" : "01h04",
    "srvDuration" : "00h05"
  }, {
    "id" : 88,
    "category" : 1,
    "load" : 2,
    "start" : 51,
    "destination" : 14,
    "end" : 51,
    "rdvTime" : "08h07",
    "rdvDuration" : "02h33",
    "srvDuration" : "00h04"
  }, {
    "id" : 89,
    "category" : 0,
    "load" : 2,
    "start" : 52,
    "destination" : 15,
    "end" : -1,
    "rdvTime" : "13h22",
    "rdvDuration" : "00h34",
    "srvDuration" : "00h04"
  }, {
    "id" : 90,
    "category" : 0,
    "load" : 2,
    "start" : 53,
    "destination" : 16,
    "end" : 53,
    "rdvTime" : "13h53",
    "rdvDuration" : "01h28",
    "srvDuration" : "00h05"
  }, {
    "id" : 91,
    "category" : 0,
    "load" : 1,
    "start" : 54,
    "destination" : 17,
    "end" : 54,
    "rdvTime" : "08h20",
    "rdvDuration" : "01h00",
    "srvDuration" : "00h04"
  }, {
    "id" : 92,
    "category" : 0,
    "load" : 1,
    "start" : 55,
    "destination" : 18,
    "end" : 56,
    "rdvTime" : "15h59",
    "rdvDuration" : "02h02",
    "srvDuration" : "00h03"
  }, {
    "id" : 93,
    "category" : 2,
    "load" : 3,
    "start" : 57,
    "destination" : 19,
    "end" : 57,
    "rdvTime" : "15h02",
    "rdvDuration" : "01h49",
    "srvDuration" : "00h05"
  }, {
    "id" : 94,
    "category" : 0,
    "load" : 2,
    "start" : 58,
    "destination" : 20,
    "end" : -1,
    "rdvTime" : "10h59",
    "rdvDuration" : "01h07",
    "srvDuration" : "00h05"
  }, {
    "id" : 95,
    "category" : 2,
    "load" : 3,
    "start" : 59,
    "destination" : 21,
    "end" : 59,
    "rdvTime" : "11h49",
    "rdvDuration" : "01h37",
    "srvDuration" : "00h03"
  }, {
    "id" : 96,
    "category" : 2,
    "load" : 3,
    "start" : 60,
    "destination" : 22,
    "end" : 60,
    "rdvTime" : "08h21",
    "rdvDuration" : "02h25",
    "srvDuration" : "00h03"
  }, {
    "id" : 97,
    "category" : 0,
    "load" : 2,
    "start" : -1,
    "destination" : 23,
    "end" : 61,
    "rdvTime" : "13h27",
    "rdvDuration" : "01h39",
    "srvDuration" : "00h05"
  }, {
    "id" : 98,
    "category" : 1,
    "load" : 3,
    "start" : 62,
    "destination" : 24,
    "end" : 62,
    "rdvTime" : "13h17",
    "rdvDuration" : "01h57",
    "srvDuration" : "00h04"
  }, {
    "id" : 99,
    "category" : 1,
    "load" : 3,
    "start" : 63,
    "destination" : 25,
    "end" : 63,
    "rdvTime" : "15h20",
    "rdvDuration" : "02h02",
    "srvDuration" : "00h04"
  }, {
    "id" : 100,
    "category" : 1,
    "load" : 2,
    "start" : 64,
    "destination" : 26,
    "end" : 64,
    "rdvTime" : "14h49",
    "rdvDuration" : "02h06",
    "srvDuration" : "00h04"
  }, {
    "id" : 101,
    "category" : 0,
    "load" : 3,
    "start" : 65,
    "destination" : 27,
    "end" : 66,
    "rdvTime" : "11h20",
    "rdvDuration" : "01h15",
    "srvDuration" : "00h04"
  }, {
    "id" : 102,
    "category" : 2,
    "load" : 2,
    "start" : 67,
    "destination" : 28,
    "end" : 67,
    "rdvTime" : "11h43",
    "rdvDuration" : "00h19",
    "srvDuration" : "00h02"
  }, {
    "id" : 103,
    "category" : 2,
    "load" : 2,
    "start" : 68,
    "destination" : 29,
    "end" : 68,
    "rdvTime" : "11h18",
    "rdvDuration" : "02h49",
    "srvDuration" : "00h05"
  }, {
    "id" : 104,
    "category" : 0,
    "load" : 2,
    "start" : 69,
    "destination" : 30,
    "end" : -1,
    "rdvTime" : "12h08",
    "rdvDuration" : "01h14",
    "srvDuration" : "00h05"
  }, {
    "id" : 105,
    "category" : 2,
    "load" : 2,
    "start" : 70,
    "destination" : 31,
    "end" : 70,
    "rdvTime" : "11h56",
    "rdvDuration" : "02h51",
    "srvDuration" : "00h03"
  } ],
  "distMatrix" : [ [ 0, 4, 11, 16, 6, 12, 6, 5, 3, 8, 6, 7, 12, 12, 6, 8, 7, 10, 2, 7, 6, 7, 6, 8, 7, 14, 8, 7, 15, 14, 8, 6, 16, 15, 7, 3, 5, 15, 9, 6, 8, 6, 12, 4, 4, 8, 6, 11, 2, 3, 5, 6, 4, 5, 5, 15, 14, 13, 6, 8, 9, 5, 8, 12, 8, 7, 13, 5, 12, 2, 5 ], [ 4, 0, 8, 12, 4, 8, 2, 4, 3, 5, 3, 5, 9, 10, 5, 7, 3, 9, 3, 4, 3, 5, 5, 7, 6, 10, 7, 7, 12, 10, 7, 6, 12, 11, 4, 5, 2, 11, 7, 3, 5, 5, 8, 6, 7, 4, 7, 8, 3, 6, 6, 6, 1, 6, 6, 12, 11, 10, 7, 6, 5, 7, 5, 10, 5, 8, 10, 6, 9, 5, 5 ], [ 11, 8, 0, 12, 12, 8, 6, 6, 11, 8, 5, 12, 13, 17, 5, 3, 9, 2, 8, 10, 8, 4, 13, 4, 13, 6, 15, 5, 9, 9, 3, 7, 14, 5, 8, 13, 7, 7, 14, 7, 10, 6, 9, 10, 10, 7, 15, 0, 11, 11, 14, 14, 9, 14, 14, 15, 15, 6, 8, 13, 7, 8, 11, 3, 4, 16, 14, 9, 4, 13, 6 ], [ 16, 12, 12, 0, 12, 4, 11, 14, 13, 8, 10, 10, 6, 12, 14, 14, 9, 14, 15, 9, 9, 13, 13, 14, 12, 6, 13, 15, 4, 3, 13, 16, 3, 9, 8, 16, 10, 7, 11, 9, 8, 15, 4, 18, 18, 8, 17, 12, 14, 18, 15, 14, 12, 15, 16, 6, 6, 6, 18, 10, 7, 18, 9, 10, 9, 16, 6, 17, 8, 17, 15 ], [ 6, 4, 12, 12, 0, 9, 6, 9, 3, 6, 7, 2, 7, 6, 9, 11, 4, 13, 7, 3, 5, 10, 1, 11, 1, 12, 2, 11, 13, 11, 11, 10, 11, 14, 5, 4, 5, 14, 3, 5, 4, 10, 9, 9, 10, 6, 4, 12, 3, 9, 3, 2, 4, 2, 3, 10, 9, 13, 11, 3, 7, 11, 3, 13, 8, 4, 8, 10, 12, 5, 9 ], [ 12, 8, 8, 4, 9, 0, 7, 10, 10, 4, 6, 8, 6, 11, 10, 10, 6, 10, 11, 6, 6, 9, 10, 10, 10, 4, 11, 11, 4, 2, 9, 12, 6, 6, 4, 12, 6, 5, 9, 5, 5, 11, 1, 13, 14, 4, 14, 8, 10, 14, 12, 11, 8, 12, 13, 7, 7, 4, 13, 8, 3, 13, 7, 7, 5, 14, 6, 13, 5, 13, 11 ], [ 6, 2, 6, 11, 6, 7, 0, 3, 5, 4, 1, 6, 9, 11, 4, 5, 4, 7, 4, 5, 3, 4, 7, 5, 8, 8, 9, 5, 10, 9, 5, 5, 12, 9, 3, 7, 2, 9, 8, 2, 5, 4, 7, 7, 7, 3, 9, 6, 5, 8, 8, 8, 3, 8, 8, 12, 11, 8, 7, 7, 4, 7, 6, 7, 2, 10, 10, 7, 7, 7, 4 ], [ 5, 4, 6, 14, 9, 10, 3, 0, 6, 7, 4, 9, 13, 14, 1, 3, 7, 5, 3, 8, 6, 2, 9, 3, 10, 10, 11, 2, 12, 11, 3, 2, 15, 11, 7, 8, 5, 11, 11, 5, 8, 1, 11, 4, 5, 7, 10, 6, 6, 6, 9, 10, 5, 10, 10, 15, 15, 10, 4, 10, 7, 3, 9, 8, 5, 11, 13, 4, 8, 7, 1 ], [ 3, 3, 11, 13, 3, 10, 5, 6, 0, 6, 6, 4, 9, 9, 7, 9, 4, 11, 4, 4, 4, 8, 3, 9, 4, 12, 5, 9, 13, 12, 9, 8, 13, 14, 5, 3, 4, 14, 6, 5, 5, 7, 10, 7, 7, 6, 5, 11, 1, 6, 3, 4, 2, 3, 3, 12, 11, 12, 8, 5, 7, 8, 5, 12, 7, 5, 10, 7, 11, 3, 7 ], [ 8, 5, 8, 8, 6, 4, 4, 7, 6, 0, 3, 4, 6, 9, 7, 8, 2, 9, 7, 3, 2, 7, 7, 8, 6, 6, 8, 9, 7, 6, 7, 9, 8, 9, 1, 9, 3, 8, 6, 2, 2, 8, 4, 10, 11, 1, 10, 8, 7, 11, 9, 8, 4, 8, 9, 8, 8, 7, 11, 5, 1, 10, 4, 8, 4, 10, 6, 10, 6, 9, 8 ], [ 6, 3, 5, 10, 7, 6, 1, 4, 6, 3, 0, 6, 9, 12, 4, 5, 4, 6, 5, 5, 3, 4, 8, 5, 8, 7, 9, 6, 9, 8, 4, 6, 11, 8, 3, 8, 2, 8, 9, 2, 5, 5, 7, 7, 8, 3, 10, 5, 6, 8, 9, 9, 4, 9, 9, 11, 11, 7, 8, 7, 3, 7, 6, 6, 2, 11, 10, 7, 6, 8, 5 ], [ 7, 5, 12, 10, 2, 8, 6, 9, 4, 4, 6, 0, 5, 5, 9, 11, 3, 13, 8, 1, 4, 10, 2, 11, 2, 11, 3, 11, 11, 9, 11, 11, 9, 13, 4, 6, 5, 12, 2, 4, 2, 10, 7, 11, 11, 5, 7, 12, 5, 10, 5, 4, 4, 5, 5, 8, 7, 11, 12, 1, 5, 12, 1, 12, 7, 6, 6, 11, 11, 7, 10 ], [ 12, 9, 13, 6, 7, 6, 9, 13, 9, 6, 9, 5, 0, 5, 13, 14, 6, 15, 12, 5, 7, 12, 7, 14, 6, 9, 7, 14, 9, 7, 13, 15, 4, 12, 6, 11, 8, 11, 5, 7, 4, 14, 5, 15, 16, 6, 11, 13, 10, 15, 10, 8, 8, 9, 10, 3, 2, 10, 16, 5, 6, 16, 4, 12, 9, 11, 1, 15, 10, 12, 13 ], [ 12, 10, 17, 12, 6, 11, 11, 14, 9, 9, 12, 5, 5, 0, 15, 16, 8, 18, 13, 7, 9, 15, 6, 16, 5, 14, 4, 17, 14, 12, 16, 16, 9, 17, 9, 9, 10, 16, 3, 10, 7, 15, 10, 16, 16, 9, 9, 17, 9, 15, 8, 6, 9, 7, 8, 7, 6, 15, 17, 4, 10, 17, 5, 17, 12, 8, 5, 16, 15, 11, 15 ], [ 6, 5, 5, 14, 9, 10, 4, 1, 7, 7, 4, 9, 13, 15, 0, 2, 7, 5, 3, 8, 6, 1, 10, 2, 11, 10, 12, 2, 12, 11, 3, 2, 15, 10, 7, 9, 5, 11, 12, 6, 8, 1, 10, 5, 5, 7, 11, 5, 7, 6, 10, 10, 6, 10, 10, 15, 15, 10, 4, 10, 7, 4, 10, 7, 4, 12, 13, 4, 8, 8, 1 ], [ 8, 7, 3, 14, 11, 10, 5, 3, 9, 8, 5, 11, 14, 16, 2, 0, 8, 2, 6, 10, 8, 2, 12, 0, 13, 9, 14, 2, 11, 11, 1, 3, 15, 8, 8, 11, 7, 10, 13, 7, 10, 3, 11, 7, 7, 8, 13, 3, 9, 8, 12, 13, 8, 12, 12, 16, 16, 9, 5, 12, 8, 5, 11, 6, 5, 14, 14, 6, 7, 10, 3 ], [ 7, 3, 9, 9, 4, 6, 4, 7, 4, 2, 4, 3, 6, 8, 7, 8, 0, 10, 6, 1, 1, 7, 5, 8, 5, 8, 6, 9, 9, 8, 8, 9, 9, 11, 1, 7, 2, 10, 5, 2, 2, 8, 6, 9, 10, 2, 8, 9, 5, 10, 7, 6, 2, 6, 7, 9, 8, 9, 10, 4, 3, 10, 3, 9, 5, 8, 7, 9, 8, 7, 8 ], [ 10, 9, 2, 14, 13, 10, 7, 5, 11, 9, 6, 13, 15, 18, 5, 2, 10, 0, 8, 11, 9, 3, 14, 2, 14, 9, 15, 4, 11, 11, 2, 5, 16, 8, 9, 13, 8, 9, 15, 8, 11, 5, 11, 9, 9, 9, 15, 2, 11, 10, 14, 14, 10, 14, 15, 17, 17, 8, 7, 14, 9, 7, 13, 5, 6, 16, 15, 8, 6, 12, 5 ], [ 2, 3, 8, 15, 7, 11, 4, 3, 4, 7, 5, 8, 12, 13, 3, 6, 6, 8, 0, 7, 6, 4, 8, 5, 8, 12, 9, 5, 14, 13, 6, 4, 15, 13, 7, 6, 4, 13, 10, 5, 8, 3, 11, 3, 4, 7, 8, 8, 4, 4, 7, 8, 4, 7, 7, 15, 14, 12, 4, 9, 8, 4, 9, 10, 6, 9, 13, 3, 10, 5, 3 ], [ 7, 4, 10, 9, 3, 6, 5, 8, 4, 3, 5, 1, 5, 7, 8, 10, 1, 11, 7, 0, 2, 8, 4, 10, 4, 9, 5, 10, 10, 8, 9, 10, 9, 12, 2, 7, 3, 11, 3, 3, 1, 9, 6, 10, 11, 3, 8, 10, 5, 10, 6, 5, 3, 6, 6, 8, 7, 9, 11, 2, 4, 11, 1, 10, 6, 7, 6, 10, 9, 7, 9 ], [ 6, 3, 8, 9, 5, 6, 3, 6, 4, 2, 3, 4, 7, 9, 6, 8, 1, 9, 6, 2, 0, 6, 5, 7, 5, 8, 7, 8, 9, 8, 7, 8, 10, 10, 1, 7, 1, 9, 6, 1, 2, 7, 6, 9, 9, 2, 8, 8, 5, 9, 7, 6, 2, 7, 7, 9, 9, 8, 9, 5, 3, 9, 4, 9, 4, 9, 7, 9, 7, 7, 7 ], [ 7, 5, 4, 13, 10, 9, 4, 2, 8, 7, 4, 10, 12, 15, 1, 2, 7, 3, 4, 8, 6, 0, 11, 1, 11, 9, 12, 2, 11, 10, 1, 3, 14, 9, 7, 10, 5, 9, 12, 6, 8, 2, 10, 6, 6, 6, 12, 4, 8, 8, 11, 11, 6, 11, 11, 15, 15, 9, 5, 11, 7, 5, 10, 6, 4, 13, 13, 5, 7, 9, 3 ], [ 6, 5, 13, 13, 1, 10, 7, 9, 3, 7, 8, 2, 7, 6, 10, 12, 5, 14, 8, 4, 5, 11, 0, 12, 1, 13, 2, 12, 14, 12, 12, 11, 12, 15, 6, 4, 6, 14, 3, 6, 5, 10, 9, 10, 11, 7, 4, 13, 4, 10, 3, 1, 4, 2, 3, 10, 9, 13, 12, 3, 8, 11, 4, 14, 9, 4, 8, 11, 13, 5, 10 ], [ 8, 7, 4, 14, 11, 10, 5, 3, 9, 8, 5, 11, 14, 16, 2, 0, 8, 2, 5, 10, 7, 1, 12, 0, 12, 9, 13, 2, 12, 11, 1, 3, 15, 9, 8, 11, 6, 10, 13, 7, 10, 3, 11, 6, 7, 7, 13, 3, 9, 8, 12, 12, 7, 12, 12, 16, 16, 9, 5, 12, 8, 5, 11, 6, 5, 14, 14, 5, 7, 10, 3 ], [ 7, 6, 13, 12, 1, 10, 8, 10, 4, 6, 8, 2, 6, 5, 11, 13, 5, 14, 8, 4, 5, 11, 1, 12, 0, 13, 1, 12, 13, 12, 12, 12, 11, 15, 6, 5, 6, 14, 2, 6, 5, 11, 9, 11, 11, 7, 5, 13, 5, 10, 4, 2, 5, 3, 4, 9, 8, 13, 13, 2, 7, 12, 3, 14, 9, 4, 7, 12, 13, 6, 11 ], [ 14, 10, 6, 6, 12, 4, 8, 10, 12, 6, 7, 11, 9, 14, 10, 9, 8, 9, 12, 9, 8, 9, 13, 9, 13, 0, 14, 11, 2, 3, 8, 12, 8, 3, 7, 15, 8, 1, 12, 8, 8, 11, 5, 14, 15, 6, 17, 6, 13, 16, 15, 14, 10, 15, 15, 10, 10, 0, 14, 11, 6, 14, 10, 4, 6, 17, 10, 14, 2, 15, 11 ], [ 8, 7, 15, 13, 2, 11, 9, 11, 5, 8, 9, 3, 7, 4, 12, 14, 6, 15, 9, 5, 7, 12, 2, 13, 1, 14, 0, 13, 14, 12, 13, 13, 11, 16, 7, 5, 7, 15, 2, 7, 6, 12, 10, 12, 12, 8, 5, 15, 6, 11, 4, 2, 6, 3, 4, 9, 9, 14, 14, 3, 8, 13, 4, 15, 10, 4, 7, 12, 14, 7, 12 ], [ 7, 7, 5, 15, 11, 11, 5, 2, 9, 9, 6, 11, 14, 17, 2, 2, 9, 4, 5, 10, 8, 2, 12, 2, 12, 11, 13, 0, 13, 13, 3, 1, 17, 10, 9, 10, 7, 11, 13, 7, 10, 1, 12, 5, 5, 8, 13, 5, 8, 7, 12, 12, 8, 12, 12, 17, 17, 11, 3, 12, 9, 3, 12, 8, 6, 13, 15, 4, 9, 9, 2 ], [ 15, 12, 9, 4, 13, 4, 10, 12, 13, 7, 9, 11, 9, 14, 12, 11, 9, 11, 14, 10, 9, 11, 14, 12, 13, 2, 14, 13, 0, 2, 11, 14, 6, 5, 8, 16, 10, 3, 12, 9, 9, 13, 4, 16, 17, 8, 17, 9, 14, 17, 16, 15, 11, 15, 16, 9, 9, 3, 16, 11, 7, 16, 10, 7, 8, 17, 9, 16, 5, 16, 13 ], [ 14, 10, 9, 3, 11, 2, 9, 11, 12, 6, 8, 9, 7, 12, 11, 11, 8, 11, 13, 8, 8, 10, 12, 11, 12, 3, 12, 13, 2, 0, 10, 13, 5, 6, 7, 14, 8, 4, 10, 7, 7, 12, 3, 15, 16, 6, 16, 9, 12, 16, 14, 13, 10, 14, 15, 8, 8, 3, 15, 10, 5, 15, 8, 7, 7, 16, 7, 15, 5, 15, 12 ], [ 8, 7, 3, 13, 11, 9, 5, 3, 9, 7, 4, 11, 13, 16, 3, 1, 8, 2, 6, 9, 7, 1, 12, 1, 12, 8, 13, 3, 11, 10, 0, 4, 14, 8, 7, 11, 6, 9, 13, 6, 9, 3, 10, 7, 7, 7, 13, 2, 9, 9, 12, 12, 7, 12, 12, 15, 15, 8, 6, 12, 7, 6, 11, 5, 4, 14, 14, 6, 6, 11, 4 ], [ 6, 6, 7, 16, 10, 12, 5, 2, 8, 9, 6, 11, 15, 16, 2, 3, 9, 5, 4, 10, 8, 3, 11, 3, 12, 12, 13, 1, 14, 13, 4, 0, 17, 12, 9, 9, 7, 12, 13, 8, 10, 1, 13, 3, 4, 9, 12, 6, 8, 5, 11, 11, 7, 11, 11, 17, 17, 12, 2, 12, 9, 2, 12, 9, 7, 13, 15, 2, 10, 8, 1 ], [ 16, 12, 14, 3, 11, 6, 12, 15, 13, 8, 11, 9, 4, 9, 15, 15, 9, 16, 15, 9, 10, 14, 12, 15, 11, 8, 11, 17, 6, 5, 14, 17, 0, 11, 8, 15, 11, 9, 9, 10, 8, 16, 5, 18, 19, 8, 16, 14, 14, 19, 14, 13, 11, 14, 15, 3, 3, 9, 19, 9, 8, 18, 8, 12, 11, 15, 4, 18, 10, 16, 16 ], [ 15, 11, 5, 9, 14, 6, 9, 11, 14, 9, 8, 13, 12, 17, 10, 8, 11, 8, 13, 12, 10, 9, 15, 9, 15, 3, 16, 10, 5, 6, 8, 12, 11, 0, 9, 17, 10, 2, 15, 9, 11, 11, 8, 15, 15, 9, 18, 5, 14, 16, 17, 16, 12, 17, 17, 13, 13, 3, 13, 14, 8, 14, 12, 3, 7, 19, 13, 14, 3, 16, 11 ], [ 7, 4, 8, 8, 5, 4, 3, 7, 5, 1, 3, 4, 6, 9, 7, 8, 1, 9, 7, 2, 1, 7, 6, 8, 6, 7, 7, 9, 8, 7, 7, 9, 8, 9, 0, 8, 2, 9, 6, 1, 2, 8, 5, 10, 10, 1, 9, 8, 6, 10, 8, 7, 3, 8, 8, 8, 8, 7, 10, 5, 2, 10, 3, 8, 4, 10, 6, 10, 7, 8, 8 ], [ 3, 5, 13, 16, 4, 12, 7, 8, 3, 9, 8, 6, 11, 9, 9, 11, 7, 13, 6, 7, 7, 10, 4, 11, 5, 15, 5, 10, 16, 14, 11, 9, 15, 17, 8, 0, 7, 16, 7, 7, 8, 9, 12, 7, 8, 9, 2, 13, 2, 6, 2, 3, 5, 2, 2, 14, 13, 15, 10, 7, 10, 9, 7, 15, 10, 3, 11, 8, 14, 2, 8 ], [ 5, 2, 7, 10, 5, 6, 2, 5, 4, 3, 2, 5, 8, 10, 5, 7, 2, 8, 4, 3, 1, 5, 6, 6, 6, 8, 7, 7, 10, 8, 6, 7, 11, 10, 2, 7, 0, 10, 7, 1, 3, 6, 7, 7, 8, 2, 8, 7, 4, 8, 7, 7, 2, 7, 7, 11, 10, 8, 8, 6, 3, 8, 5, 8, 3, 9, 8, 8, 7, 7, 6 ], [ 15, 11, 7, 7, 14, 5, 9, 11, 14, 8, 8, 12, 11, 16, 11, 10, 10, 9, 13, 11, 9, 9, 14, 10, 14, 1, 15, 11, 3, 4, 9, 12, 9, 2, 9, 16, 10, 0, 14, 9, 10, 12, 6, 15, 16, 8, 18, 7, 14, 17, 16, 15, 11, 16, 17, 11, 12, 1, 14, 13, 7, 14, 11, 4, 7, 18, 11, 15, 3, 16, 12 ], [ 9, 7, 14, 11, 3, 9, 8, 11, 6, 6, 9, 2, 5, 3, 12, 13, 5, 15, 10, 3, 6, 12, 3, 13, 2, 12, 2, 13, 12, 10, 13, 13, 9, 15, 6, 7, 7, 14, 0, 6, 4, 12, 8, 13, 13, 6, 7, 14, 7, 12, 6, 4, 6, 5, 6, 7, 6, 12, 14, 1, 7, 14, 2, 14, 9, 6, 5, 13, 12, 8, 12 ], [ 6, 3, 7, 9, 5, 5, 2, 5, 5, 2, 2, 4, 7, 10, 6, 7, 2, 8, 5, 3, 1, 6, 6, 7, 6, 8, 7, 7, 9, 7, 6, 8, 10, 9, 1, 7, 1, 9, 6, 0, 3, 7, 6, 8, 9, 1, 9, 7, 5, 9, 8, 7, 2, 7, 8, 10, 9, 8, 9, 5, 2, 9, 4, 8, 3, 9, 8, 8, 7, 8, 6 ], [ 8, 5, 10, 8, 4, 5, 5, 8, 5, 2, 5, 2, 4, 7, 8, 10, 2, 11, 8, 1, 2, 8, 5, 10, 5, 8, 6, 10, 9, 7, 9, 10, 8, 11, 2, 8, 3, 10, 4, 3, 0, 9, 5, 11, 11, 2, 9, 10, 6, 11, 7, 6, 4, 7, 8, 7, 7, 8, 12, 3, 3, 11, 2, 10, 5, 9, 5, 11, 8, 8, 9 ], [ 6, 5, 6, 15, 10, 11, 4, 1, 7, 8, 5, 10, 14, 15, 1, 3, 8, 5, 3, 9, 7, 2, 10, 3, 11, 11, 12, 1, 13, 12, 3, 1, 16, 11, 8, 9, 6, 12, 12, 7, 9, 0, 11, 4, 4, 8, 11, 6, 7, 6, 10, 11, 6, 10, 10, 16, 16, 11, 3, 11, 8, 3, 10, 8, 5, 12, 14, 3, 9, 8, 0 ], [ 12, 8, 9, 4, 9, 1, 7, 11, 10, 4, 7, 7, 5, 10, 10, 11, 6, 11, 11, 6, 6, 10, 9, 11, 9, 5, 10, 12, 4, 3, 10, 13, 5, 8, 5, 12, 7, 6, 8, 6, 5, 11, 0, 14, 15, 4, 13, 9, 10, 15, 12, 10, 8, 11, 12, 6, 6, 5, 14, 7, 3, 14, 6, 8, 6, 13, 5, 14, 6, 13, 12 ], [ 4, 6, 10, 18, 9, 13, 7, 4, 7, 10, 7, 11, 15, 16, 5, 7, 9, 9, 3, 10, 9, 6, 10, 6, 11, 14, 12, 5, 16, 15, 7, 3, 18, 15, 10, 7, 7, 15, 13, 8, 11, 4, 14, 0, 1, 10, 9, 10, 6, 2, 9, 10, 7, 9, 9, 18, 17, 14, 3, 12, 11, 2, 11, 12, 9, 10, 16, 1, 12, 6, 3 ], [ 4, 7, 10, 18, 10, 14, 7, 5, 7, 11, 8, 11, 16, 16, 5, 7, 10, 9, 4, 11, 9, 6, 11, 7, 11, 15, 12, 5, 17, 16, 7, 4, 19, 15, 10, 8, 8, 16, 13, 9, 11, 4, 15, 1, 0, 10, 10, 10, 7, 2, 9, 10, 8, 10, 9, 18, 18, 15, 2, 12, 11, 2, 12, 12, 9, 11, 16, 1, 13, 6, 4 ], [ 8, 4, 7, 8, 6, 4, 3, 7, 6, 1, 3, 5, 6, 9, 7, 8, 2, 9, 7, 3, 2, 6, 7, 7, 7, 6, 8, 8, 8, 6, 7, 9, 8, 9, 1, 9, 2, 8, 6, 1, 2, 8, 4, 10, 10, 0, 10, 7, 6, 10, 9, 8, 4, 8, 9, 9, 8, 7, 10, 5, 1, 10, 4, 7, 3, 10, 7, 10, 6, 9, 8 ], [ 6, 7, 15, 17, 4, 14, 9, 10, 5, 10, 10, 7, 11, 9, 11, 13, 8, 15, 8, 8, 8, 12, 4, 13, 5, 17, 5, 13, 17, 16, 13, 12, 16, 18, 9, 2, 8, 18, 7, 9, 9, 11, 13, 9, 10, 10, 0, 15, 4, 8, 2, 3, 7, 2, 1, 14, 13, 17, 12, 7, 11, 11, 8, 17, 12, 1, 12, 10, 16, 4, 11 ], [ 11, 8, 0, 12, 12, 8, 6, 6, 11, 8, 5, 12, 13, 17, 5, 3, 9, 2, 8, 10, 8, 4, 13, 3, 13, 6, 15, 5, 9, 9, 2, 6, 14, 5, 8, 13, 7, 7, 14, 7, 10, 6, 9, 10, 10, 7, 15, 0, 11, 11, 14, 14, 9, 14, 14, 15, 15, 6, 8, 13, 7, 8, 12, 3, 4, 16, 14, 9, 4, 13, 6 ], [ 2, 3, 11, 14, 3, 10, 5, 6, 1, 7, 6, 5, 10, 9, 7, 9, 5, 11, 4, 5, 5, 8, 4, 9, 5, 13, 6, 8, 14, 12, 9, 8, 14, 14, 6, 2, 4, 14, 7, 5, 6, 7, 10, 6, 7, 6, 4, 11, 0, 6, 3, 4, 3, 3, 3, 13, 12, 13, 8, 6, 7, 8, 6, 12, 8, 5, 10, 7, 12, 2, 6 ], [ 3, 6, 11, 18, 9, 14, 8, 6, 6, 11, 8, 10, 15, 15, 6, 8, 10, 10, 4, 10, 9, 8, 10, 8, 10, 16, 11, 7, 17, 16, 9, 5, 19, 16, 10, 6, 8, 17, 12, 9, 11, 6, 15, 2, 2, 10, 8, 11, 6, 0, 8, 9, 7, 8, 8, 18, 18, 15, 4, 11, 11, 4, 11, 14, 10, 9, 16, 3, 14, 5, 5 ], [ 5, 6, 14, 15, 3, 12, 8, 9, 3, 9, 9, 5, 10, 8, 10, 12, 7, 14, 7, 6, 7, 11, 3, 12, 4, 15, 4, 12, 16, 14, 12, 11, 14, 17, 8, 2, 7, 16, 6, 8, 7, 10, 12, 9, 9, 9, 2, 14, 3, 8, 0, 2, 5, 1, 0, 13, 12, 15, 11, 5, 10, 10, 6, 15, 10, 2, 10, 10, 14, 3, 10 ], [ 6, 6, 14, 14, 2, 11, 8, 10, 4, 8, 9, 4, 8, 6, 10, 13, 6, 14, 8, 5, 6, 11, 1, 12, 2, 14, 2, 12, 15, 13, 12, 11, 13, 16, 7, 3, 7, 15, 4, 7, 6, 11, 10, 10, 10, 8, 3, 14, 4, 9, 2, 0, 5, 1, 2, 11, 10, 14, 12, 4, 9, 11, 5, 15, 10, 3, 9, 11, 14, 5, 10 ], [ 4, 1, 9, 12, 4, 8, 3, 5, 2, 4, 4, 4, 8, 9, 6, 8, 2, 10, 4, 3, 2, 6, 4, 7, 5, 10, 6, 8, 11, 10, 7, 7, 11, 12, 3, 5, 2, 11, 6, 2, 4, 6, 8, 7, 8, 4, 7, 9, 3, 7, 5, 5, 0, 5, 6, 11, 10, 10, 8, 5, 5, 8, 4, 10, 5, 7, 9, 7, 9, 5, 6 ], [ 5, 6, 14, 15, 2, 12, 8, 10, 3, 8, 9, 5, 9, 7, 10, 12, 6, 14, 7, 6, 7, 11, 2, 12, 3, 15, 3, 12, 15, 14, 12, 11, 14, 17, 8, 2, 7, 16, 5, 7, 7, 10, 11, 9, 10, 8, 2, 14, 3, 8, 1, 1, 5, 0, 1, 12, 11, 15, 11, 5, 9, 11, 6, 15, 10, 2, 10, 10, 14, 4, 10 ], [ 5, 6, 14, 16, 3, 13, 8, 10, 3, 9, 9, 5, 10, 8, 10, 12, 7, 15, 7, 6, 7, 11, 3, 12, 4, 15, 4, 12, 16, 15, 12, 11, 15, 17, 8, 2, 7, 17, 6, 8, 8, 10, 12, 9, 9, 9, 1, 14, 3, 8, 0, 2, 6, 1, 0, 13, 12, 15, 11, 6, 10, 10, 7, 15, 11, 2, 11, 10, 15, 3, 10 ], [ 15, 12, 15, 6, 10, 7, 12, 15, 12, 8, 11, 8, 3, 7, 15, 16, 9, 17, 15, 8, 9, 15, 10, 16, 9, 10, 9, 17, 9, 8, 15, 17, 3, 13, 8, 14, 11, 11, 7, 10, 7, 16, 6, 18, 18, 9, 14, 15, 13, 18, 13, 11, 11, 12, 13, 0, 1, 11, 19, 7, 8, 18, 7, 14, 11, 13, 2, 18, 12, 15, 16 ], [ 14, 11, 15, 6, 9, 7, 11, 15, 11, 8, 11, 7, 2, 6, 15, 16, 8, 17, 14, 7, 9, 15, 9, 16, 8, 10, 9, 17, 9, 8, 15, 17, 3, 13, 8, 13, 10, 12, 6, 9, 7, 16, 6, 17, 18, 8, 13, 15, 12, 18, 12, 10, 10, 11, 12, 1, 0, 11, 18, 7, 8, 18, 6, 14, 11, 13, 2, 18, 12, 14, 16 ], [ 13, 10, 6, 6, 13, 4, 8, 10, 12, 7, 7, 11, 10, 15, 10, 9, 9, 8, 12, 9, 8, 9, 13, 9, 13, 0, 14, 11, 3, 3, 8, 12, 9, 3, 7, 15, 8, 1, 12, 8, 8, 11, 5, 14, 15, 7, 17, 6, 13, 15, 15, 14, 10, 15, 15, 11, 11, 0, 13, 11, 6, 13, 10, 4, 6, 17, 10, 14, 2, 15, 11 ], [ 6, 7, 8, 18, 11, 13, 7, 4, 8, 11, 8, 12, 16, 17, 4, 5, 10, 7, 4, 11, 9, 5, 12, 5, 13, 14, 14, 3, 16, 15, 6, 2, 19, 13, 10, 10, 8, 14, 14, 9, 12, 3, 14, 3, 2, 10, 12, 8, 8, 4, 11, 12, 8, 11, 11, 19, 18, 13, 0, 13, 11, 1, 13, 11, 8, 13, 17, 1, 11, 8, 3 ], [ 8, 6, 13, 10, 3, 8, 7, 10, 5, 5, 7, 1, 5, 4, 10, 12, 4, 14, 9, 2, 5, 11, 3, 12, 2, 11, 3, 12, 11, 10, 12, 12, 9, 14, 5, 7, 6, 13, 1, 5, 3, 11, 7, 12, 12, 5, 7, 13, 6, 11, 5, 4, 5, 5, 6, 7, 7, 11, 13, 0, 6, 13, 1, 13, 8, 6, 5, 12, 11, 8, 11 ], [ 9, 5, 7, 7, 7, 3, 4, 7, 7, 1, 3, 5, 6, 10, 7, 8, 3, 9, 8, 4, 3, 7, 8, 8, 7, 6, 8, 9, 7, 5, 7, 9, 8, 8, 2, 10, 3, 7, 7, 2, 3, 8, 3, 11, 11, 1, 11, 7, 7, 11, 10, 9, 5, 9, 10, 8, 8, 6, 11, 6, 0, 11, 5, 7, 3, 11, 7, 10, 5, 10, 8 ], [ 5, 7, 8, 18, 11, 13, 7, 3, 8, 10, 7, 12, 16, 17, 4, 5, 10, 7, 4, 11, 9, 5, 11, 5, 12, 14, 13, 3, 16, 15, 6, 2, 18, 14, 10, 9, 8, 14, 14, 9, 11, 3, 14, 2, 2, 10, 11, 8, 8, 4, 10, 11, 8, 11, 10, 18, 18, 13, 1, 13, 11, 0, 12, 11, 8, 12, 16, 1, 11, 8, 2 ], [ 8, 5, 11, 9, 3, 7, 6, 9, 5, 4, 6, 1, 4, 5, 10, 11, 3, 13, 9, 1, 4, 10, 4, 11, 3, 10, 4, 12, 10, 8, 11, 12, 8, 12, 3, 7, 5, 11, 2, 4, 2, 10, 6, 11, 12, 4, 8, 12, 6, 11, 6, 5, 4, 6, 7, 7, 6, 10, 13, 1, 5, 12, 0, 12, 7, 7, 4, 12, 10, 8, 10 ], [ 12, 10, 3, 10, 13, 7, 7, 8, 12, 8, 6, 12, 12, 17, 7, 6, 9, 5, 10, 10, 9, 6, 14, 6, 14, 4, 15, 8, 7, 7, 5, 9, 12, 3, 8, 15, 8, 4, 14, 8, 10, 8, 8, 12, 12, 7, 17, 3, 12, 14, 15, 15, 10, 15, 15, 14, 14, 4, 11, 13, 7, 11, 12, 0, 5, 17, 13, 11, 2, 14, 9 ], [ 8, 5, 4, 9, 8, 5, 2, 5, 7, 4, 2, 7, 9, 12, 4, 5, 5, 6, 6, 6, 4, 4, 9, 5, 9, 6, 10, 6, 8, 7, 4, 7, 11, 7, 4, 10, 3, 7, 9, 3, 5, 5, 6, 9, 9, 3, 12, 4, 8, 10, 10, 10, 5, 10, 11, 11, 11, 6, 8, 8, 3, 8, 7, 5, 0, 12, 10, 8, 4, 10, 6 ], [ 7, 8, 16, 16, 4, 14, 10, 11, 5, 10, 11, 6, 11, 8, 12, 14, 8, 16, 9, 7, 9, 13, 4, 14, 4, 17, 4, 13, 17, 16, 14, 13, 15, 19, 10, 3, 9, 18, 6, 9, 9, 12, 13, 10, 11, 10, 1, 16, 5, 9, 2, 3, 7, 2, 2, 13, 13, 17, 13, 6, 11, 12, 7, 17, 12, 0, 11, 11, 16, 5, 12 ], [ 13, 10, 14, 6, 8, 6, 10, 13, 10, 6, 10, 6, 1, 5, 13, 14, 7, 15, 13, 6, 7, 13, 8, 14, 7, 10, 7, 15, 9, 7, 14, 15, 4, 13, 6, 11, 8, 11, 5, 8, 5, 14, 5, 16, 16, 7, 12, 14, 10, 16, 10, 9, 9, 10, 11, 2, 2, 10, 17, 5, 7, 16, 4, 13, 10, 11, 0, 16, 11, 13, 14 ], [ 5, 6, 9, 17, 10, 13, 7, 4, 7, 10, 7, 11, 15, 16, 4, 6, 9, 8, 3, 10, 9, 5, 11, 5, 12, 14, 12, 4, 16, 15, 6, 2, 18, 14, 10, 8, 8, 15, 13, 8, 11, 3, 14, 1, 1, 10, 10, 9, 7, 3, 10, 11, 7, 10, 10, 18, 18, 14, 1, 12, 10, 1, 12, 11, 8, 11, 16, 0, 12, 7, 3 ], [ 12, 9, 4, 8, 12, 5, 7, 8, 11, 6, 6, 11, 10, 15, 8, 7, 8, 6, 10, 9, 7, 7, 13, 7, 13, 2, 14, 9, 5, 5, 6, 10, 10, 3, 7, 14, 7, 3, 12, 7, 8, 9, 6, 12, 13, 6, 16, 4, 12, 14, 14, 14, 9, 14, 15, 12, 12, 2, 11, 11, 5, 11, 10, 2, 4, 16, 11, 12, 0, 14, 9 ], [ 2, 5, 13, 17, 5, 13, 7, 7, 3, 9, 8, 7, 12, 11, 8, 10, 7, 12, 5, 7, 7, 9, 5, 10, 6, 15, 7, 9, 16, 15, 11, 8, 16, 16, 8, 2, 7, 16, 8, 8, 8, 8, 13, 6, 6, 9, 4, 13, 2, 5, 3, 5, 5, 4, 3, 15, 14, 15, 8, 8, 10, 8, 8, 14, 10, 5, 13, 7, 14, 0, 7 ], [ 5, 5, 6, 15, 9, 11, 4, 1, 7, 8, 5, 10, 13, 15, 1, 3, 8, 5, 3, 9, 7, 3, 10, 3, 11, 11, 12, 2, 13, 12, 4, 1, 16, 11, 8, 8, 6, 12, 12, 6, 9, 0, 12, 3, 4, 8, 11, 6, 6, 5, 10, 10, 6, 10, 10, 16, 16, 11, 3, 11, 8, 2, 10, 9, 6, 12, 14, 3, 9, 7, 0 ] ]
}