{
  "version" : "0.3",
  "id" : 1419403115,
  "name" : "PTP-RAND-2_48_4_48",
  "coordType" : "Eucl",
  "sameVehicleBackward" : false,
  "maxWaitTime" : "00h30",
  "places" : [ {
    "id" : 0,
    "lat" : 1.7834236910375267,
    "long" : 4.128437562046469,
    "category" : 0
  }, {
    "id" : 1,
    "lat" : -7.616544816743761,
    "long" : -2.6223990506531694,
    "category" : 0
  }, {
    "id" : 2,
    "lat" : 9.275315422000121,
    "long" : -0.15494018704390572,
    "category" : 0
  }, {
    "id" : 3,
    "lat" : -2.2556689197228157,
    "long" : 9.345198695671957,
    "category" : 0
  }, {
    "id" : 4,
    "lat" : -1.9434217089831833,
    "long" : -6.408074951058396,
    "category" : 0
  }, {
    "id" : 5,
    "lat" : 4.418326594070377,
    "long" : -5.861025611072907,
    "category" : 0
  }, {
    "id" : 6,
    "lat" : -4.986452168663456,
    "long" : -8.127245551727826,
    "category" : 0
  }, {
    "id" : 7,
    "lat" : -1.5914377248776401,
    "long" : 7.052209893457679,
    "category" : 0
  }, {
    "id" : 8,
    "lat" : 0.09819152517885302,
    "long" : -9.843275572075914,
    "category" : 0
  }, {
    "id" : 9,
    "lat" : -1.9703298157167692,
    "long" : 1.2320969799037453,
    "category" : 0
  }, {
    "id" : 10,
    "lat" : -8.867689410512945,
    "long" : 3.886644664215486,
    "category" : 0
  }, {
    "id" : 11,
    "lat" : 2.1711083035757905,
    "long" : -8.906272553099479,
    "category" : 0
  }, {
    "id" : 12,
    "lat" : -4.105328427746408,
    "long" : -4.805269440189339,
    "category" : 0
  }, {
    "id" : 13,
    "lat" : 2.4256219760056905,
    "long" : 4.943078129639172,
    "category" : 0
  }, {
    "id" : 14,
    "lat" : -8.651175984349813,
    "long" : -3.4065964798182873,
    "category" : 0
  }, {
    "id" : 15,
    "lat" : 5.0676518365349335,
    "long" : 6.647264879319935,
    "category" : 0
  }, {
    "id" : 16,
    "lat" : -2.2224627415692466,
    "long" : -0.4767423772103033,
    "category" : 0
  }, {
    "id" : 17,
    "lat" : 5.484861343326689,
    "long" : 4.483744444713812,
    "category" : 0
  }, {
    "id" : 18,
    "lat" : -1.3218564499174845,
    "long" : -7.0304920979251335,
    "category" : 0
  }, {
    "id" : 19,
    "lat" : 6.773628217444805,
    "long" : -1.4260315438839521,
    "category" : 0
  }, {
    "id" : 20,
    "lat" : -1.5066958294510366,
    "long" : -8.30429442904798,
    "category" : 0
  }, {
    "id" : 21,
    "lat" : -9.281560223989882,
    "long" : -1.3311226366918334,
    "category" : 0
  }, {
    "id" : 22,
    "lat" : 3.9855086967468605,
    "long" : 6.2244025331377895,
    "category" : 0
  }, {
    "id" : 23,
    "lat" : 2.885211090630798,
    "long" : 0.20770372774325385,
    "category" : 0
  }, {
    "id" : 24,
    "lat" : 5.570958407291308,
    "long" : -3.9039630998324206,
    "category" : 0
  }, {
    "id" : 25,
    "lat" : -8.161538661288166,
    "long" : 4.584700740409665,
    "category" : 0
  }, {
    "id" : 26,
    "lat" : 1.9242667379157856,
    "long" : -1.6732215447406038,
    "category" : 0
  }, {
    "id" : 27,
    "lat" : -0.5049403772196325,
    "long" : -4.579952962220742,
    "category" : 0
  }, {
    "id" : 28,
    "lat" : -2.2860566090956094,
    "long" : 1.3942299259062034,
    "category" : 0
  }, {
    "id" : 29,
    "lat" : 0.22862929031437754,
    "long" : -0.12158495758221642,
    "category" : 0
  }, {
    "id" : 30,
    "lat" : -8.688426977416606,
    "long" : 4.909809603894833,
    "category" : 0
  }, {
    "id" : 31,
    "lat" : 1.8746127649468665,
    "long" : 9.55010001946551,
    "category" : 0
  }, {
    "id" : 32,
    "lat" : -7.563307015825783,
    "long" : 4.347335450692497,
    "category" : 0
  }, {
    "id" : 33,
    "lat" : 0.7735380993702384,
    "long" : 9.71147291334692,
    "category" : 0
  }, {
    "id" : 34,
    "lat" : 0.8239529551811642,
    "long" : -8.571480203014737,
    "category" : 0
  }, {
    "id" : 35,
    "lat" : -8.524364429540983,
    "long" : -3.9234292862569746,
    "category" : 0
  }, {
    "id" : 36,
    "lat" : -5.545475268470235,
    "long" : 2.973825332197851,
    "category" : 0
  }, {
    "id" : 37,
    "lat" : 0.28033308709951743,
    "long" : -9.285451372602253,
    "category" : 0
  }, {
    "id" : 38,
    "lat" : -6.500121559695102,
    "long" : -5.637940602922764,
    "category" : 0
  }, {
    "id" : 39,
    "lat" : 5.05131742459691,
    "long" : -1.4277413551799563,
    "category" : 0
  }, {
    "id" : 40,
    "lat" : -2.5621403349718475,
    "long" : -5.781993509387874,
    "category" : 0
  }, {
    "id" : 41,
    "lat" : 2.1409208447180084,
    "long" : 8.848607281785018,
    "category" : 0
  }, {
    "id" : 42,
    "lat" : 8.123352806614053,
    "long" : -4.621610529182457,
    "category" : 0
  }, {
    "id" : 43,
    "lat" : 8.76960552699828,
    "long" : -4.77777362437336,
    "category" : 0
  }, {
    "id" : 44,
    "lat" : -5.60891000971726,
    "long" : 7.942555880320351,
    "category" : 0
  }, {
    "id" : 45,
    "lat" : 9.474501863317624,
    "long" : 2.999513094085551,
    "category" : 0
  }, {
    "id" : 46,
    "lat" : -5.760939730826242,
    "long" : 7.467305367307995,
    "category" : 0
  }, {
    "id" : 47,
    "lat" : -2.9464955498029832,
    "long" : -3.4224810657505627,
    "category" : 0
  }, {
    "id" : 48,
    "lat" : -3.7530093752760334,
    "long" : 2.8292224563562067,
    "category" : 1
  }, {
    "id" : 49,
    "lat" : -5.457368663547576,
    "long" : 7.53951516408616,
    "category" : 1
  }, {
    "id" : 50,
    "lat" : -3.1344485315737014,
    "long" : 4.218803408163307,
    "category" : 1
  }, {
    "id" : 51,
    "lat" : 0.6403786925856705,
    "long" : 1.7310589765091011,
    "category" : 1
  }, {
    "id" : 52,
    "lat" : -0.2841309951005773,
    "long" : -9.080227474169872,
    "category" : 2
  }, {
    "id" : 53,
    "lat" : -3.1898309477668763,
    "long" : -3.8936813175019838,
    "category" : 2
  }, {
    "id" : 54,
    "lat" : 5.359657637086602,
    "long" : 7.023504093905286,
    "category" : 2
  }, {
    "id" : 55,
    "lat" : 5.379586534138883,
    "long" : 4.774877011193517,
    "category" : 2
  }, {
    "id" : 56,
    "lat" : -8.60859564725624,
    "long" : -2.667698683017585,
    "category" : 2
  }, {
    "id" : 57,
    "lat" : 4.774021849582081,
    "long" : 3.9373108553765395,
    "category" : 2
  }, {
    "id" : 58,
    "lat" : -9.774465524112086,
    "long" : 1.5305897164327487,
    "category" : 2
  }, {
    "id" : 59,
    "lat" : 4.4268915897699594,
    "long" : -6.982151935357259,
    "category" : 2
  }, {
    "id" : 60,
    "lat" : -1.7586886394057744,
    "long" : 8.332246614383758,
    "category" : 2
  }, {
    "id" : 61,
    "lat" : -2.9046394057745886,
    "long" : 9.567651415296726,
    "category" : 2
  }, {
    "id" : 62,
    "lat" : -4.4728916078987595,
    "long" : -0.749479107336674,
    "category" : 2
  }, {
    "id" : 63,
    "lat" : 1.9760263101839841,
    "long" : 6.074812424233493,
    "category" : 2
  }, {
    "id" : 64,
    "lat" : -2.6780501959432903,
    "long" : -9.017944943775491,
    "category" : 2
  }, {
    "id" : 65,
    "lat" : 1.400298613777373,
    "long" : 1.591423696178278,
    "category" : 2
  }, {
    "id" : 66,
    "lat" : 2.715590992788981,
    "long" : 8.31868921636909,
    "category" : 2
  }, {
    "id" : 67,
    "lat" : 4.384025936385571,
    "long" : -8.515114580183276,
    "category" : 2
  }, {
    "id" : 68,
    "lat" : -4.460463632990749,
    "long" : 0.474793228554543,
    "category" : 2
  }, {
    "id" : 69,
    "lat" : -2.9953410201812605,
    "long" : -3.7146845046692243,
    "category" : 2
  }, {
    "id" : 70,
    "lat" : -0.5454875939185209,
    "long" : 2.1952141551307736,
    "category" : 2
  }, {
    "id" : 71,
    "lat" : 0.08148557901408995,
    "long" : -4.035216157882019,
    "category" : 2
  }, {
    "id" : 72,
    "lat" : -3.2562106403407833,
    "long" : -6.626524014886926,
    "category" : 2
  }, {
    "id" : 73,
    "lat" : 9.60461977225798,
    "long" : -2.0072324410222055,
    "category" : 2
  }, {
    "id" : 74,
    "lat" : 0.5921532162561322,
    "long" : -1.4437496486772818,
    "category" : 2
  }, {
    "id" : 75,
    "lat" : 4.25947989038884,
    "long" : 6.887137190867342,
    "category" : 2
  }, {
    "id" : 76,
    "lat" : 8.286299387728366,
    "long" : -3.8763549087706726,
    "category" : 2
  }, {
    "id" : 77,
    "lat" : 8.68945843006266,
    "long" : 2.786528660087853,
    "category" : 2
  }, {
    "id" : 78,
    "lat" : -1.71608030123321,
    "long" : -0.6287226975053217,
    "category" : 2
  }, {
    "id" : 79,
    "lat" : 3.433186327163548,
    "long" : -1.724783613142057,
    "category" : 2
  }, {
    "id" : 80,
    "lat" : 7.76228824643804,
    "long" : 5.3044329377247985,
    "category" : 2
  }, {
    "id" : 81,
    "lat" : 3.0205767214145602,
    "long" : -5.864610981257406,
    "category" : 2
  }, {
    "id" : 82,
    "lat" : -3.161510373151616,
    "long" : 3.2300753702934446,
    "category" : 2
  }, {
    "id" : 83,
    "lat" : -2.298924945729645,
    "long" : -8.083742933850749,
    "category" : 2
  }, {
    "id" : 84,
    "lat" : -2.9664653306132402,
    "long" : -8.178745325546398,
    "category" : 2
  }, {
    "id" : 85,
    "lat" : -7.397033334526611,
    "long" : 0.5537350771711593,
    "category" : 2
  }, {
    "id" : 86,
    "lat" : -1.9929538038174979,
    "long" : -2.1158693264626764,
    "category" : 2
  }, {
    "id" : 87,
    "lat" : -6.683181777265517,
    "long" : 6.0139920013093,
    "category" : 2
  }, {
    "id" : 88,
    "lat" : -5.025819245031744,
    "long" : -7.7760124054855,
    "category" : 2
  }, {
    "id" : 89,
    "lat" : -9.516361567328723,
    "long" : 0.6910722980939766,
    "category" : 2
  }, {
    "id" : 90,
    "lat" : -0.4644882476255337,
    "long" : 2.403930594538365,
    "category" : 2
  }, {
    "id" : 91,
    "lat" : -5.953356164815449,
    "long" : 5.438302192617103,
    "category" : 2
  }, {
    "id" : 92,
    "lat" : -4.093588380756819,
    "long" : -5.812069390807889,
    "category" : 2
  }, {
    "id" : 93,
    "lat" : 4.394330672242242,
    "long" : 6.98414722576295,
    "category" : 2
  }, {
    "id" : 94,
    "lat" : 1.041762739290704,
    "long" : -1.742830849414911,
    "category" : 2
  }, {
    "id" : 95,
    "lat" : -0.5325120172351858,
    "long" : 1.1746115997817015,
    "category" : 2
  }, {
    "id" : 96,
    "lat" : 1.2146500236146582,
    "long" : -9.571269903565469,
    "category" : 2
  }, {
    "id" : 97,
    "lat" : 6.593876253757475,
    "long" : 6.541368351480152,
    "category" : 2
  }, {
    "id" : 98,
    "lat" : 5.948233922314903,
    "long" : -5.61164879563523,
    "category" : 2
  }, {
    "id" : 99,
    "lat" : -2.810996882886266,
    "long" : -7.441726947523294,
    "category" : 2
  }, {
    "id" : 100,
    "lat" : -3.251513541735913,
    "long" : -7.566563595900442,
    "category" : 2
  }, {
    "id" : 101,
    "lat" : 1.8735291381174035,
    "long" : 2.4038892960603353,
    "category" : 2
  }, {
    "id" : 102,
    "lat" : 8.799779228808944,
    "long" : -1.340786424606939,
    "category" : 2
  }, {
    "id" : 103,
    "lat" : -4.992451057889482,
    "long" : 1.8991775546003644,
    "category" : 2
  }, {
    "id" : 104,
    "lat" : -8.46468230551531,
    "long" : -0.6946551476303061,
    "category" : 2
  }, {
    "id" : 105,
    "lat" : 7.955947276627706,
    "long" : -3.049253078700997,
    "category" : 2
  }, {
    "id" : 106,
    "lat" : 7.649704944145196,
    "long" : -1.5377976303581198,
    "category" : 2
  } ],
  "vehicles" : [ {
    "id" : 107,
    "canTake" : [ 0 ],
    "start" : 48,
    "end" : 48,
    "capacity" : 4,
    "availability" : [ "07h00:18h00" ]
  }, {
    "id" : 108,
    "canTake" : [ 1 ],
    "start" : 49,
    "end" : 49,
    "capacity" : 4,
    "availability" : [ "07h00:20h00" ]
  }, {
    "id" : 109,
    "canTake" : [ 1 ],
    "start" : 50,
    "end" : 50,
    "capacity" : 5,
    "availability" : [ "07h00:15h00", "19h00:20h00" ]
  }, {
    "id" : 110,
    "canTake" : [ 2 ],
    "start" : 51,
    "end" : 51,
    "capacity" : 4,
    "availability" : [ "07h00:20h00" ]
  } ],
  "patients" : [ {
    "id" : 111,
    "category" : 1,
    "load" : 3,
    "start" : 52,
    "destination" : 0,
    "end" : 53,
    "rdvTime" : "11h28",
    "rdvDuration" : "00h43",
    "srvDuration" : "00h04"
  }, {
    "id" : 112,
    "category" : 1,
    "load" : 2,
    "start" : 54,
    "destination" : 1,
    "end" : 55,
    "rdvTime" : "11h40",
    "rdvDuration" : "01h13",
    "srvDuration" : "00h05"
  }, {
    "id" : 113,
    "category" : 1,
    "load" : 1,
    "start" : 56,
    "destination" : 2,
    "end" : 56,
    "rdvTime" : "09h34",
    "rdvDuration" : "01h35",
    "srvDuration" : "00h02"
  }, {
    "id" : 114,
    "category" : 2,
    "load" : 3,
    "start" : 57,
    "destination" : 3,
    "end" : 57,
    "rdvTime" : "08h51",
    "rdvDuration" : "01h38",
    "srvDuration" : "00h05"
  }, {
    "id" : 115,
    "category" : 1,
    "load" : 1,
    "start" : 58,
    "destination" : 4,
    "end" : 58,
    "rdvTime" : "12h04",
    "rdvDuration" : "02h22",
    "srvDuration" : "00h05"
  }, {
    "id" : 116,
    "category" : 2,
    "load" : 1,
    "start" : 59,
    "destination" : 5,
    "end" : 59,
    "rdvTime" : "15h17",
    "rdvDuration" : "02h58",
    "srvDuration" : "00h04"
  }, {
    "id" : 117,
    "category" : 1,
    "load" : 3,
    "start" : 60,
    "destination" : 6,
    "end" : 60,
    "rdvTime" : "12h50",
    "rdvDuration" : "01h17",
    "srvDuration" : "00h04"
  }, {
    "id" : 118,
    "category" : 2,
    "load" : 3,
    "start" : 61,
    "destination" : 7,
    "end" : 61,
    "rdvTime" : "09h44",
    "rdvDuration" : "02h12",
    "srvDuration" : "00h02"
  }, {
    "id" : 119,
    "category" : 0,
    "load" : 2,
    "start" : 62,
    "destination" : 8,
    "end" : 63,
    "rdvTime" : "13h44",
    "rdvDuration" : "01h05",
    "srvDuration" : "00h04"
  }, {
    "id" : 120,
    "category" : 2,
    "load" : 1,
    "start" : 64,
    "destination" : 9,
    "end" : 64,
    "rdvTime" : "13h35",
    "rdvDuration" : "01h02",
    "srvDuration" : "00h02"
  }, {
    "id" : 121,
    "category" : 2,
    "load" : 1,
    "start" : 65,
    "destination" : 10,
    "end" : 65,
    "rdvTime" : "13h51",
    "rdvDuration" : "00h17",
    "srvDuration" : "00h02"
  }, {
    "id" : 122,
    "category" : 1,
    "load" : 2,
    "start" : 66,
    "destination" : 11,
    "end" : 66,
    "rdvTime" : "14h29",
    "rdvDuration" : "01h50",
    "srvDuration" : "00h02"
  }, {
    "id" : 123,
    "category" : 1,
    "load" : 2,
    "start" : 67,
    "destination" : 12,
    "end" : 67,
    "rdvTime" : "09h15",
    "rdvDuration" : "00h53",
    "srvDuration" : "00h03"
  }, {
    "id" : 124,
    "category" : 2,
    "load" : 1,
    "start" : 68,
    "destination" : 13,
    "end" : 68,
    "rdvTime" : "08h01",
    "rdvDuration" : "01h20",
    "srvDuration" : "00h03"
  }, {
    "id" : 125,
    "category" : 2,
    "load" : 3,
    "start" : 69,
    "destination" : 14,
    "end" : 69,
    "rdvTime" : "14h48",
    "rdvDuration" : "01h11",
    "srvDuration" : "00h03"
  }, {
    "id" : 126,
    "category" : 2,
    "load" : 1,
    "start" : 70,
    "destination" : 15,
    "end" : 70,
    "rdvTime" : "10h06",
    "rdvDuration" : "02h35",
    "srvDuration" : "00h04"
  }, {
    "id" : 127,
    "category" : 0,
    "load" : 1,
    "start" : 71,
    "destination" : 16,
    "end" : -1,
    "rdvTime" : "10h41",
    "rdvDuration" : "00h25",
    "srvDuration" : "00h03"
  }, {
    "id" : 128,
    "category" : 1,
    "load" : 1,
    "start" : 72,
    "destination" : 17,
    "end" : 72,
    "rdvTime" : "12h15",
    "rdvDuration" : "01h13",
    "srvDuration" : "00h03"
  }, {
    "id" : 129,
    "category" : 1,
    "load" : 2,
    "start" : 73,
    "destination" : 18,
    "end" : 73,
    "rdvTime" : "11h34",
    "rdvDuration" : "02h13",
    "srvDuration" : "00h02"
  }, {
    "id" : 130,
    "category" : 0,
    "load" : 1,
    "start" : 74,
    "destination" : 19,
    "end" : 74,
    "rdvTime" : "14h48",
    "rdvDuration" : "02h58",
    "srvDuration" : "00h04"
  }, {
    "id" : 131,
    "category" : 0,
    "load" : 3,
    "start" : 75,
    "destination" : 20,
    "end" : 75,
    "rdvTime" : "10h10",
    "rdvDuration" : "00h31",
    "srvDuration" : "00h03"
  }, {
    "id" : 132,
    "category" : 2,
    "load" : 1,
    "start" : 76,
    "destination" : 21,
    "end" : 76,
    "rdvTime" : "10h38",
    "rdvDuration" : "02h19",
    "srvDuration" : "00h03"
  }, {
    "id" : 133,
    "category" : 2,
    "load" : 2,
    "start" : 77,
    "destination" : 22,
    "end" : 77,
    "rdvTime" : "12h54",
    "rdvDuration" : "02h53",
    "srvDuration" : "00h04"
  }, {
    "id" : 134,
    "category" : 0,
    "load" : 3,
    "start" : 78,
    "destination" : 23,
    "end" : 79,
    "rdvTime" : "14h09",
    "rdvDuration" : "00h21",
    "srvDuration" : "00h03"
  }, {
    "id" : 135,
    "category" : 0,
    "load" : 2,
    "start" : 80,
    "destination" : 24,
    "end" : -1,
    "rdvTime" : "14h34",
    "rdvDuration" : "00h18",
    "srvDuration" : "00h03"
  }, {
    "id" : 136,
    "category" : 2,
    "load" : 3,
    "start" : 81,
    "destination" : 25,
    "end" : -1,
    "rdvTime" : "13h50",
    "rdvDuration" : "01h29",
    "srvDuration" : "00h05"
  }, {
    "id" : 137,
    "category" : 1,
    "load" : 3,
    "start" : 82,
    "destination" : 26,
    "end" : -1,
    "rdvTime" : "08h33",
    "rdvDuration" : "00h15",
    "srvDuration" : "00h04"
  }, {
    "id" : 138,
    "category" : 0,
    "load" : 1,
    "start" : -1,
    "destination" : 27,
    "end" : 83,
    "rdvTime" : "12h01",
    "rdvDuration" : "01h28",
    "srvDuration" : "00h05"
  }, {
    "id" : 139,
    "category" : 1,
    "load" : 3,
    "start" : 84,
    "destination" : 28,
    "end" : 84,
    "rdvTime" : "11h21",
    "rdvDuration" : "00h40",
    "srvDuration" : "00h05"
  }, {
    "id" : 140,
    "category" : 0,
    "load" : 1,
    "start" : 85,
    "destination" : 29,
    "end" : 85,
    "rdvTime" : "10h21",
    "rdvDuration" : "01h53",
    "srvDuration" : "00h04"
  }, {
    "id" : 141,
    "category" : 0,
    "load" : 1,
    "start" : 86,
    "destination" : 30,
    "end" : 86,
    "rdvTime" : "15h00",
    "rdvDuration" : "02h39",
    "srvDuration" : "00h03"
  }, {
    "id" : 142,
    "category" : 0,
    "load" : 3,
    "start" : 87,
    "destination" : 31,
    "end" : 87,
    "rdvTime" : "09h25",
    "rdvDuration" : "00h28",
    "srvDuration" : "00h03"
  }, {
    "id" : 143,
    "category" : 1,
    "load" : 2,
    "start" : 88,
    "destination" : 32,
    "end" : 88,
    "rdvTime" : "10h13",
    "rdvDuration" : "02h19",
    "srvDuration" : "00h04"
  }, {
    "id" : 144,
    "category" : 0,
    "load" : 1,
    "start" : 89,
    "destination" : 33,
    "end" : 90,
    "rdvTime" : "08h06",
    "rdvDuration" : "02h57",
    "srvDuration" : "00h04"
  }, {
    "id" : 145,
    "category" : 2,
    "load" : 1,
    "start" : 91,
    "destination" : 34,
    "end" : 91,
    "rdvTime" : "13h58",
    "rdvDuration" : "01h34",
    "srvDuration" : "00h04"
  }, {
    "id" : 146,
    "category" : 0,
    "load" : 1,
    "start" : 92,
    "destination" : 35,
    "end" : 92,
    "rdvTime" : "14h28",
    "rdvDuration" : "02h54",
    "srvDuration" : "00h05"
  }, {
    "id" : 147,
    "category" : 2,
    "load" : 2,
    "start" : 93,
    "destination" : 36,
    "end" : 93,
    "rdvTime" : "15h39",
    "rdvDuration" : "01h39",
    "srvDuration" : "00h02"
  }, {
    "id" : 148,
    "category" : 0,
    "load" : 2,
    "start" : 94,
    "destination" : 37,
    "end" : 94,
    "rdvTime" : "13h22",
    "rdvDuration" : "02h55",
    "srvDuration" : "00h04"
  }, {
    "id" : 149,
    "category" : 1,
    "load" : 1,
    "start" : 95,
    "destination" : 38,
    "end" : 95,
    "rdvTime" : "09h04",
    "rdvDuration" : "01h25",
    "srvDuration" : "00h02"
  }, {
    "id" : 150,
    "category" : 0,
    "load" : 1,
    "start" : 96,
    "destination" : 39,
    "end" : 97,
    "rdvTime" : "14h44",
    "rdvDuration" : "02h37",
    "srvDuration" : "00h04"
  }, {
    "id" : 151,
    "category" : 1,
    "load" : 3,
    "start" : 98,
    "destination" : 40,
    "end" : 98,
    "rdvTime" : "12h56",
    "rdvDuration" : "02h44",
    "srvDuration" : "00h05"
  }, {
    "id" : 152,
    "category" : 1,
    "load" : 1,
    "start" : 99,
    "destination" : 41,
    "end" : 99,
    "rdvTime" : "08h09",
    "rdvDuration" : "02h49",
    "srvDuration" : "00h05"
  }, {
    "id" : 153,
    "category" : 0,
    "load" : 2,
    "start" : 100,
    "destination" : 42,
    "end" : 100,
    "rdvTime" : "11h50",
    "rdvDuration" : "02h30",
    "srvDuration" : "00h05"
  }, {
    "id" : 154,
    "category" : 0,
    "load" : 2,
    "start" : 101,
    "destination" : 43,
    "end" : 101,
    "rdvTime" : "11h53",
    "rdvDuration" : "00h36",
    "srvDuration" : "00h05"
  }, {
    "id" : 155,
    "category" : 2,
    "load" : 1,
    "start" : 102,
    "destination" : 44,
    "end" : 102,
    "rdvTime" : "08h53",
    "rdvDuration" : "01h29",
    "srvDuration" : "00h02"
  }, {
    "id" : 156,
    "category" : 2,
    "load" : 2,
    "start" : 103,
    "destination" : 45,
    "end" : 103,
    "rdvTime" : "11h23",
    "rdvDuration" : "00h20",
    "srvDuration" : "00h03"
  }, {
    "id" : 157,
    "category" : 1,
    "load" : 3,
    "start" : 104,
    "destination" : 46,
    "end" : 105,
    "rdvTime" : "08h13",
    "rdvDuration" : "02h47",
    "srvDuration" : "00h02"
  }, {
    "id" : 158,
    "category" : 0,
    "load" : 2,
    "start" : 106,
    "destination" : 47,
    "end" : -1,
    "rdvTime" : "09h20",
    "rdvDuration" : "02h15",
    "srvDuration" : "00h03"
  } ],
  "distMatrix" : [ [ 0, 12, 9, 7, 11, 10, 14, 4, 14, 5, 11, 13, 11, 1, 13, 4, 6, 4, 12, 7, 13, 12, 3, 4, 9, 10, 6, 9, 5, 5, 11, 5, 9, 6, 13, 13, 7, 13, 13, 6, 11, 5, 11, 11, 8, 8, 8, 9, 6, 8, 5, 3, 13, 9, 5, 4, 12, 3, 12, 11, 5, 7, 8, 2, 14, 3, 4, 13, 7, 9, 3, 8, 12, 10, 6, 4, 10, 7, 6, 6, 6, 10, 5, 13, 13, 10, 7, 9, 14, 12, 3, 8, 12, 4, 6, 4, 14, 5, 11, 12, 13, 2, 9, 7, 11, 9, 8 ], [ 12, 0, 17, 13, 7, 12, 6, 11, 11, 7, 7, 12, 4, 13, 1, 16, 6, 15, 8, 14, 8, 2, 15, 11, 13, 7, 10, 7, 7, 8, 8, 15, 7, 15, 10, 2, 6, 10, 3, 13, 6, 15, 16, 17, 11, 18, 10, 5, 7, 10, 8, 9, 10, 5, 16, 15, 1, 14, 5, 13, 12, 13, 4, 13, 8, 10, 15, 13, 4, 5, 9, 8, 6, 17, 8, 15, 16, 17, 6, 11, 17, 11, 7, 8, 7, 3, 6, 9, 6, 4, 9, 8, 5, 15, 9, 8, 11, 17, 14, 7, 7, 11, 16, 5, 2, 16, 15 ], [ 9, 17, 0, 15, 13, 7, 16, 13, 13, 11, 19, 11, 14, 9, 18, 8, 12, 6, 13, 3, 14, 19, 8, 6, 5, 18, 8, 11, 12, 9, 19, 12, 17, 13, 12, 18, 15, 13, 17, 4, 13, 11, 5, 5, 17, 3, 17, 13, 13, 17, 13, 9, 13, 13, 8, 6, 18, 6, 19, 8, 14, 16, 14, 10, 15, 8, 11, 10, 14, 13, 10, 10, 14, 2, 9, 9, 4, 3, 11, 6, 6, 8, 13, 14, 15, 17, 11, 17, 16, 19, 10, 16, 15, 9, 8, 10, 12, 7, 6, 14, 15, 8, 1, 14, 18, 3, 2 ], [ 7, 13, 15, 0, 16, 17, 18, 2, 19, 8, 9, 19, 14, 6, 14, 8, 10, 9, 16, 14, 18, 13, 7, 10, 15, 8, 12, 14, 8, 10, 8, 4, 7, 3, 18, 15, 7, 19, 16, 13, 15, 4, 17, 18, 4, 13, 4, 13, 7, 4, 5, 8, 19, 13, 8, 9, 14, 9, 11, 18, 1, 1, 10, 5, 18, 9, 5, 19, 9, 13, 7, 14, 16, 16, 11, 7, 17, 13, 10, 12, 11, 16, 6, 17, 18, 10, 11, 6, 17, 11, 7, 5, 15, 7, 12, 8, 19, 9, 17, 17, 17, 8, 15, 8, 12, 16, 15 ], [ 11, 7, 13, 16, 0, 6, 3, 13, 4, 8, 12, 5, 3, 12, 7, 15, 6, 13, 1, 10, 2, 9, 14, 8, 8, 13, 6, 2, 8, 7, 13, 16, 12, 16, 4, 7, 10, 4, 5, 9, 1, 16, 10, 11, 15, 15, 14, 3, 9, 14, 11, 9, 3, 3, 15, 13, 8, 12, 11, 6, 15, 16, 6, 13, 3, 9, 15, 7, 7, 3, 9, 3, 1, 12, 6, 15, 11, 14, 6, 7, 15, 5, 10, 2, 2, 9, 4, 13, 3, 10, 9, 13, 2, 15, 6, 8, 4, 16, 8, 1, 2, 10, 12, 9, 9, 10, 11 ], [ 10, 12, 7, 17, 6, 0, 10, 14, 6, 10, 16, 4, 9, 11, 13, 13, 9, 10, 6, 5, 6, 14, 12, 6, 2, 16, 5, 5, 10, 7, 17, 16, 16, 16, 5, 13, 13, 5, 11, 4, 7, 15, 4, 4, 17, 10, 17, 8, 12, 17, 13, 8, 6, 8, 13, 11, 13, 10, 16, 1, 15, 17, 10, 12, 8, 8, 14, 3, 11, 8, 9, 5, 8, 6, 6, 13, 4, 10, 8, 4, 12, 1, 12, 7, 8, 13, 7, 16, 10, 15, 10, 15, 9, 13, 5, 9, 5, 13, 2, 7, 8, 9, 6, 12, 14, 5, 5 ], [ 14, 6, 16, 18, 3, 10, 0, 16, 5, 10, 13, 7, 3, 15, 6, 18, 8, 16, 4, 14, 3, 8, 17, 11, 11, 13, 9, 6, 10, 10, 14, 19, 13, 19, 6, 5, 11, 5, 3, 12, 3, 18, 14, 14, 16, 18, 16, 5, 11, 16, 12, 11, 5, 5, 18, 17, 7, 16, 11, 9, 17, 18, 7, 16, 2, 12, 18, 9, 9, 5, 11, 7, 2, 16, 9, 18, 14, 17, 8, 11, 19, 8, 12, 3, 2, 9, 7, 14, 0, 10, 11, 14, 2, 18, 9, 10, 6, 19, 11, 2, 2, 13, 15, 10, 8, 14, 14 ], [ 4, 11, 13, 2, 13, 14, 16, 0, 17, 6, 8, 16, 12, 5, 13, 7, 8, 8, 14, 12, 15, 11, 6, 8, 13, 7, 9, 12, 6, 7, 7, 4, 7, 4, 16, 13, 6, 16, 14, 11, 13, 4, 15, 16, 4, 12, 4, 11, 5, 4, 3, 6, 16, 11, 7, 7, 12, 7, 10, 15, 1, 3, 8, 4, 16, 6, 4, 17, 7, 11, 5, 11, 14, 14, 9, 6, 15, 11, 8, 10, 10, 14, 4, 15, 15, 9, 9, 5, 15, 10, 5, 5, 13, 6, 9, 6, 17, 8, 15, 15, 15, 6, 13, 6, 10, 14, 13 ], [ 14, 11, 13, 19, 4, 6, 5, 17, 0, 11, 16, 2, 7, 15, 11, 17, 10, 15, 3, 11, 2, 13, 17, 10, 8, 17, 8, 5, 11, 10, 17, 19, 16, 20, 1, 10, 14, 1, 8, 10, 5, 19, 10, 10, 19, 16, 18, 7, 13, 18, 14, 12, 1, 7, 18, 16, 11, 15, 15, 5, 18, 20, 10, 16, 3, 12, 18, 4, 11, 7, 12, 6, 5, 12, 8, 17, 10, 15, 9, 9, 17, 5, 13, 3, 3, 13, 8, 17, 6, 14, 12, 16, 6, 17, 8, 11, 1, 18, 7, 4, 4, 12, 12, 13, 13, 10, 11 ], [ 5, 7, 11, 8, 8, 10, 10, 6, 11, 0, 7, 11, 6, 6, 8, 9, 2, 8, 8, 9, 10, 8, 8, 5, 9, 7, 5, 6, 0, 3, 8, 9, 6, 9, 10, 8, 4, 11, 8, 8, 7, 9, 12, 12, 8, 12, 7, 5, 2, 7, 3, 3, 10, 5, 9, 8, 8, 7, 8, 10, 7, 8, 3, 6, 10, 3, 8, 12, 3, 5, 2, 6, 8, 12, 4, 8, 11, 11, 2, 6, 11, 9, 2, 9, 9, 5, 3, 7, 10, 8, 2, 6, 7, 9, 4, 1, 11, 10, 10, 9, 9, 4, 11, 3, 7, 11, 10 ], [ 11, 7, 19, 9, 12, 16, 13, 8, 16, 7, 0, 17, 10, 11, 7, 14, 8, 14, 13, 17, 14, 5, 13, 12, 16, 1, 12, 12, 7, 10, 1, 12, 1, 11, 16, 8, 3, 16, 10, 15, 12, 12, 19, 20, 5, 18, 5, 9, 5, 5, 6, 10, 16, 10, 15, 14, 7, 14, 3, 17, 8, 8, 6, 11, 14, 11, 12, 18, 6, 10, 8, 12, 12, 19, 11, 13, 19, 18, 8, 14, 17, 15, 6, 14, 13, 4, 9, 3, 12, 3, 9, 3, 11, 14, 11, 9, 17, 16, 18, 13, 13, 11, 18, 4, 5, 18, 17 ], [ 13, 12, 11, 19, 5, 4, 7, 16, 2, 11, 17, 0, 7, 14, 12, 16, 10, 14, 4, 9, 4, 14, 15, 9, 6, 17, 7, 5, 11, 9, 18, 18, 16, 19, 1, 12, 14, 2, 9, 8, 6, 18, 7, 8, 19, 14, 18, 8, 13, 18, 14, 11, 2, 7, 16, 14, 12, 13, 16, 3, 18, 19, 11, 15, 5, 11, 17, 2, 11, 7, 11, 5, 6, 10, 8, 16, 8, 13, 9, 7, 15, 3, 13, 5, 5, 13, 8, 17, 7, 15, 12, 16, 7, 16, 7, 10, 1, 16, 5, 5, 6, 11, 10, 13, 13, 8, 9 ], [ 11, 4, 14, 14, 3, 9, 3, 12, 7, 6, 10, 7, 0, 12, 5, 15, 5, 13, 4, 11, 4, 6, 14, 9, 10, 10, 7, 4, 6, 6, 11, 16, 10, 15, 6, 5, 8, 6, 3, 10, 2, 15, 12, 13, 13, 16, 12, 2, 8, 12, 9, 8, 6, 1, 15, 13, 5, 12, 9, 9, 13, 14, 4, 12, 4, 8, 15, 9, 5, 2, 8, 4, 2, 14, 6, 14, 12, 15, 5, 8, 16, 7, 8, 4, 4, 6, 3, 11, 3, 8, 8, 10, 1, 15, 6, 7, 7, 16, 10, 3, 3, 9, 13, 7, 6, 12, 12 ], [ 1, 13, 9, 6, 12, 11, 15, 5, 15, 6, 11, 14, 12, 0, 14, 3, 7, 3, 13, 8, 14, 13, 2, 5, 9, 11, 7, 10, 6, 6, 11, 5, 10, 5, 14, 14, 8, 14, 14, 7, 12, 4, 11, 12, 9, 7, 9, 10, 7, 8, 6, 4, 14, 10, 4, 3, 13, 3, 13, 12, 5, 7, 9, 1, 15, 4, 3, 14, 8, 10, 4, 9, 13, 10, 7, 3, 11, 7, 7, 7, 5, 11, 6, 14, 14, 11, 8, 9, 15, 13, 4, 8, 13, 3, 7, 5, 15, 4, 11, 13, 14, 3, 9, 8, 12, 10, 8 ], [ 13, 1, 18, 14, 7, 13, 6, 13, 11, 8, 7, 12, 5, 14, 0, 17, 7, 16, 8, 16, 9, 2, 16, 12, 14, 8, 11, 8, 8, 9, 8, 17, 8, 16, 11, 1, 7, 11, 3, 14, 7, 16, 17, 17, 12, 19, 11, 6, 8, 11, 9, 11, 10, 5, 17, 16, 1, 15, 5, 14, 14, 14, 5, 14, 8, 11, 16, 14, 6, 6, 10, 9, 6, 18, 9, 17, 17, 18, 7, 12, 19, 12, 9, 8, 7, 4, 7, 10, 6, 4, 10, 9, 5, 17, 10, 9, 12, 18, 15, 7, 7, 12, 18, 6, 3, 17, 16 ], [ 4, 16, 8, 8, 15, 13, 18, 7, 17, 9, 14, 16, 15, 3, 17, 0, 10, 2, 15, 8, 16, 16, 1, 7, 11, 13, 9, 13, 9, 8, 14, 4, 13, 5, 16, 17, 11, 17, 17, 8, 15, 4, 12, 12, 11, 6, 11, 13, 10, 11, 9, 7, 17, 13, 0, 2, 17, 3, 16, 14, 7, 8, 12, 3, 17, 6, 3, 15, 11, 13, 7, 12, 16, 10, 9, 1, 11, 5, 10, 9, 3, 13, 9, 16, 17, 14, 11, 12, 18, 16, 7, 11, 15, 1, 9, 8, 17, 2, 12, 16, 16, 5, 9, 11, 15, 10, 9 ], [ 6, 6, 12, 10, 6, 9, 8, 8, 10, 2, 8, 10, 5, 7, 7, 10, 0, 9, 7, 9, 8, 7, 9, 5, 9, 8, 4, 4, 2, 2, 8, 11, 7, 11, 9, 7, 5, 9, 7, 7, 5, 10, 11, 12, 9, 12, 9, 3, 4, 9, 5, 4, 9, 4, 11, 9, 7, 8, 8, 9, 9, 10, 2, 8, 9, 4, 10, 10, 2, 3, 3, 4, 6, 12, 3, 10, 11, 11, 1, 6, 12, 8, 4, 8, 8, 5, 2, 8, 8, 7, 3, 7, 6, 10, 4, 2, 10, 11, 10, 7, 7, 5, 11, 4, 6, 10, 10 ], [ 4, 15, 6, 9, 13, 10, 16, 8, 15, 8, 14, 14, 13, 3, 16, 2, 9, 0, 13, 6, 15, 16, 2, 5, 8, 14, 7, 11, 8, 7, 14, 6, 13, 7, 14, 16, 11, 15, 16, 6, 13, 5, 9, 10, 12, 4, 12, 12, 9, 11, 9, 6, 15, 12, 3, 0, 16, 1, 16, 12, 8, 10, 11, 4, 16, 5, 5, 13, 11, 12, 6, 10, 14, 8, 8, 3, 9, 4, 9, 7, 2, 11, 9, 15, 15, 13, 10, 12, 16, 15, 6, 11, 14, 3, 8, 7, 15, 2, 10, 15, 15, 4, 7, 11, 15, 8, 6 ], [ 12, 8, 13, 16, 1, 6, 4, 14, 3, 8, 13, 4, 4, 13, 8, 15, 7, 13, 0, 10, 1, 10, 14, 8, 8, 13, 6, 3, 8, 7, 14, 17, 13, 17, 3, 8, 11, 3, 5, 8, 2, 16, 10, 10, 16, 15, 15, 4, 10, 15, 11, 9, 2, 4, 16, 14, 8, 13, 12, 6, 15, 17, 7, 14, 2, 9, 16, 6, 8, 4, 9, 3, 2, 12, 6, 15, 10, 14, 6, 7, 15, 4, 10, 1, 2, 10, 5, 14, 4, 11, 9, 13, 3, 15, 6, 8, 4, 16, 7, 2, 2, 10, 12, 10, 10, 10, 11 ], [ 7, 14, 3, 14, 10, 5, 14, 12, 11, 9, 17, 9, 11, 8, 16, 8, 9, 6, 10, 0, 11, 16, 8, 4, 3, 16, 5, 8, 9, 7, 17, 12, 15, 13, 9, 16, 13, 10, 14, 2, 10, 11, 3, 4, 16, 5, 15, 10, 11, 15, 11, 7, 10, 10, 9, 6, 15, 6, 17, 6, 13, 15, 11, 9, 12, 6, 11, 7, 11, 10, 8, 7, 11, 3, 6, 9, 3, 5, 9, 3, 7, 6, 11, 11, 12, 14, 9, 15, 13, 16, 8, 14, 12, 9, 6, 8, 10, 8, 4, 11, 12, 6, 2, 12, 15, 2, 1 ], [ 13, 8, 14, 18, 2, 6, 3, 15, 2, 10, 14, 4, 4, 14, 9, 16, 8, 15, 1, 11, 0, 10, 16, 10, 8, 15, 7, 4, 10, 8, 15, 18, 14, 18, 2, 8, 12, 2, 6, 10, 3, 18, 10, 11, 17, 16, 16, 5, 11, 16, 13, 10, 1, 5, 17, 15, 9, 14, 13, 6, 17, 18, 8, 15, 1, 10, 17, 6, 9, 5, 11, 5, 2, 13, 7, 16, 11, 15, 8, 8, 16, 5, 12, 1, 1, 11, 6, 15, 4, 12, 11, 14, 4, 16, 7, 10, 3, 17, 8, 2, 2, 11, 12, 11, 10, 11, 11 ], [ 12, 2, 19, 13, 9, 14, 8, 11, 13, 8, 5, 14, 6, 13, 2, 16, 7, 16, 10, 16, 10, 0, 15, 12, 15, 6, 11, 9, 8, 10, 6, 16, 6, 15, 12, 3, 6, 12, 5, 14, 8, 15, 18, 18, 10, 19, 9, 7, 7, 10, 8, 10, 12, 7, 17, 16, 1, 15, 3, 15, 12, 13, 5, 13, 10, 11, 15, 15, 5, 7, 9, 10, 8, 19, 10, 16, 18, 18, 8, 13, 18, 13, 8, 10, 9, 3, 7, 8, 8, 2, 10, 8, 7, 16, 10, 9, 13, 18, 16, 9, 9, 12, 18, 5, 1, 17, 17 ], [ 3, 15, 8, 7, 14, 12, 17, 6, 17, 8, 13, 15, 14, 2, 16, 1, 9, 2, 14, 8, 16, 15, 0, 6, 10, 12, 8, 12, 8, 7, 13, 4, 12, 5, 15, 16, 10, 16, 16, 8, 14, 3, 12, 12, 10, 6, 10, 12, 8, 10, 7, 6, 16, 12, 2, 2, 15, 2, 15, 13, 6, 8, 11, 2, 17, 5, 2, 15, 10, 12, 6, 11, 15, 10, 8, 1, 11, 6, 9, 8, 4, 12, 8, 16, 16, 13, 10, 11, 17, 15, 6, 10, 14, 1, 8, 7, 16, 3, 12, 15, 16, 4, 9, 10, 14, 10, 9 ], [ 4, 11, 6, 10, 8, 6, 11, 8, 10, 5, 12, 9, 9, 5, 12, 7, 5, 5, 8, 4, 10, 12, 6, 0, 5, 12, 2, 6, 5, 3, 12, 9, 11, 10, 9, 12, 9, 10, 11, 3, 8, 9, 7, 8, 11, 7, 11, 7, 7, 11, 7, 3, 10, 7, 7, 5, 12, 4, 13, 7, 9, 11, 7, 6, 11, 2, 8, 9, 7, 7, 4, 5, 9, 7, 3, 7, 7, 6, 5, 2, 7, 6, 7, 10, 10, 10, 5, 11, 11, 12, 4, 10, 9, 7, 3, 4, 10, 7, 7, 10, 10, 2, 6, 8, 11, 6, 5 ], [ 9, 13, 5, 15, 8, 2, 11, 13, 8, 9, 16, 6, 10, 9, 14, 11, 9, 8, 8, 3, 8, 15, 10, 5, 0, 16, 4, 6, 9, 7, 17, 14, 16, 14, 7, 14, 13, 8, 12, 3, 8, 13, 3, 3, 16, 8, 16, 9, 12, 16, 12, 7, 8, 9, 11, 9, 14, 8, 16, 3, 14, 16, 11, 11, 10, 7, 13, 5, 11, 9, 9, 5, 9, 4, 6, 11, 3, 7, 8, 3, 9, 3, 11, 9, 10, 14, 8, 16, 11, 16, 9, 15, 10, 11, 5, 8, 7, 10, 2, 9, 10, 7, 4, 12, 14, 3, 3 ], [ 10, 7, 18, 8, 13, 16, 13, 7, 17, 7, 1, 17, 10, 11, 8, 13, 8, 14, 13, 16, 15, 6, 12, 12, 16, 0, 12, 12, 7, 10, 1, 11, 1, 10, 16, 9, 3, 16, 10, 15, 12, 11, 19, 19, 4, 18, 4, 10, 5, 4, 5, 9, 16, 10, 14, 14, 7, 13, 3, 17, 7, 7, 6, 10, 15, 10, 12, 18, 6, 10, 8, 12, 12, 19, 11, 13, 18, 17, 8, 13, 16, 15, 5, 14, 14, 4, 9, 2, 13, 4, 8, 2, 11, 13, 11, 8, 17, 15, 17, 13, 13, 10, 18, 4, 5, 18, 17 ], [ 6, 10, 8, 12, 6, 5, 9, 9, 8, 5, 12, 7, 7, 7, 11, 9, 4, 7, 6, 5, 7, 11, 8, 2, 4, 12, 0, 4, 5, 2, 12, 11, 11, 11, 7, 11, 9, 8, 9, 3, 6, 11, 7, 8, 12, 9, 12, 5, 7, 12, 8, 4, 8, 6, 9, 7, 11, 6, 12, 6, 11, 12, 6, 8, 9, 3, 10, 7, 7, 5, 5, 3, 7, 8, 1, 9, 7, 8, 4, 2, 9, 4, 7, 8, 8, 10, 4, 12, 9, 12, 5, 11, 7, 9, 1, 4, 8, 9, 6, 7, 8, 4, 7, 8, 10, 6, 6 ], [ 9, 7, 11, 14, 2, 5, 6, 12, 5, 6, 12, 5, 4, 10, 8, 13, 4, 11, 3, 8, 4, 9, 12, 6, 6, 12, 4, 0, 6, 5, 13, 14, 11, 14, 4, 8, 9, 5, 6, 6, 2, 14, 9, 9, 14, 13, 13, 3, 8, 13, 9, 6, 5, 3, 13, 11, 8, 10, 11, 5, 13, 14, 6, 11, 5, 6, 13, 6, 6, 3, 7, 1, 3, 10, 3, 12, 9, 12, 4, 5, 13, 4, 8, 4, 4, 9, 3, 12, 6, 10, 7, 11, 4, 13, 3, 6, 5, 13, 7, 4, 4, 7, 10, 8, 9, 9, 9 ], [ 5, 7, 12, 8, 8, 10, 10, 6, 11, 0, 7, 11, 6, 6, 8, 9, 2, 8, 8, 9, 10, 8, 8, 5, 9, 7, 5, 6, 0, 3, 7, 9, 6, 9, 10, 8, 4, 11, 8, 8, 7, 9, 12, 13, 7, 12, 7, 5, 2, 7, 3, 3, 11, 5, 9, 8, 8, 8, 7, 11, 7, 8, 3, 6, 10, 4, 9, 12, 2, 5, 2, 6, 8, 12, 4, 9, 12, 11, 2, 7, 11, 9, 2, 9, 10, 5, 4, 6, 10, 7, 2, 5, 7, 9, 5, 2, 12, 10, 11, 9, 9, 4, 11, 3, 7, 11, 10 ], [ 5, 8, 9, 10, 7, 7, 10, 7, 10, 3, 10, 9, 6, 6, 9, 8, 2, 7, 7, 7, 8, 10, 7, 3, 7, 10, 2, 5, 3, 0, 10, 10, 9, 10, 8, 10, 7, 9, 9, 5, 6, 9, 9, 10, 10, 10, 10, 5, 5, 10, 5, 2, 9, 5, 9, 7, 9, 6, 10, 8, 9, 10, 5, 6, 9, 2, 9, 9, 5, 5, 2, 4, 7, 10, 1, 8, 9, 9, 2, 4, 9, 6, 5, 8, 9, 8, 3, 9, 9, 10, 3, 8, 7, 8, 2, 2, 10, 9, 8, 8, 8, 3, 9, 6, 9, 8, 8 ], [ 11, 8, 19, 8, 13, 17, 14, 7, 17, 8, 1, 18, 11, 11, 8, 14, 8, 14, 14, 17, 15, 6, 13, 12, 17, 1, 12, 13, 7, 10, 0, 12, 1, 11, 16, 9, 4, 17, 11, 15, 12, 12, 19, 20, 4, 18, 4, 10, 5, 4, 6, 10, 16, 10, 14, 14, 8, 13, 4, 18, 8, 7, 7, 11, 15, 11, 12, 19, 6, 10, 9, 13, 13, 20, 11, 13, 19, 18, 9, 14, 16, 16, 6, 14, 14, 5, 10, 2, 13, 4, 9, 3, 12, 13, 12, 9, 18, 15, 18, 14, 14, 11, 19, 5, 6, 18, 18 ], [ 5, 15, 12, 4, 16, 16, 19, 4, 19, 9, 12, 18, 16, 5, 17, 4, 11, 6, 17, 12, 18, 16, 4, 9, 14, 11, 11, 14, 9, 10, 12, 0, 11, 1, 18, 17, 10, 19, 17, 11, 16, 1, 15, 16, 8, 10, 8, 14, 9, 8, 7, 8, 19, 14, 4, 6, 16, 6, 14, 17, 4, 5, 12, 3, 19, 8, 1, 18, 11, 14, 8, 14, 17, 14, 11, 4, 15, 10, 11, 11, 7, 15, 8, 18, 18, 13, 12, 9, 19, 14, 8, 9, 16, 4, 11, 9, 19, 6, 16, 18, 18, 7, 13, 10, 15, 14, 13 ], [ 9, 7, 17, 7, 12, 16, 13, 7, 16, 6, 1, 16, 10, 10, 8, 13, 7, 13, 13, 15, 14, 6, 12, 11, 16, 1, 11, 11, 6, 9, 1, 11, 0, 10, 15, 8, 2, 16, 10, 14, 11, 11, 18, 19, 4, 17, 4, 9, 4, 4, 4, 9, 15, 9, 13, 13, 7, 12, 4, 16, 7, 7, 6, 10, 14, 9, 11, 18, 5, 9, 7, 11, 12, 18, 10, 12, 18, 16, 8, 13, 15, 15, 5, 13, 13, 4, 9, 2, 12, 4, 7, 2, 11, 12, 11, 8, 16, 14, 17, 13, 13, 10, 17, 4, 5, 17, 16 ], [ 6, 15, 13, 3, 16, 16, 19, 4, 20, 9, 11, 19, 15, 5, 16, 5, 11, 7, 17, 13, 18, 15, 5, 10, 14, 10, 11, 14, 9, 10, 11, 1, 10, 0, 18, 17, 9, 19, 17, 12, 16, 2, 16, 17, 7, 11, 7, 14, 8, 7, 7, 8, 19, 14, 5, 7, 16, 7, 13, 17, 3, 4, 12, 4, 19, 8, 2, 19, 11, 14, 8, 14, 17, 15, 11, 4, 16, 11, 11, 12, 8, 16, 8, 18, 18, 12, 12, 8, 18, 14, 7, 8, 16, 5, 11, 9, 19, 7, 16, 18, 18, 7, 14, 10, 14, 15, 13 ], [ 13, 10, 12, 18, 4, 5, 6, 16, 1, 10, 16, 1, 6, 14, 11, 16, 9, 14, 3, 9, 2, 12, 15, 9, 7, 16, 7, 4, 10, 8, 16, 18, 15, 18, 0, 10, 13, 1, 8, 8, 4, 17, 8, 9, 18, 14, 17, 6, 12, 17, 13, 10, 1, 6, 16, 14, 11, 13, 15, 4, 17, 19, 9, 15, 4, 10, 17, 4, 10, 6, 11, 5, 5, 11, 7, 16, 9, 14, 8, 7, 16, 3, 12, 3, 4, 12, 7, 16, 6, 14, 11, 16, 6, 16, 7, 10, 1, 16, 6, 4, 4, 11, 11, 12, 12, 9, 10 ], [ 13, 2, 18, 15, 7, 13, 5, 13, 10, 8, 8, 12, 5, 14, 1, 17, 7, 16, 8, 16, 8, 3, 16, 12, 14, 9, 11, 8, 8, 10, 9, 17, 8, 17, 10, 0, 8, 10, 3, 14, 6, 17, 17, 17, 12, 19, 12, 6, 8, 12, 10, 11, 10, 5, 18, 16, 1, 15, 6, 13, 14, 15, 5, 14, 8, 11, 17, 14, 6, 6, 10, 9, 6, 18, 9, 17, 17, 18, 8, 12, 19, 12, 9, 7, 7, 5, 7, 10, 5, 5, 10, 10, 5, 17, 10, 9, 11, 18, 15, 7, 6, 12, 18, 7, 3, 17, 16 ], [ 7, 6, 15, 7, 10, 13, 11, 6, 14, 4, 3, 14, 8, 8, 7, 11, 5, 11, 11, 13, 12, 6, 10, 9, 13, 3, 9, 9, 4, 7, 4, 10, 2, 9, 13, 8, 0, 14, 9, 11, 9, 10, 16, 16, 5, 15, 4, 7, 2, 5, 3, 6, 13, 7, 12, 11, 6, 10, 4, 14, 7, 7, 4, 8, 12, 7, 10, 15, 3, 7, 5, 9, 10, 16, 8, 11, 15, 14, 5, 10, 14, 12, 2, 12, 11, 3, 6, 3, 11, 5, 5, 2, 9, 11, 8, 5, 14, 13, 14, 11, 11, 7, 15, 1, 5, 15, 14 ], [ 13, 10, 13, 19, 4, 5, 5, 16, 1, 11, 16, 2, 6, 14, 11, 17, 9, 15, 3, 10, 2, 12, 16, 10, 8, 16, 8, 5, 11, 9, 17, 19, 16, 19, 1, 10, 14, 0, 8, 9, 5, 18, 9, 10, 18, 15, 18, 7, 13, 18, 14, 11, 1, 6, 17, 15, 11, 14, 15, 5, 18, 19, 10, 15, 3, 11, 18, 4, 11, 6, 12, 5, 4, 12, 8, 17, 10, 15, 9, 8, 16, 4, 13, 3, 3, 12, 8, 17, 6, 14, 12, 16, 6, 17, 8, 10, 1, 17, 7, 4, 4, 12, 12, 12, 12, 10, 11 ], [ 13, 3, 17, 16, 5, 11, 3, 14, 8, 8, 10, 9, 3, 14, 3, 17, 7, 16, 5, 14, 6, 5, 16, 11, 12, 10, 9, 6, 8, 9, 11, 17, 10, 17, 8, 3, 9, 8, 0, 12, 4, 17, 15, 15, 14, 18, 13, 4, 9, 13, 10, 10, 7, 4, 17, 16, 4, 15, 8, 11, 15, 16, 5, 14, 5, 11, 17, 11, 6, 4, 10, 7, 3, 17, 8, 17, 15, 17, 7, 11, 18, 10, 9, 5, 4, 6, 6, 12, 3, 7, 10, 11, 2, 17, 8, 9, 9, 18, 12, 4, 4, 12, 16, 8, 5, 15, 15 ], [ 6, 13, 4, 13, 9, 4, 12, 11, 10, 8, 15, 8, 10, 7, 14, 8, 7, 6, 8, 2, 10, 14, 8, 3, 3, 15, 3, 6, 8, 5, 15, 11, 14, 12, 8, 14, 11, 9, 12, 0, 9, 11, 4, 5, 14, 6, 14, 8, 10, 14, 10, 5, 9, 9, 8, 6, 14, 5, 15, 6, 12, 14, 10, 8, 11, 5, 10, 7, 10, 8, 7, 6, 10, 5, 4, 8, 4, 6, 7, 2, 7, 5, 9, 10, 10, 13, 7, 14, 12, 15, 7, 13, 10, 8, 4, 6, 9, 8, 4, 10, 10, 5, 4, 11, 14, 3, 3 ], [ 11, 6, 13, 15, 1, 7, 3, 13, 5, 7, 12, 6, 2, 12, 7, 15, 5, 13, 2, 10, 3, 8, 14, 8, 8, 12, 6, 2, 7, 6, 12, 16, 11, 16, 4, 6, 9, 5, 4, 9, 0, 15, 11, 11, 14, 15, 14, 2, 9, 14, 10, 8, 4, 2, 15, 13, 7, 12, 10, 7, 14, 15, 5, 13, 3, 8, 15, 7, 7, 2, 8, 3, 1, 13, 5, 14, 11, 14, 5, 7, 15, 6, 9, 2, 2, 8, 4, 12, 3, 10, 8, 12, 2, 15, 5, 7, 5, 15, 9, 2, 2, 9, 12, 8, 8, 11, 11 ], [ 5, 15, 11, 4, 16, 15, 18, 4, 19, 9, 12, 18, 15, 4, 16, 4, 10, 5, 16, 11, 18, 15, 3, 9, 13, 11, 11, 14, 9, 9, 12, 1, 11, 2, 17, 17, 10, 18, 17, 11, 15, 0, 15, 15, 8, 9, 8, 13, 8, 8, 7, 7, 18, 14, 4, 5, 16, 6, 14, 16, 4, 5, 12, 3, 19, 7, 1, 18, 11, 14, 7, 13, 16, 13, 10, 3, 14, 9, 10, 11, 7, 15, 8, 18, 18, 13, 12, 9, 18, 14, 7, 9, 16, 3, 11, 8, 18, 5, 15, 17, 17, 6, 12, 10, 14, 13, 12 ], [ 11, 16, 5, 17, 10, 4, 14, 15, 10, 12, 19, 7, 12, 11, 17, 12, 11, 9, 10, 3, 10, 18, 12, 7, 3, 19, 7, 9, 12, 9, 19, 15, 18, 16, 8, 17, 16, 9, 15, 4, 11, 15, 0, 1, 19, 8, 18, 11, 14, 18, 14, 10, 10, 11, 12, 10, 17, 9, 19, 4, 16, 18, 13, 12, 12, 9, 14, 5, 14, 11, 11, 8, 12, 3, 8, 12, 1, 7, 11, 6, 10, 5, 14, 11, 12, 16, 10, 18, 14, 18, 11, 17, 12, 12, 8, 10, 8, 11, 2, 11, 12, 9, 3, 15, 17, 2, 3 ], [ 11, 17, 5, 18, 11, 4, 14, 16, 10, 12, 20, 8, 13, 12, 17, 12, 12, 10, 10, 4, 11, 18, 12, 8, 3, 19, 8, 9, 13, 10, 20, 16, 19, 17, 9, 17, 16, 10, 15, 5, 11, 15, 1, 0, 19, 8, 19, 12, 15, 19, 15, 10, 10, 12, 12, 10, 18, 10, 20, 5, 17, 18, 14, 13, 12, 10, 14, 6, 14, 12, 12, 9, 12, 3, 9, 13, 1, 8, 11, 6, 10, 6, 14, 12, 12, 17, 11, 19, 14, 19, 12, 18, 13, 13, 8, 11, 9, 12, 3, 12, 12, 10, 3, 15, 18, 2, 3 ], [ 8, 11, 17, 4, 15, 17, 16, 4, 19, 8, 5, 19, 13, 9, 12, 11, 9, 12, 16, 16, 17, 10, 10, 11, 16, 4, 12, 14, 7, 10, 4, 8, 4, 7, 18, 12, 5, 18, 14, 14, 14, 8, 19, 19, 0, 16, 0, 12, 5, 0, 4, 9, 18, 12, 11, 11, 11, 11, 8, 18, 4, 3, 9, 8, 17, 9, 8, 19, 8, 12, 8, 13, 15, 18, 11, 10, 18, 15, 9, 13, 14, 16, 5, 16, 16, 8, 11, 2, 16, 8, 8, 3, 14, 10, 12, 8, 19, 12, 18, 16, 16, 9, 17, 6, 9, 17, 16 ], [ 8, 18, 3, 13, 15, 10, 18, 12, 16, 12, 18, 14, 16, 7, 19, 6, 12, 4, 15, 5, 16, 19, 6, 7, 8, 18, 9, 13, 12, 10, 18, 10, 17, 11, 14, 19, 15, 15, 18, 6, 15, 9, 8, 8, 16, 0, 16, 14, 13, 16, 13, 9, 16, 14, 6, 4, 19, 5, 19, 11, 12, 14, 14, 8, 17, 8, 9, 13, 14, 14, 10, 12, 16, 5, 10, 7, 7, 1, 12, 8, 3, 11, 13, 16, 17, 17, 13, 16, 18, 19, 10, 16, 16, 6, 10, 10, 15, 5, 9, 16, 17, 8, 4, 15, 18, 6, 5 ], [ 8, 10, 17, 4, 14, 17, 16, 4, 18, 7, 5, 18, 12, 9, 11, 11, 9, 12, 15, 15, 16, 9, 10, 11, 16, 4, 12, 13, 7, 10, 4, 8, 4, 7, 17, 12, 4, 18, 13, 14, 14, 8, 18, 19, 0, 16, 0, 11, 5, 0, 4, 9, 17, 12, 11, 11, 11, 11, 7, 18, 4, 4, 8, 8, 17, 9, 9, 19, 7, 12, 7, 13, 14, 18, 11, 10, 18, 15, 9, 13, 14, 16, 5, 16, 16, 7, 10, 2, 15, 8, 7, 2, 13, 10, 11, 8, 18, 12, 18, 15, 15, 9, 17, 6, 9, 17, 16 ], [ 9, 5, 13, 13, 3, 8, 5, 11, 7, 5, 9, 8, 2, 10, 6, 13, 3, 12, 4, 10, 5, 7, 12, 7, 9, 10, 5, 3, 5, 5, 10, 14, 9, 14, 6, 6, 7, 7, 4, 8, 2, 13, 11, 12, 12, 14, 11, 0, 6, 11, 8, 6, 6, 1, 13, 12, 6, 11, 8, 8, 12, 13, 3, 11, 6, 7, 13, 9, 4, 0, 6, 3, 3, 13, 4, 13, 11, 13, 3, 7, 14, 6, 7, 5, 5, 6, 2, 10, 5, 8, 6, 9, 3, 13, 4, 5, 7, 14, 9, 4, 4, 8, 12, 6, 6, 11, 11 ], [ 6, 7, 13, 7, 9, 12, 11, 5, 13, 2, 5, 13, 8, 7, 8, 10, 4, 9, 10, 11, 11, 7, 8, 7, 12, 5, 7, 8, 2, 5, 5, 9, 4, 8, 12, 8, 2, 13, 9, 10, 9, 8, 14, 15, 5, 13, 5, 6, 0, 5, 2, 5, 12, 7, 10, 9, 7, 9, 6, 13, 6, 7, 4, 7, 12, 5, 8, 14, 2, 7, 3, 8, 9, 14, 6, 9, 14, 12, 4, 9, 12, 11, 1, 11, 11, 4, 5, 4, 11, 6, 3, 3, 9, 9, 7, 4, 13, 11, 13, 10, 10, 6, 13, 2, 6, 13, 12 ], [ 8, 10, 17, 4, 14, 17, 16, 4, 18, 7, 5, 18, 12, 8, 11, 11, 9, 11, 15, 15, 16, 10, 10, 11, 16, 4, 12, 13, 7, 10, 4, 8, 4, 7, 17, 12, 5, 18, 13, 14, 14, 8, 18, 19, 0, 16, 0, 11, 5, 0, 4, 8, 17, 12, 11, 11, 11, 11, 7, 18, 4, 3, 8, 8, 17, 9, 8, 19, 7, 12, 7, 13, 14, 18, 11, 10, 18, 15, 9, 13, 13, 16, 5, 16, 16, 7, 10, 2, 15, 8, 7, 2, 13, 10, 11, 8, 18, 12, 17, 15, 15, 9, 17, 6, 9, 17, 16 ], [ 5, 8, 13, 5, 11, 13, 12, 3, 14, 3, 6, 14, 9, 6, 9, 9, 5, 9, 11, 11, 13, 8, 7, 7, 12, 5, 8, 9, 3, 5, 6, 7, 4, 7, 13, 10, 3, 14, 10, 10, 10, 7, 14, 15, 4, 13, 4, 8, 2, 4, 0, 5, 14, 8, 9, 9, 9, 8, 7, 14, 4, 5, 5, 5, 13, 5, 7, 15, 4, 8, 3, 9, 11, 14, 7, 8, 14, 12, 5, 9, 11, 12, 1, 12, 12, 6, 6, 4, 12, 7, 3, 3, 10, 8, 7, 4, 14, 10, 13, 12, 12, 5, 13, 3, 7, 13, 12 ], [ 3, 9, 9, 8, 9, 8, 11, 6, 12, 3, 10, 11, 8, 4, 11, 7, 4, 6, 9, 7, 10, 10, 6, 3, 7, 9, 4, 6, 3, 2, 10, 8, 9, 8, 10, 11, 6, 11, 10, 5, 8, 7, 10, 10, 9, 9, 9, 6, 5, 8, 5, 0, 11, 7, 7, 6, 10, 5, 10, 10, 7, 9, 6, 5, 11, 1, 7, 11, 5, 7, 1, 6, 9, 10, 3, 6, 9, 8, 3, 4, 8, 8, 4, 10, 11, 8, 5, 8, 11, 10, 1, 8, 9, 6, 3, 1, 11, 8, 9, 10, 10, 1, 9, 6, 9, 9, 8 ], [ 13, 10, 13, 19, 3, 6, 5, 16, 1, 10, 16, 2, 6, 14, 10, 17, 9, 15, 2, 10, 1, 12, 16, 10, 8, 16, 8, 5, 11, 9, 16, 19, 15, 19, 1, 10, 13, 1, 7, 9, 4, 18, 10, 10, 18, 16, 17, 6, 12, 17, 14, 11, 0, 6, 17, 15, 11, 14, 14, 5, 17, 19, 9, 15, 2, 11, 18, 5, 10, 6, 11, 5, 4, 12, 8, 17, 10, 15, 9, 8, 16, 5, 13, 2, 3, 12, 7, 16, 5, 13, 11, 16, 5, 17, 7, 10, 2, 17, 7, 3, 3, 12, 12, 12, 12, 10, 11 ], [ 9, 5, 13, 13, 3, 8, 5, 11, 7, 5, 10, 7, 1, 10, 5, 13, 4, 12, 4, 10, 5, 7, 12, 7, 9, 10, 6, 3, 5, 5, 10, 14, 9, 14, 6, 5, 7, 6, 4, 9, 2, 14, 11, 12, 12, 14, 12, 1, 7, 12, 8, 7, 6, 0, 14, 12, 6, 11, 9, 8, 12, 13, 3, 11, 5, 7, 14, 9, 5, 0, 7, 3, 3, 13, 5, 13, 11, 14, 4, 7, 14, 7, 7, 4, 4, 6, 2, 11, 4, 8, 7, 10, 2, 13, 5, 6, 7, 14, 9, 4, 4, 8, 12, 6, 6, 11, 11 ], [ 5, 16, 8, 8, 15, 13, 18, 7, 18, 9, 15, 16, 15, 4, 17, 0, 11, 3, 16, 9, 17, 17, 2, 7, 11, 14, 9, 13, 9, 9, 14, 4, 13, 5, 16, 18, 12, 17, 17, 8, 15, 4, 12, 12, 11, 6, 11, 13, 10, 11, 9, 7, 17, 14, 0, 2, 17, 3, 16, 14, 7, 9, 13, 4, 18, 7, 3, 16, 12, 14, 8, 12, 16, 10, 10, 1, 11, 5, 10, 9, 3, 13, 9, 17, 17, 14, 12, 12, 18, 16, 7, 11, 16, 1, 10, 8, 17, 1, 13, 17, 17, 6, 9, 12, 16, 10, 9 ], [ 4, 15, 6, 9, 13, 11, 17, 7, 16, 8, 14, 14, 13, 3, 16, 2, 9, 0, 14, 6, 15, 16, 2, 5, 9, 14, 7, 11, 8, 7, 14, 6, 13, 7, 14, 16, 11, 15, 16, 6, 13, 5, 10, 10, 11, 4, 11, 12, 9, 11, 9, 6, 15, 12, 2, 0, 16, 1, 15, 12, 8, 10, 11, 4, 16, 5, 4, 13, 11, 12, 6, 10, 14, 8, 8, 2, 9, 4, 9, 7, 2, 11, 9, 15, 15, 13, 10, 12, 16, 15, 6, 11, 14, 2, 8, 7, 15, 2, 10, 15, 15, 4, 7, 11, 15, 8, 7 ], [ 12, 1, 18, 14, 8, 13, 7, 12, 11, 8, 7, 12, 5, 13, 1, 17, 7, 16, 8, 15, 9, 1, 15, 12, 14, 7, 11, 8, 8, 9, 8, 16, 7, 16, 11, 1, 6, 11, 4, 14, 7, 16, 17, 18, 11, 19, 11, 6, 7, 11, 9, 10, 11, 6, 17, 16, 0, 15, 4, 14, 13, 13, 5, 14, 9, 11, 16, 14, 5, 6, 9, 9, 7, 18, 9, 16, 17, 18, 7, 12, 18, 12, 8, 8, 8, 3, 7, 9, 6, 3, 10, 9, 6, 16, 10, 9, 12, 18, 15, 8, 7, 12, 17, 6, 2, 17, 16 ], [ 3, 14, 6, 9, 12, 10, 16, 7, 15, 7, 14, 13, 12, 3, 15, 3, 8, 1, 13, 6, 14, 15, 2, 4, 8, 13, 6, 10, 8, 6, 13, 6, 12, 7, 13, 15, 10, 14, 15, 5, 12, 6, 9, 10, 11, 5, 11, 11, 9, 11, 8, 5, 14, 11, 3, 1, 15, 0, 15, 11, 8, 10, 10, 4, 15, 4, 5, 12, 10, 11, 6, 9, 13, 8, 7, 3, 9, 4, 8, 6, 3, 10, 8, 14, 14, 13, 9, 12, 15, 15, 5, 11, 13, 3, 7, 6, 14, 3, 10, 14, 14, 3, 7, 10, 14, 8, 6 ], [ 12, 5, 19, 11, 11, 16, 11, 10, 15, 8, 3, 16, 9, 13, 5, 16, 8, 16, 12, 17, 13, 3, 15, 13, 16, 3, 12, 11, 7, 10, 4, 14, 4, 13, 15, 6, 4, 15, 8, 15, 10, 14, 19, 20, 8, 19, 7, 8, 6, 7, 7, 10, 14, 9, 16, 15, 4, 15, 0, 17, 11, 11, 6, 13, 13, 11, 14, 17, 5, 9, 9, 11, 10, 20, 11, 15, 19, 19, 8, 14, 18, 15, 7, 12, 12, 3, 9, 5, 10, 1, 9, 5, 9, 15, 11, 9, 16, 17, 17, 11, 11, 12, 19, 5, 3, 18, 18 ], [ 11, 13, 8, 18, 6, 1, 9, 15, 5, 10, 17, 3, 9, 12, 14, 14, 9, 12, 6, 6, 6, 15, 13, 7, 3, 17, 6, 5, 11, 8, 18, 17, 16, 17, 4, 13, 14, 5, 11, 6, 7, 16, 4, 5, 18, 11, 18, 8, 13, 18, 14, 10, 5, 8, 14, 12, 14, 11, 17, 0, 17, 18, 11, 13, 7, 9, 15, 2, 12, 8, 10, 5, 8, 7, 7, 14, 5, 11, 9, 5, 13, 2, 13, 7, 7, 14, 8, 17, 9, 16, 11, 16, 9, 14, 6, 10, 4, 14, 2, 7, 8, 10, 7, 13, 14, 5, 6 ], [ 5, 12, 14, 1, 15, 15, 17, 1, 18, 7, 8, 18, 13, 5, 14, 7, 9, 8, 15, 13, 17, 12, 6, 9, 14, 7, 11, 13, 7, 9, 8, 4, 7, 3, 17, 14, 7, 18, 15, 12, 14, 4, 16, 17, 4, 12, 4, 12, 6, 4, 4, 7, 17, 12, 7, 8, 13, 8, 11, 17, 0, 2, 9, 4, 17, 7, 4, 18, 8, 12, 6, 13, 15, 15, 10, 6, 16, 12, 9, 11, 10, 15, 5, 16, 17, 10, 10, 5, 16, 11, 6, 5, 14, 6, 10, 7, 18, 9, 16, 16, 16, 7, 14, 7, 11, 15, 14 ], [ 7, 13, 16, 1, 16, 17, 18, 3, 20, 8, 8, 19, 14, 7, 14, 8, 10, 10, 17, 15, 18, 13, 8, 11, 16, 7, 12, 14, 8, 10, 7, 5, 7, 4, 19, 15, 7, 19, 16, 14, 15, 5, 18, 18, 3, 14, 4, 13, 7, 3, 5, 9, 19, 13, 9, 10, 13, 10, 11, 18, 2, 0, 10, 6, 19, 9, 6, 19, 9, 13, 8, 14, 16, 17, 12, 8, 17, 13, 10, 13, 11, 17, 6, 18, 18, 10, 12, 5, 17, 11, 8, 5, 15, 8, 12, 9, 20, 10, 18, 17, 17, 9, 16, 8, 12, 17, 15 ], [ 8, 4, 14, 10, 6, 10, 7, 8, 10, 3, 6, 11, 4, 9, 5, 12, 2, 11, 7, 11, 8, 5, 11, 7, 11, 6, 6, 6, 3, 5, 7, 12, 6, 12, 9, 5, 4, 10, 5, 10, 5, 12, 13, 14, 9, 14, 8, 3, 4, 8, 5, 6, 9, 3, 13, 11, 5, 10, 6, 11, 9, 10, 0, 9, 8, 6, 12, 12, 1, 3, 5, 6, 6, 14, 5, 12, 13, 14, 3, 8, 14, 9, 4, 8, 8, 3, 3, 7, 7, 5, 5, 6, 5, 12, 6, 4, 10, 13, 11, 7, 7, 7, 13, 3, 4, 13, 12 ], [ 2, 13, 10, 5, 13, 12, 16, 4, 16, 6, 11, 15, 12, 1, 14, 3, 8, 4, 14, 9, 15, 13, 2, 6, 11, 10, 8, 11, 6, 6, 11, 3, 10, 4, 15, 14, 8, 15, 14, 8, 13, 3, 12, 13, 8, 8, 8, 11, 7, 8, 5, 5, 15, 11, 4, 4, 14, 4, 13, 13, 4, 6, 9, 0, 16, 5, 2, 15, 9, 11, 5, 10, 14, 11, 8, 2, 12, 7, 8, 8, 6, 12, 6, 15, 15, 11, 9, 9, 16, 13, 4, 8, 13, 3, 8, 6, 16, 5, 12, 14, 15, 4, 10, 8, 12, 11, 9 ], [ 14, 8, 15, 18, 3, 8, 2, 16, 3, 10, 14, 5, 4, 15, 8, 17, 9, 16, 2, 12, 1, 10, 17, 11, 10, 15, 9, 5, 10, 9, 15, 19, 14, 19, 4, 8, 12, 3, 5, 11, 3, 19, 12, 12, 17, 17, 17, 6, 12, 17, 13, 11, 2, 5, 18, 16, 9, 15, 13, 7, 17, 19, 8, 16, 0, 11, 18, 7, 10, 5, 11, 6, 2, 14, 8, 17, 12, 16, 8, 10, 18, 7, 12, 1, 1, 11, 7, 16, 3, 12, 12, 15, 4, 17, 8, 10, 4, 18, 9, 2, 2, 12, 14, 11, 10, 12, 13 ], [ 3, 10, 8, 9, 9, 8, 12, 6, 12, 3, 11, 11, 8, 4, 11, 6, 4, 5, 9, 6, 10, 11, 5, 2, 7, 10, 3, 6, 4, 2, 11, 8, 9, 8, 10, 11, 7, 11, 11, 5, 8, 7, 9, 10, 9, 8, 9, 7, 5, 9, 5, 1, 11, 7, 7, 5, 11, 4, 11, 9, 7, 9, 6, 5, 11, 0, 7, 11, 6, 7, 2, 6, 9, 9, 3, 6, 9, 7, 4, 4, 7, 8, 5, 10, 11, 9, 5, 9, 11, 11, 2, 8, 9, 6, 3, 2, 11, 7, 9, 10, 10, 1, 8, 6, 10, 8, 7 ], [ 4, 15, 11, 5, 15, 14, 18, 4, 18, 8, 12, 17, 15, 3, 16, 3, 10, 5, 16, 11, 17, 15, 2, 8, 13, 12, 10, 13, 9, 9, 12, 1, 11, 2, 17, 17, 10, 18, 17, 10, 15, 1, 14, 14, 8, 9, 9, 13, 8, 8, 7, 7, 18, 14, 3, 4, 16, 5, 14, 15, 4, 6, 12, 2, 18, 7, 0, 17, 11, 13, 7, 13, 16, 12, 10, 2, 13, 8, 10, 10, 6, 14, 8, 17, 17, 13, 11, 10, 18, 14, 7, 9, 16, 2, 10, 8, 18, 4, 14, 17, 17, 6, 11, 10, 14, 13, 11 ], [ 13, 13, 10, 19, 7, 3, 9, 17, 4, 12, 18, 2, 9, 14, 14, 15, 10, 13, 6, 7, 6, 15, 15, 9, 5, 18, 7, 6, 12, 9, 19, 18, 18, 19, 4, 14, 15, 4, 11, 7, 7, 18, 5, 6, 19, 13, 19, 9, 14, 19, 15, 11, 5, 9, 16, 13, 14, 12, 17, 2, 18, 19, 12, 15, 7, 11, 17, 0, 13, 9, 12, 6, 8, 8, 8, 15, 6, 12, 10, 7, 14, 3, 14, 7, 7, 15, 9, 18, 9, 17, 12, 17, 9, 15, 8, 11, 3, 15, 3, 7, 8, 11, 8, 14, 15, 7, 8 ], [ 7, 4, 14, 9, 7, 11, 9, 7, 11, 3, 6, 11, 5, 8, 6, 11, 2, 11, 8, 11, 9, 5, 10, 7, 11, 6, 7, 6, 2, 5, 6, 11, 5, 11, 10, 6, 3, 11, 6, 10, 7, 11, 14, 14, 8, 14, 7, 4, 2, 7, 4, 5, 10, 5, 12, 11, 5, 10, 5, 12, 8, 9, 1, 9, 10, 6, 11, 13, 0, 4, 4, 6, 7, 14, 5, 11, 13, 13, 3, 8, 13, 10, 3, 9, 9, 3, 4, 6, 8, 5, 4, 5, 6, 11, 6, 4, 12, 13, 12, 8, 8, 7, 13, 2, 4, 13, 12 ], [ 9, 5, 13, 13, 3, 8, 5, 11, 7, 5, 10, 7, 2, 10, 6, 13, 3, 12, 4, 10, 5, 7, 12, 7, 9, 10, 5, 3, 5, 5, 10, 14, 9, 14, 6, 6, 7, 6, 4, 8, 2, 14, 11, 12, 12, 14, 12, 0, 7, 12, 8, 7, 6, 0, 14, 12, 6, 11, 9, 8, 12, 13, 3, 11, 5, 7, 13, 9, 4, 0, 6, 3, 3, 13, 4, 13, 11, 13, 3, 7, 14, 6, 7, 4, 4, 6, 2, 10, 5, 8, 7, 10, 2, 13, 4, 5, 7, 14, 9, 4, 4, 8, 12, 6, 6, 11, 11 ], [ 3, 9, 10, 7, 9, 9, 11, 5, 12, 2, 8, 11, 8, 4, 10, 7, 3, 6, 9, 8, 11, 9, 6, 4, 9, 8, 5, 7, 2, 2, 9, 8, 7, 8, 11, 10, 5, 12, 10, 7, 8, 7, 11, 12, 8, 10, 7, 6, 3, 7, 3, 1, 11, 7, 8, 6, 9, 6, 9, 10, 6, 8, 5, 5, 11, 2, 7, 12, 4, 6, 0, 6, 9, 11, 4, 7, 11, 9, 3, 6, 9, 9, 3, 10, 11, 7, 5, 7, 11, 9, 0, 6, 9, 7, 4, 1, 12, 8, 10, 10, 10, 2, 10, 4, 8, 10, 9 ], [ 8, 8, 10, 14, 3, 5, 7, 11, 6, 6, 12, 5, 4, 9, 9, 12, 4, 10, 3, 7, 5, 10, 11, 5, 5, 12, 3, 1, 6, 4, 13, 14, 11, 14, 5, 9, 9, 5, 7, 6, 3, 13, 8, 9, 13, 12, 13, 3, 8, 13, 9, 6, 5, 3, 12, 10, 9, 9, 11, 5, 13, 14, 6, 10, 6, 6, 13, 6, 6, 3, 6, 0, 4, 10, 3, 12, 8, 11, 4, 4, 12, 3, 8, 5, 5, 9, 3, 12, 6, 11, 6, 11, 5, 12, 2, 5, 6, 12, 6, 4, 5, 7, 9, 8, 9, 8, 8 ], [ 12, 6, 14, 16, 1, 8, 2, 14, 5, 8, 12, 6, 2, 13, 6, 16, 6, 14, 2, 11, 2, 8, 15, 9, 9, 12, 7, 3, 8, 7, 13, 17, 12, 17, 5, 6, 10, 4, 3, 10, 1, 16, 12, 12, 15, 16, 14, 3, 9, 14, 11, 9, 4, 3, 16, 14, 7, 13, 10, 8, 15, 16, 6, 14, 2, 9, 16, 8, 7, 3, 9, 4, 0, 14, 6, 15, 12, 15, 6, 8, 16, 6, 10, 2, 2, 8, 5, 13, 2, 10, 9, 12, 1, 16, 7, 8, 5, 16, 9, 1, 1, 10, 13, 9, 8, 12, 12 ], [ 10, 17, 2, 16, 12, 6, 16, 14, 12, 12, 19, 10, 14, 10, 18, 10, 12, 8, 12, 3, 13, 19, 10, 7, 4, 19, 8, 10, 12, 10, 20, 14, 18, 15, 11, 18, 16, 12, 17, 5, 13, 13, 3, 3, 18, 5, 18, 13, 14, 18, 14, 10, 12, 13, 10, 8, 18, 8, 20, 7, 15, 17, 14, 11, 14, 9, 12, 8, 14, 13, 11, 10, 14, 0, 9, 10, 2, 5, 11, 6, 8, 8, 14, 13, 14, 17, 12, 18, 16, 19, 11, 17, 14, 10, 9, 11, 11, 9, 5, 14, 14, 9, 1, 15, 18, 2, 2 ], [ 6, 8, 9, 11, 6, 6, 9, 9, 8, 4, 11, 8, 6, 7, 9, 9, 3, 8, 6, 6, 7, 10, 8, 3, 6, 11, 1, 3, 4, 1, 11, 11, 10, 11, 7, 9, 8, 8, 8, 4, 5, 10, 8, 9, 11, 10, 11, 4, 6, 11, 7, 3, 8, 5, 10, 8, 9, 7, 11, 7, 10, 12, 5, 8, 8, 3, 10, 8, 5, 4, 4, 3, 6, 9, 0, 9, 8, 9, 2, 3, 10, 5, 6, 7, 8, 8, 3, 10, 8, 10, 4, 9, 6, 9, 1, 3, 8, 10, 7, 7, 7, 4, 8, 7, 9, 8, 7 ], [ 4, 15, 9, 7, 15, 13, 18, 6, 17, 8, 13, 16, 14, 3, 17, 1, 10, 3, 15, 9, 16, 16, 1, 7, 11, 13, 9, 12, 9, 8, 13, 4, 12, 4, 16, 17, 11, 17, 17, 8, 14, 3, 12, 13, 10, 7, 10, 13, 9, 10, 8, 6, 17, 13, 1, 2, 16, 3, 15, 14, 6, 8, 12, 2, 17, 6, 2, 15, 11, 13, 7, 12, 15, 10, 9, 0, 11, 6, 10, 9, 4, 13, 8, 16, 17, 13, 11, 11, 17, 15, 7, 10, 15, 0, 9, 7, 17, 2, 13, 16, 16, 5, 9, 11, 15, 11, 9 ], [ 10, 16, 4, 17, 11, 4, 14, 15, 10, 11, 19, 8, 12, 11, 17, 11, 11, 9, 10, 3, 11, 18, 11, 7, 3, 18, 7, 9, 12, 9, 19, 15, 18, 16, 9, 17, 15, 10, 15, 4, 11, 14, 1, 1, 18, 7, 18, 11, 14, 18, 14, 9, 10, 11, 11, 9, 17, 9, 19, 5, 16, 17, 13, 12, 12, 9, 13, 6, 13, 11, 11, 8, 12, 2, 8, 11, 0, 7, 11, 5, 9, 6, 13, 11, 12, 16, 10, 18, 14, 18, 11, 17, 13, 12, 8, 10, 9, 11, 3, 12, 12, 9, 3, 14, 17, 1, 2 ], [ 7, 17, 3, 13, 14, 10, 17, 11, 15, 11, 18, 13, 15, 7, 18, 5, 11, 4, 14, 5, 15, 18, 6, 6, 7, 17, 8, 12, 11, 9, 18, 10, 16, 11, 14, 18, 14, 15, 17, 6, 14, 9, 7, 8, 15, 1, 15, 13, 12, 15, 12, 8, 15, 14, 5, 4, 18, 4, 19, 11, 12, 13, 14, 7, 16, 7, 8, 12, 13, 13, 9, 11, 15, 5, 9, 6, 7, 0, 11, 7, 3, 10, 12, 15, 16, 16, 12, 16, 17, 18, 9, 15, 15, 6, 9, 9, 14, 4, 9, 15, 16, 7, 4, 14, 18, 6, 4 ], [ 6, 6, 11, 10, 6, 8, 8, 8, 9, 2, 8, 9, 5, 7, 7, 10, 1, 9, 6, 9, 8, 8, 9, 5, 8, 8, 4, 4, 2, 2, 9, 11, 8, 11, 8, 8, 5, 9, 7, 7, 5, 10, 11, 11, 9, 12, 9, 3, 4, 9, 5, 3, 9, 4, 10, 9, 7, 8, 8, 9, 9, 10, 3, 8, 8, 4, 10, 10, 3, 3, 3, 4, 6, 11, 2, 10, 11, 11, 0, 5, 11, 7, 4, 7, 8, 6, 2, 8, 8, 8, 3, 7, 6, 10, 3, 2, 9, 11, 9, 7, 7, 5, 11, 4, 7, 10, 9 ], [ 6, 11, 6, 12, 7, 4, 11, 10, 9, 6, 14, 7, 8, 7, 12, 9, 6, 7, 7, 3, 8, 13, 8, 2, 3, 13, 2, 5, 7, 4, 14, 11, 13, 12, 7, 12, 10, 8, 11, 2, 7, 11, 6, 6, 13, 8, 13, 7, 9, 13, 9, 4, 8, 7, 9, 7, 12, 6, 14, 5, 11, 13, 8, 8, 10, 4, 10, 7, 8, 7, 6, 4, 8, 6, 3, 9, 5, 7, 5, 0, 8, 4, 8, 9, 9, 11, 5, 13, 10, 13, 6, 12, 9, 9, 2, 5, 8, 9, 5, 8, 9, 4, 5, 9, 12, 5, 4 ], [ 6, 17, 6, 11, 15, 12, 19, 10, 17, 11, 17, 15, 16, 5, 19, 3, 12, 2, 15, 7, 16, 18, 4, 7, 9, 16, 9, 13, 11, 9, 16, 7, 15, 8, 16, 19, 14, 16, 18, 7, 15, 7, 10, 10, 14, 3, 14, 14, 12, 13, 11, 8, 16, 14, 3, 2, 18, 3, 18, 13, 10, 11, 14, 6, 18, 7, 6, 14, 13, 14, 9, 12, 16, 8, 10, 4, 9, 3, 11, 8, 0, 12, 11, 17, 17, 16, 12, 14, 18, 18, 9, 14, 16, 4, 10, 9, 16, 2, 11, 17, 17, 7, 7, 13, 17, 8, 7 ], [ 10, 11, 8, 16, 5, 1, 8, 14, 5, 9, 15, 3, 7, 11, 12, 13, 8, 11, 4, 6, 5, 13, 12, 6, 3, 15, 4, 4, 9, 6, 16, 15, 15, 16, 3, 12, 12, 4, 10, 5, 6, 15, 5, 6, 16, 11, 16, 6, 11, 16, 12, 8, 5, 7, 13, 11, 12, 10, 15, 2, 15, 17, 9, 12, 7, 8, 14, 3, 10, 6, 9, 3, 6, 8, 5, 13, 6, 10, 7, 4, 12, 0, 11, 6, 6, 12, 6, 15, 8, 14, 9, 14, 7, 13, 5, 8, 4, 13, 3, 6, 6, 8, 7, 11, 13, 6, 6 ], [ 5, 7, 13, 6, 10, 12, 12, 4, 13, 2, 6, 13, 8, 6, 9, 9, 4, 9, 10, 11, 12, 8, 8, 7, 11, 5, 7, 8, 2, 5, 6, 8, 5, 8, 12, 9, 2, 13, 9, 9, 9, 8, 14, 14, 5, 13, 5, 7, 1, 5, 1, 4, 13, 7, 9, 9, 8, 8, 7, 13, 5, 6, 4, 6, 12, 5, 8, 14, 3, 7, 3, 8, 10, 14, 6, 8, 13, 12, 4, 8, 11, 11, 0, 11, 11, 5, 5, 4, 11, 7, 3, 4, 9, 8, 7, 3, 14, 10, 13, 11, 11, 5, 13, 2, 7, 13, 12 ], [ 13, 8, 14, 17, 2, 7, 3, 15, 3, 9, 14, 5, 4, 14, 8, 16, 8, 15, 1, 11, 1, 10, 16, 10, 9, 14, 8, 4, 9, 8, 14, 18, 13, 18, 3, 7, 12, 3, 5, 10, 2, 18, 11, 12, 16, 16, 16, 5, 11, 16, 12, 10, 2, 4, 17, 15, 8, 14, 12, 7, 16, 18, 8, 15, 1, 10, 17, 7, 9, 4, 10, 5, 2, 13, 7, 16, 11, 15, 7, 9, 17, 6, 11, 0, 1, 10, 6, 15, 3, 11, 11, 14, 3, 16, 7, 9, 4, 17, 9, 1, 1, 11, 13, 10, 10, 11, 12 ], [ 13, 7, 15, 18, 2, 8, 2, 15, 3, 9, 13, 5, 4, 14, 7, 17, 8, 15, 2, 12, 1, 9, 16, 10, 10, 14, 8, 4, 10, 9, 14, 18, 13, 18, 4, 7, 11, 3, 4, 10, 2, 18, 12, 12, 16, 17, 16, 5, 11, 16, 12, 11, 3, 4, 17, 15, 8, 14, 12, 7, 17, 18, 8, 15, 1, 11, 17, 7, 9, 4, 11, 5, 2, 14, 8, 17, 12, 16, 8, 9, 17, 6, 11, 1, 0, 10, 6, 15, 2, 11, 11, 14, 3, 17, 8, 10, 4, 18, 9, 1, 1, 12, 14, 10, 9, 12, 13 ], [ 10, 3, 17, 10, 9, 13, 9, 9, 13, 5, 4, 13, 6, 11, 4, 14, 5, 13, 10, 14, 11, 3, 13, 10, 14, 4, 10, 9, 5, 8, 5, 13, 4, 12, 12, 5, 3, 12, 6, 13, 8, 13, 16, 17, 8, 17, 7, 6, 4, 7, 6, 8, 12, 6, 14, 13, 3, 13, 3, 14, 10, 10, 3, 11, 11, 9, 13, 15, 3, 6, 7, 9, 8, 17, 8, 13, 16, 16, 6, 11, 16, 12, 5, 10, 10, 0, 6, 6, 9, 2, 7, 5, 7, 13, 9, 7, 13, 15, 15, 9, 9, 9, 16, 3, 2, 16, 15 ], [ 7, 6, 11, 11, 4, 7, 7, 9, 8, 3, 9, 8, 3, 8, 7, 11, 2, 10, 5, 9, 6, 7, 10, 5, 8, 9, 4, 3, 4, 3, 10, 12, 9, 12, 7, 7, 6, 8, 6, 7, 4, 12, 10, 11, 11, 13, 10, 2, 5, 10, 6, 5, 7, 2, 12, 10, 7, 9, 9, 8, 10, 12, 3, 9, 7, 5, 11, 9, 4, 2, 5, 3, 5, 12, 3, 11, 10, 12, 2, 5, 12, 6, 5, 6, 6, 6, 0, 9, 6, 8, 5, 9, 4, 11, 3, 4, 8, 12, 9, 5, 6, 6, 11, 5, 7, 10, 10 ], [ 9, 9, 17, 6, 13, 16, 14, 5, 17, 7, 3, 17, 11, 9, 10, 12, 8, 12, 14, 15, 15, 8, 11, 11, 16, 2, 12, 12, 6, 9, 2, 9, 2, 8, 16, 10, 3, 17, 12, 14, 12, 9, 18, 19, 2, 16, 2, 10, 4, 2, 4, 8, 16, 11, 12, 12, 9, 12, 5, 17, 5, 5, 7, 9, 16, 9, 10, 18, 6, 10, 7, 12, 13, 18, 10, 11, 18, 16, 8, 13, 14, 15, 4, 15, 15, 6, 9, 0, 14, 6, 7, 1, 12, 11, 11, 8, 17, 13, 17, 14, 14, 9, 17, 4, 7, 17, 16 ], [ 14, 6, 16, 17, 3, 10, 0, 15, 6, 10, 12, 7, 3, 15, 6, 18, 8, 16, 4, 13, 4, 8, 17, 11, 11, 13, 9, 6, 10, 9, 13, 19, 12, 18, 6, 5, 11, 6, 3, 12, 3, 18, 14, 14, 16, 18, 15, 5, 11, 15, 12, 11, 5, 4, 18, 16, 6, 15, 10, 9, 16, 17, 7, 16, 3, 11, 18, 9, 8, 5, 11, 6, 2, 16, 8, 17, 14, 17, 8, 10, 18, 8, 11, 3, 2, 9, 6, 14, 0, 10, 11, 13, 2, 18, 9, 10, 6, 18, 11, 2, 2, 12, 15, 10, 8, 14, 14 ], [ 12, 4, 19, 11, 10, 15, 10, 10, 14, 8, 3, 15, 8, 13, 4, 16, 7, 15, 11, 16, 12, 2, 15, 12, 16, 4, 12, 10, 7, 10, 4, 14, 4, 14, 14, 5, 5, 14, 7, 15, 10, 14, 18, 19, 8, 19, 8, 8, 6, 8, 7, 10, 13, 8, 16, 15, 3, 15, 1, 16, 11, 11, 5, 13, 12, 11, 14, 17, 5, 8, 9, 11, 10, 19, 10, 15, 18, 18, 8, 13, 18, 14, 7, 11, 11, 2, 8, 6, 10, 0, 9, 6, 8, 15, 11, 9, 15, 17, 17, 11, 10, 12, 18, 5, 2, 18, 17 ], [ 3, 9, 10, 7, 9, 10, 11, 5, 12, 2, 9, 12, 8, 4, 10, 7, 3, 6, 9, 8, 11, 10, 6, 4, 9, 8, 5, 7, 2, 3, 9, 8, 7, 7, 11, 10, 5, 12, 10, 7, 8, 7, 11, 12, 8, 10, 7, 6, 3, 7, 3, 1, 11, 7, 7, 6, 10, 5, 9, 11, 6, 8, 5, 4, 12, 2, 7, 12, 4, 7, 0, 6, 9, 11, 4, 7, 11, 9, 3, 6, 9, 9, 3, 11, 11, 7, 5, 7, 11, 9, 0, 6, 9, 7, 4, 1, 12, 8, 10, 10, 10, 2, 10, 5, 9, 10, 9 ], [ 8, 8, 16, 5, 13, 15, 14, 5, 16, 6, 3, 16, 10, 8, 9, 11, 7, 11, 13, 14, 14, 8, 10, 10, 15, 2, 11, 11, 5, 8, 3, 9, 2, 8, 16, 10, 2, 16, 11, 13, 12, 9, 17, 18, 3, 16, 2, 9, 3, 2, 3, 8, 16, 10, 11, 11, 9, 11, 5, 16, 5, 5, 6, 8, 15, 8, 9, 17, 5, 10, 6, 11, 12, 17, 9, 10, 17, 15, 7, 12, 14, 14, 4, 14, 14, 5, 9, 1, 13, 6, 6, 0, 11, 10, 10, 7, 17, 13, 16, 13, 13, 8, 16, 4, 7, 16, 15 ], [ 12, 5, 15, 15, 2, 9, 2, 13, 6, 7, 11, 7, 1, 13, 5, 15, 6, 14, 3, 12, 4, 7, 14, 9, 10, 11, 7, 4, 7, 7, 12, 16, 11, 16, 6, 5, 9, 6, 2, 10, 2, 16, 12, 13, 14, 16, 13, 3, 9, 13, 10, 9, 5, 2, 16, 14, 6, 13, 9, 9, 14, 15, 5, 13, 4, 9, 16, 9, 6, 2, 9, 5, 1, 14, 6, 15, 13, 15, 6, 9, 16, 7, 9, 3, 3, 7, 4, 12, 2, 8, 9, 11, 0, 15, 7, 8, 7, 16, 10, 2, 2, 10, 14, 8, 7, 12, 12 ], [ 4, 15, 9, 7, 15, 13, 18, 6, 17, 9, 14, 16, 15, 3, 17, 1, 10, 3, 15, 9, 16, 16, 1, 7, 11, 13, 9, 13, 9, 8, 13, 4, 12, 5, 16, 17, 11, 17, 17, 8, 15, 3, 12, 13, 10, 6, 10, 13, 9, 10, 8, 6, 17, 13, 1, 2, 16, 3, 15, 14, 6, 8, 12, 3, 17, 6, 2, 15, 11, 13, 7, 12, 16, 10, 9, 0, 12, 6, 10, 9, 4, 13, 8, 16, 17, 13, 11, 11, 18, 15, 7, 10, 15, 0, 9, 8, 17, 2, 13, 16, 16, 5, 9, 11, 15, 11, 9 ], [ 6, 9, 8, 12, 6, 5, 9, 9, 8, 4, 11, 7, 6, 7, 10, 9, 4, 8, 6, 6, 7, 10, 8, 3, 5, 11, 1, 3, 5, 2, 12, 11, 11, 11, 7, 10, 8, 8, 8, 4, 5, 11, 8, 8, 12, 10, 11, 4, 7, 11, 7, 3, 7, 5, 10, 8, 10, 7, 11, 6, 10, 12, 6, 8, 8, 3, 10, 8, 6, 4, 4, 2, 7, 9, 1, 9, 8, 9, 3, 2, 10, 5, 7, 7, 8, 9, 3, 11, 9, 11, 4, 10, 7, 9, 0, 3, 8, 10, 6, 7, 7, 4, 8, 7, 10, 7, 7 ], [ 4, 8, 10, 8, 8, 9, 10, 6, 11, 1, 9, 10, 7, 5, 9, 8, 2, 7, 8, 8, 10, 9, 7, 4, 8, 8, 4, 6, 2, 2, 9, 9, 8, 9, 10, 9, 5, 10, 9, 6, 7, 8, 10, 11, 8, 10, 8, 5, 4, 8, 4, 1, 10, 6, 8, 7, 9, 6, 9, 10, 7, 9, 4, 6, 10, 2, 8, 11, 4, 5, 1, 5, 8, 11, 3, 7, 10, 9, 2, 5, 9, 8, 3, 9, 10, 7, 4, 8, 10, 9, 1, 7, 8, 8, 3, 0, 11, 9, 9, 9, 9, 3, 10, 5, 8, 9, 9 ], [ 14, 11, 12, 19, 4, 5, 6, 17, 1, 11, 17, 1, 7, 15, 12, 17, 10, 15, 4, 10, 3, 13, 16, 10, 7, 17, 8, 5, 12, 10, 18, 19, 16, 19, 1, 11, 14, 1, 9, 9, 5, 18, 8, 9, 19, 15, 18, 7, 13, 18, 14, 11, 2, 7, 17, 15, 12, 14, 16, 4, 18, 20, 10, 16, 4, 11, 18, 3, 12, 7, 12, 6, 5, 11, 8, 17, 9, 14, 9, 8, 16, 4, 14, 4, 4, 13, 8, 17, 6, 15, 12, 17, 7, 17, 8, 11, 0, 17, 6, 5, 5, 12, 11, 13, 13, 9, 10 ], [ 5, 17, 7, 9, 16, 13, 19, 8, 18, 10, 16, 16, 16, 4, 18, 2, 11, 2, 16, 8, 17, 18, 3, 7, 10, 15, 9, 13, 10, 9, 15, 6, 14, 7, 16, 18, 13, 17, 18, 8, 15, 5, 11, 12, 12, 5, 12, 14, 11, 12, 10, 8, 17, 14, 1, 2, 18, 3, 17, 14, 9, 10, 13, 5, 18, 7, 4, 15, 13, 14, 8, 12, 16, 9, 10, 2, 11, 4, 11, 9, 2, 13, 10, 17, 18, 15, 12, 13, 18, 17, 8, 13, 16, 2, 10, 9, 17, 0, 12, 17, 17, 6, 8, 12, 17, 10, 8 ], [ 11, 14, 6, 17, 8, 2, 11, 15, 7, 10, 18, 5, 10, 11, 15, 12, 10, 10, 7, 4, 8, 16, 12, 7, 2, 17, 6, 7, 11, 8, 18, 16, 17, 16, 6, 15, 14, 7, 12, 4, 9, 15, 2, 3, 18, 9, 18, 9, 13, 17, 13, 9, 7, 9, 13, 10, 15, 10, 17, 2, 16, 18, 11, 12, 9, 9, 14, 3, 12, 9, 10, 6, 9, 5, 7, 13, 3, 9, 9, 5, 11, 3, 13, 9, 9, 15, 9, 17, 11, 17, 10, 16, 10, 13, 6, 9, 6, 12, 0, 9, 9, 9, 5, 13, 15, 3, 4 ], [ 12, 7, 14, 17, 1, 7, 2, 15, 4, 9, 13, 5, 3, 13, 7, 16, 7, 15, 2, 11, 2, 9, 15, 10, 9, 13, 7, 4, 9, 8, 14, 18, 13, 18, 4, 7, 11, 4, 4, 10, 2, 17, 11, 12, 16, 16, 15, 4, 10, 15, 12, 10, 3, 4, 17, 15, 8, 14, 11, 7, 16, 17, 7, 14, 2, 10, 17, 7, 8, 4, 10, 4, 1, 14, 7, 16, 12, 15, 7, 8, 17, 6, 11, 1, 1, 9, 5, 14, 2, 11, 10, 13, 2, 16, 7, 9, 5, 17, 9, 0, 0, 11, 13, 10, 9, 12, 12 ], [ 13, 7, 15, 17, 2, 8, 2, 15, 4, 9, 13, 6, 3, 14, 7, 16, 7, 15, 2, 12, 2, 9, 16, 10, 10, 13, 8, 4, 9, 8, 14, 18, 13, 18, 4, 6, 11, 4, 4, 10, 2, 17, 12, 12, 16, 17, 15, 4, 10, 15, 12, 10, 3, 4, 17, 15, 7, 14, 11, 8, 16, 17, 7, 15, 2, 10, 17, 8, 8, 4, 10, 5, 1, 14, 7, 16, 12, 16, 7, 9, 17, 6, 11, 1, 1, 9, 6, 14, 2, 10, 10, 13, 2, 16, 7, 9, 5, 17, 9, 0, 0, 11, 14, 10, 9, 12, 12 ], [ 2, 11, 8, 8, 10, 9, 13, 6, 12, 4, 11, 11, 9, 3, 12, 5, 5, 4, 10, 6, 11, 12, 4, 2, 7, 10, 4, 7, 4, 3, 11, 7, 10, 7, 11, 12, 7, 12, 12, 5, 9, 6, 9, 10, 9, 8, 9, 8, 6, 9, 5, 1, 12, 8, 6, 4, 12, 3, 12, 10, 7, 9, 7, 4, 12, 1, 6, 11, 7, 8, 2, 7, 10, 9, 4, 5, 9, 7, 5, 4, 7, 8, 5, 11, 12, 9, 6, 9, 12, 12, 2, 8, 10, 5, 4, 3, 12, 6, 9, 11, 11, 0, 8, 7, 11, 8, 7 ], [ 9, 16, 1, 15, 12, 6, 15, 13, 12, 11, 18, 10, 13, 9, 18, 9, 11, 7, 12, 2, 12, 18, 9, 6, 4, 18, 7, 10, 11, 9, 19, 13, 17, 14, 11, 18, 15, 12, 16, 4, 12, 12, 3, 3, 17, 4, 17, 12, 13, 17, 13, 9, 12, 12, 9, 7, 17, 7, 19, 7, 14, 16, 13, 10, 14, 8, 11, 8, 13, 12, 10, 9, 13, 1, 8, 9, 3, 4, 11, 5, 7, 7, 13, 13, 14, 16, 11, 17, 15, 18, 10, 16, 14, 9, 8, 10, 11, 8, 5, 13, 14, 8, 0, 14, 17, 2, 1 ], [ 7, 5, 14, 8, 9, 12, 10, 6, 13, 3, 4, 13, 7, 8, 6, 11, 4, 11, 10, 12, 11, 5, 10, 8, 12, 4, 8, 8, 3, 6, 5, 10, 4, 10, 12, 7, 1, 12, 8, 11, 8, 10, 15, 15, 6, 15, 6, 6, 2, 6, 3, 6, 12, 6, 12, 11, 6, 10, 5, 13, 7, 8, 3, 8, 11, 6, 10, 14, 2, 6, 4, 8, 9, 15, 7, 11, 14, 14, 4, 9, 13, 11, 2, 10, 10, 3, 5, 4, 10, 5, 5, 4, 8, 11, 7, 5, 13, 12, 13, 10, 10, 7, 14, 0, 4, 14, 13 ], [ 11, 2, 18, 12, 9, 14, 8, 10, 13, 7, 5, 13, 6, 12, 3, 15, 6, 15, 10, 15, 10, 1, 14, 11, 14, 5, 10, 9, 7, 9, 6, 15, 5, 14, 12, 3, 5, 12, 5, 14, 8, 14, 17, 18, 9, 18, 9, 6, 6, 9, 7, 9, 12, 6, 16, 15, 2, 14, 3, 14, 11, 12, 4, 12, 10, 10, 14, 15, 4, 6, 8, 9, 8, 18, 9, 15, 17, 18, 7, 12, 17, 13, 7, 10, 9, 2, 7, 7, 8, 2, 9, 7, 7, 15, 10, 8, 13, 17, 15, 9, 9, 11, 17, 4, 0, 17, 16 ], [ 9, 16, 3, 16, 10, 5, 14, 14, 10, 11, 18, 8, 12, 10, 17, 10, 10, 8, 10, 2, 11, 17, 10, 6, 3, 18, 6, 9, 11, 8, 18, 14, 17, 15, 9, 17, 15, 10, 15, 3, 11, 13, 2, 2, 17, 6, 17, 11, 13, 17, 13, 9, 10, 11, 10, 8, 17, 8, 18, 5, 15, 17, 13, 11, 12, 8, 13, 7, 13, 11, 10, 8, 12, 2, 8, 11, 1, 6, 10, 5, 8, 6, 13, 11, 12, 16, 10, 17, 14, 18, 10, 16, 12, 11, 7, 9, 9, 10, 3, 12, 12, 8, 2, 14, 17, 0, 2 ], [ 8, 15, 2, 15, 11, 5, 14, 13, 11, 10, 17, 9, 12, 8, 16, 9, 10, 6, 11, 1, 11, 17, 9, 5, 3, 17, 6, 9, 10, 8, 18, 13, 16, 13, 10, 16, 14, 11, 15, 3, 11, 12, 3, 3, 16, 5, 16, 11, 12, 16, 12, 8, 11, 11, 9, 7, 16, 6, 18, 6, 14, 15, 12, 9, 13, 7, 11, 8, 12, 11, 9, 8, 12, 2, 7, 9, 2, 4, 9, 4, 7, 6, 12, 12, 13, 15, 10, 16, 14, 17, 9, 15, 12, 9, 7, 9, 10, 8, 4, 12, 12, 7, 1, 13, 16, 2, 0 ] ]
}