{
  "version" : "0.3",
  "id" : 55398240,
  "name" : "PTP-RAND-1_64_4_64",
  "coordType" : "Eucl",
  "sameVehicleBackward" : false,
  "maxWaitTime" : "00h30",
  "places" : [ {
    "id" : 0,
    "lat" : -0.9760361259020536,
    "long" : -2.7995575739761116,
    "category" : 0
  }, {
    "id" : 1,
    "lat" : 0.1323851265742498,
    "long" : -2.465697324105024,
    "category" : 0
  }, {
    "id" : 2,
    "lat" : -1.621888483188979,
    "long" : 4.101844639813624,
    "category" : 0
  }, {
    "id" : 3,
    "lat" : 6.373030790295537,
    "long" : 4.5285056657288685,
    "category" : 0
  }, {
    "id" : 4,
    "lat" : -5.245762258263597,
    "long" : 6.343964236290108,
    "category" : 0
  }, {
    "id" : 5,
    "lat" : -5.963492823992857,
    "long" : 4.715374939307807,
    "category" : 0
  }, {
    "id" : 6,
    "lat" : 6.495526937311567,
    "long" : 1.8322374855648127,
    "category" : 0
  }, {
    "id" : 7,
    "lat" : -5.803523872342505,
    "long" : 2.3353646639909655,
    "category" : 0
  }, {
    "id" : 8,
    "lat" : -4.2186894052712125,
    "long" : -3.749799107072717,
    "category" : 0
  }, {
    "id" : 9,
    "lat" : -3.2769967628686647,
    "long" : -0.5471120369918046,
    "category" : 0
  }, {
    "id" : 10,
    "lat" : 1.0591000839292977,
    "long" : 8.816367394995916,
    "category" : 0
  }, {
    "id" : 11,
    "lat" : 2.854786094714334,
    "long" : 0.5854448038086201,
    "category" : 0
  }, {
    "id" : 12,
    "lat" : 4.112459270989828,
    "long" : -5.670022585819494,
    "category" : 0
  }, {
    "id" : 13,
    "lat" : 8.54952493021986,
    "long" : -0.7910724137193511,
    "category" : 0
  }, {
    "id" : 14,
    "lat" : -4.31837306447641,
    "long" : -0.8726103994784952,
    "category" : 0
  }, {
    "id" : 15,
    "lat" : -3.999982803474499,
    "long" : 5.863947691979108,
    "category" : 0
  }, {
    "id" : 16,
    "lat" : -4.3287656036182245,
    "long" : -5.746070084601932,
    "category" : 0
  }, {
    "id" : 17,
    "lat" : 1.2716540579371802,
    "long" : -2.7112236363224778,
    "category" : 0
  }, {
    "id" : 18,
    "lat" : 0.7483661118688797,
    "long" : -9.586435515393173,
    "category" : 0
  }, {
    "id" : 19,
    "lat" : -3.97693705802506,
    "long" : -6.4617028481108925,
    "category" : 0
  }, {
    "id" : 20,
    "lat" : 0.5305409530077339,
    "long" : 1.950803682687028,
    "category" : 0
  }, {
    "id" : 21,
    "lat" : 7.475886389626556,
    "long" : 1.9600416481009906,
    "category" : 0
  }, {
    "id" : 22,
    "lat" : -4.6997932550336285,
    "long" : -5.400568563845516,
    "category" : 0
  }, {
    "id" : 23,
    "lat" : -0.16995122403536667,
    "long" : 8.728182212210212,
    "category" : 0
  }, {
    "id" : 24,
    "lat" : 2.7091375480512716,
    "long" : 7.228973012903279,
    "category" : 0
  }, {
    "id" : 25,
    "lat" : -0.9837896911091892,
    "long" : 8.383309087340313,
    "category" : 0
  }, {
    "id" : 26,
    "lat" : -1.125934393146616,
    "long" : 6.376669302905672,
    "category" : 0
  }, {
    "id" : 27,
    "lat" : 4.109445367455721,
    "long" : -7.653848778876991,
    "category" : 0
  }, {
    "id" : 28,
    "lat" : -0.21219370035265606,
    "long" : 6.231648168113233,
    "category" : 0
  }, {
    "id" : 29,
    "lat" : -7.006272153263328,
    "long" : -5.319441170388228,
    "category" : 0
  }, {
    "id" : 30,
    "lat" : 5.718130907920136,
    "long" : -4.466717298306927,
    "category" : 0
  }, {
    "id" : 31,
    "lat" : -0.9657960786740406,
    "long" : -4.734262011360008,
    "category" : 0
  }, {
    "id" : 32,
    "lat" : 0.26058587101954434,
    "long" : -7.870940256603724,
    "category" : 0
  }, {
    "id" : 33,
    "lat" : -1.4347818911624086,
    "long" : 6.308622173378399,
    "category" : 0
  }, {
    "id" : 34,
    "lat" : 1.4453511935649452,
    "long" : 9.602220286247924,
    "category" : 0
  }, {
    "id" : 35,
    "lat" : -8.31606061561063,
    "long" : 1.7706275931943134,
    "category" : 0
  }, {
    "id" : 36,
    "lat" : -8.49372764752362,
    "long" : 4.844455396577997,
    "category" : 0
  }, {
    "id" : 37,
    "lat" : 8.15610225826377,
    "long" : -1.9604493862978407,
    "category" : 0
  }, {
    "id" : 38,
    "lat" : -4.902434051570153,
    "long" : -7.805829812790545,
    "category" : 0
  }, {
    "id" : 39,
    "lat" : 2.150811754396862,
    "long" : -8.8590890762761,
    "category" : 0
  }, {
    "id" : 40,
    "lat" : 9.120916207540892,
    "long" : -3.98554252651547,
    "category" : 0
  }, {
    "id" : 41,
    "lat" : -4.121345370328679,
    "long" : -4.201613554959605,
    "category" : 0
  }, {
    "id" : 42,
    "lat" : 3.8765816578596133,
    "long" : 4.534181124048528,
    "category" : 0
  }, {
    "id" : 43,
    "lat" : 5.817234677450393,
    "long" : 2.610781488437768,
    "category" : 0
  }, {
    "id" : 44,
    "lat" : 0.9418531190656629,
    "long" : -8.898624555235418,
    "category" : 0
  }, {
    "id" : 45,
    "lat" : -8.30746058233413,
    "long" : -2.326588961757584,
    "category" : 0
  }, {
    "id" : 46,
    "lat" : 1.3788958734588794,
    "long" : 7.544567513756697,
    "category" : 0
  }, {
    "id" : 47,
    "lat" : 3.874000540432499,
    "long" : -4.986050221287546,
    "category" : 0
  }, {
    "id" : 48,
    "lat" : -5.8131131685446205,
    "long" : -7.744971642897547,
    "category" : 0
  }, {
    "id" : 49,
    "lat" : -0.7907588045702622,
    "long" : -8.234541823238267,
    "category" : 0
  }, {
    "id" : 50,
    "lat" : 6.887779441968495,
    "long" : -1.0883223863200238,
    "category" : 0
  }, {
    "id" : 51,
    "lat" : 6.495113217555703,
    "long" : 1.8518870757321424,
    "category" : 0
  }, {
    "id" : 52,
    "lat" : -6.526945300664457,
    "long" : -1.777787102754659,
    "category" : 0
  }, {
    "id" : 53,
    "lat" : 4.699329662975359,
    "long" : -8.254540330083621,
    "category" : 0
  }, {
    "id" : 54,
    "lat" : -1.6305469629847344,
    "long" : -0.09479470509123461,
    "category" : 0
  }, {
    "id" : 55,
    "lat" : -3.658230144914027,
    "long" : -6.444111409680792,
    "category" : 0
  }, {
    "id" : 56,
    "lat" : 8.245461173411417,
    "long" : 3.9094908635770897,
    "category" : 0
  }, {
    "id" : 57,
    "lat" : -6.547094082522725,
    "long" : 6.872984545253864,
    "category" : 0
  }, {
    "id" : 58,
    "lat" : -4.807585755991751,
    "long" : 7.860079129606433,
    "category" : 0
  }, {
    "id" : 59,
    "lat" : -3.851768169144021,
    "long" : -0.36775554185044856,
    "category" : 0
  }, {
    "id" : 60,
    "lat" : -5.854208949831661,
    "long" : -7.097630755002338,
    "category" : 0
  }, {
    "id" : 61,
    "lat" : 4.267271543908553,
    "long" : -7.12814872523855,
    "category" : 0
  }, {
    "id" : 62,
    "lat" : 6.165710886384745,
    "long" : -3.5335920563771954,
    "category" : 0
  }, {
    "id" : 63,
    "lat" : 8.699325277465427,
    "long" : 0.11231844702465808,
    "category" : 0
  }, {
    "id" : 64,
    "lat" : 2.931736209426982,
    "long" : -8.54818453411459,
    "category" : 1
  }, {
    "id" : 65,
    "lat" : 5.854717883579625,
    "long" : 1.0825935376692364,
    "category" : 1
  }, {
    "id" : 66,
    "lat" : 8.971840606430417,
    "long" : 0.31046781450706246,
    "category" : 1
  }, {
    "id" : 67,
    "lat" : 8.924834324036865,
    "long" : -0.564481020551241,
    "category" : 1
  }, {
    "id" : 68,
    "lat" : -7.6421312645773,
    "long" : -4.019642059850624,
    "category" : 2
  }, {
    "id" : 69,
    "lat" : -2.702709381908884,
    "long" : -9.562233810318006,
    "category" : 2
  }, {
    "id" : 70,
    "lat" : 0.12010461749973063,
    "long" : -4.946901972713453,
    "category" : 2
  }, {
    "id" : 71,
    "lat" : -4.362772998830696,
    "long" : 6.912453179543014,
    "category" : 2
  }, {
    "id" : 72,
    "lat" : -4.772345296573925,
    "long" : -4.345151184657426,
    "category" : 2
  }, {
    "id" : 73,
    "lat" : -0.22497597164855115,
    "long" : -7.999152102810368,
    "category" : 2
  }, {
    "id" : 74,
    "lat" : -4.0980788093465925,
    "long" : -3.714640146289795,
    "category" : 2
  }, {
    "id" : 75,
    "lat" : 4.211409757952342,
    "long" : 4.420340438581371,
    "category" : 2
  }, {
    "id" : 76,
    "lat" : -6.060150453201279,
    "long" : -5.339927383648497,
    "category" : 2
  }, {
    "id" : 77,
    "lat" : 6.523557109511853,
    "long" : 4.613443119775642,
    "category" : 2
  }, {
    "id" : 78,
    "lat" : 0.3658202127275145,
    "long" : 9.452514806477131,
    "category" : 2
  }, {
    "id" : 79,
    "lat" : 3.273655118995602,
    "long" : 3.8684027313891627,
    "category" : 2
  }, {
    "id" : 80,
    "lat" : -7.735627567075301,
    "long" : -0.523559481926422,
    "category" : 2
  }, {
    "id" : 81,
    "lat" : -1.6939978675042031,
    "long" : -5.725114117674145,
    "category" : 2
  }, {
    "id" : 82,
    "lat" : -4.8854079905888925,
    "long" : -0.3098201970840408,
    "category" : 2
  }, {
    "id" : 83,
    "lat" : -7.5066921231325425,
    "long" : -1.4117370985639373,
    "category" : 2
  }, {
    "id" : 84,
    "lat" : 4.259507293822064,
    "long" : 8.671529374665418,
    "category" : 2
  }, {
    "id" : 85,
    "lat" : 7.692498020423991,
    "long" : 0.35932357118690755,
    "category" : 2
  }, {
    "id" : 86,
    "lat" : -9.406560569940922,
    "long" : 1.3059119102411494,
    "category" : 2
  }, {
    "id" : 87,
    "lat" : -4.626535590393307,
    "long" : 4.026962237846949,
    "category" : 2
  }, {
    "id" : 88,
    "lat" : 5.832920328920218,
    "long" : 0.8900626066424755,
    "category" : 2
  }, {
    "id" : 89,
    "lat" : 3.6295177325735026,
    "long" : 1.467339284330686,
    "category" : 2
  }, {
    "id" : 90,
    "lat" : -2.096401889502798,
    "long" : -9.484130845750688,
    "category" : 2
  }, {
    "id" : 91,
    "lat" : -2.1574318798963397,
    "long" : -8.230953822250802,
    "category" : 2
  }, {
    "id" : 92,
    "lat" : 0.11147354460039681,
    "long" : 0.2899341989228815,
    "category" : 2
  }, {
    "id" : 93,
    "lat" : 7.806335673032287,
    "long" : 3.393137506561826,
    "category" : 2
  }, {
    "id" : 94,
    "lat" : 4.38640183411876,
    "long" : -3.6817364910771975,
    "category" : 2
  }, {
    "id" : 95,
    "lat" : -2.5777158374059614,
    "long" : -9.18261955671185,
    "category" : 2
  }, {
    "id" : 96,
    "lat" : -8.104054556769198,
    "long" : 3.4968688804116486,
    "category" : 2
  }, {
    "id" : 97,
    "lat" : -1.7408872033329492,
    "long" : 4.5492665388907465,
    "category" : 2
  }, {
    "id" : 98,
    "lat" : 7.5592810059800115,
    "long" : 0.07991025926535686,
    "category" : 2
  }, {
    "id" : 99,
    "lat" : -6.488515078313073,
    "long" : 4.056412537359081,
    "category" : 2
  }, {
    "id" : 100,
    "lat" : -1.7330225725588446,
    "long" : -0.6641931591869531,
    "category" : 2
  }, {
    "id" : 101,
    "lat" : -6.51702166573683,
    "long" : 6.3040987785700215,
    "category" : 2
  }, {
    "id" : 102,
    "lat" : -3.3369399527413495,
    "long" : 1.5132992222962416,
    "category" : 2
  }, {
    "id" : 103,
    "lat" : 4.263691464658641,
    "long" : 0.40348789089992987,
    "category" : 2
  }, {
    "id" : 104,
    "lat" : -3.067824491088345,
    "long" : -1.87782409169676,
    "category" : 2
  }, {
    "id" : 105,
    "lat" : 2.9490491047646303,
    "long" : -9.100860795785124,
    "category" : 2
  }, {
    "id" : 106,
    "lat" : -0.6213537853856984,
    "long" : 9.507372357663641,
    "category" : 2
  }, {
    "id" : 107,
    "lat" : -4.580251162216326,
    "long" : -6.360944469242647,
    "category" : 2
  }, {
    "id" : 108,
    "lat" : -7.23032681332883,
    "long" : -2.89752790931907,
    "category" : 2
  }, {
    "id" : 109,
    "lat" : 0.49670456341901265,
    "long" : 1.4158082300178312,
    "category" : 2
  }, {
    "id" : 110,
    "lat" : 0.6664633714078415,
    "long" : -8.566660634924919,
    "category" : 2
  }, {
    "id" : 111,
    "lat" : -3.127395065963149,
    "long" : -8.292606606240316,
    "category" : 2
  }, {
    "id" : 112,
    "lat" : 1.0371426582382046,
    "long" : -6.876571976729453,
    "category" : 2
  }, {
    "id" : 113,
    "lat" : 5.253733268300691,
    "long" : -6.127099358508564,
    "category" : 2
  }, {
    "id" : 114,
    "lat" : 1.4829192466714671,
    "long" : 4.922471777163619,
    "category" : 2
  }, {
    "id" : 115,
    "lat" : 2.5660250812217154,
    "long" : 6.396150891005288,
    "category" : 2
  }, {
    "id" : 116,
    "lat" : 2.1464197383159407,
    "long" : 5.921030152872412,
    "category" : 2
  }, {
    "id" : 117,
    "lat" : -3.937546168852207,
    "long" : 7.832461733426027,
    "category" : 2
  }, {
    "id" : 118,
    "lat" : -1.772272238659757,
    "long" : 3.997188644565605,
    "category" : 2
  }, {
    "id" : 119,
    "lat" : -3.9799541674706442,
    "long" : -3.1732551241056393,
    "category" : 2
  }, {
    "id" : 120,
    "lat" : -5.0340093519351665,
    "long" : -0.7997615688056714,
    "category" : 2
  }, {
    "id" : 121,
    "lat" : -9.290389830935794,
    "long" : 1.9176997348377014,
    "category" : 2
  }, {
    "id" : 122,
    "lat" : 1.8795620310280434,
    "long" : -5.481180679193344,
    "category" : 2
  }, {
    "id" : 123,
    "lat" : 6.590178461709485,
    "long" : -6.041847806607743,
    "category" : 2
  }, {
    "id" : 124,
    "lat" : -5.174745804587017,
    "long" : -4.118583539486642,
    "category" : 2
  }, {
    "id" : 125,
    "lat" : -6.899079594583102,
    "long" : -3.4343233802026143,
    "category" : 2
  }, {
    "id" : 126,
    "lat" : 7.551876240238827,
    "long" : -2.931849119634769,
    "category" : 2
  }, {
    "id" : 127,
    "lat" : 3.838501658998823,
    "long" : -7.821398515155426,
    "category" : 2
  }, {
    "id" : 128,
    "lat" : 1.4835584371181958,
    "long" : 2.6742132358895705,
    "category" : 2
  }, {
    "id" : 129,
    "lat" : 2.922591236229376,
    "long" : -4.68751349631721,
    "category" : 2
  }, {
    "id" : 130,
    "lat" : 1.1092914298842578,
    "long" : -6.840346740081359,
    "category" : 2
  }, {
    "id" : 131,
    "lat" : 7.174287210432211,
    "long" : 0.5779908780921864,
    "category" : 2
  }, {
    "id" : 132,
    "lat" : -5.159108546388117,
    "long" : -0.02842911312644418,
    "category" : 2
  }, {
    "id" : 133,
    "lat" : -6.069602145876642,
    "long" : -5.356529268392882,
    "category" : 2
  } ],
  "vehicles" : [ {
    "id" : 134,
    "canTake" : [ 0, 1 ],
    "start" : 64,
    "end" : 64,
    "capacity" : 6,
    "availability" : [ "07h00:08h00", "11h00:20h00" ]
  }, {
    "id" : 135,
    "canTake" : [ 0 ],
    "start" : 65,
    "end" : 65,
    "capacity" : 6,
    "availability" : [ "07h00:12h00", "16h00:20h00" ]
  }, {
    "id" : 136,
    "canTake" : [ 2 ],
    "start" : 66,
    "end" : 66,
    "capacity" : 6,
    "availability" : [ "07h00:11h00", "15h00:20h00" ]
  }, {
    "id" : 137,
    "canTake" : [ 2 ],
    "start" : 67,
    "end" : 67,
    "capacity" : 5,
    "availability" : [ "07h00:08h00", "11h00:20h00" ]
  } ],
  "patients" : [ {
    "id" : 138,
    "category" : 0,
    "load" : 1,
    "start" : 68,
    "destination" : 0,
    "end" : 68,
    "rdvTime" : "14h15",
    "rdvDuration" : "00h47",
    "srvDuration" : "00h05"
  }, {
    "id" : 139,
    "category" : 1,
    "load" : 1,
    "start" : 69,
    "destination" : 1,
    "end" : 69,
    "rdvTime" : "16h00",
    "rdvDuration" : "02h17",
    "srvDuration" : "00h04"
  }, {
    "id" : 140,
    "category" : 2,
    "load" : 2,
    "start" : 70,
    "destination" : 2,
    "end" : 70,
    "rdvTime" : "14h45",
    "rdvDuration" : "02h20",
    "srvDuration" : "00h05"
  }, {
    "id" : 141,
    "category" : 2,
    "load" : 3,
    "start" : -1,
    "destination" : 3,
    "end" : 71,
    "rdvTime" : "10h24",
    "rdvDuration" : "01h52",
    "srvDuration" : "00h01"
  }, {
    "id" : 142,
    "category" : 0,
    "load" : 3,
    "start" : 72,
    "destination" : 4,
    "end" : 72,
    "rdvTime" : "14h34",
    "rdvDuration" : "01h23",
    "srvDuration" : "00h02"
  }, {
    "id" : 143,
    "category" : 1,
    "load" : 1,
    "start" : 73,
    "destination" : 5,
    "end" : 73,
    "rdvTime" : "10h01",
    "rdvDuration" : "02h19",
    "srvDuration" : "00h04"
  }, {
    "id" : 144,
    "category" : 0,
    "load" : 2,
    "start" : 74,
    "destination" : 6,
    "end" : 74,
    "rdvTime" : "13h35",
    "rdvDuration" : "01h51",
    "srvDuration" : "00h04"
  }, {
    "id" : 145,
    "category" : 2,
    "load" : 2,
    "start" : 75,
    "destination" : 7,
    "end" : 75,
    "rdvTime" : "09h16",
    "rdvDuration" : "02h09",
    "srvDuration" : "00h01"
  }, {
    "id" : 146,
    "category" : 0,
    "load" : 1,
    "start" : 76,
    "destination" : 8,
    "end" : 76,
    "rdvTime" : "08h44",
    "rdvDuration" : "00h31",
    "srvDuration" : "00h03"
  }, {
    "id" : 147,
    "category" : 2,
    "load" : 2,
    "start" : 77,
    "destination" : 9,
    "end" : 77,
    "rdvTime" : "11h45",
    "rdvDuration" : "00h59",
    "srvDuration" : "00h05"
  }, {
    "id" : 148,
    "category" : 1,
    "load" : 2,
    "start" : 78,
    "destination" : 10,
    "end" : 78,
    "rdvTime" : "08h16",
    "rdvDuration" : "00h42",
    "srvDuration" : "00h03"
  }, {
    "id" : 149,
    "category" : 2,
    "load" : 3,
    "start" : 79,
    "destination" : 11,
    "end" : 79,
    "rdvTime" : "11h42",
    "rdvDuration" : "01h39",
    "srvDuration" : "00h04"
  }, {
    "id" : 150,
    "category" : 0,
    "load" : 3,
    "start" : 80,
    "destination" : 12,
    "end" : 80,
    "rdvTime" : "08h50",
    "rdvDuration" : "01h14",
    "srvDuration" : "00h03"
  }, {
    "id" : 151,
    "category" : 1,
    "load" : 2,
    "start" : 81,
    "destination" : 13,
    "end" : 81,
    "rdvTime" : "10h35",
    "rdvDuration" : "00h47",
    "srvDuration" : "00h03"
  }, {
    "id" : 152,
    "category" : 0,
    "load" : 2,
    "start" : -1,
    "destination" : 14,
    "end" : 82,
    "rdvTime" : "14h54",
    "rdvDuration" : "00h57",
    "srvDuration" : "00h01"
  }, {
    "id" : 153,
    "category" : 0,
    "load" : 1,
    "start" : 83,
    "destination" : 15,
    "end" : 83,
    "rdvTime" : "11h05",
    "rdvDuration" : "00h35",
    "srvDuration" : "00h01"
  }, {
    "id" : 154,
    "category" : 2,
    "load" : 1,
    "start" : 84,
    "destination" : 16,
    "end" : 84,
    "rdvTime" : "15h26",
    "rdvDuration" : "00h54",
    "srvDuration" : "00h04"
  }, {
    "id" : 155,
    "category" : 2,
    "load" : 2,
    "start" : 85,
    "destination" : 17,
    "end" : 85,
    "rdvTime" : "15h16",
    "rdvDuration" : "01h00",
    "srvDuration" : "00h04"
  }, {
    "id" : 156,
    "category" : 1,
    "load" : 2,
    "start" : 86,
    "destination" : 18,
    "end" : 86,
    "rdvTime" : "15h08",
    "rdvDuration" : "00h20",
    "srvDuration" : "00h03"
  }, {
    "id" : 157,
    "category" : 1,
    "load" : 3,
    "start" : 87,
    "destination" : 19,
    "end" : -1,
    "rdvTime" : "10h38",
    "rdvDuration" : "00h19",
    "srvDuration" : "00h02"
  }, {
    "id" : 158,
    "category" : 0,
    "load" : 1,
    "start" : 88,
    "destination" : 20,
    "end" : 88,
    "rdvTime" : "15h07",
    "rdvDuration" : "02h53",
    "srvDuration" : "00h04"
  }, {
    "id" : 159,
    "category" : 0,
    "load" : 3,
    "start" : 89,
    "destination" : 21,
    "end" : 89,
    "rdvTime" : "10h42",
    "rdvDuration" : "01h56",
    "srvDuration" : "00h05"
  }, {
    "id" : 160,
    "category" : 2,
    "load" : 3,
    "start" : 90,
    "destination" : 22,
    "end" : -1,
    "rdvTime" : "11h01",
    "rdvDuration" : "00h23",
    "srvDuration" : "00h02"
  }, {
    "id" : 161,
    "category" : 2,
    "load" : 1,
    "start" : 91,
    "destination" : 23,
    "end" : 92,
    "rdvTime" : "14h22",
    "rdvDuration" : "00h23",
    "srvDuration" : "00h05"
  }, {
    "id" : 162,
    "category" : 1,
    "load" : 2,
    "start" : 93,
    "destination" : 24,
    "end" : 93,
    "rdvTime" : "15h20",
    "rdvDuration" : "01h00",
    "srvDuration" : "00h01"
  }, {
    "id" : 163,
    "category" : 2,
    "load" : 1,
    "start" : -1,
    "destination" : 25,
    "end" : 94,
    "rdvTime" : "12h09",
    "rdvDuration" : "02h31",
    "srvDuration" : "00h04"
  }, {
    "id" : 164,
    "category" : 1,
    "load" : 3,
    "start" : -1,
    "destination" : 26,
    "end" : 95,
    "rdvTime" : "10h54",
    "rdvDuration" : "02h26",
    "srvDuration" : "00h02"
  }, {
    "id" : 165,
    "category" : 1,
    "load" : 2,
    "start" : 96,
    "destination" : 27,
    "end" : 96,
    "rdvTime" : "11h44",
    "rdvDuration" : "00h43",
    "srvDuration" : "00h04"
  }, {
    "id" : 166,
    "category" : 2,
    "load" : 1,
    "start" : -1,
    "destination" : 28,
    "end" : 97,
    "rdvTime" : "09h22",
    "rdvDuration" : "00h42",
    "srvDuration" : "00h05"
  }, {
    "id" : 167,
    "category" : 1,
    "load" : 1,
    "start" : 98,
    "destination" : 29,
    "end" : 98,
    "rdvTime" : "14h56",
    "rdvDuration" : "02h21",
    "srvDuration" : "00h02"
  }, {
    "id" : 168,
    "category" : 0,
    "load" : 3,
    "start" : 99,
    "destination" : 30,
    "end" : 99,
    "rdvTime" : "11h15",
    "rdvDuration" : "02h35",
    "srvDuration" : "00h03"
  }, {
    "id" : 169,
    "category" : 0,
    "load" : 3,
    "start" : 100,
    "destination" : 31,
    "end" : 100,
    "rdvTime" : "08h54",
    "rdvDuration" : "01h19",
    "srvDuration" : "00h03"
  }, {
    "id" : 170,
    "category" : 0,
    "load" : 1,
    "start" : -1,
    "destination" : 32,
    "end" : 101,
    "rdvTime" : "15h28",
    "rdvDuration" : "00h41",
    "srvDuration" : "00h01"
  }, {
    "id" : 171,
    "category" : 2,
    "load" : 1,
    "start" : 102,
    "destination" : 33,
    "end" : 102,
    "rdvTime" : "14h41",
    "rdvDuration" : "00h26",
    "srvDuration" : "00h04"
  }, {
    "id" : 172,
    "category" : 1,
    "load" : 2,
    "start" : 103,
    "destination" : 34,
    "end" : -1,
    "rdvTime" : "14h17",
    "rdvDuration" : "00h49",
    "srvDuration" : "00h04"
  }, {
    "id" : 173,
    "category" : 0,
    "load" : 2,
    "start" : 104,
    "destination" : 35,
    "end" : 104,
    "rdvTime" : "14h51",
    "rdvDuration" : "02h25",
    "srvDuration" : "00h03"
  }, {
    "id" : 174,
    "category" : 2,
    "load" : 1,
    "start" : -1,
    "destination" : 36,
    "end" : 105,
    "rdvTime" : "13h00",
    "rdvDuration" : "00h48",
    "srvDuration" : "00h03"
  }, {
    "id" : 175,
    "category" : 1,
    "load" : 1,
    "start" : 106,
    "destination" : 37,
    "end" : 106,
    "rdvTime" : "12h59",
    "rdvDuration" : "01h37",
    "srvDuration" : "00h03"
  }, {
    "id" : 176,
    "category" : 1,
    "load" : 3,
    "start" : 107,
    "destination" : 38,
    "end" : 107,
    "rdvTime" : "09h56",
    "rdvDuration" : "02h56",
    "srvDuration" : "00h04"
  }, {
    "id" : 177,
    "category" : 1,
    "load" : 2,
    "start" : 108,
    "destination" : 39,
    "end" : 108,
    "rdvTime" : "09h40",
    "rdvDuration" : "02h12",
    "srvDuration" : "00h04"
  }, {
    "id" : 178,
    "category" : 2,
    "load" : 3,
    "start" : 109,
    "destination" : 40,
    "end" : 109,
    "rdvTime" : "14h45",
    "rdvDuration" : "00h49",
    "srvDuration" : "00h05"
  }, {
    "id" : 179,
    "category" : 1,
    "load" : 2,
    "start" : -1,
    "destination" : 41,
    "end" : 110,
    "rdvTime" : "14h22",
    "rdvDuration" : "00h56",
    "srvDuration" : "00h05"
  }, {
    "id" : 180,
    "category" : 1,
    "load" : 2,
    "start" : 111,
    "destination" : 42,
    "end" : -1,
    "rdvTime" : "09h37",
    "rdvDuration" : "00h28",
    "srvDuration" : "00h03"
  }, {
    "id" : 181,
    "category" : 1,
    "load" : 2,
    "start" : 112,
    "destination" : 43,
    "end" : 112,
    "rdvTime" : "09h17",
    "rdvDuration" : "01h42",
    "srvDuration" : "00h04"
  }, {
    "id" : 182,
    "category" : 0,
    "load" : 2,
    "start" : 113,
    "destination" : 44,
    "end" : 113,
    "rdvTime" : "13h06",
    "rdvDuration" : "01h58",
    "srvDuration" : "00h03"
  }, {
    "id" : 183,
    "category" : 1,
    "load" : 2,
    "start" : 114,
    "destination" : 45,
    "end" : 115,
    "rdvTime" : "13h37",
    "rdvDuration" : "00h17",
    "srvDuration" : "00h01"
  }, {
    "id" : 184,
    "category" : 1,
    "load" : 3,
    "start" : 116,
    "destination" : 46,
    "end" : 116,
    "rdvTime" : "13h27",
    "rdvDuration" : "02h40",
    "srvDuration" : "00h04"
  }, {
    "id" : 185,
    "category" : 2,
    "load" : 2,
    "start" : 117,
    "destination" : 47,
    "end" : 117,
    "rdvTime" : "13h55",
    "rdvDuration" : "00h17",
    "srvDuration" : "00h05"
  }, {
    "id" : 186,
    "category" : 2,
    "load" : 1,
    "start" : 118,
    "destination" : 48,
    "end" : 118,
    "rdvTime" : "10h51",
    "rdvDuration" : "00h26",
    "srvDuration" : "00h02"
  }, {
    "id" : 187,
    "category" : 1,
    "load" : 2,
    "start" : 119,
    "destination" : 49,
    "end" : 119,
    "rdvTime" : "10h16",
    "rdvDuration" : "00h44",
    "srvDuration" : "00h04"
  }, {
    "id" : 188,
    "category" : 0,
    "load" : 2,
    "start" : 120,
    "destination" : 50,
    "end" : 120,
    "rdvTime" : "14h37",
    "rdvDuration" : "01h45",
    "srvDuration" : "00h04"
  }, {
    "id" : 189,
    "category" : 2,
    "load" : 1,
    "start" : 121,
    "destination" : 51,
    "end" : 121,
    "rdvTime" : "12h48",
    "rdvDuration" : "01h26",
    "srvDuration" : "00h01"
  }, {
    "id" : 190,
    "category" : 1,
    "load" : 2,
    "start" : 122,
    "destination" : 52,
    "end" : 122,
    "rdvTime" : "14h53",
    "rdvDuration" : "02h16",
    "srvDuration" : "00h05"
  }, {
    "id" : 191,
    "category" : 0,
    "load" : 1,
    "start" : 123,
    "destination" : 53,
    "end" : 123,
    "rdvTime" : "15h11",
    "rdvDuration" : "01h15",
    "srvDuration" : "00h02"
  }, {
    "id" : 192,
    "category" : 0,
    "load" : 1,
    "start" : 124,
    "destination" : 54,
    "end" : 124,
    "rdvTime" : "10h49",
    "rdvDuration" : "00h16",
    "srvDuration" : "00h01"
  }, {
    "id" : 193,
    "category" : 2,
    "load" : 1,
    "start" : 125,
    "destination" : 55,
    "end" : 125,
    "rdvTime" : "08h36",
    "rdvDuration" : "02h12",
    "srvDuration" : "00h03"
  }, {
    "id" : 194,
    "category" : 2,
    "load" : 2,
    "start" : 126,
    "destination" : 56,
    "end" : 126,
    "rdvTime" : "09h14",
    "rdvDuration" : "01h39",
    "srvDuration" : "00h01"
  }, {
    "id" : 195,
    "category" : 0,
    "load" : 2,
    "start" : 127,
    "destination" : 57,
    "end" : 127,
    "rdvTime" : "13h06",
    "rdvDuration" : "01h26",
    "srvDuration" : "00h04"
  }, {
    "id" : 196,
    "category" : 1,
    "load" : 1,
    "start" : 128,
    "destination" : 58,
    "end" : 128,
    "rdvTime" : "15h48",
    "rdvDuration" : "02h49",
    "srvDuration" : "00h02"
  }, {
    "id" : 197,
    "category" : 2,
    "load" : 2,
    "start" : 129,
    "destination" : 59,
    "end" : 129,
    "rdvTime" : "11h31",
    "rdvDuration" : "00h54",
    "srvDuration" : "00h01"
  }, {
    "id" : 198,
    "category" : 2,
    "load" : 2,
    "start" : 130,
    "destination" : 60,
    "end" : 130,
    "rdvTime" : "14h47",
    "rdvDuration" : "01h04",
    "srvDuration" : "00h04"
  }, {
    "id" : 199,
    "category" : 2,
    "load" : 1,
    "start" : 131,
    "destination" : 61,
    "end" : 131,
    "rdvTime" : "08h40",
    "rdvDuration" : "00h26",
    "srvDuration" : "00h03"
  }, {
    "id" : 200,
    "category" : 1,
    "load" : 2,
    "start" : 132,
    "destination" : 62,
    "end" : 132,
    "rdvTime" : "15h22",
    "rdvDuration" : "00h46",
    "srvDuration" : "00h03"
  }, {
    "id" : 201,
    "category" : 1,
    "load" : 3,
    "start" : 133,
    "destination" : 63,
    "end" : 133,
    "rdvTime" : "12h54",
    "rdvDuration" : "00h45",
    "srvDuration" : "00h03"
  } ],
  "distMatrix" : [ [ 0, 1, 7, 10, 10, 9, 9, 7, 3, 3, 12, 5, 6, 10, 4, 9, 4, 2, 7, 5, 5, 10, 5, 12, 11, 11, 9, 7, 9, 7, 7, 2, 5, 9, 13, 9, 11, 9, 6, 7, 10, 3, 9, 9, 6, 7, 11, 5, 7, 5, 8, 9, 6, 8, 3, 5, 11, 11, 11, 4, 7, 7, 7, 10, 7, 8, 10, 10, 7, 7, 2, 10, 4, 5, 3, 9, 6, 11, 12, 8, 7, 3, 5, 7, 13, 9, 9, 8, 8, 6, 7, 6, 3, 11, 5, 7, 10, 7, 9, 9, 2, 11, 5, 6, 2, 7, 12, 5, 6, 4, 6, 6, 5, 7, 8, 10, 9, 11, 7, 3, 5, 10, 4, 8, 4, 6, 9, 7, 6, 4, 5, 9, 5, 6 ], [ 1, 0, 7, 9, 10, 9, 8, 8, 5, 4, 11, 4, 5, 9, 5, 9, 6, 1, 7, 6, 4, 9, 6, 11, 10, 11, 9, 7, 9, 8, 6, 3, 5, 9, 12, 9, 11, 8, 7, 7, 9, 5, 8, 8, 6, 8, 10, 5, 8, 6, 7, 8, 7, 7, 3, 5, 10, 11, 11, 5, 8, 6, 6, 9, 7, 7, 9, 9, 8, 8, 2, 10, 5, 6, 4, 8, 7, 10, 12, 7, 8, 4, 5, 8, 12, 8, 10, 8, 7, 5, 7, 6, 3, 10, 4, 7, 10, 7, 8, 9, 3, 11, 5, 5, 3, 7, 12, 6, 7, 4, 6, 7, 5, 6, 8, 9, 9, 11, 7, 4, 5, 10, 3, 7, 6, 7, 7, 7, 5, 4, 4, 8, 6, 7 ], [ 7, 7, 0, 8, 4, 4, 8, 5, 8, 5, 5, 6, 11, 11, 6, 3, 10, 7, 14, 11, 3, 9, 10, 5, 5, 4, 2, 13, 3, 11, 11, 9, 12, 2, 6, 7, 7, 12, 12, 13, 13, 9, 6, 8, 13, 9, 5, 11, 13, 12, 10, 8, 8, 14, 4, 11, 10, 6, 5, 5, 12, 13, 11, 11, 13, 8, 11, 12, 10, 14, 9, 4, 9, 12, 8, 6, 10, 8, 6, 5, 8, 10, 5, 8, 7, 10, 8, 3, 8, 6, 14, 12, 4, 9, 10, 13, 7, 0, 10, 5, 5, 5, 3, 7, 6, 14, 5, 11, 9, 3, 13, 12, 11, 12, 3, 5, 4, 4, 0, 8, 6, 8, 10, 13, 9, 9, 12, 13, 3, 10, 11, 9, 5, 10 ], [ 10, 9, 8, 0, 12, 12, 3, 12, 13, 11, 7, 5, 10, 6, 12, 10, 15, 9, 15, 15, 6, 3, 15, 8, 5, 8, 8, 12, 7, 17, 9, 12, 14, 8, 7, 15, 15, 7, 17, 14, 9, 14, 2, 2, 14, 16, 6, 10, 17, 15, 6, 3, 14, 13, 9, 15, 2, 13, 12, 11, 17, 12, 8, 5, 14, 3, 5, 6, 16, 17, 11, 11, 14, 14, 13, 2, 16, 0, 8, 3, 15, 13, 12, 15, 5, 4, 16, 11, 4, 4, 16, 15, 8, 2, 8, 16, 15, 8, 5, 13, 10, 13, 10, 5, 11, 14, 9, 15, 15, 7, 14, 16, 13, 11, 5, 4, 4, 11, 8, 13, 13, 16, 11, 11, 14, 15, 8, 13, 5, 10, 13, 4, 12, 16 ], [ 10, 10, 4, 12, 0, 2, 13, 4, 10, 7, 7, 10, 15, 16, 7, 1, 12, 11, 17, 13, 7, 13, 12, 6, 8, 5, 4, 17, 5, 12, 15, 12, 15, 4, 7, 6, 4, 16, 14, 17, 18, 11, 9, 12, 16, 9, 7, 15, 14, 15, 14, 13, 8, 18, 7, 13, 14, 1, 2, 7, 13, 16, 15, 15, 17, 12, 15, 16, 11, 16, 13, 1, 11, 15, 10, 10, 12, 12, 6, 9, 7, 13, 7, 8, 10, 14, 7, 2, 12, 10, 16, 15, 8, 13, 14, 16, 4, 4, 14, 3, 8, 1, 5, 11, 9, 17, 6, 13, 9, 8, 16, 15, 15, 16, 7, 8, 7, 2, 4, 10, 7, 6, 14, 17, 10, 10, 16, 17, 8, 14, 15, 14, 6, 12 ], [ 9, 9, 4, 12, 2, 0, 13, 2, 9, 6, 8, 10, 14, 16, 6, 2, 11, 10, 16, 11, 7, 14, 10, 7, 9, 6, 5, 16, 6, 10, 15, 11, 14, 5, 9, 4, 3, 16, 13, 16, 17, 9, 10, 12, 15, 7, 8, 14, 12, 14, 14, 13, 7, 17, 6, 11, 14, 2, 3, 6, 12, 16, 15, 15, 16, 12, 16, 16, 9, 15, 11, 3, 9, 14, 9, 10, 10, 12, 8, 9, 6, 11, 5, 6, 11, 14, 5, 2, 12, 10, 15, 13, 8, 14, 13, 14, 2, 4, 14, 1, 7, 2, 4, 11, 7, 16, 7, 11, 8, 7, 15, 13, 14, 16, 7, 9, 8, 4, 4, 8, 6, 4, 13, 17, 9, 8, 16, 16, 8, 13, 14, 14, 5, 10 ], [ 9, 8, 8, 3, 13, 13, 0, 12, 12, 10, 9, 4, 8, 3, 11, 11, 13, 7, 13, 13, 6, 1, 13, 10, 7, 10, 9, 10, 8, 15, 6, 10, 12, 9, 9, 15, 15, 4, 15, 12, 6, 12, 4, 1, 12, 15, 8, 7, 16, 12, 3, 0, 14, 10, 8, 13, 3, 14, 13, 11, 15, 9, 5, 3, 11, 1, 3, 3, 15, 15, 9, 12, 13, 12, 12, 3, 14, 3, 10, 4, 14, 11, 12, 14, 7, 2, 16, 11, 1, 3, 14, 13, 7, 2, 6, 14, 15, 9, 2, 13, 9, 14, 10, 3, 10, 11, 10, 14, 15, 6, 12, 14, 10, 8, 6, 6, 6, 12, 9, 12, 12, 16, 9, 8, 13, 14, 5, 10, 5, 7, 10, 1, 12, 14 ], [ 7, 8, 5, 12, 4, 2, 12, 0, 6, 4, 9, 9, 13, 15, 4, 4, 8, 9, 14, 9, 6, 13, 8, 9, 10, 8, 6, 14, 7, 8, 13, 9, 12, 6, 10, 3, 4, 15, 10, 14, 16, 7, 10, 12, 13, 5, 9, 12, 10, 12, 13, 12, 4, 15, 5, 9, 14, 5, 6, 3, 9, 14, 13, 15, 14, 12, 15, 15, 7, 12, 9, 5, 7, 12, 6, 10, 8, 13, 9, 9, 3, 9, 3, 4, 12, 14, 4, 2, 12, 9, 12, 11, 6, 14, 12, 12, 3, 5, 14, 2, 5, 4, 3, 10, 5, 14, 9, 9, 5, 6, 13, 11, 11, 14, 8, 9, 9, 6, 4, 6, 3, 4, 11, 15, 6, 6, 14, 14, 7, 11, 11, 13, 2, 8 ], [ 3, 5, 8, 13, 10, 9, 12, 6, 0, 3, 14, 8, 9, 13, 3, 10, 2, 6, 8, 3, 7, 13, 2, 13, 13, 13, 11, 9, 11, 3, 10, 3, 6, 10, 15, 7, 10, 13, 4, 8, 13, 0, 12, 12, 7, 4, 13, 8, 4, 6, 11, 12, 3, 10, 4, 3, 15, 11, 12, 3, 4, 9, 10, 13, 9, 11, 14, 14, 3, 6, 5, 11, 1, 6, 0, 12, 2, 14, 14, 11, 5, 3, 4, 4, 15, 13, 7, 8, 11, 9, 6, 5, 6, 14, 9, 6, 8, 9, 12, 8, 4, 10, 5, 9, 2, 9, 14, 3, 3, 7, 7, 5, 6, 10, 10, 12, 12, 12, 8, 1, 3, 8, 6, 11, 1, 3, 12, 9, 9, 7, 6, 12, 4, 2 ], [ 3, 4, 5, 11, 7, 6, 10, 4, 3, 0, 10, 6, 9, 12, 1, 6, 5, 5, 10, 6, 5, 11, 5, 10, 10, 9, 7, 10, 7, 6, 10, 5, 8, 7, 11, 6, 8, 12, 7, 10, 13, 4, 9, 10, 9, 5, 9, 8, 8, 8, 10, 10, 3, 11, 2, 6, 12, 8, 9, 1, 7, 10, 10, 12, 10, 9, 12, 12, 6, 9, 6, 8, 4, 8, 3, 9, 6, 11, 11, 8, 4, 5, 2, 4, 12, 11, 6, 5, 9, 7, 9, 8, 3, 12, 8, 9, 6, 5, 11, 6, 2, 8, 2, 8, 1, 11, 10, 6, 5, 4, 9, 8, 8, 10, 7, 9, 8, 8, 5, 3, 2, 6, 7, 11, 4, 5, 11, 10, 6, 7, 8, 11, 2, 6 ], [ 12, 11, 5, 7, 7, 8, 9, 9, 14, 10, 0, 8, 15, 12, 11, 6, 16, 12, 18, 16, 7, 9, 15, 1, 2, 2, 3, 17, 3, 16, 14, 14, 17, 4, 1, 12, 10, 13, 18, 18, 15, 14, 5, 8, 18, 15, 1, 14, 18, 17, 11, 9, 13, 17, 9, 16, 9, 8, 6, 10, 17, 16, 13, 12, 17, 9, 12, 12, 16, 19, 14, 6, 14, 17, 14, 5, 16, 7, 1, 5, 13, 15, 11, 13, 3, 11, 13, 7, 9, 8, 19, 17, 9, 9, 13, 18, 11, 5, 11, 9, 10, 8, 9, 9, 11, 18, 2, 16, 14, 7, 17, 18, 16, 16, 4, 3, 3, 5, 6, 13, 11, 12, 14, 16, 14, 15, 13, 17, 6, 14, 16, 10, 11, 16 ], [ 5, 4, 6, 5, 10, 10, 4, 9, 8, 6, 8, 0, 6, 6, 7, 9, 10, 4, 10, 10, 3, 5, 10, 9, 7, 9, 7, 8, 6, 11, 6, 7, 9, 7, 9, 11, 12, 6, 11, 9, 8, 8, 4, 4, 10, 12, 7, 6, 12, 10, 4, 4, 10, 9, 5, 10, 6, 11, 11, 7, 12, 8, 5, 6, 9, 3, 6, 6, 11, 12, 6, 10, 9, 9, 8, 4, 11, 5, 9, 3, 11, 8, 8, 11, 8, 5, 12, 8, 3, 1, 11, 10, 3, 6, 5, 11, 11, 6, 5, 10, 5, 11, 6, 1, 6, 10, 10, 10, 11, 3, 9, 11, 8, 7, 5, 6, 5, 10, 6, 8, 8, 12, 6, 8, 9, 11, 6, 8, 2, 5, 8, 4, 8, 11 ], [ 6, 5, 11, 10, 15, 14, 8, 13, 9, 9, 15, 6, 0, 7, 10, 14, 8, 4, 5, 8, 8, 8, 9, 15, 13, 15, 13, 2, 13, 11, 2, 5, 4, 13, 16, 14, 16, 5, 9, 4, 5, 8, 10, 8, 5, 13, 13, 1, 10, 6, 5, 8, 11, 3, 8, 8, 10, 16, 16, 10, 10, 1, 3, 7, 3, 7, 8, 7, 12, 8, 4, 15, 9, 5, 8, 10, 10, 11, 16, 10, 13, 6, 10, 12, 14, 7, 15, 13, 7, 7, 7, 7, 7, 10, 2, 8, 15, 12, 7, 14, 8, 16, 10, 6, 8, 4, 16, 9, 12, 8, 5, 8, 3, 1, 11, 12, 12, 16, 11, 8, 10, 15, 2, 3, 9, 11, 4, 2, 9, 2, 3, 7, 11, 10 ], [ 10, 9, 11, 6, 16, 16, 3, 15, 13, 12, 12, 6, 7, 0, 13, 14, 14, 8, 12, 14, 8, 3, 14, 13, 10, 13, 12, 8, 11, 16, 5, 10, 11, 12, 13, 17, 18, 1, 15, 10, 3, 13, 7, 4, 11, 17, 11, 6, 16, 12, 2, 3, 15, 8, 10, 13, 5, 17, 16, 12, 16, 8, 4, 1, 10, 3, 1, 0, 17, 14, 9, 15, 14, 11, 13, 7, 15, 6, 13, 7, 16, 11, 13, 16, 10, 1, 18, 14, 3, 5, 14, 13, 9, 4, 5, 14, 17, 12, 1, 16, 10, 17, 12, 4, 12, 10, 14, 14, 16, 8, 11, 14, 10, 6, 9, 9, 9, 15, 11, 13, 14, 18, 8, 6, 14, 16, 2, 8, 8, 7, 10, 2, 14, 15 ], [ 4, 5, 6, 12, 7, 6, 11, 4, 3, 1, 11, 7, 10, 13, 0, 7, 5, 6, 10, 6, 6, 12, 5, 10, 11, 10, 8, 11, 8, 5, 11, 5, 8, 8, 12, 5, 7, 13, 7, 10, 14, 3, 10, 11, 10, 4, 10, 9, 7, 8, 11, 11, 2, 12, 3, 6, 13, 8, 9, 1, 6, 11, 11, 13, 11, 10, 13, 13, 5, 9, 6, 8, 4, 8, 3, 10, 5, 12, 11, 9, 3, 6, 1, 3, 13, 12, 6, 5, 10, 8, 9, 8, 5, 13, 9, 8, 6, 6, 12, 5, 3, 8, 3, 9, 2, 11, 11, 5, 4, 5, 9, 8, 8, 11, 8, 10, 9, 9, 5, 2, 1, 6, 8, 12, 3, 4, 12, 11, 7, 8, 8, 12, 1, 5 ], [ 9, 9, 3, 10, 1, 2, 11, 4, 10, 6, 6, 9, 14, 14, 7, 0, 12, 10, 16, 12, 6, 12, 11, 5, 7, 4, 3, 16, 4, 12, 14, 11, 14, 3, 7, 6, 5, 14, 14, 16, 16, 10, 8, 10, 16, 9, 6, 13, 14, 14, 13, 11, 8, 17, 6, 12, 12, 3, 2, 6, 13, 15, 14, 14, 16, 11, 14, 14, 11, 15, 12, 1, 10, 14, 10, 8, 11, 11, 6, 8, 7, 12, 6, 8, 9, 13, 7, 2, 11, 9, 15, 14, 7, 12, 13, 15, 5, 3, 13, 3, 7, 3, 4, 10, 8, 16, 5, 12, 9, 6, 15, 14, 14, 15, 6, 7, 6, 2, 3, 9, 7, 7, 13, 16, 10, 10, 15, 16, 6, 13, 14, 12, 6, 11 ], [ 4, 6, 10, 15, 12, 11, 13, 8, 2, 5, 16, 10, 8, 14, 5, 12, 0, 6, 6, 1, 9, 14, 1, 15, 15, 15, 13, 9, 13, 3, 10, 4, 5, 12, 16, 9, 11, 13, 2, 7, 14, 2, 13, 13, 6, 5, 14, 8, 2, 4, 12, 13, 5, 9, 6, 1, 16, 13, 14, 5, 2, 9, 11, 14, 8, 12, 15, 14, 4, 4, 5, 13, 1, 5, 2, 13, 2, 15, 16, 12, 6, 3, 5, 5, 17, 13, 9, 10, 12, 11, 4, 3, 7, 15, 9, 4, 10, 11, 13, 10, 6, 12, 7, 11, 4, 8, 16, 1, 4, 9, 6, 3, 5, 10, 12, 14, 13, 14, 10, 3, 5, 9, 6, 11, 2, 3, 12, 8, 10, 7, 6, 13, 6, 2 ], [ 2, 1, 7, 9, 11, 10, 7, 9, 6, 5, 12, 4, 4, 8, 6, 10, 6, 0, 7, 6, 5, 8, 7, 12, 10, 11, 9, 6, 9, 9, 5, 3, 5, 9, 12, 11, 12, 7, 8, 6, 8, 6, 8, 7, 6, 10, 10, 3, 9, 6, 6, 7, 8, 7, 4, 6, 10, 12, 12, 6, 8, 5, 5, 8, 6, 6, 8, 8, 9, 8, 3, 11, 6, 5, 5, 8, 8, 9, 12, 7, 9, 4, 7, 9, 12, 7, 11, 9, 6, 5, 8, 6, 3, 9, 3, 8, 11, 8, 7, 10, 4, 12, 6, 4, 4, 7, 12, 7, 9, 4, 6, 7, 4, 5, 8, 9, 9, 12, 7, 5, 7, 12, 3, 6, 7, 8, 6, 6, 5, 3, 4, 7, 7, 8 ], [ 7, 7, 14, 15, 17, 16, 13, 14, 8, 10, 18, 10, 5, 12, 10, 16, 6, 7, 0, 6, 12, 13, 7, 18, 17, 18, 16, 4, 16, 9, 7, 5, 2, 16, 19, 15, 17, 11, 6, 2, 10, 7, 14, 13, 1, 12, 17, 6, 7, 2, 10, 13, 11, 4, 10, 5, 15, 18, 18, 10, 7, 4, 8, 13, 2, 12, 13, 12, 10, 3, 5, 17, 8, 2, 8, 14, 8, 15, 19, 14, 12, 5, 11, 12, 19, 12, 15, 15, 12, 11, 3, 3, 10, 15, 7, 3, 16, 14, 12, 15, 9, 17, 12, 11, 9, 2, 19, 6, 10, 11, 1, 4, 3, 6, 15, 16, 16, 18, 14, 8, 11, 15, 4, 7, 8, 10, 10, 4, 12, 5, 3, 12, 11, 8 ], [ 5, 6, 11, 15, 13, 11, 13, 9, 3, 6, 16, 10, 8, 14, 6, 12, 1, 6, 6, 0, 10, 14, 1, 16, 15, 15, 13, 8, 13, 3, 10, 3, 4, 13, 17, 9, 12, 13, 2, 7, 13, 2, 14, 13, 5, 6, 15, 8, 2, 4, 12, 13, 5, 9, 7, 0, 16, 14, 14, 6, 2, 8, 11, 14, 7, 12, 15, 14, 4, 3, 4, 13, 2, 4, 3, 14, 2, 15, 16, 13, 7, 2, 6, 6, 17, 14, 9, 11, 12, 11, 4, 3, 8, 15, 9, 3, 11, 11, 13, 11, 6, 13, 8, 11, 5, 7, 16, 1, 5, 9, 5, 2, 5, 9, 13, 14, 14, 14, 11, 3, 6, 10, 6, 11, 3, 4, 12, 8, 11, 7, 5, 13, 7, 2 ], [ 5, 4, 3, 6, 7, 7, 6, 6, 7, 5, 7, 3, 8, 8, 6, 6, 9, 5, 12, 10, 0, 7, 9, 7, 6, 7, 5, 10, 4, 10, 8, 7, 10, 5, 8, 9, 9, 9, 11, 11, 10, 8, 4, 5, 11, 10, 6, 8, 12, 10, 7, 6, 8, 11, 3, 9, 8, 9, 8, 5, 11, 10, 8, 8, 11, 5, 9, 9, 10, 12, 7, 7, 8, 10, 7, 4, 10, 7, 8, 3, 9, 8, 6, 9, 8, 7, 10, 6, 5, 3, 12, 11, 2, 7, 7, 12, 9, 3, 7, 7, 3, 8, 4, 4, 5, 11, 8, 10, 9, 1, 11, 11, 9, 9, 3, 5, 4, 7, 3, 7, 6, 10, 8, 10, 8, 9, 9, 10, 1, 7, 9, 7, 6, 10 ], [ 10, 9, 9, 3, 13, 14, 1, 13, 13, 11, 9, 5, 8, 3, 12, 12, 14, 8, 13, 14, 7, 0, 14, 10, 7, 11, 10, 10, 9, 16, 7, 11, 12, 10, 10, 16, 16, 4, 16, 12, 6, 13, 4, 2, 13, 16, 8, 8, 16, 13, 3, 1, 14, 11, 9, 14, 2, 15, 14, 12, 16, 10, 6, 2, 11, 2, 2, 3, 16, 15, 10, 13, 14, 13, 13, 4, 15, 3, 10, 5, 15, 12, 13, 15, 7, 2, 17, 12, 2, 4, 15, 14, 8, 1, 6, 15, 16, 10, 2, 14, 10, 15, 11, 4, 11, 12, 11, 15, 15, 7, 13, 15, 11, 8, 7, 7, 7, 13, 9, 13, 13, 17, 9, 8, 14, 15, 5, 10, 6, 8, 11, 1, 13, 15 ], [ 5, 6, 10, 15, 12, 10, 13, 8, 2, 5, 15, 10, 9, 14, 5, 11, 1, 7, 7, 1, 9, 14, 0, 15, 15, 14, 12, 9, 12, 2, 10, 4, 6, 12, 16, 8, 11, 13, 2, 8, 14, 1, 13, 13, 7, 5, 14, 9, 3, 5, 12, 13, 4, 10, 6, 1, 16, 12, 13, 5, 2, 9, 11, 14, 8, 12, 15, 14, 3, 5, 5, 12, 1, 5, 2, 13, 1, 15, 16, 12, 6, 3, 5, 5, 17, 14, 8, 9, 12, 11, 5, 4, 7, 15, 9, 4, 10, 10, 13, 10, 6, 12, 7, 11, 4, 8, 15, 1, 4, 9, 6, 3, 6, 10, 12, 14, 13, 13, 10, 2, 5, 9, 7, 11, 1, 3, 12, 9, 10, 8, 6, 13, 5, 1 ], [ 12, 11, 5, 8, 6, 7, 10, 9, 13, 10, 1, 9, 15, 13, 10, 5, 15, 12, 18, 16, 7, 10, 15, 0, 3, 1, 3, 17, 2, 16, 14, 13, 17, 3, 2, 11, 9, 14, 17, 18, 16, 14, 6, 9, 18, 14, 2, 14, 17, 17, 12, 10, 12, 18, 9, 16, 10, 7, 5, 10, 17, 16, 14, 12, 18, 10, 12, 13, 15, 18, 14, 5, 14, 17, 13, 6, 15, 8, 1, 6, 12, 15, 10, 13, 4, 11, 12, 6, 10, 8, 18, 17, 8, 10, 13, 18, 10, 4, 12, 8, 10, 7, 8, 9, 11, 18, 1, 16, 14, 7, 17, 17, 16, 16, 4, 4, 4, 4, 5, 12, 11, 11, 14, 16, 14, 14, 14, 17, 6, 14, 16, 11, 10, 15 ], [ 11, 10, 5, 5, 8, 9, 7, 10, 13, 10, 2, 7, 13, 10, 11, 7, 15, 10, 17, 15, 6, 7, 15, 3, 0, 4, 4, 15, 3, 16, 12, 13, 15, 4, 3, 12, 11, 11, 17, 16, 13, 13, 3, 6, 16, 15, 1, 12, 17, 16, 9, 7, 13, 16, 9, 15, 6, 9, 8, 10, 17, 14, 11, 9, 16, 7, 9, 10, 15, 18, 12, 7, 14, 16, 13, 3, 15, 5, 3, 3, 13, 14, 11, 13, 2, 8, 13, 8, 7, 6, 17, 16, 7, 6, 11, 17, 11, 5, 9, 10, 9, 9, 8, 7, 11, 16, 4, 15, 14, 6, 16, 17, 14, 14, 3, 1, 1, 7, 6, 12, 11, 13, 13, 14, 14, 14, 11, 15, 5, 12, 14, 8, 11, 15 ], [ 11, 11, 4, 8, 5, 6, 10, 8, 13, 9, 2, 9, 15, 13, 10, 4, 15, 11, 18, 15, 7, 11, 14, 1, 4, 0, 2, 17, 2, 15, 14, 13, 16, 2, 3, 10, 8, 14, 17, 18, 16, 13, 6, 9, 17, 13, 3, 14, 17, 17, 12, 10, 12, 18, 9, 15, 10, 6, 4, 9, 16, 16, 14, 13, 17, 10, 13, 13, 14, 18, 13, 4, 13, 16, 12, 7, 15, 8, 2, 6, 11, 14, 10, 12, 5, 12, 11, 6, 10, 8, 18, 17, 8, 10, 13, 18, 9, 4, 12, 7, 9, 6, 7, 10, 10, 18, 1, 15, 13, 7, 17, 17, 15, 16, 4, 4, 4, 3, 4, 12, 10, 11, 14, 16, 13, 13, 14, 17, 6, 14, 15, 11, 9, 15 ], [ 9, 9, 2, 8, 4, 5, 9, 6, 11, 7, 3, 7, 13, 12, 8, 3, 13, 9, 16, 13, 5, 10, 12, 3, 4, 2, 0, 15, 1, 13, 13, 11, 14, 0, 4, 9, 8, 12, 15, 16, 15, 11, 5, 8, 15, 11, 3, 12, 15, 15, 11, 9, 10, 16, 6, 13, 10, 5, 4, 7, 14, 15, 12, 12, 15, 9, 12, 12, 12, 16, 11, 3, 11, 14, 11, 6, 13, 8, 3, 5, 10, 12, 8, 10, 6, 11, 10, 4, 9, 7, 16, 15, 6, 9, 11, 16, 8, 2, 11, 6, 7, 5, 5, 8, 8, 16, 3, 13, 11, 5, 15, 15, 13, 14, 3, 4, 3, 3, 2, 10, 8, 9, 12, 15, 11, 11, 13, 15, 5, 12, 13, 10, 8, 13 ], [ 7, 7, 13, 12, 17, 16, 10, 14, 9, 10, 17, 8, 2, 8, 11, 16, 9, 6, 4, 8, 10, 10, 9, 17, 15, 17, 15, 0, 15, 11, 4, 6, 4, 15, 17, 16, 18, 7, 9, 2, 6, 9, 12, 10, 3, 14, 15, 3, 10, 5, 7, 10, 12, 1, 9, 8, 12, 18, 18, 11, 10, 1, 5, 9, 1, 9, 9, 9, 12, 7, 5, 17, 9, 4, 9, 12, 10, 13, 18, 12, 14, 6, 12, 13, 16, 9, 16, 15, 9, 9, 6, 6, 9, 12, 4, 7, 17, 14, 8, 16, 9, 18, 12, 8, 9, 2, 18, 9, 12, 10, 4, 7, 3, 2, 13, 14, 14, 17, 13, 9, 11, 16, 3, 3, 10, 12, 6, 0, 11, 3, 3, 9, 12, 10 ], [ 9, 9, 3, 7, 5, 6, 8, 7, 11, 7, 3, 6, 13, 11, 8, 4, 13, 9, 16, 13, 4, 9, 12, 2, 3, 2, 1, 15, 0, 13, 12, 11, 14, 1, 4, 9, 8, 12, 15, 15, 14, 11, 4, 7, 15, 12, 2, 12, 15, 14, 10, 8, 10, 15, 6, 13, 9, 6, 5, 8, 14, 14, 12, 11, 15, 8, 11, 11, 13, 16, 11, 4, 12, 14, 11, 5, 13, 7, 3, 4, 10, 12, 8, 11, 5, 10, 10, 5, 8, 6, 16, 15, 6, 9, 11, 16, 8, 2, 10, 7, 7, 6, 6, 7, 9, 16, 3, 13, 12, 5, 15, 15, 13, 14, 2, 3, 2, 4, 3, 10, 9, 10, 12, 14, 11, 12, 12, 15, 4, 11, 13, 9, 8, 13 ], [ 7, 8, 11, 17, 12, 10, 15, 8, 3, 6, 16, 11, 11, 16, 5, 12, 3, 9, 9, 3, 10, 16, 2, 16, 16, 15, 13, 11, 13, 0, 13, 6, 8, 13, 17, 7, 10, 16, 3, 10, 16, 3, 15, 15, 9, 3, 15, 11, 3, 7, 15, 15, 4, 12, 7, 4, 18, 12, 13, 6, 2, 11, 13, 17, 10, 14, 17, 17, 1, 6, 7, 13, 2, 7, 3, 15, 1, 17, 17, 14, 5, 5, 5, 4, 18, 16, 7, 10, 14, 13, 6, 6, 9, 17, 12, 6, 9, 11, 16, 9, 7, 12, 8, 13, 5, 11, 16, 3, 2, 10, 8, 5, 8, 12, 13, 15, 14, 14, 11, 4, 5, 8, 9, 14, 2, 2, 15, 11, 12, 10, 8, 15, 6, 1 ], [ 7, 6, 11, 9, 15, 15, 6, 13, 10, 10, 14, 6, 2, 5, 11, 14, 10, 5, 7, 10, 8, 7, 10, 14, 12, 14, 13, 4, 12, 13, 0, 7, 6, 13, 15, 15, 17, 3, 11, 6, 3, 10, 9, 7, 7, 14, 13, 2, 12, 8, 4, 6, 13, 4, 9, 10, 9, 17, 16, 10, 12, 3, 1, 5, 5, 6, 6, 5, 13, 10, 6, 15, 10, 7, 10, 9, 12, 9, 15, 9, 14, 8, 11, 14, 13, 5, 16, 13, 5, 6, 9, 9, 7, 8, 2, 10, 16, 12, 5, 15, 8, 16, 11, 5, 9, 5, 15, 10, 13, 8, 7, 10, 5, 2, 10, 11, 11, 16, 11, 10, 11, 16, 4, 2, 11, 13, 2, 4, 8, 3, 5, 5, 12, 12 ], [ 2, 3, 9, 12, 12, 11, 10, 9, 3, 5, 14, 7, 5, 10, 5, 11, 4, 3, 5, 3, 7, 11, 4, 13, 13, 13, 11, 6, 11, 6, 7, 0, 3, 11, 15, 10, 12, 10, 5, 5, 10, 3, 10, 10, 5, 8, 13, 5, 6, 4, 9, 10, 6, 7, 5, 3, 13, 13, 13, 5, 5, 6, 7, 11, 5, 9, 11, 11, 7, 5, 1, 12, 4, 3, 3, 11, 5, 12, 14, 10, 8, 1, 6, 7, 14, 10, 10, 9, 9, 8, 5, 4, 5, 12, 5, 5, 11, 9, 10, 10, 4, 12, 7, 7, 4, 6, 14, 4, 7, 6, 4, 4, 3, 6, 10, 12, 11, 13, 9, 3, 6, 11, 3, 8, 4, 6, 9, 6, 8, 4, 3, 10, 6, 5 ], [ 5, 5, 12, 14, 15, 14, 12, 12, 6, 8, 17, 9, 4, 11, 8, 14, 5, 5, 2, 4, 10, 12, 6, 17, 15, 16, 14, 4, 14, 8, 6, 3, 0, 14, 18, 13, 15, 10, 5, 2, 10, 6, 13, 12, 1, 10, 15, 5, 6, 1, 9, 12, 9, 4, 8, 4, 14, 16, 17, 9, 6, 4, 7, 12, 3, 11, 12, 11, 9, 3, 3, 15, 6, 1, 6, 13, 7, 14, 17, 12, 11, 3, 9, 10, 17, 11, 13, 13, 10, 10, 3, 2, 8, 14, 6, 3, 14, 13, 11, 14, 7, 16, 10, 9, 7, 3, 17, 5, 9, 9, 1, 3, 1, 5, 13, 14, 14, 16, 12, 6, 9, 14, 3, 7, 7, 8, 9, 4, 11, 4, 1, 11, 10, 7 ], [ 9, 9, 2, 8, 4, 5, 9, 6, 10, 7, 4, 7, 13, 12, 8, 3, 12, 9, 16, 13, 5, 10, 12, 3, 4, 2, 0, 15, 1, 13, 13, 11, 14, 0, 4, 8, 7, 13, 15, 16, 15, 11, 6, 8, 15, 11, 3, 12, 15, 15, 11, 9, 10, 16, 6, 13, 10, 5, 4, 7, 14, 15, 12, 12, 15, 9, 12, 12, 12, 16, 11, 3, 11, 14, 10, 6, 13, 8, 4, 5, 9, 12, 7, 10, 6, 11, 9, 4, 9, 7, 16, 15, 6, 10, 12, 16, 7, 2, 11, 6, 7, 5, 5, 8, 8, 16, 3, 13, 11, 5, 15, 15, 13, 14, 3, 4, 4, 3, 2, 10, 8, 9, 12, 15, 11, 11, 13, 15, 5, 12, 13, 10, 7, 13 ], [ 13, 12, 6, 7, 7, 9, 9, 10, 15, 11, 1, 9, 16, 13, 12, 7, 16, 12, 19, 17, 8, 10, 16, 2, 3, 3, 4, 17, 4, 17, 15, 15, 18, 4, 0, 13, 11, 13, 19, 18, 16, 15, 6, 8, 19, 15, 2, 15, 19, 18, 12, 9, 14, 18, 10, 17, 9, 8, 6, 11, 18, 17, 14, 12, 18, 10, 12, 13, 16, 20, 15, 6, 15, 18, 14, 6, 17, 7, 1, 6, 14, 16, 12, 14, 3, 11, 14, 8, 10, 8, 19, 18, 9, 9, 14, 19, 11, 6, 11, 10, 11, 9, 9, 10, 12, 19, 2, 17, 15, 8, 18, 18, 16, 16, 5, 3, 4, 6, 6, 14, 12, 13, 15, 16, 15, 15, 14, 18, 7, 14, 16, 11, 12, 17 ], [ 9, 9, 7, 15, 6, 4, 15, 3, 7, 6, 12, 11, 14, 17, 5, 6, 9, 11, 15, 9, 9, 16, 8, 11, 12, 10, 9, 16, 9, 7, 15, 10, 13, 8, 13, 0, 3, 17, 10, 15, 18, 7, 13, 14, 14, 4, 11, 14, 10, 13, 15, 15, 4, 16, 7, 9, 17, 5, 7, 5, 9, 15, 15, 17, 15, 14, 17, 17, 6, 13, 11, 6, 7, 13, 7, 13, 7, 15, 12, 12, 2, 10, 4, 3, 14, 16, 1, 4, 14, 12, 13, 12, 9, 16, 14, 12, 2, 7, 16, 3, 7, 5, 5, 13, 6, 16, 11, 9, 5, 9, 14, 11, 13, 16, 10, 12, 11, 7, 7, 7, 4, 1, 13, 17, 7, 5, 17, 15, 10, 13, 13, 16, 4, 7 ], [ 11, 11, 7, 15, 4, 3, 15, 4, 10, 8, 10, 12, 16, 18, 7, 5, 11, 12, 17, 12, 9, 16, 11, 9, 11, 8, 8, 18, 8, 10, 17, 12, 15, 7, 11, 3, 0, 18, 13, 17, 20, 10, 12, 14, 17, 7, 10, 16, 13, 15, 16, 15, 7, 19, 8, 12, 17, 3, 5, 7, 12, 17, 17, 18, 18, 15, 18, 18, 9, 16, 13, 5, 10, 15, 10, 13, 10, 15, 10, 12, 5, 13, 6, 6, 13, 17, 4, 4, 15, 13, 16, 15, 10, 16, 15, 15, 1, 7, 17, 2, 9, 2, 6, 14, 9, 18, 9, 12, 8, 10, 16, 14, 15, 18, 10, 11, 11, 5, 7, 9, 7, 3, 15, 19, 10, 8, 18, 18, 10, 15, 15, 16, 6, 10 ], [ 9, 8, 12, 7, 16, 16, 4, 15, 13, 12, 13, 6, 5, 1, 13, 14, 13, 7, 11, 13, 9, 4, 13, 14, 11, 14, 12, 7, 12, 16, 3, 10, 10, 13, 13, 17, 18, 0, 14, 9, 2, 12, 8, 5, 10, 16, 12, 5, 15, 11, 2, 4, 15, 7, 10, 13, 6, 17, 16, 12, 15, 6, 3, 2, 8, 4, 2, 2, 16, 13, 9, 15, 13, 10, 12, 8, 15, 7, 14, 8, 16, 11, 13, 16, 11, 2, 18, 14, 4, 6, 13, 12, 8, 5, 4, 13, 17, 12, 2, 16, 10, 17, 12, 5, 11, 9, 14, 13, 15, 8, 10, 13, 9, 5, 10, 10, 10, 16, 12, 12, 13, 18, 7, 4, 14, 15, 1, 7, 8, 6, 9, 3, 13, 15 ], [ 6, 7, 12, 17, 14, 13, 15, 10, 4, 7, 18, 11, 9, 15, 7, 14, 2, 8, 6, 2, 11, 16, 2, 17, 17, 17, 15, 9, 15, 3, 11, 5, 5, 15, 19, 10, 13, 14, 0, 7, 15, 4, 15, 15, 6, 6, 17, 9, 1, 4, 14, 15, 6, 10, 8, 2, 18, 15, 16, 8, 1, 9, 12, 16, 8, 14, 16, 16, 5, 3, 6, 15, 3, 5, 4, 15, 3, 17, 18, 14, 8, 4, 7, 7, 19, 15, 10, 12, 14, 13, 3, 3, 10, 17, 10, 3, 12, 13, 15, 12, 8, 14, 9, 12, 6, 8, 18, 1, 5, 11, 6, 2, 6, 10, 14, 16, 15, 16, 12, 5, 7, 11, 7, 12, 4, 5, 13, 9, 12, 8, 6, 15, 8, 3 ], [ 7, 7, 13, 14, 17, 16, 12, 14, 8, 10, 18, 9, 4, 10, 10, 16, 7, 6, 2, 7, 11, 12, 8, 18, 16, 18, 16, 2, 15, 10, 6, 5, 2, 16, 18, 15, 17, 9, 7, 0, 9, 8, 14, 12, 1, 12, 16, 4, 8, 3, 9, 12, 11, 3, 10, 6, 14, 18, 18, 10, 8, 3, 7, 11, 1, 11, 11, 11, 11, 5, 4, 17, 8, 3, 8, 13, 9, 14, 18, 13, 13, 5, 11, 12, 18, 11, 15, 15, 10, 10, 4, 4, 9, 13, 6, 5, 16, 14, 10, 16, 9, 17, 12, 10, 9, 1, 19, 7, 11, 10, 2, 5, 2, 4, 14, 15, 15, 18, 13, 8, 11, 16, 3, 5, 9, 11, 8, 2, 12, 4, 2, 11, 11, 9 ], [ 10, 9, 13, 9, 18, 17, 6, 16, 13, 13, 15, 8, 5, 3, 14, 16, 14, 8, 10, 13, 10, 6, 14, 16, 13, 16, 15, 6, 14, 16, 3, 10, 10, 15, 16, 18, 20, 2, 15, 9, 0, 13, 10, 7, 10, 18, 14, 5, 15, 11, 4, 6, 16, 6, 11, 13, 8, 19, 18, 13, 15, 6, 3, 4, 8, 6, 4, 3, 17, 13, 9, 17, 14, 10, 13, 10, 15, 9, 16, 10, 17, 11, 14, 17, 14, 5, 19, 16, 6, 8, 12, 12, 10, 7, 5, 13, 19, 14, 4, 18, 11, 19, 14, 7, 12, 8, 17, 14, 16, 10, 10, 13, 9, 4, 12, 12, 12, 18, 14, 13, 15, 19, 7, 3, 14, 16, 2, 7, 10, 6, 9, 5, 15, 15 ], [ 3, 5, 9, 14, 11, 9, 12, 7, 0, 4, 14, 8, 8, 13, 3, 10, 2, 6, 7, 2, 8, 13, 1, 14, 13, 13, 11, 9, 11, 3, 10, 3, 6, 11, 15, 7, 10, 12, 4, 8, 13, 0, 12, 12, 7, 5, 13, 8, 4, 5, 11, 12, 3, 10, 5, 2, 15, 11, 12, 4, 3, 9, 10, 14, 8, 11, 14, 14, 4, 6, 4, 11, 1, 5, 0, 12, 2, 14, 14, 11, 5, 3, 4, 4, 15, 13, 8, 8, 11, 10, 6, 4, 6, 14, 9, 5, 9, 9, 12, 9, 4, 11, 6, 10, 3, 9, 14, 2, 3, 7, 6, 4, 6, 10, 11, 13, 12, 12, 9, 1, 4, 8, 6, 11, 1, 3, 12, 9, 9, 7, 6, 12, 4, 2 ], [ 9, 8, 6, 2, 9, 10, 4, 10, 12, 9, 5, 4, 10, 7, 10, 8, 13, 8, 14, 14, 4, 4, 13, 6, 3, 6, 5, 12, 4, 15, 9, 10, 13, 6, 6, 13, 12, 8, 15, 14, 10, 12, 0, 3, 14, 14, 4, 10, 16, 14, 6, 4, 12, 13, 7, 13, 4, 11, 9, 9, 15, 12, 8, 7, 13, 4, 7, 7, 14, 16, 10, 9, 12, 13, 11, 0, 14, 3, 6, 1, 13, 12, 10, 13, 4, 6, 14, 9, 4, 3, 15, 14, 6, 4, 8, 15, 12, 6, 6, 10, 8, 11, 8, 4, 9, 14, 7, 14, 13, 5, 13, 15, 12, 11, 2, 2, 2, 8, 6, 11, 10, 13, 10, 11, 13, 13, 8, 12, 3, 9, 12, 5, 10, 14 ], [ 9, 8, 8, 2, 12, 12, 1, 12, 12, 10, 8, 4, 8, 4, 11, 10, 13, 7, 13, 13, 5, 2, 13, 9, 6, 9, 8, 10, 7, 15, 7, 10, 12, 8, 8, 14, 14, 5, 15, 12, 7, 12, 3, 0, 12, 15, 7, 8, 16, 13, 4, 1, 13, 11, 8, 13, 3, 13, 12, 10, 15, 10, 6, 4, 12, 2, 4, 4, 15, 15, 9, 11, 13, 12, 12, 2, 14, 2, 9, 3, 14, 11, 11, 14, 6, 3, 15, 11, 2, 2, 14, 13, 6, 2, 6, 14, 14, 8, 3, 12, 8, 13, 9, 3, 10, 12, 9, 14, 14, 5, 12, 14, 11, 9, 5, 5, 5, 11, 8, 11, 11, 15, 9, 9, 13, 14, 6, 11, 4, 8, 11, 2, 11, 14 ], [ 6, 6, 13, 14, 16, 15, 12, 13, 7, 9, 18, 10, 5, 11, 10, 16, 6, 6, 1, 5, 11, 13, 7, 18, 16, 17, 15, 3, 15, 9, 7, 5, 1, 15, 19, 14, 17, 10, 6, 1, 10, 7, 14, 12, 0, 11, 16, 5, 7, 2, 10, 12, 10, 4, 9, 5, 15, 17, 18, 10, 7, 4, 7, 12, 2, 11, 12, 12, 10, 4, 4, 17, 7, 1, 7, 14, 8, 15, 18, 13, 12, 4, 10, 11, 18, 11, 15, 14, 11, 11, 3, 3, 9, 14, 6, 4, 15, 14, 11, 15, 9, 17, 11, 10, 8, 2, 18, 6, 10, 10, 0, 4, 2, 5, 14, 15, 15, 17, 13, 8, 10, 15, 4, 6, 8, 10, 9, 3, 12, 5, 2, 11, 11, 8 ], [ 7, 8, 9, 16, 9, 7, 15, 5, 4, 5, 15, 12, 13, 17, 4, 9, 5, 10, 12, 6, 10, 16, 5, 14, 15, 13, 11, 14, 12, 3, 14, 8, 10, 11, 15, 4, 7, 16, 6, 12, 18, 5, 14, 15, 11, 0, 14, 12, 6, 10, 15, 15, 2, 14, 7, 6, 18, 9, 11, 5, 5, 13, 15, 17, 13, 15, 17, 17, 2, 9, 9, 10, 4, 10, 4, 14, 4, 16, 15, 13, 2, 7, 4, 1, 17, 16, 4, 7, 15, 13, 9, 9, 9, 17, 13, 9, 6, 10, 16, 7, 7, 9, 6, 13, 5, 13, 14, 5, 1, 10, 11, 8, 10, 14, 12, 14, 13, 11, 9, 4, 4, 4, 11, 15, 4, 2, 16, 13, 11, 11, 10, 16, 4, 4 ], [ 11, 10, 5, 6, 7, 8, 8, 9, 13, 9, 1, 7, 13, 11, 10, 6, 14, 10, 17, 15, 6, 8, 14, 2, 1, 3, 3, 15, 2, 15, 13, 13, 15, 3, 2, 11, 10, 12, 17, 16, 14, 13, 4, 7, 16, 14, 0, 13, 17, 16, 10, 8, 12, 16, 8, 15, 8, 8, 6, 9, 16, 15, 12, 10, 16, 8, 10, 11, 15, 18, 13, 6, 13, 16, 13, 4, 15, 6, 2, 4, 12, 14, 10, 13, 3, 10, 12, 7, 8, 6, 17, 16, 7, 8, 12, 17, 10, 4, 10, 9, 9, 8, 8, 8, 10, 17, 3, 15, 14, 6, 16, 16, 14, 14, 3, 2, 2, 5, 5, 12, 11, 12, 13, 15, 13, 14, 12, 16, 5, 12, 14, 9, 10, 15 ], [ 5, 5, 11, 10, 15, 14, 7, 12, 8, 8, 14, 6, 1, 6, 9, 13, 8, 3, 6, 8, 8, 8, 9, 14, 12, 14, 12, 3, 12, 11, 2, 5, 5, 12, 15, 14, 16, 5, 9, 4, 5, 8, 10, 8, 5, 12, 13, 0, 10, 6, 5, 7, 11, 3, 7, 8, 10, 16, 16, 9, 10, 2, 3, 7, 4, 6, 7, 7, 12, 8, 4, 14, 9, 5, 8, 9, 10, 10, 15, 9, 12, 6, 10, 12, 14, 7, 15, 12, 6, 6, 7, 7, 6, 9, 1, 8, 15, 11, 6, 14, 7, 15, 10, 5, 8, 4, 15, 9, 11, 7, 5, 8, 3, 2, 10, 11, 11, 15, 11, 8, 10, 15, 2, 3, 9, 11, 4, 3, 8, 1, 3, 6, 10, 10 ], [ 7, 8, 13, 17, 14, 12, 16, 10, 4, 8, 18, 12, 10, 16, 7, 14, 2, 9, 7, 2, 12, 16, 3, 17, 17, 17, 15, 10, 15, 3, 12, 6, 6, 15, 19, 10, 13, 15, 1, 8, 15, 4, 16, 16, 7, 6, 17, 10, 0, 5, 14, 16, 6, 11, 9, 3, 18, 15, 16, 8, 1, 10, 13, 17, 9, 15, 17, 16, 4, 4, 7, 15, 4, 6, 4, 16, 2, 17, 18, 15, 7, 5, 7, 7, 19, 16, 10, 12, 14, 13, 4, 4, 10, 18, 11, 4, 11, 13, 15, 12, 8, 14, 10, 13, 6, 9, 18, 2, 5, 11, 7, 3, 7, 11, 15, 16, 16, 16, 12, 5, 7, 10, 8, 13, 4, 4, 14, 10, 13, 9, 7, 15, 8, 2 ], [ 5, 6, 12, 15, 15, 14, 12, 12, 6, 8, 17, 10, 6, 12, 8, 14, 4, 6, 2, 4, 10, 13, 5, 17, 16, 17, 15, 5, 14, 7, 8, 4, 1, 15, 18, 13, 15, 11, 4, 3, 11, 5, 14, 13, 2, 10, 16, 6, 5, 0, 10, 12, 9, 5, 8, 3, 15, 16, 17, 8, 5, 5, 8, 13, 4, 11, 13, 12, 8, 2, 3, 16, 6, 1, 6, 14, 6, 15, 18, 13, 10, 3, 9, 10, 18, 12, 13, 13, 11, 11, 2, 1, 9, 14, 7, 2, 14, 13, 12, 14, 8, 16, 10, 10, 7, 4, 18, 4, 8, 10, 1, 2, 2, 6, 13, 15, 14, 16, 12, 6, 9, 13, 4, 8, 6, 8, 10, 5, 11, 5, 2, 12, 9, 6 ], [ 8, 7, 10, 6, 14, 14, 3, 13, 11, 10, 11, 4, 5, 2, 11, 13, 12, 6, 10, 12, 7, 3, 12, 12, 9, 12, 11, 7, 10, 15, 4, 9, 9, 11, 12, 15, 16, 2, 14, 9, 4, 11, 6, 4, 10, 15, 10, 5, 14, 10, 0, 3, 13, 7, 9, 12, 5, 16, 15, 11, 14, 7, 3, 2, 8, 2, 3, 2, 15, 13, 8, 14, 12, 10, 11, 6, 14, 6, 12, 6, 15, 10, 12, 14, 10, 2, 16, 13, 2, 4, 12, 12, 7, 5, 4, 12, 16, 10, 1, 14, 9, 15, 11, 3, 10, 9, 13, 13, 14, 7, 10, 12, 8, 5, 8, 9, 8, 14, 10, 11, 12, 16, 7, 5, 12, 14, 2, 7, 7, 5, 8, 2, 12, 14 ], [ 9, 8, 8, 3, 13, 13, 0, 12, 12, 10, 9, 4, 8, 3, 11, 11, 13, 7, 13, 13, 6, 1, 13, 10, 7, 10, 9, 10, 8, 15, 6, 10, 12, 9, 9, 15, 15, 4, 15, 12, 6, 12, 4, 1, 12, 15, 8, 7, 16, 12, 3, 0, 14, 10, 8, 13, 3, 14, 13, 11, 15, 9, 5, 3, 11, 1, 3, 3, 15, 15, 9, 12, 13, 12, 12, 3, 14, 3, 10, 4, 14, 11, 12, 14, 7, 2, 16, 11, 1, 3, 14, 13, 7, 2, 6, 14, 15, 9, 2, 13, 9, 14, 10, 3, 10, 12, 10, 14, 15, 6, 12, 14, 10, 8, 6, 6, 6, 12, 9, 12, 12, 16, 9, 8, 13, 14, 5, 10, 5, 7, 10, 1, 12, 14 ], [ 6, 7, 8, 14, 8, 7, 14, 4, 3, 3, 13, 10, 11, 15, 2, 8, 5, 8, 11, 5, 8, 14, 4, 12, 13, 12, 10, 12, 10, 4, 13, 6, 9, 10, 14, 4, 7, 15, 6, 11, 16, 3, 12, 13, 10, 2, 12, 11, 6, 9, 13, 14, 0, 13, 5, 5, 16, 9, 10, 3, 5, 12, 13, 15, 12, 13, 16, 15, 3, 9, 7, 9, 3, 9, 3, 12, 4, 15, 13, 11, 2, 6, 2, 1, 15, 14, 4, 6, 13, 11, 9, 8, 7, 15, 11, 8, 6, 8, 14, 6, 5, 8, 5, 11, 3, 12, 13, 5, 1, 8, 10, 7, 9, 13, 10, 12, 12, 10, 7, 3, 2, 5, 9, 14, 3, 2, 14, 12, 9, 10, 9, 14, 2, 4 ], [ 8, 7, 14, 13, 18, 17, 10, 15, 10, 11, 17, 9, 3, 8, 12, 17, 9, 7, 4, 9, 11, 11, 10, 18, 16, 18, 16, 1, 15, 12, 4, 7, 4, 16, 18, 16, 19, 7, 10, 3, 6, 10, 13, 11, 4, 14, 16, 3, 11, 5, 7, 10, 13, 0, 10, 9, 13, 19, 19, 12, 11, 1, 5, 9, 2, 9, 10, 9, 13, 8, 6, 18, 10, 5, 10, 13, 11, 13, 18, 12, 15, 7, 12, 14, 17, 9, 17, 15, 9, 10, 7, 7, 10, 12, 5, 7, 17, 14, 9, 17, 10, 18, 13, 9, 10, 2, 19, 9, 13, 11, 4, 8, 4, 2, 14, 15, 14, 18, 14, 10, 12, 17, 4, 3, 11, 13, 6, 1, 11, 4, 4, 9, 13, 11 ], [ 3, 3, 4, 9, 7, 6, 8, 5, 4, 2, 9, 5, 8, 10, 3, 6, 6, 4, 10, 7, 3, 9, 6, 9, 9, 9, 6, 9, 6, 7, 9, 5, 8, 6, 10, 7, 8, 10, 8, 10, 11, 5, 7, 8, 9, 7, 8, 7, 9, 8, 9, 8, 5, 10, 0, 7, 11, 9, 9, 2, 8, 9, 9, 10, 10, 8, 11, 11, 7, 10, 5, 8, 5, 8, 4, 7, 7, 9, 10, 6, 6, 6, 3, 6, 11, 9, 8, 5, 8, 5, 9, 8, 2, 10, 7, 9, 7, 5, 9, 6, 1, 8, 2, 6, 2, 10, 10, 7, 6, 3, 9, 8, 7, 9, 6, 8, 7, 8, 4, 4, 3, 8, 6, 10, 5, 6, 10, 9, 4, 6, 7, 9, 4, 7 ], [ 5, 5, 11, 15, 13, 11, 13, 9, 3, 6, 16, 10, 8, 13, 6, 12, 1, 6, 5, 0, 9, 14, 1, 16, 15, 15, 13, 8, 13, 4, 10, 3, 4, 13, 17, 9, 12, 13, 2, 6, 13, 2, 13, 13, 5, 6, 15, 8, 3, 3, 12, 13, 5, 9, 7, 0, 16, 14, 14, 6, 2, 8, 10, 14, 7, 12, 14, 14, 5, 3, 4, 13, 2, 4, 3, 13, 3, 15, 16, 12, 7, 2, 6, 6, 17, 13, 10, 11, 12, 11, 3, 2, 8, 15, 9, 3, 11, 11, 13, 11, 6, 13, 8, 10, 5, 7, 16, 1, 5, 9, 5, 2, 5, 9, 12, 14, 14, 14, 11, 3, 6, 10, 6, 10, 3, 4, 12, 8, 10, 7, 5, 13, 7, 3 ], [ 11, 10, 10, 2, 14, 14, 3, 14, 15, 12, 9, 6, 10, 5, 13, 12, 16, 10, 15, 16, 8, 2, 16, 10, 6, 10, 10, 12, 9, 18, 9, 13, 14, 10, 9, 17, 17, 6, 18, 14, 8, 15, 4, 3, 15, 18, 8, 10, 18, 15, 5, 3, 16, 13, 11, 16, 0, 15, 14, 13, 18, 12, 8, 4, 14, 4, 4, 5, 18, 17, 12, 13, 15, 15, 15, 4, 17, 2, 10, 5, 17, 14, 14, 17, 6, 4, 18, 13, 4, 5, 17, 16, 9, 1, 9, 17, 16, 10, 4, 15, 11, 15, 12, 5, 13, 14, 10, 16, 17, 8, 15, 17, 13, 10, 7, 6, 6, 13, 10, 14, 14, 18, 11, 10, 16, 17, 7, 13, 7, 10, 13, 3, 14, 17 ], [ 11, 11, 6, 13, 1, 2, 14, 5, 11, 8, 8, 11, 16, 17, 8, 3, 13, 12, 18, 14, 9, 15, 12, 7, 9, 6, 5, 18, 6, 12, 17, 13, 16, 5, 8, 5, 3, 17, 15, 18, 19, 11, 11, 13, 17, 9, 8, 16, 15, 16, 16, 14, 9, 19, 9, 14, 15, 0, 2, 8, 14, 18, 16, 17, 18, 14, 17, 17, 11, 17, 14, 2, 11, 16, 11, 11, 12, 13, 7, 10, 7, 14, 7, 8, 11, 16, 6, 3, 14, 12, 17, 16, 9, 15, 15, 17, 4, 5, 16, 3, 9, 1, 6, 13, 9, 19, 6, 13, 10, 9, 17, 16, 16, 18, 8, 9, 9, 3, 6, 10, 8, 6, 15, 18, 11, 10, 17, 18, 9, 15, 16, 15, 7, 12 ], [ 11, 11, 5, 12, 2, 3, 13, 6, 12, 9, 6, 11, 16, 16, 9, 2, 14, 12, 18, 14, 8, 14, 13, 5, 8, 4, 4, 18, 5, 13, 16, 13, 17, 4, 6, 7, 5, 16, 16, 18, 18, 12, 9, 12, 18, 11, 6, 16, 16, 17, 15, 13, 10, 19, 9, 14, 14, 2, 0, 8, 15, 18, 16, 16, 18, 13, 16, 16, 12, 18, 14, 1, 12, 17, 12, 10, 13, 12, 5, 9, 9, 14, 8, 10, 9, 15, 8, 4, 13, 11, 18, 16, 9, 13, 15, 17, 5, 5, 15, 4, 9, 2, 7, 12, 10, 19, 4, 14, 11, 8, 17, 16, 16, 17, 7, 8, 7, 1, 5, 11, 9, 7, 15, 18, 12, 11, 16, 18, 8, 15, 16, 14, 8, 13 ], [ 4, 5, 5, 11, 7, 6, 11, 3, 3, 1, 10, 7, 10, 12, 1, 6, 5, 6, 10, 6, 5, 12, 5, 10, 10, 9, 7, 11, 8, 6, 10, 5, 9, 7, 11, 5, 7, 12, 8, 10, 13, 4, 9, 10, 10, 5, 9, 9, 8, 8, 11, 11, 3, 12, 2, 6, 13, 8, 8, 0, 7, 11, 11, 13, 11, 10, 13, 13, 5, 9, 6, 7, 4, 8, 3, 9, 5, 12, 11, 8, 4, 6, 1, 4, 12, 12, 6, 4, 10, 8, 9, 8, 4, 12, 9, 9, 6, 5, 11, 5, 2, 7, 2, 8, 2, 11, 10, 6, 4, 5, 9, 8, 8, 11, 8, 9, 9, 8, 5, 3, 1, 6, 8, 12, 4, 4, 12, 11, 6, 8, 8, 11, 1, 5 ], [ 7, 8, 12, 17, 13, 12, 15, 9, 4, 7, 17, 12, 10, 16, 6, 13, 2, 8, 7, 2, 11, 16, 2, 17, 17, 16, 14, 10, 14, 2, 12, 5, 6, 14, 18, 9, 12, 15, 1, 8, 15, 3, 15, 15, 7, 5, 16, 10, 1, 5, 14, 15, 5, 11, 8, 2, 18, 14, 15, 7, 0, 10, 13, 16, 9, 14, 17, 16, 4, 4, 6, 14, 3, 6, 4, 15, 2, 17, 18, 14, 7, 4, 7, 6, 19, 15, 9, 11, 14, 13, 4, 4, 9, 17, 11, 4, 11, 12, 15, 11, 8, 13, 9, 13, 6, 9, 17, 1, 4, 11, 7, 3, 7, 11, 14, 16, 15, 15, 12, 4, 6, 10, 8, 12, 3, 4, 14, 10, 12, 9, 7, 15, 7, 2 ], [ 7, 6, 13, 12, 16, 16, 9, 14, 9, 10, 16, 8, 1, 8, 11, 15, 9, 5, 4, 8, 10, 10, 9, 16, 14, 16, 15, 1, 14, 11, 3, 6, 4, 15, 17, 15, 17, 6, 9, 3, 6, 9, 12, 10, 4, 13, 15, 2, 10, 5, 7, 9, 12, 1, 9, 8, 12, 18, 18, 11, 10, 0, 4, 8, 2, 8, 9, 8, 12, 7, 5, 16, 9, 5, 9, 12, 10, 12, 17, 11, 14, 6, 11, 13, 16, 8, 16, 14, 8, 9, 7, 7, 9, 11, 3, 7, 16, 13, 8, 16, 9, 17, 12, 8, 9, 2, 17, 9, 12, 9, 4, 7, 3, 1, 12, 14, 13, 17, 13, 9, 11, 16, 3, 3, 10, 12, 5, 1, 10, 3, 3, 8, 12, 10 ], [ 7, 6, 11, 8, 15, 15, 5, 13, 10, 10, 13, 5, 3, 4, 11, 14, 11, 5, 8, 11, 8, 6, 11, 14, 11, 14, 12, 5, 12, 13, 1, 7, 7, 12, 14, 15, 17, 3, 12, 7, 3, 10, 8, 6, 7, 15, 12, 3, 13, 8, 3, 5, 13, 5, 9, 10, 8, 16, 16, 11, 13, 4, 0, 4, 6, 5, 5, 4, 14, 11, 6, 15, 11, 8, 10, 8, 12, 8, 14, 8, 14, 8, 12, 14, 12, 4, 16, 13, 4, 6, 10, 10, 7, 7, 2, 10, 16, 11, 4, 15, 8, 16, 11, 4, 9, 6, 15, 11, 13, 8, 7, 10, 6, 3, 10, 11, 10, 15, 11, 10, 12, 16, 5, 3, 11, 13, 2, 5, 8, 3, 6, 4, 12, 12 ], [ 10, 9, 11, 5, 15, 15, 3, 15, 13, 12, 12, 6, 7, 1, 13, 14, 14, 8, 13, 14, 8, 2, 14, 12, 9, 13, 12, 9, 11, 17, 5, 11, 12, 12, 12, 17, 18, 2, 16, 11, 4, 14, 7, 4, 12, 17, 10, 7, 17, 13, 2, 3, 15, 9, 10, 14, 4, 17, 16, 13, 16, 8, 4, 0, 10, 3, 0, 1, 17, 15, 10, 15, 14, 12, 13, 6, 16, 5, 13, 7, 16, 12, 14, 16, 10, 1, 18, 14, 3, 5, 14, 14, 9, 3, 6, 15, 17, 11, 1, 16, 10, 16, 12, 4, 12, 11, 13, 15, 16, 8, 12, 15, 10, 7, 9, 9, 9, 15, 11, 13, 14, 18, 9, 7, 15, 16, 3, 9, 8, 8, 10, 2, 14, 16 ], [ 7, 7, 13, 14, 17, 16, 11, 14, 9, 10, 17, 9, 3, 10, 11, 16, 8, 6, 2, 7, 11, 11, 8, 18, 16, 17, 15, 1, 15, 10, 5, 5, 3, 15, 18, 15, 18, 8, 8, 1, 8, 8, 13, 12, 2, 13, 16, 4, 9, 4, 8, 11, 12, 2, 10, 7, 14, 18, 18, 11, 9, 2, 6, 10, 0, 10, 11, 10, 12, 6, 5, 17, 9, 3, 9, 13, 10, 14, 18, 12, 13, 5, 11, 13, 17, 10, 16, 15, 10, 10, 5, 5, 9, 13, 5, 6, 16, 14, 10, 16, 9, 18, 12, 9, 9, 1, 18, 8, 12, 10, 2, 6, 3, 3, 14, 15, 14, 18, 13, 9, 11, 16, 3, 4, 9, 11, 7, 1, 11, 4, 2, 10, 12, 10 ], [ 8, 7, 8, 3, 12, 12, 1, 12, 11, 9, 9, 3, 7, 3, 10, 11, 12, 6, 12, 12, 5, 2, 12, 10, 7, 10, 9, 9, 8, 14, 6, 9, 11, 9, 10, 14, 15, 4, 14, 11, 6, 11, 4, 2, 11, 15, 8, 6, 15, 11, 2, 1, 13, 9, 8, 12, 4, 14, 13, 10, 14, 8, 5, 3, 10, 0, 3, 3, 14, 14, 8, 12, 12, 11, 11, 4, 14, 4, 10, 4, 14, 10, 11, 14, 8, 2, 15, 11, 0, 2, 13, 12, 6, 3, 5, 13, 14, 8, 2, 13, 8, 13, 9, 2, 9, 11, 11, 13, 14, 5, 11, 13, 9, 7, 6, 6, 6, 12, 8, 11, 11, 15, 8, 7, 12, 14, 4, 9, 5, 6, 9, 1, 11, 14 ], [ 10, 9, 11, 5, 15, 16, 3, 15, 14, 12, 12, 6, 8, 1, 13, 14, 15, 8, 13, 15, 9, 2, 15, 12, 9, 13, 12, 9, 11, 17, 6, 11, 12, 12, 12, 17, 18, 2, 16, 11, 4, 14, 7, 4, 12, 17, 10, 7, 17, 13, 3, 3, 16, 10, 11, 14, 4, 17, 16, 13, 17, 9, 5, 0, 11, 3, 0, 1, 17, 15, 10, 15, 15, 12, 14, 6, 16, 5, 13, 7, 17, 12, 14, 17, 10, 1, 18, 14, 3, 5, 15, 14, 9, 3, 6, 15, 17, 12, 1, 16, 11, 17, 12, 5, 12, 11, 13, 15, 17, 9, 12, 15, 11, 7, 9, 9, 9, 15, 11, 13, 14, 18, 9, 7, 15, 16, 4, 10, 8, 8, 11, 2, 14, 16 ], [ 10, 9, 12, 6, 16, 16, 3, 15, 14, 12, 12, 6, 7, 0, 13, 14, 14, 8, 12, 14, 9, 3, 14, 13, 10, 13, 12, 9, 11, 17, 5, 11, 11, 12, 13, 17, 18, 2, 16, 11, 3, 14, 7, 4, 12, 17, 11, 7, 16, 12, 2, 3, 15, 9, 11, 14, 5, 17, 16, 13, 16, 8, 4, 1, 10, 3, 1, 0, 17, 15, 10, 15, 14, 12, 13, 7, 16, 6, 13, 7, 17, 12, 14, 16, 10, 2, 18, 14, 3, 6, 14, 13, 9, 4, 6, 14, 18, 12, 2, 16, 11, 17, 12, 5, 12, 10, 14, 15, 16, 9, 11, 14, 10, 7, 9, 9, 9, 15, 12, 13, 14, 18, 9, 6, 15, 16, 3, 9, 8, 7, 10, 2, 14, 16 ], [ 7, 8, 10, 16, 11, 9, 15, 7, 3, 6, 16, 11, 12, 17, 5, 11, 4, 9, 10, 4, 10, 16, 3, 15, 15, 14, 12, 12, 13, 1, 13, 7, 9, 12, 16, 6, 9, 16, 5, 11, 17, 4, 14, 15, 10, 2, 15, 12, 4, 8, 15, 15, 3, 13, 7, 5, 18, 11, 12, 5, 4, 12, 14, 17, 12, 14, 17, 17, 0, 7, 8, 11, 3, 8, 4, 15, 2, 17, 16, 13, 3, 6, 5, 3, 17, 16, 6, 9, 14, 13, 8, 7, 9, 17, 12, 7, 8, 10, 16, 8, 7, 10, 7, 13, 5, 12, 15, 4, 1, 10, 9, 6, 9, 13, 13, 15, 14, 12, 10, 4, 4, 6, 10, 14, 2, 1, 15, 12, 11, 11, 9, 16, 5, 2 ], [ 7, 8, 14, 17, 16, 15, 15, 12, 6, 9, 19, 12, 8, 14, 9, 15, 4, 8, 3, 3, 12, 15, 5, 18, 18, 18, 16, 7, 16, 6, 10, 5, 3, 16, 20, 13, 16, 13, 3, 5, 13, 6, 16, 15, 4, 9, 18, 8, 4, 2, 13, 15, 9, 8, 10, 3, 17, 17, 18, 9, 4, 7, 11, 15, 6, 14, 15, 15, 7, 0, 5, 17, 6, 3, 6, 16, 5, 17, 19, 15, 10, 4, 10, 9, 20, 14, 13, 14, 13, 13, 1, 1, 10, 17, 9, 0, 14, 14, 14, 14, 9, 16, 11, 12, 8, 6, 19, 4, 8, 11, 4, 1, 5, 9, 15, 17, 16, 17, 14, 7, 9, 13, 6, 10, 6, 7, 12, 7, 13, 7, 5, 14, 10, 5 ], [ 2, 2, 9, 11, 13, 11, 9, 9, 5, 6, 14, 6, 4, 9, 6, 12, 5, 3, 5, 4, 7, 10, 5, 14, 12, 13, 11, 5, 11, 7, 6, 1, 3, 11, 15, 11, 13, 9, 6, 4, 9, 4, 10, 9, 4, 9, 13, 4, 7, 3, 8, 9, 7, 6, 5, 4, 12, 14, 14, 6, 6, 5, 6, 10, 5, 8, 10, 10, 8, 5, 0, 13, 5, 3, 4, 10, 6, 12, 14, 9, 9, 2, 7, 8, 14, 9, 11, 10, 8, 7, 5, 4, 5, 11, 4, 5, 12, 10, 9, 11, 5, 13, 7, 7, 4, 5, 14, 5, 8, 6, 4, 5, 2, 5, 10, 12, 11, 13, 9, 4, 7, 12, 2, 7, 5, 7, 8, 5, 8, 3, 2, 9, 7, 6 ], [ 10, 10, 4, 11, 1, 3, 12, 5, 11, 8, 6, 10, 15, 15, 8, 1, 13, 11, 17, 13, 7, 13, 12, 5, 7, 4, 3, 17, 4, 13, 15, 12, 15, 3, 6, 6, 5, 15, 15, 17, 17, 11, 9, 11, 17, 10, 6, 14, 15, 16, 14, 12, 9, 18, 8, 13, 13, 2, 1, 7, 14, 16, 15, 15, 17, 12, 15, 15, 11, 17, 13, 0, 11, 15, 11, 9, 12, 11, 5, 8, 8, 13, 7, 9, 9, 14, 8, 3, 12, 10, 17, 15, 8, 13, 14, 16, 5, 4, 14, 4, 8, 2, 5, 11, 9, 18, 5, 13, 10, 7, 16, 15, 15, 16, 6, 7, 7, 1, 4, 10, 8, 7, 14, 17, 11, 11, 15, 17, 7, 14, 15, 13, 7, 12 ], [ 4, 5, 9, 14, 11, 9, 13, 7, 1, 4, 14, 9, 9, 14, 4, 10, 1, 6, 8, 2, 8, 14, 1, 14, 14, 13, 11, 9, 12, 2, 10, 4, 6, 11, 15, 7, 10, 13, 3, 8, 14, 1, 12, 13, 7, 4, 13, 9, 4, 6, 12, 13, 3, 10, 5, 2, 15, 11, 12, 4, 3, 9, 11, 14, 9, 12, 15, 14, 3, 6, 5, 11, 0, 6, 1, 13, 2, 14, 15, 11, 5, 3, 4, 4, 16, 13, 7, 8, 12, 10, 6, 5, 7, 15, 9, 5, 9, 9, 13, 9, 5, 11, 6, 10, 3, 9, 14, 2, 3, 8, 7, 4, 6, 10, 11, 13, 12, 12, 9, 1, 4, 8, 7, 11, 0, 2, 12, 9, 9, 8, 6, 13, 4, 2 ], [ 5, 6, 12, 14, 15, 14, 12, 12, 6, 8, 17, 9, 5, 11, 8, 14, 5, 5, 2, 4, 10, 13, 5, 17, 16, 16, 14, 4, 14, 7, 7, 3, 1, 14, 18, 13, 15, 10, 5, 3, 10, 5, 13, 12, 1, 10, 16, 5, 6, 1, 10, 12, 9, 5, 8, 4, 15, 16, 17, 8, 6, 5, 8, 12, 3, 11, 12, 12, 8, 3, 3, 15, 6, 0, 6, 13, 6, 14, 17, 12, 11, 3, 9, 10, 17, 12, 13, 13, 11, 10, 2, 2, 8, 14, 6, 3, 14, 13, 11, 14, 7, 16, 10, 10, 7, 3, 18, 5, 9, 9, 1, 3, 2, 6, 13, 15, 14, 16, 12, 6, 9, 13, 3, 7, 6, 8, 9, 4, 11, 5, 2, 11, 9, 6 ], [ 3, 4, 8, 13, 10, 9, 12, 6, 0, 3, 14, 8, 8, 13, 3, 10, 2, 5, 8, 3, 7, 13, 2, 13, 13, 12, 11, 9, 11, 3, 10, 3, 6, 10, 14, 7, 10, 12, 4, 8, 13, 0, 11, 12, 7, 4, 13, 8, 4, 6, 11, 12, 3, 10, 4, 3, 15, 11, 12, 3, 4, 9, 10, 13, 9, 11, 14, 13, 4, 6, 4, 11, 1, 6, 0, 12, 3, 13, 14, 11, 5, 3, 3, 4, 15, 12, 7, 8, 11, 9, 6, 5, 6, 14, 8, 6, 8, 9, 12, 8, 4, 10, 5, 9, 2, 9, 14, 3, 3, 7, 7, 5, 6, 10, 10, 12, 11, 12, 8, 1, 3, 8, 6, 11, 1, 3, 12, 9, 8, 7, 6, 12, 4, 3 ], [ 9, 8, 6, 2, 10, 10, 3, 10, 12, 9, 5, 4, 10, 7, 10, 8, 13, 8, 14, 14, 4, 4, 13, 6, 3, 7, 6, 12, 5, 15, 9, 11, 13, 6, 6, 13, 13, 8, 15, 13, 10, 12, 0, 2, 14, 14, 4, 9, 16, 14, 6, 3, 12, 13, 7, 13, 4, 11, 10, 9, 15, 12, 8, 6, 13, 4, 6, 7, 15, 16, 10, 9, 13, 13, 12, 0, 14, 2, 6, 1, 13, 12, 10, 13, 4, 5, 14, 9, 4, 3, 15, 14, 6, 4, 8, 15, 12, 6, 5, 11, 8, 11, 8, 4, 10, 14, 7, 14, 14, 5, 13, 15, 12, 11, 3, 3, 3, 9, 6, 11, 11, 14, 10, 11, 13, 14, 8, 12, 3, 9, 12, 5, 10, 14 ], [ 6, 7, 10, 16, 12, 10, 14, 8, 2, 6, 16, 11, 10, 15, 5, 11, 2, 8, 8, 2, 10, 15, 1, 15, 15, 15, 13, 10, 13, 1, 12, 5, 7, 13, 17, 7, 10, 15, 3, 9, 15, 2, 14, 14, 8, 4, 15, 10, 2, 6, 14, 14, 4, 11, 7, 3, 17, 12, 13, 5, 2, 10, 12, 16, 10, 14, 16, 16, 2, 5, 6, 12, 2, 6, 3, 14, 0, 16, 16, 13, 5, 4, 5, 4, 17, 15, 7, 9, 13, 12, 6, 5, 8, 16, 11, 5, 9, 11, 15, 9, 6, 12, 7, 12, 5, 10, 16, 2, 3, 9, 7, 4, 7, 11, 13, 15, 14, 13, 10, 3, 5, 8, 8, 13, 2, 2, 14, 10, 11, 9, 7, 14, 5, 0 ], [ 11, 10, 8, 0, 12, 12, 3, 13, 14, 11, 7, 5, 11, 6, 12, 11, 15, 9, 15, 15, 7, 3, 15, 8, 5, 8, 8, 13, 7, 17, 9, 12, 14, 8, 7, 15, 15, 7, 17, 14, 9, 14, 3, 2, 15, 16, 6, 10, 17, 15, 6, 3, 15, 13, 9, 15, 2, 13, 12, 12, 17, 12, 8, 5, 14, 4, 5, 6, 17, 17, 12, 11, 14, 14, 13, 2, 16, 0, 8, 3, 15, 13, 12, 15, 5, 4, 16, 11, 4, 4, 17, 16, 8, 2, 9, 17, 15, 8, 5, 13, 10, 13, 10, 5, 12, 14, 9, 16, 16, 7, 14, 16, 13, 11, 5, 4, 5, 11, 8, 13, 13, 16, 11, 11, 15, 16, 8, 13, 5, 10, 13, 4, 13, 16 ], [ 12, 12, 6, 8, 6, 8, 10, 9, 14, 11, 1, 9, 16, 13, 11, 6, 16, 12, 19, 16, 8, 10, 16, 1, 3, 2, 3, 18, 3, 17, 15, 14, 17, 4, 1, 12, 10, 14, 18, 18, 16, 14, 6, 9, 18, 15, 2, 15, 18, 18, 12, 10, 13, 18, 10, 16, 10, 7, 5, 11, 18, 17, 14, 13, 18, 10, 13, 13, 16, 19, 14, 5, 15, 17, 14, 6, 16, 8, 0, 6, 13, 15, 11, 13, 4, 12, 13, 7, 10, 9, 19, 18, 9, 10, 14, 19, 10, 5, 12, 9, 10, 8, 9, 10, 12, 19, 1, 17, 14, 8, 18, 18, 16, 16, 5, 4, 4, 5, 6, 13, 12, 12, 15, 17, 15, 15, 14, 18, 7, 14, 16, 11, 11, 16 ], [ 8, 7, 5, 3, 9, 9, 4, 9, 11, 8, 5, 3, 10, 7, 9, 8, 12, 7, 14, 13, 3, 5, 12, 6, 3, 6, 5, 12, 4, 14, 9, 10, 12, 5, 6, 12, 12, 8, 14, 13, 10, 11, 1, 3, 13, 13, 4, 9, 15, 13, 6, 4, 11, 12, 6, 12, 5, 10, 9, 8, 14, 11, 8, 7, 12, 4, 7, 7, 13, 15, 9, 8, 11, 12, 11, 1, 13, 3, 6, 0, 12, 11, 9, 12, 5, 6, 13, 8, 4, 2, 14, 13, 5, 5, 8, 14, 11, 5, 6, 10, 7, 10, 7, 4, 9, 13, 7, 13, 12, 4, 13, 14, 11, 10, 2, 3, 2, 8, 5, 10, 10, 13, 9, 10, 12, 13, 8, 12, 2, 9, 11, 5, 9, 13 ], [ 7, 8, 8, 15, 7, 6, 14, 3, 5, 4, 13, 11, 13, 16, 3, 7, 6, 9, 12, 7, 9, 15, 6, 12, 13, 11, 10, 14, 10, 5, 14, 8, 11, 9, 14, 2, 5, 16, 8, 13, 17, 5, 13, 14, 12, 2, 12, 12, 7, 10, 15, 14, 2, 15, 6, 7, 17, 7, 9, 4, 7, 14, 14, 16, 13, 14, 17, 17, 3, 10, 9, 8, 5, 11, 5, 13, 5, 15, 13, 12, 0, 8, 3, 1, 15, 15, 2, 6, 14, 12, 11, 10, 8, 16, 13, 10, 4, 8, 15, 5, 6, 7, 5, 12, 5, 14, 12, 7, 2, 8, 12, 9, 11, 14, 11, 12, 12, 9, 7, 5, 3, 3, 11, 15, 4, 3, 15, 14, 10, 11, 11, 15, 3, 5 ], [ 3, 4, 10, 13, 13, 11, 11, 9, 3, 5, 15, 8, 6, 11, 6, 12, 3, 4, 5, 2, 8, 12, 3, 15, 14, 14, 12, 6, 12, 5, 8, 1, 3, 12, 16, 10, 13, 11, 4, 5, 11, 3, 12, 11, 4, 7, 14, 6, 5, 3, 10, 11, 6, 7, 6, 2, 14, 14, 14, 6, 4, 6, 8, 12, 5, 10, 12, 12, 6, 4, 2, 13, 3, 3, 3, 12, 4, 13, 15, 11, 8, 0, 6, 7, 16, 11, 10, 10, 10, 9, 4, 3, 6, 13, 6, 4, 11, 10, 11, 11, 5, 13, 7, 9, 4, 6, 15, 3, 6, 7, 4, 3, 3, 7, 11, 13, 12, 14, 10, 3, 6, 11, 4, 8, 4, 6, 10, 6, 9, 5, 3, 11, 7, 4 ], [ 5, 5, 5, 12, 7, 5, 12, 3, 4, 2, 11, 8, 10, 13, 1, 6, 5, 7, 11, 6, 6, 13, 5, 10, 11, 10, 8, 12, 8, 5, 11, 6, 9, 7, 12, 4, 6, 13, 7, 11, 14, 4, 10, 11, 10, 4, 10, 10, 7, 9, 12, 12, 2, 12, 3, 6, 14, 7, 8, 1, 7, 11, 12, 14, 11, 11, 14, 14, 5, 10, 7, 7, 4, 9, 3, 10, 5, 12, 11, 9, 3, 6, 0, 3, 13, 13, 5, 4, 11, 9, 10, 8, 5, 13, 10, 9, 5, 6, 12, 5, 3, 7, 2, 9, 2, 12, 11, 6, 3, 6, 10, 8, 9, 12, 8, 10, 9, 8, 5, 3, 1, 5, 9, 13, 4, 4, 13, 12, 7, 9, 9, 12, 0, 5 ], [ 7, 8, 8, 15, 8, 6, 14, 4, 4, 4, 13, 11, 12, 16, 3, 8, 5, 9, 12, 6, 9, 15, 5, 13, 13, 12, 10, 13, 11, 4, 14, 7, 10, 10, 14, 3, 6, 16, 7, 12, 17, 4, 13, 14, 11, 1, 13, 12, 7, 10, 14, 14, 1, 14, 6, 6, 17, 8, 10, 4, 6, 13, 14, 16, 13, 14, 17, 16, 3, 9, 8, 9, 4, 10, 4, 13, 4, 15, 13, 12, 1, 7, 3, 0, 15, 15, 3, 6, 14, 12, 10, 9, 8, 16, 12, 9, 5, 8, 15, 6, 6, 8, 5, 12, 4, 13, 13, 6, 2, 8, 11, 8, 10, 14, 11, 13, 12, 10, 8, 4, 3, 4, 10, 15, 4, 2, 15, 13, 10, 11, 10, 15, 3, 4 ], [ 13, 12, 7, 5, 10, 11, 7, 12, 15, 12, 3, 8, 14, 10, 13, 9, 17, 12, 19, 17, 8, 7, 17, 4, 2, 5, 6, 16, 5, 18, 13, 14, 17, 6, 3, 14, 13, 11, 19, 18, 14, 15, 4, 6, 18, 17, 3, 14, 19, 18, 10, 7, 15, 17, 11, 17, 6, 11, 9, 12, 19, 16, 12, 10, 17, 8, 10, 10, 17, 20, 14, 9, 16, 17, 15, 4, 17, 5, 4, 5, 15, 16, 13, 15, 0, 9, 16, 10, 8, 7, 19, 18, 9, 6, 12, 19, 13, 7, 9, 12, 11, 11, 10, 8, 13, 18, 5, 17, 16, 8, 18, 19, 16, 15, 5, 3, 3, 8, 8, 14, 13, 15, 14, 15, 16, 16, 12, 16, 7, 13, 16, 9, 13, 17 ], [ 9, 8, 10, 4, 14, 14, 2, 14, 13, 11, 11, 5, 7, 1, 12, 13, 13, 7, 12, 14, 7, 2, 14, 11, 8, 12, 11, 9, 10, 16, 5, 10, 11, 11, 11, 16, 17, 2, 15, 11, 5, 13, 6, 3, 11, 16, 10, 7, 16, 12, 2, 2, 14, 9, 9, 13, 4, 16, 15, 12, 15, 8, 4, 1, 10, 2, 1, 2, 16, 14, 9, 14, 13, 12, 12, 5, 15, 4, 12, 6, 15, 11, 13, 15, 9, 0, 17, 13, 2, 4, 14, 13, 8, 3, 5, 14, 16, 10, 0, 15, 9, 15, 11, 3, 11, 11, 12, 14, 15, 7, 11, 14, 10, 7, 8, 8, 8, 14, 10, 12, 13, 17, 8, 6, 14, 15, 3, 9, 7, 7, 10, 1, 13, 15 ], [ 9, 10, 8, 16, 7, 5, 16, 4, 7, 6, 13, 12, 15, 18, 6, 7, 9, 11, 15, 9, 10, 17, 8, 12, 13, 11, 10, 16, 10, 7, 16, 10, 13, 9, 14, 1, 4, 18, 10, 15, 19, 8, 14, 15, 15, 4, 12, 15, 10, 13, 16, 16, 4, 17, 8, 10, 18, 6, 8, 6, 9, 16, 16, 18, 16, 15, 18, 18, 6, 13, 11, 8, 7, 13, 7, 14, 7, 16, 13, 13, 2, 10, 5, 3, 16, 17, 0, 6, 15, 13, 13, 12, 10, 17, 15, 13, 3, 8, 17, 4, 8, 6, 6, 14, 7, 16, 12, 9, 5, 10, 14, 11, 13, 16, 11, 13, 12, 9, 8, 7, 5, 1, 13, 18, 7, 5, 17, 16, 11, 14, 13, 17, 4, 7 ], [ 8, 8, 3, 11, 2, 2, 11, 2, 8, 5, 7, 8, 13, 14, 5, 2, 10, 9, 15, 11, 6, 12, 9, 6, 8, 6, 4, 15, 5, 10, 13, 9, 13, 4, 8, 4, 4, 14, 12, 15, 16, 8, 9, 11, 14, 7, 7, 12, 12, 13, 13, 11, 6, 15, 5, 11, 13, 3, 4, 4, 11, 14, 13, 14, 15, 11, 14, 14, 9, 14, 10, 3, 8, 13, 8, 9, 9, 11, 7, 8, 6, 10, 4, 6, 10, 13, 6, 0, 11, 9, 14, 13, 6, 12, 12, 13, 4, 3, 13, 2, 6, 3, 3, 10, 6, 15, 7, 10, 7, 6, 14, 12, 12, 14, 6, 8, 7, 4, 3, 7, 5, 5, 12, 15, 8, 8, 14, 15, 6, 12, 12, 12, 4, 9 ], [ 8, 7, 8, 4, 12, 12, 1, 12, 11, 9, 9, 3, 7, 3, 10, 11, 12, 6, 12, 12, 5, 2, 12, 10, 7, 10, 9, 9, 8, 14, 5, 9, 10, 9, 10, 14, 15, 4, 14, 10, 6, 11, 4, 2, 11, 15, 8, 6, 14, 11, 2, 1, 13, 9, 8, 12, 4, 14, 13, 10, 14, 8, 4, 3, 10, 0, 3, 3, 14, 13, 8, 12, 12, 11, 11, 4, 13, 4, 10, 4, 14, 10, 11, 14, 8, 2, 15, 11, 0, 2, 13, 12, 6, 3, 5, 13, 14, 8, 2, 13, 8, 13, 9, 2, 9, 10, 11, 13, 14, 5, 11, 13, 9, 7, 6, 6, 6, 12, 8, 11, 11, 15, 7, 7, 12, 13, 4, 9, 5, 6, 9, 1, 11, 13 ], [ 6, 5, 6, 4, 10, 10, 3, 9, 9, 7, 8, 1, 7, 5, 8, 9, 11, 5, 11, 11, 3, 4, 11, 8, 6, 8, 7, 9, 6, 13, 6, 8, 10, 7, 8, 12, 13, 6, 13, 10, 8, 10, 3, 2, 11, 13, 6, 6, 13, 11, 4, 3, 11, 10, 5, 11, 5, 12, 11, 8, 13, 9, 6, 5, 10, 2, 5, 6, 13, 13, 7, 10, 10, 10, 9, 3, 12, 4, 9, 2, 12, 9, 9, 12, 7, 4, 13, 9, 2, 0, 12, 11, 4, 5, 5, 12, 12, 6, 4, 10, 6, 11, 7, 1, 7, 11, 9, 11, 12, 3, 10, 12, 9, 8, 4, 5, 5, 10, 6, 9, 9, 13, 7, 8, 10, 12, 6, 9, 2, 6, 9, 4, 9, 12 ], [ 7, 7, 14, 16, 16, 15, 14, 12, 6, 9, 19, 11, 7, 14, 9, 15, 4, 8, 3, 4, 12, 15, 5, 18, 17, 18, 16, 6, 16, 6, 9, 5, 3, 16, 19, 13, 16, 13, 3, 4, 12, 6, 15, 14, 3, 9, 17, 7, 4, 2, 12, 14, 9, 7, 9, 3, 17, 17, 18, 9, 4, 7, 10, 14, 5, 13, 15, 14, 8, 1, 5, 17, 6, 2, 6, 15, 6, 17, 19, 14, 11, 4, 10, 10, 19, 14, 13, 14, 13, 12, 0, 1, 10, 16, 9, 1, 14, 14, 14, 14, 9, 16, 11, 12, 8, 5, 19, 4, 8, 11, 3, 2, 4, 8, 15, 17, 16, 17, 13, 7, 9, 13, 6, 9, 6, 8, 12, 6, 13, 7, 4, 14, 10, 6 ], [ 6, 6, 12, 15, 15, 13, 13, 11, 5, 8, 17, 10, 7, 13, 8, 14, 3, 6, 3, 3, 11, 14, 4, 17, 16, 17, 15, 6, 15, 6, 9, 4, 2, 15, 18, 12, 15, 12, 3, 4, 12, 4, 14, 13, 3, 9, 16, 7, 4, 1, 12, 13, 8, 7, 8, 2, 16, 16, 16, 8, 4, 7, 10, 14, 5, 12, 14, 13, 7, 1, 4, 15, 5, 2, 5, 14, 5, 16, 18, 13, 10, 3, 8, 9, 18, 13, 12, 13, 12, 11, 1, 0, 9, 15, 8, 1, 13, 13, 13, 13, 8, 15, 10, 11, 6, 5, 18, 3, 7, 10, 3, 1, 3, 8, 14, 15, 15, 16, 12, 5, 8, 12, 5, 9, 5, 7, 11, 6, 11, 6, 4, 13, 9, 5 ], [ 3, 3, 4, 8, 8, 8, 7, 6, 6, 3, 9, 3, 7, 9, 5, 7, 7, 3, 10, 8, 2, 8, 7, 8, 7, 8, 6, 9, 6, 9, 7, 5, 8, 6, 9, 9, 10, 8, 10, 9, 10, 6, 6, 6, 9, 9, 7, 6, 10, 9, 7, 7, 7, 10, 2, 8, 9, 9, 9, 4, 9, 9, 7, 9, 9, 6, 9, 9, 9, 10, 5, 8, 7, 8, 6, 6, 8, 8, 9, 5, 8, 6, 5, 8, 9, 8, 10, 6, 6, 4, 10, 9, 0, 8, 6, 10, 9, 5, 7, 8, 2, 9, 4, 4, 4, 10, 9, 8, 8, 1, 9, 9, 7, 8, 5, 7, 6, 9, 4, 5, 5, 10, 6, 9, 7, 8, 8, 9, 3, 6, 7, 7, 5, 8 ], [ 11, 10, 9, 2, 13, 14, 2, 14, 14, 12, 9, 6, 10, 4, 13, 12, 15, 9, 15, 15, 7, 1, 15, 10, 6, 10, 9, 12, 9, 17, 8, 12, 14, 10, 9, 16, 16, 5, 17, 13, 7, 14, 4, 2, 14, 17, 8, 9, 18, 14, 5, 2, 15, 12, 10, 15, 1, 15, 13, 12, 17, 11, 7, 3, 13, 3, 3, 4, 17, 17, 11, 13, 15, 14, 14, 4, 16, 2, 10, 5, 16, 13, 13, 16, 6, 3, 17, 12, 3, 5, 16, 15, 8, 0, 8, 16, 16, 10, 3, 14, 10, 15, 11, 5, 12, 13, 10, 16, 16, 8, 14, 16, 12, 10, 7, 6, 6, 13, 10, 13, 14, 17, 11, 10, 15, 16, 6, 12, 6, 9, 12, 3, 13, 16 ], [ 5, 4, 10, 8, 14, 13, 6, 12, 9, 8, 13, 5, 2, 5, 9, 13, 9, 3, 7, 9, 7, 6, 9, 13, 11, 13, 11, 4, 11, 12, 2, 5, 6, 12, 14, 14, 15, 4, 10, 6, 5, 9, 8, 6, 6, 13, 12, 1, 11, 7, 4, 6, 11, 5, 7, 9, 9, 15, 15, 9, 11, 3, 2, 6, 5, 5, 6, 6, 12, 9, 4, 14, 9, 6, 8, 8, 11, 9, 14, 8, 13, 6, 10, 12, 12, 5, 15, 12, 5, 5, 9, 8, 6, 8, 0, 9, 14, 10, 5, 13, 7, 15, 9, 4, 8, 6, 14, 9, 12, 6, 6, 9, 5, 3, 9, 10, 10, 14, 10, 8, 10, 15, 3, 3, 10, 11, 3, 4, 7, 2, 5, 5, 10, 11 ], [ 7, 7, 13, 16, 16, 14, 14, 12, 6, 9, 18, 11, 8, 14, 8, 15, 4, 8, 3, 3, 12, 15, 4, 18, 17, 18, 16, 7, 16, 6, 10, 5, 3, 16, 19, 12, 15, 13, 3, 5, 13, 5, 15, 14, 4, 9, 17, 8, 4, 2, 12, 14, 8, 7, 9, 3, 17, 17, 17, 9, 4, 7, 10, 15, 6, 13, 15, 14, 7, 0, 5, 16, 5, 3, 6, 15, 5, 17, 19, 14, 10, 4, 9, 9, 19, 14, 13, 13, 13, 12, 1, 1, 10, 16, 9, 0, 14, 14, 14, 14, 9, 16, 11, 12, 7, 6, 19, 3, 8, 11, 3, 1, 4, 8, 15, 16, 16, 17, 13, 6, 9, 13, 6, 10, 6, 7, 12, 7, 13, 7, 4, 14, 10, 5 ], [ 10, 10, 7, 15, 4, 2, 15, 3, 8, 6, 11, 11, 15, 17, 6, 5, 10, 11, 16, 11, 9, 16, 10, 10, 11, 9, 8, 17, 8, 9, 16, 11, 14, 7, 11, 2, 1, 17, 12, 16, 19, 9, 12, 14, 15, 6, 10, 15, 11, 14, 16, 15, 6, 17, 7, 11, 16, 4, 5, 6, 11, 16, 16, 17, 16, 14, 17, 18, 8, 14, 12, 5, 9, 14, 8, 12, 9, 15, 10, 11, 4, 11, 5, 5, 13, 16, 3, 4, 14, 12, 14, 13, 9, 16, 14, 14, 0, 6, 16, 2, 8, 3, 5, 13, 7, 17, 10, 10, 6, 9, 15, 13, 14, 16, 10, 11, 11, 6, 6, 8, 5, 2, 13, 18, 8, 7, 17, 16, 10, 14, 14, 16, 5, 9 ], [ 7, 7, 0, 8, 4, 4, 9, 5, 9, 5, 5, 6, 12, 12, 6, 3, 11, 8, 14, 11, 3, 10, 10, 4, 5, 4, 2, 14, 2, 11, 12, 9, 13, 2, 6, 7, 7, 12, 13, 14, 14, 9, 6, 8, 14, 10, 4, 11, 13, 13, 10, 9, 8, 14, 5, 11, 10, 5, 5, 5, 12, 13, 11, 11, 14, 8, 12, 12, 10, 14, 10, 4, 9, 13, 9, 6, 11, 8, 5, 5, 8, 10, 6, 8, 7, 10, 8, 3, 8, 6, 14, 13, 5, 10, 10, 14, 6, 0, 10, 5, 5, 5, 3, 7, 7, 14, 5, 11, 9, 4, 13, 13, 12, 13, 3, 5, 4, 4, 1, 8, 6, 8, 11, 13, 9, 10, 12, 14, 4, 10, 12, 10, 6, 11 ], [ 9, 8, 10, 5, 14, 14, 2, 14, 12, 11, 11, 5, 7, 1, 12, 13, 13, 7, 12, 13, 7, 2, 13, 12, 9, 12, 11, 8, 10, 16, 5, 10, 11, 11, 11, 16, 17, 2, 15, 10, 4, 12, 6, 3, 11, 16, 10, 6, 15, 12, 1, 2, 14, 9, 9, 13, 4, 16, 15, 11, 15, 8, 4, 1, 10, 2, 1, 2, 16, 14, 9, 14, 13, 11, 12, 5, 15, 5, 12, 6, 15, 11, 12, 15, 9, 0, 17, 13, 2, 4, 14, 13, 7, 3, 5, 14, 16, 10, 0, 15, 9, 15, 11, 3, 11, 10, 12, 14, 15, 7, 11, 14, 10, 7, 8, 8, 8, 14, 10, 12, 13, 17, 8, 6, 13, 15, 3, 9, 7, 7, 9, 1, 13, 15 ], [ 9, 9, 5, 13, 3, 1, 13, 2, 8, 6, 9, 10, 14, 16, 5, 3, 10, 10, 15, 11, 7, 14, 10, 8, 10, 7, 6, 16, 7, 9, 15, 10, 14, 6, 10, 3, 2, 16, 12, 16, 18, 9, 10, 12, 15, 7, 9, 14, 12, 14, 14, 13, 6, 17, 6, 11, 15, 3, 4, 5, 11, 16, 15, 16, 16, 13, 16, 16, 8, 14, 11, 4, 9, 14, 8, 11, 9, 13, 9, 10, 5, 11, 5, 6, 12, 15, 4, 2, 13, 10, 14, 13, 8, 14, 13, 14, 2, 5, 15, 0, 7, 2, 4, 11, 7, 16, 8, 11, 7, 7, 15, 13, 13, 16, 8, 9, 9, 5, 5, 8, 5, 4, 13, 17, 8, 8, 16, 16, 8, 13, 13, 14, 4, 9 ], [ 2, 3, 5, 10, 8, 7, 9, 5, 4, 2, 10, 5, 8, 10, 3, 7, 6, 4, 9, 6, 3, 10, 6, 10, 9, 9, 7, 9, 7, 7, 8, 4, 7, 7, 11, 7, 9, 10, 8, 9, 11, 4, 8, 8, 9, 7, 9, 7, 8, 8, 9, 9, 5, 10, 1, 6, 11, 9, 9, 2, 8, 9, 8, 10, 9, 8, 11, 11, 7, 9, 5, 8, 5, 7, 4, 8, 6, 10, 10, 7, 6, 5, 3, 6, 11, 9, 8, 6, 8, 6, 9, 8, 2, 10, 7, 9, 8, 5, 9, 7, 0, 8, 3, 6, 2, 10, 10, 6, 6, 3, 8, 8, 7, 9, 6, 8, 8, 9, 5, 3, 3, 8, 6, 10, 5, 6, 10, 9, 5, 6, 7, 9, 3, 6 ], [ 11, 11, 5, 13, 1, 2, 14, 4, 10, 8, 8, 11, 16, 17, 8, 3, 12, 12, 17, 13, 8, 15, 12, 7, 9, 6, 5, 18, 6, 12, 16, 12, 16, 5, 9, 5, 2, 17, 14, 17, 19, 11, 11, 13, 17, 9, 8, 15, 14, 16, 15, 14, 8, 18, 8, 13, 15, 1, 2, 7, 13, 17, 16, 16, 18, 13, 17, 17, 10, 16, 13, 2, 11, 16, 10, 11, 12, 13, 8, 10, 7, 13, 7, 8, 11, 15, 6, 3, 13, 11, 16, 15, 9, 15, 15, 16, 3, 5, 15, 2, 8, 0, 6, 12, 9, 18, 7, 13, 9, 9, 17, 15, 15, 17, 8, 9, 9, 3, 5, 10, 7, 5, 14, 18, 11, 10, 17, 18, 9, 14, 15, 15, 6, 12 ], [ 5, 5, 3, 10, 5, 4, 10, 3, 5, 2, 9, 6, 10, 12, 3, 4, 7, 6, 12, 8, 4, 11, 7, 8, 8, 7, 5, 12, 6, 8, 11, 7, 10, 5, 9, 5, 6, 12, 9, 12, 14, 6, 8, 9, 11, 6, 8, 10, 10, 10, 11, 10, 5, 13, 2, 8, 12, 6, 7, 2, 9, 12, 11, 12, 12, 9, 12, 12, 7, 11, 7, 5, 6, 10, 5, 8, 7, 10, 9, 7, 5, 7, 2, 5, 10, 11, 6, 3, 9, 7, 11, 10, 4, 11, 9, 11, 5, 3, 11, 4, 3, 6, 0, 8, 3, 12, 8, 8, 6, 4, 11, 10, 9, 11, 6, 8, 7, 6, 3, 5, 3, 6, 9, 12, 6, 6, 12, 12, 5, 9, 9, 11, 2, 7 ], [ 6, 5, 7, 5, 11, 11, 3, 10, 9, 8, 9, 1, 6, 4, 9, 10, 11, 4, 11, 11, 4, 4, 11, 9, 7, 10, 8, 8, 7, 13, 5, 7, 9, 8, 10, 13, 14, 5, 12, 10, 7, 10, 4, 3, 10, 13, 8, 5, 13, 10, 3, 3, 11, 9, 6, 10, 5, 13, 12, 8, 13, 8, 4, 4, 9, 2, 5, 5, 13, 12, 7, 11, 10, 10, 9, 4, 12, 5, 10, 4, 12, 9, 9, 12, 8, 3, 14, 10, 2, 1, 12, 11, 4, 5, 4, 12, 13, 7, 3, 11, 6, 12, 8, 0, 8, 10, 10, 11, 12, 4, 10, 11, 8, 7, 5, 6, 6, 11, 7, 9, 9, 14, 6, 7, 10, 12, 5, 8, 4, 5, 8, 3, 9, 12 ], [ 2, 3, 6, 11, 9, 7, 10, 5, 2, 1, 11, 6, 8, 12, 2, 8, 4, 4, 9, 5, 5, 11, 4, 11, 11, 10, 8, 9, 9, 5, 9, 4, 7, 8, 12, 6, 9, 11, 6, 9, 12, 3, 9, 10, 8, 5, 10, 8, 6, 7, 10, 10, 3, 10, 2, 5, 13, 9, 10, 2, 6, 9, 9, 12, 9, 9, 12, 12, 5, 8, 4, 9, 3, 7, 2, 10, 5, 12, 12, 9, 5, 4, 2, 4, 13, 11, 7, 6, 9, 7, 8, 6, 4, 12, 8, 7, 7, 7, 11, 7, 2, 9, 3, 8, 0, 9, 12, 5, 4, 5, 8, 6, 6, 9, 8, 10, 9, 10, 6, 2, 2, 7, 6, 11, 3, 4, 11, 9, 6, 7, 6, 11, 3, 5 ], [ 7, 7, 14, 14, 17, 16, 11, 14, 9, 11, 18, 10, 4, 10, 11, 16, 8, 7, 2, 7, 11, 12, 8, 18, 16, 18, 16, 2, 16, 11, 5, 6, 3, 16, 19, 16, 18, 9, 8, 1, 8, 9, 14, 12, 2, 13, 17, 4, 9, 4, 9, 12, 12, 2, 10, 7, 14, 19, 19, 11, 9, 2, 6, 11, 1, 11, 11, 10, 12, 6, 5, 18, 9, 3, 9, 14, 10, 14, 19, 13, 14, 6, 12, 13, 18, 11, 16, 15, 10, 11, 5, 5, 10, 13, 6, 6, 17, 14, 10, 16, 10, 18, 12, 10, 9, 0, 19, 8, 12, 11, 2, 6, 3, 4, 14, 16, 15, 18, 14, 9, 12, 16, 4, 5, 10, 11, 8, 2, 12, 4, 3, 11, 12, 10 ], [ 12, 12, 5, 9, 6, 7, 10, 9, 14, 10, 2, 10, 16, 14, 11, 5, 16, 12, 19, 16, 8, 11, 15, 1, 4, 1, 3, 18, 3, 16, 15, 14, 17, 3, 2, 11, 9, 14, 18, 19, 17, 14, 7, 9, 18, 14, 3, 15, 18, 18, 13, 10, 13, 19, 10, 16, 10, 6, 4, 10, 17, 17, 15, 13, 18, 11, 13, 14, 15, 19, 14, 5, 14, 18, 14, 7, 16, 9, 1, 7, 12, 15, 11, 13, 5, 12, 12, 7, 11, 9, 19, 18, 9, 10, 14, 19, 10, 5, 12, 8, 10, 7, 8, 10, 12, 19, 0, 16, 14, 8, 18, 18, 16, 17, 5, 4, 5, 4, 6, 13, 11, 12, 15, 17, 14, 14, 15, 18, 7, 15, 16, 12, 11, 16 ], [ 5, 6, 11, 15, 13, 11, 14, 9, 3, 6, 16, 10, 9, 14, 5, 12, 1, 7, 6, 1, 10, 15, 1, 16, 15, 15, 13, 9, 13, 3, 10, 4, 5, 13, 17, 9, 12, 13, 1, 7, 14, 2, 14, 14, 6, 5, 15, 9, 2, 4, 13, 14, 5, 9, 7, 1, 16, 13, 14, 6, 1, 9, 11, 15, 8, 13, 15, 15, 4, 4, 5, 13, 2, 5, 3, 14, 2, 16, 17, 13, 7, 3, 6, 6, 17, 14, 9, 10, 13, 11, 4, 3, 8, 16, 9, 3, 10, 11, 14, 11, 6, 13, 8, 11, 5, 8, 16, 0, 4, 9, 6, 2, 6, 10, 13, 15, 14, 14, 11, 3, 6, 10, 7, 11, 2, 4, 13, 9, 11, 8, 6, 14, 6, 2 ], [ 6, 7, 9, 15, 9, 8, 15, 5, 3, 5, 14, 11, 12, 16, 4, 9, 4, 9, 10, 5, 9, 15, 4, 14, 14, 13, 11, 12, 12, 2, 13, 7, 9, 11, 15, 5, 8, 15, 5, 11, 16, 3, 13, 14, 10, 1, 14, 11, 5, 8, 14, 15, 1, 13, 6, 5, 17, 10, 11, 4, 4, 12, 13, 16, 12, 14, 17, 16, 1, 8, 8, 10, 3, 9, 3, 14, 3, 16, 14, 12, 2, 6, 3, 2, 16, 15, 5, 7, 14, 12, 8, 7, 8, 16, 12, 8, 6, 9, 15, 7, 6, 9, 6, 12, 4, 12, 14, 4, 0, 9, 10, 7, 9, 13, 12, 14, 13, 11, 9, 3, 3, 5, 9, 14, 2, 1, 15, 12, 10, 10, 9, 15, 4, 3 ], [ 4, 4, 3, 7, 8, 7, 6, 6, 7, 4, 7, 3, 8, 8, 5, 6, 9, 4, 11, 9, 1, 7, 9, 7, 6, 7, 5, 10, 5, 10, 8, 6, 9, 5, 8, 9, 10, 8, 11, 10, 10, 7, 5, 5, 10, 10, 6, 7, 11, 10, 7, 6, 8, 11, 3, 9, 8, 9, 8, 5, 11, 9, 8, 8, 10, 5, 9, 9, 10, 11, 6, 7, 8, 9, 7, 5, 9, 7, 8, 4, 8, 7, 6, 8, 8, 7, 10, 6, 5, 3, 11, 10, 1, 8, 6, 11, 9, 4, 7, 7, 3, 9, 4, 4, 5, 11, 8, 9, 9, 0, 10, 10, 8, 9, 4, 5, 5, 8, 3, 6, 6, 10, 7, 10, 8, 9, 8, 10, 2, 7, 8, 7, 6, 9 ], [ 6, 6, 13, 14, 16, 15, 12, 13, 7, 9, 17, 9, 5, 11, 9, 15, 6, 6, 1, 5, 11, 13, 6, 17, 16, 17, 15, 4, 15, 8, 7, 4, 1, 15, 18, 14, 16, 10, 6, 2, 10, 6, 13, 12, 0, 11, 16, 5, 7, 1, 10, 12, 10, 4, 9, 5, 15, 17, 17, 9, 7, 4, 7, 12, 2, 11, 12, 11, 9, 4, 4, 16, 7, 1, 7, 13, 7, 14, 18, 13, 12, 4, 10, 11, 18, 11, 14, 14, 11, 10, 3, 3, 9, 14, 6, 3, 15, 13, 11, 15, 8, 17, 11, 10, 8, 2, 18, 6, 10, 10, 0, 4, 2, 5, 14, 15, 15, 17, 13, 7, 10, 14, 3, 6, 7, 9, 9, 3, 11, 4, 2, 11, 10, 7 ], [ 6, 7, 12, 16, 15, 13, 14, 11, 5, 8, 18, 11, 8, 14, 8, 14, 3, 7, 4, 2, 11, 15, 3, 17, 17, 17, 15, 7, 15, 5, 10, 4, 3, 15, 18, 11, 14, 13, 2, 5, 13, 4, 15, 14, 4, 8, 16, 8, 3, 2, 12, 14, 7, 8, 8, 2, 17, 16, 16, 8, 3, 7, 10, 15, 6, 13, 15, 14, 6, 1, 5, 15, 4, 3, 5, 15, 4, 16, 18, 14, 9, 3, 8, 8, 19, 14, 11, 12, 13, 12, 2, 1, 9, 16, 9, 1, 13, 13, 14, 13, 8, 15, 10, 11, 6, 6, 18, 2, 7, 10, 4, 0, 4, 9, 14, 16, 15, 16, 12, 5, 8, 12, 6, 10, 5, 6, 12, 7, 12, 7, 4, 14, 9, 4 ], [ 5, 5, 11, 13, 15, 14, 10, 11, 6, 8, 16, 8, 3, 10, 8, 14, 5, 4, 3, 5, 9, 11, 6, 16, 14, 15, 13, 3, 13, 8, 5, 3, 1, 13, 16, 13, 15, 9, 6, 2, 9, 6, 12, 11, 2, 10, 14, 3, 7, 2, 8, 10, 9, 4, 7, 5, 13, 16, 16, 8, 7, 3, 6, 10, 3, 9, 11, 10, 9, 5, 2, 15, 6, 2, 6, 12, 7, 13, 16, 11, 11, 3, 9, 10, 16, 10, 13, 12, 9, 9, 4, 3, 7, 12, 5, 4, 14, 12, 10, 13, 7, 15, 9, 8, 6, 3, 16, 6, 9, 8, 2, 4, 0, 4, 12, 13, 13, 16, 11, 6, 9, 14, 2, 6, 7, 9, 8, 3, 10, 3, 0, 10, 9, 7 ], [ 7, 6, 12, 11, 16, 16, 8, 14, 10, 10, 16, 7, 1, 6, 11, 15, 10, 5, 6, 9, 9, 8, 10, 16, 14, 16, 14, 2, 14, 12, 2, 6, 5, 14, 16, 16, 18, 5, 10, 4, 4, 10, 11, 9, 5, 14, 14, 2, 11, 6, 5, 8, 13, 2, 9, 9, 10, 18, 17, 11, 11, 1, 3, 7, 3, 7, 7, 7, 13, 9, 5, 16, 10, 6, 10, 11, 11, 11, 16, 10, 14, 7, 12, 14, 15, 7, 16, 14, 7, 8, 8, 8, 8, 10, 3, 8, 16, 13, 7, 16, 9, 17, 11, 7, 9, 4, 17, 10, 13, 9, 5, 9, 4, 0, 12, 13, 12, 17, 12, 10, 12, 17, 3, 1, 11, 12, 4, 2, 10, 3, 4, 7, 12, 11 ], [ 8, 8, 3, 5, 7, 7, 6, 8, 10, 7, 4, 5, 11, 9, 8, 6, 12, 8, 15, 13, 3, 7, 12, 4, 3, 4, 3, 13, 2, 13, 10, 10, 13, 3, 5, 10, 10, 10, 14, 14, 12, 11, 2, 5, 14, 12, 3, 10, 15, 13, 8, 6, 10, 14, 6, 12, 7, 8, 7, 8, 14, 12, 10, 9, 14, 6, 9, 9, 13, 15, 10, 6, 11, 13, 10, 3, 13, 5, 5, 2, 11, 11, 8, 11, 5, 8, 11, 6, 6, 4, 15, 14, 5, 7, 9, 15, 10, 3, 8, 8, 6, 8, 6, 5, 8, 14, 5, 13, 12, 4, 14, 14, 12, 12, 0, 2, 1, 6, 3, 10, 9, 11, 10, 12, 11, 12, 10, 13, 2, 10, 12, 7, 8, 13 ], [ 10, 9, 5, 4, 8, 9, 6, 9, 12, 9, 3, 6, 12, 9, 10, 7, 14, 9, 16, 14, 5, 7, 14, 4, 1, 4, 4, 14, 3, 15, 11, 12, 14, 4, 3, 12, 11, 10, 16, 15, 12, 13, 2, 5, 15, 14, 2, 11, 16, 15, 9, 6, 12, 15, 8, 14, 6, 9, 8, 9, 16, 14, 11, 9, 15, 6, 9, 9, 15, 17, 12, 7, 13, 15, 12, 3, 15, 4, 4, 3, 12, 13, 10, 13, 3, 8, 13, 8, 6, 5, 17, 15, 7, 6, 10, 16, 11, 5, 8, 9, 8, 9, 8, 6, 10, 16, 4, 15, 14, 5, 15, 16, 13, 13, 2, 0, 1, 7, 5, 12, 10, 13, 12, 13, 13, 14, 11, 14, 4, 11, 13, 7, 10, 15 ], [ 9, 9, 4, 4, 7, 8, 6, 9, 12, 8, 3, 5, 12, 9, 9, 6, 13, 9, 16, 14, 4, 7, 13, 4, 1, 4, 3, 14, 2, 14, 11, 11, 14, 4, 4, 11, 11, 10, 15, 15, 12, 12, 2, 5, 15, 13, 2, 11, 16, 14, 8, 6, 12, 14, 7, 14, 6, 9, 7, 9, 15, 13, 10, 9, 14, 6, 9, 9, 14, 16, 11, 7, 12, 14, 11, 3, 14, 5, 4, 2, 12, 12, 9, 12, 3, 8, 12, 7, 6, 5, 16, 15, 6, 6, 10, 16, 11, 4, 8, 9, 8, 9, 7, 6, 9, 15, 5, 14, 13, 5, 15, 15, 13, 12, 1, 1, 0, 6, 4, 11, 10, 12, 11, 13, 12, 13, 10, 14, 3, 11, 13, 7, 9, 14 ], [ 11, 11, 4, 11, 2, 4, 12, 6, 12, 8, 5, 10, 16, 15, 9, 2, 14, 12, 18, 14, 7, 13, 13, 4, 7, 3, 3, 17, 4, 14, 16, 13, 16, 3, 6, 7, 5, 16, 16, 18, 18, 12, 8, 11, 17, 11, 5, 15, 16, 16, 14, 12, 10, 18, 8, 14, 13, 3, 1, 8, 15, 17, 15, 15, 18, 12, 15, 15, 12, 17, 13, 1, 12, 16, 12, 9, 13, 11, 5, 8, 9, 14, 8, 10, 8, 14, 9, 4, 12, 10, 17, 16, 9, 13, 14, 17, 6, 4, 14, 5, 9, 3, 6, 11, 10, 18, 4, 14, 11, 8, 17, 16, 16, 17, 6, 7, 6, 0, 4, 11, 9, 8, 15, 17, 12, 12, 16, 17, 7, 14, 16, 13, 8, 13 ], [ 7, 7, 0, 8, 4, 4, 9, 4, 8, 5, 6, 6, 11, 11, 5, 3, 10, 7, 14, 11, 3, 9, 10, 5, 6, 4, 2, 13, 3, 11, 11, 9, 12, 2, 6, 7, 7, 12, 12, 13, 14, 9, 6, 8, 13, 9, 5, 11, 12, 12, 10, 9, 7, 14, 4, 11, 10, 6, 5, 5, 12, 13, 11, 11, 13, 8, 11, 12, 10, 14, 9, 4, 9, 12, 8, 6, 10, 8, 6, 5, 7, 10, 5, 8, 8, 10, 8, 3, 8, 6, 13, 12, 4, 10, 10, 13, 6, 1, 10, 5, 5, 5, 3, 7, 6, 14, 6, 11, 9, 3, 13, 12, 11, 12, 3, 5, 4, 4, 0, 8, 6, 8, 10, 13, 9, 9, 12, 13, 4, 10, 11, 10, 5, 10 ], [ 3, 4, 8, 13, 10, 8, 12, 6, 1, 3, 13, 8, 8, 13, 2, 9, 3, 5, 8, 3, 7, 13, 2, 12, 12, 12, 10, 9, 10, 4, 10, 3, 6, 10, 14, 7, 9, 12, 5, 8, 13, 1, 11, 11, 8, 4, 12, 8, 5, 6, 11, 12, 3, 10, 4, 3, 14, 10, 11, 3, 4, 9, 10, 13, 9, 11, 13, 13, 4, 7, 4, 10, 1, 6, 1, 11, 3, 13, 13, 10, 5, 3, 3, 4, 14, 12, 7, 7, 11, 9, 7, 5, 5, 13, 8, 6, 8, 8, 12, 8, 3, 10, 5, 9, 2, 9, 13, 3, 3, 6, 7, 5, 6, 10, 10, 12, 11, 11, 8, 0, 3, 7, 6, 11, 2, 3, 12, 9, 8, 7, 6, 12, 3, 3 ], [ 5, 5, 6, 13, 7, 6, 12, 3, 3, 2, 11, 8, 10, 14, 1, 7, 5, 7, 11, 6, 6, 13, 5, 11, 11, 10, 8, 11, 9, 5, 11, 6, 9, 8, 12, 4, 7, 13, 7, 11, 15, 4, 10, 11, 10, 4, 11, 10, 7, 9, 12, 12, 2, 12, 3, 6, 14, 8, 9, 1, 6, 11, 12, 14, 11, 11, 14, 14, 4, 9, 7, 8, 4, 9, 3, 11, 5, 13, 12, 10, 3, 6, 1, 3, 13, 13, 5, 5, 11, 9, 9, 8, 5, 14, 10, 9, 5, 6, 13, 5, 3, 7, 3, 9, 2, 12, 11, 6, 3, 6, 10, 8, 9, 12, 9, 10, 10, 9, 6, 3, 0, 5, 8, 13, 3, 3, 13, 11, 7, 9, 9, 12, 1, 5 ], [ 10, 10, 8, 16, 6, 4, 16, 4, 8, 6, 12, 12, 15, 18, 6, 7, 9, 12, 15, 10, 10, 17, 9, 11, 13, 11, 9, 16, 10, 8, 16, 11, 14, 9, 13, 1, 3, 18, 11, 16, 19, 8, 13, 15, 15, 4, 12, 15, 10, 13, 16, 16, 5, 17, 8, 10, 18, 6, 7, 6, 10, 16, 16, 18, 16, 15, 18, 18, 6, 13, 12, 7, 8, 13, 8, 14, 8, 16, 12, 13, 3, 11, 5, 4, 15, 17, 1, 5, 15, 13, 13, 12, 10, 17, 15, 13, 2, 8, 17, 4, 8, 5, 6, 14, 7, 16, 12, 10, 5, 10, 14, 12, 14, 17, 11, 13, 12, 8, 8, 7, 5, 0, 13, 18, 7, 6, 18, 16, 11, 14, 14, 17, 5, 8 ], [ 4, 3, 10, 11, 14, 13, 9, 11, 6, 7, 14, 6, 2, 8, 8, 13, 6, 3, 4, 6, 8, 9, 7, 14, 13, 14, 12, 3, 12, 9, 4, 3, 3, 12, 15, 13, 15, 7, 7, 3, 7, 6, 10, 9, 4, 11, 13, 2, 8, 4, 7, 9, 9, 4, 6, 6, 11, 15, 15, 8, 8, 3, 5, 9, 3, 8, 9, 9, 10, 6, 2, 14, 7, 3, 6, 10, 8, 11, 15, 9, 11, 4, 9, 10, 14, 8, 13, 12, 7, 7, 6, 5, 6, 11, 3, 6, 13, 11, 8, 13, 6, 14, 9, 6, 6, 4, 15, 7, 9, 7, 3, 6, 2, 3, 10, 12, 11, 15, 10, 6, 8, 13, 0, 5, 7, 9, 6, 3, 8, 1, 2, 8, 9, 8 ], [ 8, 7, 13, 11, 17, 17, 8, 15, 11, 11, 16, 8, 3, 6, 12, 16, 11, 6, 7, 11, 10, 8, 11, 16, 14, 16, 15, 3, 14, 14, 2, 8, 7, 15, 16, 17, 19, 4, 12, 5, 3, 11, 11, 9, 6, 15, 15, 3, 13, 8, 5, 8, 14, 3, 10, 10, 10, 18, 18, 12, 12, 3, 3, 7, 4, 7, 7, 6, 14, 10, 7, 17, 11, 7, 11, 11, 13, 11, 17, 10, 15, 8, 13, 15, 15, 6, 18, 15, 7, 8, 9, 9, 9, 10, 3, 10, 18, 13, 6, 17, 10, 18, 12, 7, 11, 5, 17, 11, 14, 10, 6, 10, 6, 1, 12, 13, 13, 17, 13, 11, 13, 18, 5, 0, 12, 14, 3, 3, 10, 4, 6, 7, 13, 13 ], [ 4, 6, 9, 14, 10, 9, 13, 6, 1, 4, 14, 9, 9, 14, 3, 10, 2, 7, 8, 3, 8, 14, 1, 14, 14, 13, 11, 10, 11, 2, 11, 4, 7, 11, 15, 7, 10, 14, 4, 9, 14, 1, 13, 13, 8, 4, 13, 9, 4, 6, 12, 13, 3, 11, 5, 3, 16, 11, 12, 4, 3, 10, 11, 15, 9, 12, 15, 15, 2, 6, 5, 11, 0, 6, 1, 13, 2, 15, 15, 12, 4, 4, 4, 4, 16, 14, 7, 8, 12, 10, 6, 5, 7, 15, 10, 6, 8, 9, 13, 8, 5, 11, 6, 10, 3, 10, 14, 2, 2, 8, 7, 5, 7, 11, 11, 13, 12, 12, 9, 2, 3, 7, 7, 12, 0, 2, 13, 10, 10, 8, 7, 13, 4, 2 ], [ 6, 7, 9, 15, 10, 8, 14, 6, 3, 5, 15, 11, 11, 16, 4, 10, 3, 8, 10, 4, 9, 15, 3, 14, 14, 13, 11, 12, 12, 2, 13, 6, 8, 11, 15, 5, 8, 15, 5, 11, 16, 3, 13, 14, 10, 2, 14, 11, 4, 8, 14, 14, 2, 13, 6, 4, 17, 10, 11, 4, 4, 12, 13, 16, 11, 14, 16, 16, 1, 7, 7, 11, 2, 8, 3, 14, 2, 16, 15, 13, 3, 6, 4, 2, 16, 15, 5, 8, 13, 12, 8, 7, 8, 16, 11, 7, 7, 10, 15, 8, 6, 10, 6, 12, 4, 11, 14, 4, 1, 9, 9, 6, 9, 12, 12, 14, 13, 12, 9, 3, 3, 6, 9, 14, 2, 0, 14, 12, 10, 10, 9, 15, 4, 2 ], [ 9, 7, 12, 8, 16, 16, 5, 14, 12, 11, 13, 6, 4, 2, 12, 15, 12, 6, 10, 12, 9, 5, 12, 14, 11, 14, 13, 6, 12, 15, 2, 9, 9, 13, 14, 17, 18, 1, 13, 8, 2, 12, 8, 6, 9, 16, 12, 4, 14, 10, 2, 5, 14, 6, 10, 12, 7, 17, 16, 12, 14, 5, 2, 3, 7, 4, 4, 3, 15, 12, 8, 15, 12, 9, 12, 8, 14, 8, 14, 8, 15, 10, 13, 15, 12, 3, 17, 14, 4, 6, 12, 11, 8, 6, 3, 12, 17, 12, 3, 16, 10, 17, 12, 5, 11, 8, 15, 13, 15, 8, 9, 12, 8, 4, 10, 11, 10, 16, 12, 12, 13, 18, 6, 3, 13, 14, 0, 6, 8, 5, 8, 4, 13, 14 ], [ 7, 7, 13, 13, 17, 16, 10, 14, 9, 10, 17, 8, 2, 8, 11, 16, 8, 6, 4, 8, 10, 10, 9, 17, 15, 17, 15, 0, 15, 11, 4, 6, 4, 15, 18, 15, 18, 7, 9, 2, 7, 9, 12, 11, 3, 13, 16, 3, 10, 5, 7, 10, 12, 1, 9, 8, 13, 18, 18, 11, 10, 1, 5, 9, 1, 9, 10, 9, 12, 7, 5, 17, 9, 4, 9, 12, 10, 13, 18, 12, 14, 6, 12, 13, 16, 9, 16, 15, 9, 9, 6, 6, 9, 12, 4, 7, 16, 14, 9, 16, 9, 18, 12, 8, 9, 2, 18, 9, 12, 10, 3, 7, 3, 2, 13, 14, 14, 17, 13, 9, 11, 16, 3, 3, 10, 12, 6, 0, 11, 3, 3, 9, 12, 10 ], [ 6, 5, 3, 5, 8, 8, 5, 7, 9, 6, 6, 2, 9, 8, 7, 6, 10, 5, 12, 11, 1, 6, 10, 6, 5, 6, 5, 11, 4, 12, 8, 8, 11, 5, 7, 10, 10, 8, 12, 12, 10, 9, 3, 4, 12, 11, 5, 8, 13, 11, 7, 5, 9, 11, 4, 10, 7, 9, 8, 6, 12, 10, 8, 8, 11, 5, 8, 8, 11, 13, 8, 7, 9, 11, 8, 3, 11, 5, 7, 2, 10, 9, 7, 10, 7, 7, 11, 6, 5, 2, 13, 11, 3, 6, 7, 13, 10, 4, 7, 8, 5, 9, 5, 4, 6, 12, 7, 11, 10, 2, 11, 12, 10, 10, 2, 4, 3, 7, 4, 8, 7, 11, 8, 10, 10, 10, 8, 11, 0, 8, 10, 6, 7, 11 ], [ 4, 4, 10, 10, 14, 13, 7, 11, 7, 7, 14, 5, 2, 7, 8, 13, 7, 3, 5, 7, 7, 8, 8, 14, 12, 14, 12, 3, 11, 10, 3, 4, 4, 12, 14, 13, 15, 6, 8, 4, 6, 7, 9, 8, 5, 11, 12, 1, 9, 5, 5, 7, 10, 4, 6, 7, 10, 15, 15, 8, 9, 3, 3, 8, 4, 6, 8, 7, 11, 7, 3, 14, 8, 5, 7, 9, 9, 10, 14, 9, 11, 5, 9, 11, 13, 7, 14, 12, 6, 6, 7, 6, 6, 9, 2, 7, 14, 10, 7, 13, 6, 14, 9, 5, 7, 4, 15, 8, 10, 7, 4, 7, 3, 3, 10, 11, 11, 14, 10, 7, 9, 14, 1, 4, 8, 10, 5, 3, 8, 0, 3, 7, 9, 9 ], [ 5, 4, 11, 13, 15, 14, 10, 11, 6, 8, 16, 8, 3, 10, 8, 14, 6, 4, 3, 5, 9, 11, 6, 16, 14, 15, 13, 3, 13, 8, 5, 3, 1, 13, 16, 13, 15, 9, 6, 2, 9, 6, 12, 11, 2, 10, 14, 3, 7, 2, 8, 10, 9, 4, 7, 5, 13, 16, 16, 8, 7, 3, 6, 10, 2, 9, 11, 10, 9, 5, 2, 15, 6, 2, 6, 12, 7, 13, 16, 11, 11, 3, 9, 10, 16, 10, 13, 12, 9, 9, 4, 4, 7, 12, 5, 4, 14, 12, 9, 13, 7, 15, 9, 8, 6, 3, 16, 6, 9, 8, 2, 4, 0, 4, 12, 13, 13, 16, 11, 6, 9, 14, 2, 6, 7, 9, 8, 3, 10, 3, 0, 10, 9, 7 ], [ 9, 8, 9, 4, 14, 14, 1, 13, 12, 11, 10, 4, 7, 2, 12, 12, 13, 7, 12, 13, 7, 1, 13, 11, 8, 11, 10, 9, 9, 15, 5, 10, 11, 10, 11, 16, 16, 3, 15, 11, 5, 12, 5, 2, 11, 16, 9, 6, 15, 12, 2, 1, 14, 9, 9, 13, 3, 15, 14, 11, 15, 8, 4, 2, 10, 1, 2, 2, 16, 14, 9, 13, 13, 11, 12, 5, 14, 4, 11, 5, 15, 11, 12, 15, 9, 1, 17, 12, 1, 4, 14, 13, 7, 3, 5, 14, 16, 10, 1, 14, 9, 15, 11, 3, 11, 11, 12, 14, 15, 7, 11, 14, 10, 7, 7, 7, 7, 13, 10, 12, 12, 17, 8, 7, 13, 15, 4, 9, 6, 7, 10, 0, 12, 15 ], [ 5, 6, 5, 12, 6, 5, 12, 2, 4, 2, 11, 8, 11, 14, 1, 6, 6, 7, 11, 7, 6, 13, 5, 10, 11, 9, 8, 12, 8, 6, 12, 6, 10, 7, 12, 4, 6, 13, 8, 11, 15, 4, 10, 11, 11, 4, 10, 10, 8, 9, 12, 12, 2, 13, 4, 7, 14, 7, 8, 1, 7, 12, 12, 14, 12, 11, 14, 14, 5, 10, 7, 7, 4, 9, 4, 10, 5, 13, 11, 9, 3, 7, 0, 3, 13, 13, 4, 4, 11, 9, 10, 9, 5, 13, 10, 10, 5, 6, 13, 4, 3, 6, 2, 9, 3, 12, 11, 6, 4, 6, 10, 9, 9, 12, 8, 10, 9, 8, 5, 3, 1, 5, 9, 13, 4, 4, 13, 12, 7, 9, 9, 12, 0, 5 ], [ 6, 7, 10, 16, 12, 10, 14, 8, 2, 6, 16, 11, 10, 15, 5, 11, 2, 8, 8, 2, 10, 15, 1, 15, 15, 15, 13, 10, 13, 1, 12, 5, 7, 13, 17, 7, 10, 15, 3, 9, 15, 2, 14, 14, 8, 4, 15, 10, 2, 6, 14, 14, 4, 11, 7, 3, 17, 12, 13, 5, 2, 10, 12, 16, 10, 14, 16, 16, 2, 5, 6, 12, 2, 6, 3, 14, 0, 16, 16, 13, 5, 4, 5, 4, 17, 15, 7, 9, 13, 12, 6, 5, 8, 16, 11, 5, 9, 11, 15, 9, 6, 12, 7, 12, 5, 10, 16, 2, 3, 9, 7, 4, 7, 11, 13, 15, 14, 13, 10, 3, 5, 8, 8, 13, 2, 2, 14, 10, 11, 9, 7, 15, 5, 0 ] ]
}