{
  "version" : "0.3",
  "id" : 218726992,
  "name" : "PTP-RAND-1_32_3_32",
  "coordType" : "Eucl",
  "sameVehicleBackward" : false,
  "maxWaitTime" : "00h30",
  "places" : [ {
    "id" : 0,
    "lat" : 2.749697682334533,
    "long" : 6.283910670322482,
    "category" : 0
  }, {
    "id" : 1,
    "lat" : 6.702275753693687,
    "long" : -6.417857308772692,
    "category" : 0
  }, {
    "id" : 2,
    "lat" : -5.363318766798418,
    "long" : 2.5951449980575214,
    "category" : 0
  }, {
    "id" : 3,
    "lat" : 5.493303057973915,
    "long" : -7.446386862261197,
    "category" : 0
  }, {
    "id" : 4,
    "lat" : -1.191485364653939,
    "long" : 8.069401978278313,
    "category" : 0
  }, {
    "id" : 5,
    "lat" : 5.492890850116946,
    "long" : -2.366215376348564,
    "category" : 0
  }, {
    "id" : 6,
    "lat" : -3.7044540734678493,
    "long" : -7.797152941202586,
    "category" : 0
  }, {
    "id" : 7,
    "lat" : -1.2354766581954786,
    "long" : -5.958726334369979,
    "category" : 0
  }, {
    "id" : 8,
    "lat" : -2.5880635926195246,
    "long" : -3.1847258610741584,
    "category" : 0
  }, {
    "id" : 9,
    "lat" : -8.405379797945592,
    "long" : -0.45894298965102726,
    "category" : 0
  }, {
    "id" : 10,
    "lat" : 2.67487428274062,
    "long" : 6.402538547902946,
    "category" : 0
  }, {
    "id" : 11,
    "lat" : 3.440923972333383,
    "long" : 6.085042780383162,
    "category" : 0
  }, {
    "id" : 12,
    "lat" : -5.512642048148276,
    "long" : -2.8256374341471355,
    "category" : 0
  }, {
    "id" : 13,
    "lat" : 2.1065917580776623,
    "long" : -5.463848987902524,
    "category" : 0
  }, {
    "id" : 14,
    "lat" : 9.514059117738396,
    "long" : 2.4677824342762773,
    "category" : 0
  }, {
    "id" : 15,
    "lat" : 5.5209215727816,
    "long" : -7.271935939500497,
    "category" : 0
  }, {
    "id" : 16,
    "lat" : -8.934476229937715,
    "long" : -3.351533972319864,
    "category" : 0
  }, {
    "id" : 17,
    "lat" : 2.7734948580961354,
    "long" : -1.136724055688236,
    "category" : 0
  }, {
    "id" : 18,
    "lat" : -1.1947208469195618,
    "long" : 7.7652615000917935,
    "category" : 0
  }, {
    "id" : 19,
    "lat" : -1.8775437622789672,
    "long" : -6.968004769373155,
    "category" : 0
  }, {
    "id" : 20,
    "lat" : -2.5045129132639916,
    "long" : 0.7749438200705369,
    "category" : 0
  }, {
    "id" : 21,
    "lat" : -4.5267660900299695,
    "long" : -6.036145879467462,
    "category" : 0
  }, {
    "id" : 22,
    "lat" : 9.192100501164386,
    "long" : -1.5656695918706545,
    "category" : 0
  }, {
    "id" : 23,
    "lat" : -3.10530858821133,
    "long" : -8.74238592349642,
    "category" : 0
  }, {
    "id" : 24,
    "lat" : -0.01740845859125275,
    "long" : -5.5126926098937785,
    "category" : 0
  }, {
    "id" : 25,
    "lat" : -8.308947711573914,
    "long" : -2.919701274323558,
    "category" : 0
  }, {
    "id" : 26,
    "lat" : -4.048947647482272,
    "long" : -5.308473574961873,
    "category" : 0
  }, {
    "id" : 27,
    "lat" : -0.779654525046018,
    "long" : 6.493494387222247,
    "category" : 0
  }, {
    "id" : 28,
    "lat" : 3.4485165928969805,
    "long" : -4.491213052596147,
    "category" : 0
  }, {
    "id" : 29,
    "lat" : 3.9872466767016044,
    "long" : -3.263776053615106,
    "category" : 0
  }, {
    "id" : 30,
    "lat" : 9.35545667926459,
    "long" : 0.18946920022762764,
    "category" : 0
  }, {
    "id" : 31,
    "lat" : -0.1030401113393515,
    "long" : -1.7607566361219735,
    "category" : 0
  }, {
    "id" : 32,
    "lat" : -0.7410383632978463,
    "long" : -1.8715610901930424,
    "category" : 1
  }, {
    "id" : 33,
    "lat" : 6.0255219429811016,
    "long" : 4.9572083887003,
    "category" : 1
  }, {
    "id" : 34,
    "lat" : -6.924164607910356,
    "long" : -0.3337137446174999,
    "category" : 1
  }, {
    "id" : 35,
    "lat" : 6.11400826112368,
    "long" : 0.11632118608521286,
    "category" : 2
  }, {
    "id" : 36,
    "lat" : 0.9177600352446412,
    "long" : -0.7459925138932122,
    "category" : 2
  }, {
    "id" : 37,
    "lat" : -1.6295852992975428,
    "long" : 6.388387108323755,
    "category" : 2
  }, {
    "id" : 38,
    "lat" : -4.193388441718909,
    "long" : 3.3368087604251913,
    "category" : 2
  }, {
    "id" : 39,
    "lat" : 8.129006757830068,
    "long" : -4.422933649633901,
    "category" : 2
  }, {
    "id" : 40,
    "lat" : 1.7762383955978396,
    "long" : -7.100008184774548,
    "category" : 2
  }, {
    "id" : 41,
    "lat" : 1.710304608190892,
    "long" : 9.221055936227474,
    "category" : 2
  }, {
    "id" : 42,
    "lat" : -4.715679045001342,
    "long" : 2.304184046485424,
    "category" : 2
  }, {
    "id" : 43,
    "lat" : 7.3002566924113586,
    "long" : 2.6286641360674934,
    "category" : 2
  }, {
    "id" : 44,
    "lat" : 4.578460939131902,
    "long" : 8.026340546641256,
    "category" : 2
  }, {
    "id" : 45,
    "lat" : -3.7371150389047365,
    "long" : -6.812332355511991,
    "category" : 2
  }, {
    "id" : 46,
    "lat" : -1.4540903684887607,
    "long" : -5.699884052490559,
    "category" : 2
  }, {
    "id" : 47,
    "lat" : -0.5735642091199612,
    "long" : -1.66828018066139,
    "category" : 2
  }, {
    "id" : 48,
    "lat" : -4.023108960085556,
    "long" : 6.603200803650119,
    "category" : 2
  }, {
    "id" : 49,
    "lat" : 3.6374392292155098,
    "long" : -0.20860026761624478,
    "category" : 2
  }, {
    "id" : 50,
    "lat" : -6.8625048777920945,
    "long" : -6.149261140706045,
    "category" : 2
  }, {
    "id" : 51,
    "lat" : -0.22373179312902786,
    "long" : -3.476410976709693,
    "category" : 2
  }, {
    "id" : 52,
    "lat" : -6.607911047353882,
    "long" : -1.9131900044418628,
    "category" : 2
  }, {
    "id" : 53,
    "lat" : -6.773964614885055,
    "long" : 4.580025852214453,
    "category" : 2
  }, {
    "id" : 54,
    "lat" : 3.9494245983593546,
    "long" : 3.2428823291075504,
    "category" : 2
  }, {
    "id" : 55,
    "lat" : 9.289109947495215,
    "long" : -0.5890645378810869,
    "category" : 2
  }, {
    "id" : 56,
    "lat" : -5.4536531974405715,
    "long" : -0.11858496716985652,
    "category" : 2
  }, {
    "id" : 57,
    "lat" : -6.973451261913537,
    "long" : 1.7272300735638764,
    "category" : 2
  }, {
    "id" : 58,
    "lat" : -3.2181174549990725,
    "long" : -3.363751182898723,
    "category" : 2
  }, {
    "id" : 59,
    "lat" : -0.7218834286271442,
    "long" : -2.74837264227469,
    "category" : 2
  }, {
    "id" : 60,
    "lat" : -4.564431797719054,
    "long" : 7.986531891071914,
    "category" : 2
  }, {
    "id" : 61,
    "lat" : -2.0016296605808064,
    "long" : 6.499311615299692,
    "category" : 2
  }, {
    "id" : 62,
    "lat" : 1.4125818733396018,
    "long" : 1.495782789416626,
    "category" : 2
  }, {
    "id" : 63,
    "lat" : 0.8889340775850162,
    "long" : -2.3596727060411076,
    "category" : 2
  }, {
    "id" : 64,
    "lat" : 0.8337524036207039,
    "long" : -0.5601561022532553,
    "category" : 2
  }, {
    "id" : 65,
    "lat" : 3.5429582763718552,
    "long" : 5.930953212699699,
    "category" : 2
  }, {
    "id" : 66,
    "lat" : -2.129588845374588,
    "long" : 7.200428590050301,
    "category" : 2
  } ],
  "vehicles" : [ {
    "id" : 67,
    "canTake" : [ 2 ],
    "start" : 32,
    "end" : 32,
    "capacity" : 4,
    "availability" : [ "07h00:16h00", "18h00:20h00" ]
  }, {
    "id" : 68,
    "canTake" : [ 0, 1 ],
    "start" : 33,
    "end" : 33,
    "capacity" : 5,
    "availability" : [ "07h00:15h00", "16h00:20h00" ]
  }, {
    "id" : 69,
    "canTake" : [ 0 ],
    "start" : 34,
    "end" : 34,
    "capacity" : 5,
    "availability" : [ "07h00:09h00", "13h00:20h00" ]
  } ],
  "patients" : [ {
    "id" : 70,
    "category" : 2,
    "load" : 2,
    "start" : 35,
    "destination" : 0,
    "end" : 35,
    "rdvTime" : "13h49",
    "rdvDuration" : "01h05",
    "srvDuration" : "00h04"
  }, {
    "id" : 71,
    "category" : 2,
    "load" : 1,
    "start" : 36,
    "destination" : 1,
    "end" : 36,
    "rdvTime" : "11h17",
    "rdvDuration" : "01h10",
    "srvDuration" : "00h02"
  }, {
    "id" : 72,
    "category" : 2,
    "load" : 2,
    "start" : 37,
    "destination" : 2,
    "end" : 37,
    "rdvTime" : "12h17",
    "rdvDuration" : "02h54",
    "srvDuration" : "00h03"
  }, {
    "id" : 73,
    "category" : 0,
    "load" : 1,
    "start" : 38,
    "destination" : 3,
    "end" : 38,
    "rdvTime" : "15h23",
    "rdvDuration" : "00h37",
    "srvDuration" : "00h02"
  }, {
    "id" : 74,
    "category" : 2,
    "load" : 3,
    "start" : 39,
    "destination" : 4,
    "end" : 39,
    "rdvTime" : "09h20",
    "rdvDuration" : "00h41",
    "srvDuration" : "00h03"
  }, {
    "id" : 75,
    "category" : 2,
    "load" : 3,
    "start" : 40,
    "destination" : 5,
    "end" : 40,
    "rdvTime" : "14h54",
    "rdvDuration" : "02h18",
    "srvDuration" : "00h02"
  }, {
    "id" : 76,
    "category" : 2,
    "load" : 3,
    "start" : 41,
    "destination" : 6,
    "end" : 41,
    "rdvTime" : "08h32",
    "rdvDuration" : "02h55",
    "srvDuration" : "00h03"
  }, {
    "id" : 77,
    "category" : 1,
    "load" : 2,
    "start" : 42,
    "destination" : 7,
    "end" : 42,
    "rdvTime" : "08h58",
    "rdvDuration" : "02h31",
    "srvDuration" : "00h02"
  }, {
    "id" : 78,
    "category" : 2,
    "load" : 2,
    "start" : 43,
    "destination" : 8,
    "end" : 43,
    "rdvTime" : "10h47",
    "rdvDuration" : "02h53",
    "srvDuration" : "00h01"
  }, {
    "id" : 79,
    "category" : 0,
    "load" : 3,
    "start" : 44,
    "destination" : 9,
    "end" : 44,
    "rdvTime" : "15h31",
    "rdvDuration" : "02h04",
    "srvDuration" : "00h01"
  }, {
    "id" : 80,
    "category" : 1,
    "load" : 2,
    "start" : 45,
    "destination" : 10,
    "end" : 45,
    "rdvTime" : "12h45",
    "rdvDuration" : "00h24",
    "srvDuration" : "00h03"
  }, {
    "id" : 81,
    "category" : 2,
    "load" : 1,
    "start" : 46,
    "destination" : 11,
    "end" : -1,
    "rdvTime" : "08h16",
    "rdvDuration" : "00h53",
    "srvDuration" : "00h04"
  }, {
    "id" : 82,
    "category" : 2,
    "load" : 1,
    "start" : 47,
    "destination" : 12,
    "end" : -1,
    "rdvTime" : "09h26",
    "rdvDuration" : "00h27",
    "srvDuration" : "00h04"
  }, {
    "id" : 83,
    "category" : 0,
    "load" : 3,
    "start" : 48,
    "destination" : 13,
    "end" : 48,
    "rdvTime" : "14h15",
    "rdvDuration" : "00h31",
    "srvDuration" : "00h02"
  }, {
    "id" : 84,
    "category" : 1,
    "load" : 2,
    "start" : -1,
    "destination" : 14,
    "end" : 49,
    "rdvTime" : "13h46",
    "rdvDuration" : "00h36",
    "srvDuration" : "00h05"
  }, {
    "id" : 85,
    "category" : 0,
    "load" : 1,
    "start" : 50,
    "destination" : 15,
    "end" : 50,
    "rdvTime" : "14h57",
    "rdvDuration" : "01h35",
    "srvDuration" : "00h04"
  }, {
    "id" : 86,
    "category" : 1,
    "load" : 2,
    "start" : 51,
    "destination" : 16,
    "end" : 51,
    "rdvTime" : "08h40",
    "rdvDuration" : "01h11",
    "srvDuration" : "00h05"
  }, {
    "id" : 87,
    "category" : 2,
    "load" : 1,
    "start" : 52,
    "destination" : 17,
    "end" : 52,
    "rdvTime" : "15h14",
    "rdvDuration" : "01h48",
    "srvDuration" : "00h05"
  }, {
    "id" : 88,
    "category" : 1,
    "load" : 1,
    "start" : -1,
    "destination" : 18,
    "end" : 53,
    "rdvTime" : "09h51",
    "rdvDuration" : "00h25",
    "srvDuration" : "00h01"
  }, {
    "id" : 89,
    "category" : 2,
    "load" : 2,
    "start" : -1,
    "destination" : 19,
    "end" : 54,
    "rdvTime" : "10h53",
    "rdvDuration" : "01h33",
    "srvDuration" : "00h05"
  }, {
    "id" : 90,
    "category" : 1,
    "load" : 2,
    "start" : 55,
    "destination" : 20,
    "end" : 55,
    "rdvTime" : "08h34",
    "rdvDuration" : "02h44",
    "srvDuration" : "00h01"
  }, {
    "id" : 91,
    "category" : 2,
    "load" : 3,
    "start" : 56,
    "destination" : 21,
    "end" : 56,
    "rdvTime" : "11h58",
    "rdvDuration" : "02h36",
    "srvDuration" : "00h03"
  }, {
    "id" : 92,
    "category" : 0,
    "load" : 3,
    "start" : 57,
    "destination" : 22,
    "end" : 57,
    "rdvTime" : "12h40",
    "rdvDuration" : "03h00",
    "srvDuration" : "00h05"
  }, {
    "id" : 93,
    "category" : 1,
    "load" : 1,
    "start" : 58,
    "destination" : 23,
    "end" : -1,
    "rdvTime" : "10h16",
    "rdvDuration" : "00h42",
    "srvDuration" : "00h04"
  }, {
    "id" : 94,
    "category" : 2,
    "load" : 3,
    "start" : 59,
    "destination" : 24,
    "end" : 59,
    "rdvTime" : "10h12",
    "rdvDuration" : "01h04",
    "srvDuration" : "00h05"
  }, {
    "id" : 95,
    "category" : 0,
    "load" : 3,
    "start" : 60,
    "destination" : 25,
    "end" : 60,
    "rdvTime" : "13h30",
    "rdvDuration" : "00h34",
    "srvDuration" : "00h01"
  }, {
    "id" : 96,
    "category" : 2,
    "load" : 1,
    "start" : 61,
    "destination" : 26,
    "end" : 61,
    "rdvTime" : "09h41",
    "rdvDuration" : "01h03",
    "srvDuration" : "00h03"
  }, {
    "id" : 97,
    "category" : 2,
    "load" : 1,
    "start" : 62,
    "destination" : 27,
    "end" : 62,
    "rdvTime" : "09h49",
    "rdvDuration" : "01h53",
    "srvDuration" : "00h04"
  }, {
    "id" : 98,
    "category" : 1,
    "load" : 1,
    "start" : 63,
    "destination" : 28,
    "end" : 63,
    "rdvTime" : "14h33",
    "rdvDuration" : "02h14",
    "srvDuration" : "00h01"
  }, {
    "id" : 99,
    "category" : 2,
    "load" : 2,
    "start" : 64,
    "destination" : 29,
    "end" : 64,
    "rdvTime" : "15h21",
    "rdvDuration" : "01h38",
    "srvDuration" : "00h04"
  }, {
    "id" : 100,
    "category" : 0,
    "load" : 2,
    "start" : 65,
    "destination" : 30,
    "end" : 65,
    "rdvTime" : "12h27",
    "rdvDuration" : "02h57",
    "srvDuration" : "00h05"
  }, {
    "id" : 101,
    "category" : 2,
    "load" : 3,
    "start" : 66,
    "destination" : 31,
    "end" : 66,
    "rdvTime" : "15h18",
    "rdvDuration" : "01h32",
    "srvDuration" : "00h04"
  } ],
  "distMatrix" : [ [ 0, 13, 9, 14, 4, 9, 15, 13, 11, 13, 0, 1, 12, 12, 8, 14, 15, 7, 4, 14, 8, 14, 10, 16, 12, 14, 13, 4, 11, 10, 9, 9, 9, 4, 12, 7, 7, 4, 8, 12, 13, 3, 8, 6, 3, 15, 13, 9, 7, 7, 16, 10, 12, 10, 3, 9, 10, 11, 11, 10, 8, 5, 5, 9, 7, 1, 5 ], [ 13, 0, 15, 2, 16, 4, 10, 8, 10, 16, 13, 13, 13, 5, 9, 1, 16, 7, 16, 9, 12, 11, 5, 10, 7, 15, 11, 15, 4, 4, 7, 8, 9, 11, 15, 7, 8, 15, 15, 2, 5, 16, 14, 9, 15, 10, 8, 9, 17, 7, 14, 8, 14, 17, 10, 6, 14, 16, 10, 8, 18, 16, 10, 7, 8, 13, 16 ], [ 9, 15, 0, 15, 7, 12, 11, 9, 6, 4, 9, 9, 5, 11, 15, 15, 7, 9, 7, 10, 3, 9, 15, 12, 10, 6, 8, 6, 11, 11, 15, 7, 6, 12, 3, 12, 7, 5, 1, 15, 12, 10, 1, 13, 11, 10, 9, 6, 4, 9, 9, 8, 5, 2, 9, 15, 3, 2, 6, 7, 5, 5, 7, 8, 7, 10, 6 ], [ 14, 2, 15, 0, 17, 5, 9, 7, 9, 16, 14, 14, 12, 4, 11, 0, 15, 7, 17, 7, 11, 10, 7, 9, 6, 15, 10, 15, 4, 4, 9, 8, 8, 12, 14, 8, 8, 16, 14, 4, 4, 17, 14, 10, 15, 9, 7, 8, 17, 7, 12, 7, 13, 17, 11, 8, 13, 15, 10, 8, 18, 16, 10, 7, 8, 14, 17 ], [ 4, 16, 7, 17, 0, 12, 16, 14, 11, 11, 4, 5, 12, 14, 12, 17, 14, 10, 0, 15, 7, 14, 14, 17, 14, 13, 14, 2, 13, 12, 13, 10, 10, 8, 10, 11, 9, 2, 6, 16, 15, 3, 7, 10, 6, 15, 14, 10, 3, 10, 15, 12, 11, 7, 7, 14, 9, 9, 12, 11, 3, 2, 7, 11, 9, 5, 1 ], [ 9, 4, 12, 5, 12, 0, 11, 8, 8, 14, 9, 9, 11, 5, 6, 5, 14, 3, 12, 9, 9, 11, 4, 11, 6, 14, 10, 11, 3, 2, 5, 6, 6, 7, 13, 3, 5, 11, 11, 3, 6, 12, 11, 5, 10, 10, 8, 6, 13, 3, 13, 6, 12, 14, 6, 4, 11, 13, 9, 6, 14, 12, 6, 5, 5, 9, 12 ], [ 15, 10, 11, 9, 16, 11, 0, 3, 5, 9, 16, 16, 5, 6, 17, 9, 7, 9, 16, 2, 9, 2, 14, 1, 4, 7, 3, 15, 8, 9, 15, 7, 7, 16, 8, 13, 8, 14, 11, 12, 6, 18, 10, 15, 18, 1, 3, 7, 14, 11, 4, 6, 7, 13, 13, 15, 8, 10, 4, 6, 16, 14, 11, 7, 9, 16, 15 ], [ 13, 8, 9, 7, 14, 8, 3, 0, 3, 9, 13, 13, 5, 3, 14, 7, 8, 6, 14, 1, 7, 3, 11, 3, 1, 8, 3, 12, 5, 6, 12, 4, 4, 13, 8, 10, 6, 12, 10, 9, 3, 15, 9, 12, 15, 3, 0, 4, 13, 8, 6, 3, 7, 12, 11, 12, 7, 10, 3, 3, 14, 12, 8, 4, 6, 13, 13 ], [ 11, 10, 6, 9, 11, 8, 5, 3, 0, 6, 11, 11, 3, 5, 13, 9, 6, 6, 11, 4, 4, 3, 12, 6, 3, 6, 3, 10, 6, 7, 12, 3, 2, 12, 5, 9, 4, 10, 7, 11, 6, 13, 6, 11, 13, 4, 3, 3, 10, 7, 5, 2, 4, 9, 9, 12, 4, 7, 1, 2, 11, 10, 6, 4, 4, 11, 10 ], [ 13, 16, 4, 16, 11, 14, 9, 9, 6, 0, 13, 14, 4, 12, 18, 16, 3, 11, 11, 9, 6, 7, 18, 10, 10, 2, 7, 10, 13, 13, 18, 8, 8, 15, 1, 15, 9, 10, 6, 17, 12, 14, 5, 16, 16, 8, 9, 8, 8, 12, 6, 9, 2, 5, 13, 18, 3, 3, 6, 8, 9, 9, 10, 9, 9, 14, 10 ], [ 0, 13, 9, 14, 4, 9, 16, 13, 11, 13, 0, 1, 12, 12, 8, 14, 15, 8, 4, 14, 8, 14, 10, 16, 12, 14, 14, 3, 11, 10, 9, 9, 9, 4, 12, 7, 7, 4, 8, 12, 14, 3, 8, 6, 3, 15, 13, 9, 7, 7, 16, 10, 12, 10, 3, 10, 10, 11, 11, 10, 7, 5, 5, 9, 7, 1, 5 ], [ 1, 13, 9, 14, 5, 9, 16, 13, 11, 14, 1, 0, 13, 12, 7, 14, 16, 7, 5, 14, 8, 15, 10, 16, 12, 15, 14, 4, 11, 9, 8, 9, 9, 3, 12, 7, 7, 5, 8, 12, 13, 4, 9, 5, 2, 15, 13, 9, 7, 6, 16, 10, 13, 10, 3, 9, 11, 11, 12, 10, 8, 5, 5, 9, 7, 0, 6 ], [ 12, 13, 5, 12, 12, 11, 5, 5, 3, 4, 12, 13, 0, 8, 16, 12, 3, 8, 11, 6, 5, 3, 15, 6, 6, 3, 3, 10, 9, 10, 15, 6, 5, 14, 3, 12, 7, 10, 6, 14, 8, 14, 5, 14, 15, 4, 5, 5, 10, 10, 4, 5, 1, 8, 11, 15, 3, 5, 2, 5, 11, 10, 8, 6, 7, 13, 11 ], [ 12, 5, 11, 4, 14, 5, 6, 3, 5, 12, 12, 12, 8, 0, 11, 4, 11, 4, 14, 4, 8, 7, 8, 6, 2, 11, 6, 12, 2, 3, 9, 4, 5, 11, 10, 7, 5, 12, 11, 6, 2, 15, 10, 10, 14, 6, 4, 5, 14, 5, 9, 3, 9, 13, 9, 9, 9, 12, 6, 4, 15, 13, 7, 3, 5, 11, 13 ], [ 8, 9, 15, 11, 12, 6, 17, 14, 13, 18, 8, 7, 16, 11, 0, 11, 19, 8, 12, 15, 12, 16, 4, 17, 12, 19, 16, 11, 9, 8, 2, 11, 11, 4, 17, 4, 9, 12, 14, 7, 12, 10, 14, 2, 7, 16, 14, 11, 14, 6, 19, 11, 17, 16, 6, 3, 15, 17, 14, 11, 15, 12, 8, 10, 9, 7, 13 ], [ 14, 1, 15, 0, 17, 5, 9, 7, 9, 16, 14, 14, 12, 4, 11, 0, 15, 7, 16, 7, 11, 10, 7, 9, 6, 14, 10, 15, 3, 4, 8, 8, 8, 12, 14, 7, 8, 15, 14, 4, 4, 17, 14, 10, 15, 9, 7, 8, 17, 7, 12, 7, 13, 17, 11, 8, 13, 15, 10, 8, 18, 16, 10, 7, 8, 13, 16 ], [ 15, 16, 7, 15, 14, 14, 7, 8, 6, 3, 15, 16, 3, 11, 19, 15, 0, 12, 14, 8, 8, 5, 18, 8, 9, 1, 5, 13, 12, 13, 19, 9, 8, 17, 4, 15, 10, 12, 8, 17, 11, 16, 7, 17, 18, 6, 8, 9, 11, 13, 3, 9, 3, 8, 14, 18, 5, 5, 6, 8, 12, 12, 11, 10, 10, 16, 13 ], [ 7, 7, 9, 7, 10, 3, 9, 6, 6, 11, 8, 7, 8, 4, 8, 7, 12, 0, 10, 7, 6, 9, 6, 10, 5, 11, 8, 8, 3, 2, 7, 3, 4, 7, 10, 4, 2, 9, 8, 6, 6, 10, 8, 6, 9, 9, 6, 3, 10, 1, 11, 4, 9, 11, 5, 7, 8, 10, 6, 4, 12, 9, 3, 2, 2, 7, 10 ], [ 4, 16, 7, 17, 0, 12, 16, 14, 11, 11, 4, 5, 11, 14, 12, 16, 14, 10, 0, 15, 7, 14, 14, 17, 13, 13, 13, 1, 13, 12, 13, 10, 10, 8, 10, 11, 9, 1, 5, 15, 15, 3, 6, 10, 6, 15, 13, 9, 3, 9, 15, 11, 11, 6, 7, 13, 9, 8, 11, 11, 3, 2, 7, 10, 9, 5, 1 ], [ 14, 9, 10, 7, 15, 9, 2, 1, 4, 9, 14, 14, 6, 4, 15, 7, 8, 7, 15, 0, 8, 3, 12, 2, 2, 8, 3, 14, 6, 7, 13, 6, 5, 14, 8, 11, 7, 13, 11, 10, 4, 17, 10, 13, 16, 2, 1, 5, 14, 9, 5, 4, 7, 13, 12, 13, 8, 10, 4, 4, 15, 13, 9, 5, 7, 14, 14 ], [ 8, 12, 3, 11, 7, 9, 9, 7, 4, 6, 8, 8, 5, 8, 12, 11, 8, 6, 7, 8, 0, 7, 12, 10, 7, 7, 6, 6, 8, 8, 12, 3, 3, 10, 5, 9, 4, 6, 3, 12, 9, 9, 3, 10, 10, 8, 7, 3, 6, 6, 8, 5, 5, 6, 7, 12, 3, 5, 4, 4, 8, 6, 4, 5, 4, 8, 6 ], [ 14, 11, 9, 10, 14, 11, 2, 3, 3, 7, 14, 15, 3, 7, 16, 10, 5, 9, 14, 3, 7, 0, 14, 3, 5, 5, 1, 13, 8, 9, 15, 6, 6, 15, 6, 12, 8, 13, 9, 13, 6, 16, 8, 15, 17, 1, 3, 6, 13, 10, 2, 5, 5, 11, 13, 15, 6, 8, 3, 5, 14, 13, 10, 7, 8, 14, 13 ], [ 10, 5, 15, 7, 14, 4, 14, 11, 12, 18, 10, 10, 15, 8, 4, 7, 18, 6, 14, 12, 12, 14, 0, 14, 10, 18, 14, 13, 6, 5, 2, 9, 10, 7, 16, 4, 8, 13, 14, 3, 9, 13, 14, 5, 11, 14, 11, 10, 16, 6, 17, 10, 16, 17, 7, 1, 15, 16, 13, 10, 17, 14, 8, 8, 8, 9, 14 ], [ 16, 10, 12, 9, 17, 11, 1, 3, 6, 10, 16, 16, 6, 6, 17, 9, 8, 10, 17, 2, 10, 3, 14, 0, 4, 8, 4, 15, 8, 9, 15, 8, 7, 16, 9, 13, 9, 15, 12, 12, 5, 19, 11, 15, 18, 2, 3, 8, 15, 11, 5, 6, 8, 14, 14, 15, 9, 11, 5, 6, 17, 15, 11, 8, 9, 16, 16 ], [ 12, 7, 10, 6, 14, 6, 4, 1, 3, 10, 12, 12, 6, 2, 12, 6, 9, 5, 13, 2, 7, 5, 10, 4, 0, 9, 4, 12, 4, 5, 11, 4, 4, 12, 9, 8, 5, 12, 10, 8, 2, 15, 9, 11, 14, 4, 1, 4, 13, 6, 7, 2, 8, 12, 10, 11, 8, 10, 4, 3, 14, 12, 7, 3, 5, 12, 13 ], [ 14, 15, 6, 15, 13, 14, 7, 8, 6, 2, 14, 15, 3, 11, 19, 14, 1, 11, 13, 8, 7, 5, 18, 8, 9, 0, 5, 12, 12, 12, 18, 8, 8, 16, 3, 15, 9, 11, 7, 17, 11, 16, 6, 17, 17, 6, 7, 8, 10, 12, 4, 8, 2, 8, 14, 18, 4, 5, 5, 8, 12, 11, 11, 9, 9, 15, 12 ], [ 13, 11, 8, 10, 14, 10, 3, 3, 3, 7, 14, 14, 3, 6, 16, 10, 5, 8, 13, 3, 6, 1, 14, 4, 4, 5, 0, 12, 8, 8, 14, 5, 5, 14, 6, 12, 7, 12, 9, 12, 6, 16, 8, 14, 16, 2, 3, 5, 12, 9, 3, 4, 4, 10, 12, 14, 5, 8, 2, 4, 13, 12, 9, 6, 7, 14, 13 ], [ 4, 15, 6, 15, 2, 11, 15, 12, 10, 10, 3, 4, 10, 12, 11, 15, 13, 8, 1, 14, 6, 13, 13, 15, 12, 12, 12, 0, 12, 11, 12, 8, 8, 7, 9, 9, 7, 1, 5, 14, 14, 4, 6, 9, 6, 14, 12, 8, 3, 8, 14, 10, 10, 6, 6, 12, 8, 8, 10, 9, 4, 1, 5, 9, 7, 4, 2 ], [ 11, 4, 11, 4, 13, 3, 8, 5, 6, 13, 11, 11, 9, 2, 9, 3, 12, 3, 13, 6, 8, 8, 6, 8, 4, 12, 8, 12, 0, 1, 8, 4, 5, 10, 11, 5, 5, 12, 11, 5, 3, 14, 11, 8, 13, 8, 5, 5, 13, 4, 10, 4, 10, 14, 8, 7, 10, 12, 7, 5, 15, 12, 6, 3, 5, 10, 13 ], [ 10, 4, 11, 4, 12, 2, 9, 6, 7, 13, 10, 9, 10, 3, 8, 4, 13, 2, 12, 7, 8, 9, 5, 9, 5, 12, 8, 11, 1, 0, 6, 4, 5, 8, 11, 4, 4, 11, 11, 4, 4, 13, 10, 7, 11, 9, 6, 5, 13, 3, 11, 4, 11, 13, 7, 6, 10, 12, 7, 5, 14, 11, 5, 3, 4, 9, 12 ], [ 9, 7, 15, 9, 13, 5, 15, 12, 12, 18, 9, 8, 15, 9, 2, 8, 19, 7, 13, 13, 12, 15, 2, 15, 11, 18, 14, 12, 8, 6, 0, 10, 10, 6, 16, 3, 8, 13, 14, 5, 11, 12, 14, 3, 9, 15, 12, 10, 15, 6, 17, 10, 16, 17, 6, 1, 15, 16, 13, 10, 16, 13, 8, 9, 9, 8, 13 ], [ 9, 8, 7, 8, 10, 6, 7, 4, 3, 8, 9, 9, 6, 4, 11, 8, 9, 3, 10, 6, 3, 6, 9, 8, 4, 8, 5, 8, 4, 4, 10, 0, 1, 9, 7, 6, 1, 8, 7, 9, 6, 11, 6, 9, 11, 6, 4, 0, 9, 4, 8, 2, 7, 9, 6, 9, 6, 8, 4, 1, 11, 8, 4, 1, 2, 9, 9 ], [ 9, 9, 6, 8, 10, 6, 7, 4, 2, 8, 9, 9, 5, 5, 11, 8, 8, 4, 10, 5, 3, 6, 10, 7, 4, 8, 5, 8, 5, 5, 10, 1, 0, 10, 6, 7, 2, 8, 6, 9, 6, 11, 6, 9, 11, 6, 4, 0, 9, 5, 7, 2, 6, 9, 7, 10, 5, 7, 3, 1, 11, 8, 4, 2, 2, 9, 9 ], [ 4, 11, 12, 12, 8, 7, 16, 13, 12, 15, 4, 3, 14, 11, 4, 12, 17, 7, 8, 14, 10, 15, 7, 16, 12, 16, 14, 7, 10, 8, 6, 9, 10, 0, 14, 5, 8, 8, 10, 10, 13, 6, 11, 3, 3, 15, 13, 9, 10, 6, 17, 10, 14, 13, 3, 6, 13, 13, 12, 10, 11, 8, 6, 9, 8, 3, 8 ], [ 12, 15, 3, 14, 10, 13, 8, 8, 5, 1, 12, 12, 3, 10, 17, 14, 4, 10, 10, 8, 5, 6, 16, 9, 9, 3, 6, 9, 11, 11, 16, 7, 6, 14, 0, 13, 8, 9, 5, 16, 11, 13, 3, 15, 14, 7, 8, 6, 8, 11, 6, 7, 2, 5, 11, 16, 1, 2, 5, 7, 9, 8, 9, 8, 8, 12, 9 ], [ 7, 7, 12, 8, 11, 3, 13, 10, 9, 15, 7, 7, 12, 7, 4, 7, 15, 4, 11, 11, 9, 12, 4, 13, 8, 15, 12, 9, 5, 4, 3, 6, 7, 5, 13, 0, 5, 10, 11, 5, 8, 10, 11, 3, 8, 12, 10, 7, 12, 2, 14, 7, 13, 14, 4, 3, 12, 13, 10, 7, 13, 10, 5, 6, 5, 6, 11 ], [ 7, 8, 7, 8, 9, 5, 8, 6, 4, 9, 7, 7, 7, 5, 9, 8, 10, 2, 9, 7, 4, 8, 8, 9, 5, 9, 7, 7, 5, 4, 8, 1, 2, 8, 8, 5, 0, 8, 7, 8, 6, 10, 6, 7, 10, 8, 5, 2, 9, 3, 9, 3, 8, 9, 5, 8, 6, 8, 5, 3, 10, 8, 2, 2, 0, 7, 9 ], [ 4, 15, 5, 16, 2, 11, 14, 12, 10, 10, 4, 5, 10, 12, 12, 15, 12, 9, 1, 13, 6, 13, 13, 15, 12, 11, 12, 1, 12, 11, 13, 8, 8, 8, 9, 10, 8, 0, 4, 15, 14, 4, 5, 10, 6, 13, 12, 8, 2, 8, 14, 10, 10, 5, 6, 13, 8, 7, 10, 9, 3, 0, 6, 9, 7, 5, 1 ], [ 8, 15, 1, 14, 6, 11, 11, 10, 7, 6, 8, 8, 6, 11, 14, 14, 8, 8, 5, 11, 3, 9, 14, 12, 10, 7, 9, 5, 11, 11, 14, 7, 6, 10, 5, 11, 7, 4, 0, 15, 12, 8, 1, 12, 10, 10, 9, 6, 3, 9, 10, 8, 6, 3, 8, 14, 4, 3, 7, 7, 5, 4, 6, 8, 6, 8, 4 ], [ 12, 2, 15, 4, 16, 3, 12, 9, 11, 17, 12, 12, 14, 6, 7, 4, 17, 6, 15, 10, 12, 13, 3, 12, 8, 17, 12, 14, 5, 4, 5, 9, 9, 10, 16, 5, 8, 15, 15, 0, 7, 15, 14, 7, 13, 12, 10, 9, 16, 6, 15, 8, 15, 17, 9, 4, 14, 16, 11, 9, 18, 15, 9, 8, 8, 11, 16 ], [ 13, 5, 12, 4, 15, 6, 6, 3, 6, 12, 14, 13, 8, 2, 12, 4, 11, 6, 15, 4, 9, 6, 9, 5, 2, 11, 6, 14, 3, 4, 11, 6, 6, 13, 11, 8, 6, 14, 12, 7, 0, 16, 11, 11, 15, 6, 4, 6, 15, 7, 9, 4, 10, 14, 11, 10, 10, 12, 6, 5, 16, 14, 9, 5, 7, 13, 15 ], [ 3, 16, 10, 17, 3, 12, 18, 15, 13, 14, 3, 4, 14, 15, 10, 17, 16, 10, 3, 17, 9, 16, 13, 19, 15, 16, 16, 4, 14, 13, 12, 11, 11, 6, 13, 10, 10, 4, 8, 15, 16, 0, 9, 9, 3, 17, 15, 11, 6, 10, 18, 13, 14, 10, 6, 12, 12, 11, 14, 12, 6, 5, 8, 12, 10, 4, 4 ], [ 8, 14, 1, 14, 7, 11, 10, 9, 6, 5, 8, 9, 5, 10, 14, 14, 7, 8, 6, 10, 3, 8, 14, 11, 9, 6, 8, 6, 11, 10, 14, 6, 6, 11, 3, 11, 6, 5, 1, 14, 11, 9, 0, 12, 11, 9, 9, 6, 4, 9, 9, 7, 5, 3, 9, 14, 3, 2, 6, 6, 6, 5, 6, 7, 6, 9, 6 ], [ 6, 9, 13, 10, 10, 5, 15, 12, 11, 16, 6, 5, 14, 10, 2, 10, 17, 6, 10, 13, 10, 15, 5, 15, 11, 17, 14, 9, 8, 7, 3, 9, 9, 3, 15, 3, 7, 10, 12, 7, 11, 9, 12, 0, 6, 15, 12, 9, 12, 5, 17, 10, 15, 14, 3, 4, 13, 14, 12, 10, 13, 10, 6, 8, 7, 5, 10 ], [ 3, 15, 11, 15, 6, 10, 18, 15, 13, 16, 3, 2, 15, 14, 7, 15, 18, 9, 6, 16, 10, 17, 11, 18, 14, 17, 16, 6, 13, 11, 9, 11, 11, 3, 14, 8, 10, 6, 10, 13, 15, 3, 11, 6, 0, 17, 15, 11, 9, 8, 18, 12, 15, 12, 5, 10, 13, 13, 14, 12, 9, 7, 7, 11, 9, 2, 7 ], [ 15, 10, 10, 9, 15, 10, 1, 3, 4, 8, 15, 15, 4, 6, 16, 9, 6, 9, 15, 2, 8, 1, 14, 2, 4, 6, 2, 14, 8, 9, 15, 6, 6, 15, 7, 12, 8, 13, 10, 12, 6, 17, 9, 15, 17, 0, 3, 6, 13, 10, 3, 5, 6, 12, 13, 14, 7, 9, 3, 5, 15, 13, 10, 6, 8, 15, 14 ], [ 13, 8, 9, 7, 14, 8, 3, 0, 3, 9, 13, 13, 5, 4, 14, 7, 8, 6, 13, 1, 7, 3, 11, 3, 1, 7, 3, 12, 5, 6, 12, 4, 4, 13, 8, 10, 5, 12, 9, 10, 4, 15, 9, 12, 15, 3, 0, 4, 13, 7, 5, 3, 6, 12, 10, 12, 7, 9, 3, 3, 14, 12, 8, 4, 6, 13, 13 ], [ 9, 9, 6, 8, 10, 6, 7, 4, 3, 8, 9, 9, 5, 5, 11, 8, 9, 3, 9, 5, 3, 6, 10, 8, 4, 8, 5, 8, 5, 5, 10, 0, 0, 9, 6, 7, 2, 8, 6, 9, 6, 11, 6, 9, 11, 6, 4, 0, 9, 4, 8, 2, 6, 9, 7, 10, 5, 7, 3, 1, 10, 8, 4, 2, 2, 9, 9 ], [ 7, 17, 4, 17, 3, 13, 14, 13, 10, 8, 7, 7, 10, 14, 14, 17, 11, 10, 3, 14, 6, 13, 16, 15, 13, 10, 12, 3, 13, 13, 15, 9, 9, 10, 8, 12, 9, 2, 3, 16, 15, 6, 4, 12, 9, 13, 13, 9, 0, 10, 13, 11, 9, 3, 9, 15, 7, 6, 10, 10, 1, 2, 7, 10, 9, 8, 2 ], [ 7, 7, 9, 7, 10, 3, 11, 8, 7, 12, 7, 6, 10, 5, 6, 7, 13, 1, 9, 9, 6, 10, 6, 11, 6, 12, 9, 8, 4, 3, 6, 4, 5, 6, 11, 2, 3, 8, 9, 6, 7, 10, 9, 5, 8, 10, 7, 4, 10, 0, 12, 5, 10, 11, 3, 6, 9, 11, 8, 5, 12, 9, 3, 3, 3, 6, 9 ], [ 16, 14, 9, 12, 15, 13, 4, 6, 5, 6, 16, 16, 4, 9, 19, 12, 3, 11, 15, 5, 8, 2, 17, 5, 7, 4, 3, 14, 10, 11, 17, 8, 7, 17, 6, 14, 9, 14, 10, 15, 9, 18, 9, 17, 18, 3, 5, 8, 13, 12, 0, 7, 4, 11, 14, 17, 6, 8, 5, 7, 14, 14, 11, 9, 10, 16, 14 ], [ 10, 8, 8, 7, 12, 6, 6, 3, 2, 9, 10, 10, 5, 3, 11, 7, 9, 4, 11, 4, 5, 5, 10, 6, 2, 8, 4, 10, 4, 4, 10, 2, 2, 10, 7, 7, 3, 10, 8, 8, 4, 13, 7, 10, 12, 5, 3, 2, 11, 5, 7, 0, 7, 10, 8, 10, 6, 9, 3, 1, 12, 10, 5, 2, 3, 10, 11 ], [ 12, 14, 5, 13, 11, 12, 7, 7, 4, 2, 12, 13, 1, 9, 17, 13, 3, 9, 11, 7, 5, 5, 16, 8, 8, 2, 4, 10, 10, 11, 16, 7, 6, 14, 2, 13, 8, 10, 6, 15, 10, 14, 5, 15, 15, 6, 6, 6, 9, 10, 4, 7, 0, 6, 12, 16, 2, 4, 4, 6, 10, 10, 9, 8, 8, 13, 10 ], [ 10, 17, 2, 17, 7, 14, 13, 12, 9, 5, 10, 10, 8, 13, 16, 17, 8, 11, 6, 13, 6, 11, 17, 14, 12, 8, 10, 6, 14, 13, 17, 9, 9, 13, 5, 14, 9, 5, 3, 17, 14, 10, 3, 14, 12, 12, 12, 9, 3, 11, 11, 10, 6, 0, 11, 17, 5, 3, 9, 10, 4, 5, 9, 10, 9, 10, 5 ], [ 3, 10, 9, 11, 7, 6, 13, 11, 9, 13, 3, 3, 11, 9, 6, 11, 14, 5, 7, 12, 7, 13, 7, 14, 10, 14, 12, 6, 8, 7, 6, 6, 7, 3, 11, 4, 5, 6, 8, 9, 11, 6, 9, 3, 5, 13, 10, 7, 9, 3, 14, 8, 12, 11, 0, 7, 10, 11, 10, 8, 10, 7, 3, 6, 5, 3, 7 ], [ 9, 6, 15, 8, 14, 4, 15, 12, 12, 18, 10, 9, 15, 9, 3, 8, 18, 7, 13, 13, 12, 15, 1, 15, 11, 18, 14, 12, 7, 6, 1, 9, 10, 6, 16, 3, 8, 13, 14, 4, 10, 12, 14, 4, 10, 14, 12, 10, 15, 6, 17, 10, 16, 17, 7, 0, 15, 16, 13, 10, 16, 13, 8, 9, 8, 9, 14 ], [ 10, 14, 3, 13, 9, 11, 8, 7, 4, 3, 10, 11, 3, 9, 15, 13, 5, 8, 9, 8, 3, 6, 15, 9, 8, 4, 5, 8, 10, 10, 15, 6, 5, 13, 1, 12, 6, 8, 4, 14, 10, 12, 3, 13, 13, 7, 7, 5, 7, 9, 6, 6, 2, 5, 10, 15, 0, 2, 4, 5, 8, 7, 7, 7, 6, 11, 8 ], [ 11, 16, 2, 15, 9, 13, 10, 10, 7, 3, 11, 11, 5, 12, 17, 15, 5, 10, 8, 10, 5, 8, 16, 11, 10, 5, 8, 8, 12, 12, 16, 8, 7, 13, 2, 13, 8, 7, 3, 16, 12, 11, 2, 14, 13, 9, 9, 7, 6, 11, 8, 9, 4, 3, 11, 16, 2, 0, 6, 8, 7, 7, 8, 9, 8, 11, 7 ], [ 11, 10, 6, 10, 12, 9, 4, 3, 1, 6, 11, 12, 2, 6, 14, 10, 6, 6, 11, 4, 4, 3, 13, 5, 4, 5, 2, 10, 7, 7, 13, 4, 3, 12, 5, 10, 5, 10, 7, 11, 6, 14, 6, 12, 14, 3, 3, 3, 10, 8, 5, 3, 4, 9, 10, 13, 4, 6, 0, 3, 11, 10, 7, 4, 5, 11, 11 ], [ 10, 8, 7, 8, 11, 6, 6, 3, 2, 8, 10, 10, 5, 4, 11, 8, 8, 4, 11, 4, 4, 5, 10, 6, 3, 8, 4, 9, 5, 5, 10, 1, 1, 10, 7, 7, 3, 9, 7, 9, 5, 12, 6, 10, 12, 5, 3, 1, 10, 5, 7, 1, 6, 10, 8, 10, 5, 8, 3, 0, 11, 9, 5, 2, 3, 10, 10 ], [ 8, 18, 5, 18, 3, 14, 16, 14, 11, 9, 7, 8, 11, 15, 15, 18, 12, 12, 3, 15, 8, 14, 17, 17, 14, 12, 13, 4, 15, 14, 16, 11, 11, 11, 9, 13, 10, 3, 5, 18, 16, 6, 6, 13, 9, 15, 14, 10, 1, 12, 14, 12, 10, 4, 10, 16, 8, 7, 11, 11, 0, 3, 9, 12, 10, 8, 3 ], [ 5, 16, 5, 16, 2, 12, 14, 12, 10, 9, 5, 5, 10, 13, 12, 16, 12, 9, 2, 13, 6, 13, 14, 15, 12, 11, 12, 1, 12, 11, 13, 8, 8, 8, 8, 10, 8, 0, 4, 15, 14, 5, 5, 10, 7, 13, 12, 8, 2, 9, 14, 10, 10, 5, 7, 13, 7, 7, 10, 9, 3, 0, 6, 9, 8, 6, 1 ], [ 5, 10, 7, 10, 7, 6, 11, 8, 6, 10, 5, 5, 8, 7, 8, 10, 11, 3, 7, 9, 4, 10, 8, 11, 7, 11, 9, 5, 6, 5, 8, 4, 4, 6, 9, 5, 2, 6, 6, 9, 9, 8, 6, 6, 7, 10, 8, 4, 7, 3, 11, 5, 9, 9, 3, 8, 7, 8, 7, 5, 9, 6, 0, 4, 2, 5, 7 ], [ 9, 7, 8, 7, 11, 5, 7, 4, 4, 9, 9, 9, 6, 3, 10, 7, 10, 2, 10, 5, 5, 7, 8, 8, 3, 9, 6, 9, 3, 3, 9, 1, 2, 9, 8, 6, 2, 9, 8, 8, 5, 12, 7, 8, 11, 6, 4, 2, 10, 3, 9, 2, 8, 10, 6, 9, 7, 9, 4, 2, 12, 9, 4, 0, 2, 9, 10 ], [ 7, 8, 7, 8, 9, 5, 9, 6, 4, 9, 7, 7, 7, 5, 9, 8, 10, 2, 9, 7, 4, 8, 8, 9, 5, 9, 7, 7, 5, 4, 9, 2, 2, 8, 8, 5, 0, 7, 6, 8, 7, 10, 6, 7, 9, 8, 6, 2, 9, 3, 10, 3, 8, 9, 5, 8, 6, 8, 5, 3, 10, 8, 2, 2, 0, 7, 8 ], [ 1, 13, 10, 14, 5, 9, 16, 13, 11, 14, 1, 0, 13, 11, 7, 13, 16, 7, 5, 14, 8, 14, 9, 16, 12, 15, 14, 4, 10, 9, 8, 9, 9, 3, 12, 6, 7, 5, 8, 11, 13, 4, 9, 5, 2, 15, 13, 9, 8, 6, 16, 10, 13, 10, 3, 9, 11, 11, 11, 10, 8, 6, 5, 9, 7, 0, 6 ], [ 5, 16, 6, 17, 1, 12, 15, 13, 10, 10, 5, 6, 11, 13, 13, 16, 13, 10, 1, 14, 6, 13, 14, 16, 13, 12, 13, 2, 13, 12, 13, 9, 9, 8, 9, 11, 9, 1, 4, 16, 15, 4, 6, 10, 7, 14, 13, 9, 2, 9, 14, 11, 10, 5, 7, 14, 8, 7, 11, 10, 3, 1, 7, 10, 8, 6, 0 ] ]
}