{
  "version" : "0.3",
  "id" : 1889793634,
  "name" : "PTP-RAND-1_48_4_48",
  "coordType" : "Eucl",
  "sameVehicleBackward" : false,
  "maxWaitTime" : "00h30",
  "places" : [ {
    "id" : 0,
    "lat" : -7.949717372726353,
    "long" : -2.1957212489756945,
    "category" : 0
  }, {
    "id" : 1,
    "lat" : -2.808422270158308,
    "long" : 6.057687052797509,
    "category" : 0
  }, {
    "id" : 2,
    "lat" : 7.827776353047552,
    "long" : -4.50335472033561,
    "category" : 0
  }, {
    "id" : 3,
    "lat" : -6.785484798689831,
    "long" : 5.24046742400843,
    "category" : 0
  }, {
    "id" : 4,
    "lat" : 1.2857434148763331,
    "long" : 8.64777901811081,
    "category" : 0
  }, {
    "id" : 5,
    "lat" : 6.573970032578975,
    "long" : 5.238390480886583,
    "category" : 0
  }, {
    "id" : 6,
    "lat" : 2.509219929265166,
    "long" : -4.239168288617915,
    "category" : 0
  }, {
    "id" : 7,
    "lat" : -8.397155650224297,
    "long" : 1.06589370622115,
    "category" : 0
  }, {
    "id" : 8,
    "lat" : 6.972796455354826,
    "long" : -0.6634067603305469,
    "category" : 0
  }, {
    "id" : 9,
    "lat" : 6.744901568331946,
    "long" : 7.114644222724205,
    "category" : 0
  }, {
    "id" : 10,
    "lat" : -4.630179523219889,
    "long" : 1.2161960939181462,
    "category" : 0
  }, {
    "id" : 11,
    "lat" : -7.500683731869633,
    "long" : 5.099753210740135,
    "category" : 0
  }, {
    "id" : 12,
    "lat" : -5.2922278139486325,
    "long" : -5.891450441847064,
    "category" : 0
  }, {
    "id" : 13,
    "lat" : -2.9095491594246976,
    "long" : -0.983571606068768,
    "category" : 0
  }, {
    "id" : 14,
    "lat" : -5.820970640481359,
    "long" : 6.529358147070719,
    "category" : 0
  }, {
    "id" : 15,
    "lat" : 1.7533157397200947,
    "long" : -6.691393497014851,
    "category" : 0
  }, {
    "id" : 16,
    "lat" : -0.9858730851279677,
    "long" : 5.197652751516677,
    "category" : 0
  }, {
    "id" : 17,
    "lat" : 5.408599720162881,
    "long" : -7.39054035927772,
    "category" : 0
  }, {
    "id" : 18,
    "lat" : -2.459455124659436,
    "long" : 1.9727413877221878,
    "category" : 0
  }, {
    "id" : 19,
    "lat" : 4.227682844813063,
    "long" : -3.539324304997598,
    "category" : 0
  }, {
    "id" : 20,
    "lat" : -1.764133862759215,
    "long" : -6.385613867295834,
    "category" : 0
  }, {
    "id" : 21,
    "lat" : 6.21133335398914,
    "long" : -2.9565357767107794,
    "category" : 0
  }, {
    "id" : 22,
    "lat" : -4.164252090105028,
    "long" : 5.853229972164368,
    "category" : 0
  }, {
    "id" : 23,
    "lat" : 6.700679663785882,
    "long" : -4.472059104551952,
    "category" : 0
  }, {
    "id" : 24,
    "lat" : 8.344806499021002,
    "long" : 2.664191322111745,
    "category" : 0
  }, {
    "id" : 25,
    "lat" : 2.2952865341155495,
    "long" : 4.340575989996814,
    "category" : 0
  }, {
    "id" : 26,
    "lat" : -3.491083033887007,
    "long" : 7.5935542745532345,
    "category" : 0
  }, {
    "id" : 27,
    "lat" : 2.534970422133758,
    "long" : -3.9917287503048873,
    "category" : 0
  }, {
    "id" : 28,
    "lat" : -8.148664522958136,
    "long" : 4.708006691726302,
    "category" : 0
  }, {
    "id" : 29,
    "lat" : -5.152787539038869,
    "long" : -7.3367042338663,
    "category" : 0
  }, {
    "id" : 30,
    "lat" : -1.314022413939616,
    "long" : 2.0731519964481926,
    "category" : 0
  }, {
    "id" : 31,
    "lat" : 2.3402324415308664,
    "long" : 4.604371492016948,
    "category" : 0
  }, {
    "id" : 32,
    "lat" : -6.040707996975225,
    "long" : 5.389856107860222,
    "category" : 0
  }, {
    "id" : 33,
    "lat" : 5.31039271770301,
    "long" : -1.2135714999888054,
    "category" : 0
  }, {
    "id" : 34,
    "lat" : -8.168387929281714,
    "long" : 0.5503817210341014,
    "category" : 0
  }, {
    "id" : 35,
    "lat" : 9.428031801669205,
    "long" : 2.339382732986959,
    "category" : 0
  }, {
    "id" : 36,
    "lat" : -4.654013391424154,
    "long" : 0.021663424809024327,
    "category" : 0
  }, {
    "id" : 37,
    "lat" : -7.614557276377611,
    "long" : 4.731743093231733,
    "category" : 0
  }, {
    "id" : 38,
    "lat" : -4.048741996859259,
    "long" : -6.993727587584575,
    "category" : 0
  }, {
    "id" : 39,
    "lat" : -5.111915661812249,
    "long" : -8.074624061974028,
    "category" : 0
  }, {
    "id" : 40,
    "lat" : 1.4484918566689637,
    "long" : 8.726347108190046,
    "category" : 0
  }, {
    "id" : 41,
    "lat" : -5.593610904717854,
    "long" : -0.5711539559242502,
    "category" : 0
  }, {
    "id" : 42,
    "lat" : -3.4157597069156735,
    "long" : -2.738605605102988,
    "category" : 0
  }, {
    "id" : 43,
    "lat" : 0.47324394419929244,
    "long" : 5.06685970057223,
    "category" : 0
  }, {
    "id" : 44,
    "lat" : 6.519725454749526,
    "long" : -1.4277305882337412,
    "category" : 0
  }, {
    "id" : 45,
    "lat" : 6.294443707904634,
    "long" : 3.123108517243158,
    "category" : 0
  }, {
    "id" : 46,
    "lat" : 6.142945754748549,
    "long" : -3.6793119082076378,
    "category" : 0
  }, {
    "id" : 47,
    "lat" : -4.5473739670259805,
    "long" : -1.1750947028880132,
    "category" : 0
  }, {
    "id" : 48,
    "lat" : 5.331953848354174,
    "long" : 4.627185520386755,
    "category" : 1
  }, {
    "id" : 49,
    "lat" : 1.4064523386468828,
    "long" : 8.792149332818209,
    "category" : 1
  }, {
    "id" : 50,
    "lat" : 4.649698448647085,
    "long" : 5.158001845247745,
    "category" : 1
  }, {
    "id" : 51,
    "lat" : 5.169779471561764,
    "long" : -3.9449408510309376,
    "category" : 1
  }, {
    "id" : 52,
    "lat" : 0.1526438241735168,
    "long" : 1.5718719415393034,
    "category" : 2
  }, {
    "id" : 53,
    "lat" : 3.841621852444988,
    "long" : 7.3743911112704446,
    "category" : 2
  }, {
    "id" : 54,
    "lat" : 4.74968411936882,
    "long" : -7.329002781563121,
    "category" : 2
  }, {
    "id" : 55,
    "lat" : -3.354474665697895,
    "long" : -2.200084115762649,
    "category" : 2
  }, {
    "id" : 56,
    "lat" : -5.583160636741714,
    "long" : 4.267049958500513,
    "category" : 2
  }, {
    "id" : 57,
    "lat" : 2.1305837785273383,
    "long" : 7.202221870890525,
    "category" : 2
  }, {
    "id" : 58,
    "lat" : 0.152122757553407,
    "long" : 6.979756240480541,
    "category" : 2
  }, {
    "id" : 59,
    "lat" : 2.903743590729612,
    "long" : 0.11535102142745064,
    "category" : 2
  }, {
    "id" : 60,
    "lat" : -8.668535799672535,
    "long" : 1.7332777557443562,
    "category" : 2
  }, {
    "id" : 61,
    "lat" : -5.592790866343562,
    "long" : -8.238752699552423,
    "category" : 2
  }, {
    "id" : 62,
    "lat" : -0.4317998999866345,
    "long" : -4.7081908831288715,
    "category" : 2
  }, {
    "id" : 63,
    "lat" : 7.848061644922738,
    "long" : -1.0070409391914776,
    "category" : 2
  }, {
    "id" : 64,
    "lat" : -7.17610882871791,
    "long" : 3.387110962278719,
    "category" : 2
  }, {
    "id" : 65,
    "lat" : -2.2788559663436203,
    "long" : -7.391964228547065,
    "category" : 2
  }, {
    "id" : 66,
    "lat" : -5.409575460409976,
    "long" : 6.7949866752600325,
    "category" : 2
  }, {
    "id" : 67,
    "lat" : -6.925409707122973,
    "long" : -2.46050238533324,
    "category" : 2
  }, {
    "id" : 68,
    "lat" : -6.3150746435579,
    "long" : -1.7602170847107452,
    "category" : 2
  }, {
    "id" : 69,
    "lat" : -7.894351522614948,
    "long" : 2.505130527191375,
    "category" : 2
  }, {
    "id" : 70,
    "lat" : -6.703623072796037,
    "long" : 2.174115855324474,
    "category" : 2
  }, {
    "id" : 71,
    "lat" : 0.9836427216527122,
    "long" : -1.5496196992131257,
    "category" : 2
  }, {
    "id" : 72,
    "lat" : -1.5626643753786125,
    "long" : -3.621621598931107,
    "category" : 2
  }, {
    "id" : 73,
    "lat" : -4.3565700040461035,
    "long" : -0.9117225997607827,
    "category" : 2
  }, {
    "id" : 74,
    "lat" : 1.5073842283228192,
    "long" : 7.354894290192991,
    "category" : 2
  }, {
    "id" : 75,
    "lat" : -3.662960435027396,
    "long" : 1.796738183013743,
    "category" : 2
  }, {
    "id" : 76,
    "lat" : 8.588044193009658,
    "long" : 1.3953772925337582,
    "category" : 2
  }, {
    "id" : 77,
    "lat" : 0.38358004882624736,
    "long" : 5.85383526146783,
    "category" : 2
  }, {
    "id" : 78,
    "lat" : 1.5533252693298931,
    "long" : 0.5480590713657625,
    "category" : 2
  }, {
    "id" : 79,
    "lat" : 3.639032209067221,
    "long" : 1.3592186257713728,
    "category" : 2
  }, {
    "id" : 80,
    "lat" : 7.098288163385001,
    "long" : 1.5784580344931982,
    "category" : 2
  }, {
    "id" : 81,
    "lat" : 3.3555718853403476,
    "long" : 1.3315065907474595,
    "category" : 2
  }, {
    "id" : 82,
    "lat" : 7.773548062567924,
    "long" : 3.3020926760966827,
    "category" : 2
  }, {
    "id" : 83,
    "lat" : 8.3505163514839,
    "long" : 0.6377549385437262,
    "category" : 2
  }, {
    "id" : 84,
    "lat" : 1.8088774016331952,
    "long" : -7.7593242623384615,
    "category" : 2
  }, {
    "id" : 85,
    "lat" : 8.272532272034258,
    "long" : 3.8981816478703544,
    "category" : 2
  }, {
    "id" : 86,
    "lat" : 3.48067685998624,
    "long" : 7.834631880329745,
    "category" : 2
  }, {
    "id" : 87,
    "lat" : 1.230878905719949,
    "long" : -3.2703317898396462,
    "category" : 2
  }, {
    "id" : 88,
    "lat" : -5.291372394098565,
    "long" : -7.098598714158031,
    "category" : 2
  }, {
    "id" : 89,
    "lat" : -9.246589879963027,
    "long" : -3.130986228005827,
    "category" : 2
  }, {
    "id" : 90,
    "lat" : 1.0197424337566012,
    "long" : 5.559087357299193,
    "category" : 2
  }, {
    "id" : 91,
    "lat" : -6.0697483253231646,
    "long" : 2.499399786640012,
    "category" : 2
  }, {
    "id" : 92,
    "lat" : -2.0614012928752725,
    "long" : -5.077614307748017,
    "category" : 2
  }, {
    "id" : 93,
    "lat" : -1.1775928316541258,
    "long" : -0.5344320086075006,
    "category" : 2
  }, {
    "id" : 94,
    "lat" : -5.5456510016519,
    "long" : 4.5962818198250295,
    "category" : 2
  }, {
    "id" : 95,
    "lat" : 4.628125864570659,
    "long" : -1.7045399854648697,
    "category" : 2
  }, {
    "id" : 96,
    "lat" : 6.540879399654444,
    "long" : 0.508906616269139,
    "category" : 2
  }, {
    "id" : 97,
    "lat" : -1.610383052208126,
    "long" : 0.7218425263972663,
    "category" : 2
  }, {
    "id" : 98,
    "lat" : -5.669439013281044,
    "long" : -2.09094230421226,
    "category" : 2
  }, {
    "id" : 99,
    "lat" : -4.629312176558456,
    "long" : -1.1233771868857094,
    "category" : 2
  }, {
    "id" : 100,
    "lat" : -8.85018062093238,
    "long" : -0.7200737230416806,
    "category" : 2
  }, {
    "id" : 101,
    "lat" : -1.4874501487980536,
    "long" : 1.2826677228789922,
    "category" : 2
  } ],
  "vehicles" : [ {
    "id" : 102,
    "canTake" : [ 0 ],
    "start" : 48,
    "end" : 48,
    "capacity" : 6,
    "availability" : [ "07h00:20h00" ]
  }, {
    "id" : 103,
    "canTake" : [ 0, 1, 2 ],
    "start" : 49,
    "end" : 49,
    "capacity" : 5,
    "availability" : [ "07h00:08h00", "11h00:20h00" ]
  }, {
    "id" : 104,
    "canTake" : [ 1 ],
    "start" : 50,
    "end" : 50,
    "capacity" : 5,
    "availability" : [ "07h00:15h00", "17h00:20h00" ]
  }, {
    "id" : 105,
    "canTake" : [ 2 ],
    "start" : 51,
    "end" : 51,
    "capacity" : 3,
    "availability" : [ "07h00:09h00", "10h00:20h00" ]
  } ],
  "patients" : [ {
    "id" : 106,
    "category" : 2,
    "load" : 1,
    "start" : 52,
    "destination" : 0,
    "end" : 52,
    "rdvTime" : "09h08",
    "rdvDuration" : "01h30",
    "srvDuration" : "00h05"
  }, {
    "id" : 107,
    "category" : 0,
    "load" : 1,
    "start" : 53,
    "destination" : 1,
    "end" : 53,
    "rdvTime" : "11h25",
    "rdvDuration" : "02h33",
    "srvDuration" : "00h01"
  }, {
    "id" : 108,
    "category" : 1,
    "load" : 3,
    "start" : 54,
    "destination" : 2,
    "end" : 54,
    "rdvTime" : "12h51",
    "rdvDuration" : "00h54",
    "srvDuration" : "00h03"
  }, {
    "id" : 109,
    "category" : 1,
    "load" : 3,
    "start" : 55,
    "destination" : 3,
    "end" : 56,
    "rdvTime" : "11h39",
    "rdvDuration" : "02h07",
    "srvDuration" : "00h01"
  }, {
    "id" : 110,
    "category" : 0,
    "load" : 2,
    "start" : 57,
    "destination" : 4,
    "end" : -1,
    "rdvTime" : "12h34",
    "rdvDuration" : "01h04",
    "srvDuration" : "00h02"
  }, {
    "id" : 111,
    "category" : 2,
    "load" : 1,
    "start" : 58,
    "destination" : 5,
    "end" : 58,
    "rdvTime" : "12h38",
    "rdvDuration" : "00h30",
    "srvDuration" : "00h04"
  }, {
    "id" : 112,
    "category" : 0,
    "load" : 3,
    "start" : 59,
    "destination" : 6,
    "end" : 59,
    "rdvTime" : "14h45",
    "rdvDuration" : "00h38",
    "srvDuration" : "00h02"
  }, {
    "id" : 113,
    "category" : 0,
    "load" : 3,
    "start" : 60,
    "destination" : 7,
    "end" : 60,
    "rdvTime" : "13h55",
    "rdvDuration" : "00h55",
    "srvDuration" : "00h02"
  }, {
    "id" : 114,
    "category" : 1,
    "load" : 1,
    "start" : 61,
    "destination" : 8,
    "end" : 61,
    "rdvTime" : "13h17",
    "rdvDuration" : "00h43",
    "srvDuration" : "00h02"
  }, {
    "id" : 115,
    "category" : 0,
    "load" : 1,
    "start" : 62,
    "destination" : 9,
    "end" : 62,
    "rdvTime" : "08h55",
    "rdvDuration" : "02h43",
    "srvDuration" : "00h02"
  }, {
    "id" : 116,
    "category" : 1,
    "load" : 2,
    "start" : -1,
    "destination" : 10,
    "end" : 63,
    "rdvTime" : "11h06",
    "rdvDuration" : "01h59",
    "srvDuration" : "00h01"
  }, {
    "id" : 117,
    "category" : 1,
    "load" : 2,
    "start" : 64,
    "destination" : 11,
    "end" : 64,
    "rdvTime" : "10h32",
    "rdvDuration" : "00h55",
    "srvDuration" : "00h03"
  }, {
    "id" : 118,
    "category" : 1,
    "load" : 3,
    "start" : 65,
    "destination" : 12,
    "end" : 65,
    "rdvTime" : "11h55",
    "rdvDuration" : "02h26",
    "srvDuration" : "00h01"
  }, {
    "id" : 119,
    "category" : 2,
    "load" : 3,
    "start" : 66,
    "destination" : 13,
    "end" : 66,
    "rdvTime" : "10h31",
    "rdvDuration" : "01h09",
    "srvDuration" : "00h03"
  }, {
    "id" : 120,
    "category" : 1,
    "load" : 1,
    "start" : 67,
    "destination" : 14,
    "end" : 67,
    "rdvTime" : "08h19",
    "rdvDuration" : "02h33",
    "srvDuration" : "00h02"
  }, {
    "id" : 121,
    "category" : 1,
    "load" : 2,
    "start" : 68,
    "destination" : 15,
    "end" : -1,
    "rdvTime" : "15h38",
    "rdvDuration" : "02h56",
    "srvDuration" : "00h03"
  }, {
    "id" : 122,
    "category" : 2,
    "load" : 1,
    "start" : 69,
    "destination" : 16,
    "end" : 69,
    "rdvTime" : "13h13",
    "rdvDuration" : "02h27",
    "srvDuration" : "00h04"
  }, {
    "id" : 123,
    "category" : 1,
    "load" : 1,
    "start" : -1,
    "destination" : 17,
    "end" : 70,
    "rdvTime" : "13h02",
    "rdvDuration" : "02h46",
    "srvDuration" : "00h01"
  }, {
    "id" : 124,
    "category" : 1,
    "load" : 2,
    "start" : -1,
    "destination" : 18,
    "end" : 71,
    "rdvTime" : "15h12",
    "rdvDuration" : "02h18",
    "srvDuration" : "00h05"
  }, {
    "id" : 125,
    "category" : 1,
    "load" : 1,
    "start" : 72,
    "destination" : 19,
    "end" : 72,
    "rdvTime" : "15h03",
    "rdvDuration" : "02h49",
    "srvDuration" : "00h01"
  }, {
    "id" : 126,
    "category" : 0,
    "load" : 3,
    "start" : 73,
    "destination" : 20,
    "end" : 74,
    "rdvTime" : "13h26",
    "rdvDuration" : "01h05",
    "srvDuration" : "00h03"
  }, {
    "id" : 127,
    "category" : 0,
    "load" : 3,
    "start" : 75,
    "destination" : 21,
    "end" : 75,
    "rdvTime" : "14h09",
    "rdvDuration" : "01h53",
    "srvDuration" : "00h01"
  }, {
    "id" : 128,
    "category" : 2,
    "load" : 3,
    "start" : 76,
    "destination" : 22,
    "end" : 76,
    "rdvTime" : "10h18",
    "rdvDuration" : "00h49",
    "srvDuration" : "00h05"
  }, {
    "id" : 129,
    "category" : 1,
    "load" : 1,
    "start" : 77,
    "destination" : 23,
    "end" : 77,
    "rdvTime" : "10h37",
    "rdvDuration" : "02h58",
    "srvDuration" : "00h02"
  }, {
    "id" : 130,
    "category" : 0,
    "load" : 2,
    "start" : 78,
    "destination" : 24,
    "end" : 78,
    "rdvTime" : "13h04",
    "rdvDuration" : "00h47",
    "srvDuration" : "00h05"
  }, {
    "id" : 131,
    "category" : 2,
    "load" : 3,
    "start" : 79,
    "destination" : 25,
    "end" : 79,
    "rdvTime" : "12h53",
    "rdvDuration" : "02h51",
    "srvDuration" : "00h03"
  }, {
    "id" : 132,
    "category" : 0,
    "load" : 3,
    "start" : 80,
    "destination" : 26,
    "end" : 80,
    "rdvTime" : "12h24",
    "rdvDuration" : "01h12",
    "srvDuration" : "00h03"
  }, {
    "id" : 133,
    "category" : 1,
    "load" : 1,
    "start" : -1,
    "destination" : 27,
    "end" : 81,
    "rdvTime" : "12h43",
    "rdvDuration" : "02h26",
    "srvDuration" : "00h04"
  }, {
    "id" : 134,
    "category" : 1,
    "load" : 3,
    "start" : 82,
    "destination" : 28,
    "end" : 82,
    "rdvTime" : "13h11",
    "rdvDuration" : "01h00",
    "srvDuration" : "00h05"
  }, {
    "id" : 135,
    "category" : 1,
    "load" : 2,
    "start" : 83,
    "destination" : 29,
    "end" : 83,
    "rdvTime" : "08h24",
    "rdvDuration" : "02h00",
    "srvDuration" : "00h03"
  }, {
    "id" : 136,
    "category" : 2,
    "load" : 1,
    "start" : 84,
    "destination" : 30,
    "end" : -1,
    "rdvTime" : "12h52",
    "rdvDuration" : "02h06",
    "srvDuration" : "00h02"
  }, {
    "id" : 137,
    "category" : 1,
    "load" : 2,
    "start" : 85,
    "destination" : 31,
    "end" : 85,
    "rdvTime" : "11h28",
    "rdvDuration" : "01h33",
    "srvDuration" : "00h02"
  }, {
    "id" : 138,
    "category" : 2,
    "load" : 2,
    "start" : 86,
    "destination" : 32,
    "end" : -1,
    "rdvTime" : "11h59",
    "rdvDuration" : "01h44",
    "srvDuration" : "00h03"
  }, {
    "id" : 139,
    "category" : 1,
    "load" : 1,
    "start" : 87,
    "destination" : 33,
    "end" : 87,
    "rdvTime" : "10h22",
    "rdvDuration" : "00h41",
    "srvDuration" : "00h02"
  }, {
    "id" : 140,
    "category" : 2,
    "load" : 3,
    "start" : 88,
    "destination" : 34,
    "end" : 88,
    "rdvTime" : "13h59",
    "rdvDuration" : "02h31",
    "srvDuration" : "00h04"
  }, {
    "id" : 141,
    "category" : 2,
    "load" : 1,
    "start" : 89,
    "destination" : 35,
    "end" : -1,
    "rdvTime" : "09h45",
    "rdvDuration" : "01h04",
    "srvDuration" : "00h05"
  }, {
    "id" : 142,
    "category" : 0,
    "load" : 1,
    "start" : 90,
    "destination" : 36,
    "end" : 90,
    "rdvTime" : "08h58",
    "rdvDuration" : "02h39",
    "srvDuration" : "00h05"
  }, {
    "id" : 143,
    "category" : 2,
    "load" : 3,
    "start" : 91,
    "destination" : 37,
    "end" : 91,
    "rdvTime" : "11h25",
    "rdvDuration" : "01h32",
    "srvDuration" : "00h03"
  }, {
    "id" : 144,
    "category" : 0,
    "load" : 1,
    "start" : 92,
    "destination" : 38,
    "end" : 92,
    "rdvTime" : "14h18",
    "rdvDuration" : "01h15",
    "srvDuration" : "00h05"
  }, {
    "id" : 145,
    "category" : 2,
    "load" : 3,
    "start" : 93,
    "destination" : 39,
    "end" : 93,
    "rdvTime" : "09h33",
    "rdvDuration" : "01h17",
    "srvDuration" : "00h04"
  }, {
    "id" : 146,
    "category" : 1,
    "load" : 1,
    "start" : 94,
    "destination" : 40,
    "end" : 94,
    "rdvTime" : "11h40",
    "rdvDuration" : "02h03",
    "srvDuration" : "00h04"
  }, {
    "id" : 147,
    "category" : 2,
    "load" : 3,
    "start" : 95,
    "destination" : 41,
    "end" : -1,
    "rdvTime" : "13h55",
    "rdvDuration" : "01h10",
    "srvDuration" : "00h02"
  }, {
    "id" : 148,
    "category" : 1,
    "load" : 3,
    "start" : -1,
    "destination" : 42,
    "end" : 96,
    "rdvTime" : "14h51",
    "rdvDuration" : "00h21",
    "srvDuration" : "00h02"
  }, {
    "id" : 149,
    "category" : 0,
    "load" : 3,
    "start" : 97,
    "destination" : 43,
    "end" : 97,
    "rdvTime" : "13h14",
    "rdvDuration" : "02h00",
    "srvDuration" : "00h05"
  }, {
    "id" : 150,
    "category" : 2,
    "load" : 3,
    "start" : 98,
    "destination" : 44,
    "end" : 98,
    "rdvTime" : "13h06",
    "rdvDuration" : "00h17",
    "srvDuration" : "00h04"
  }, {
    "id" : 151,
    "category" : 0,
    "load" : 1,
    "start" : -1,
    "destination" : 45,
    "end" : 99,
    "rdvTime" : "13h44",
    "rdvDuration" : "00h41",
    "srvDuration" : "00h01"
  }, {
    "id" : 152,
    "category" : 2,
    "load" : 3,
    "start" : 100,
    "destination" : 46,
    "end" : 100,
    "rdvTime" : "10h57",
    "rdvDuration" : "01h03",
    "srvDuration" : "00h01"
  }, {
    "id" : 153,
    "category" : 1,
    "load" : 2,
    "start" : -1,
    "destination" : 47,
    "end" : 101,
    "rdvTime" : "11h49",
    "rdvDuration" : "00h31",
    "srvDuration" : "00h01"
  } ],
  "distMatrix" : [ [ 0, 10, 16, 8, 14, 16, 11, 3, 15, 17, 5, 7, 5, 5, 9, 11, 10, 14, 7, 12, 7, 14, 9, 15, 17, 12, 11, 11, 7, 6, 8, 12, 8, 13, 3, 18, 4, 7, 6, 7, 14, 3, 5, 11, 14, 15, 14, 4, 15, 14, 15, 13, 9, 15, 14, 5, 7, 14, 12, 11, 4, 6, 8, 16, 6, 8, 9, 1, 2, 5, 5, 9, 7, 4, 13, 6, 17, 12, 10, 12, 16, 12, 17, 17, 11, 17, 15, 9, 6, 2, 12, 5, 7, 7, 7, 13, 15, 7, 2, 3, 2, 7 ], [ 10, 0, 15, 4, 5, 9, 12, 7, 12, 10, 5, 5, 12, 7, 3, 14, 2, 16, 4, 12, 12, 13, 1, 14, 12, 5, 2, 11, 6, 14, 4, 5, 3, 11, 8, 13, 6, 5, 13, 14, 5, 7, 9, 3, 12, 10, 13, 7, 8, 5, 8, 13, 5, 7, 15, 8, 3, 5, 3, 8, 7, 15, 11, 13, 5, 13, 3, 9, 9, 6, 6, 9, 10, 7, 5, 4, 12, 3, 7, 8, 11, 8, 11, 12, 15, 11, 7, 10, 13, 11, 4, 5, 11, 7, 3, 11, 11, 5, 9, 7, 9, 5 ], [ 16, 15, 0, 18, 15, 10, 5, 17, 4, 12, 14, 18, 13, 11, 18, 6, 13, 4, 12, 4, 10, 2, 16, 1, 7, 10, 17, 5, 18, 13, 11, 11, 17, 4, 17, 7, 13, 18, 12, 13, 15, 14, 11, 12, 3, 8, 2, 13, 9, 15, 10, 3, 10, 13, 4, 11, 16, 13, 14, 7, 18, 14, 8, 3, 17, 11, 17, 15, 14, 17, 16, 7, 9, 13, 13, 13, 6, 13, 8, 7, 6, 7, 8, 5, 7, 8, 13, 7, 13, 17, 12, 16, 10, 10, 16, 4, 5, 11, 14, 13, 17, 11 ], [ 8, 4, 18, 0, 9, 13, 13, 4, 15, 14, 5, 1, 11, 7, 2, 15, 6, 18, 5, 14, 13, 15, 3, 17, 15, 9, 4, 13, 1, 13, 6, 9, 1, 14, 5, 16, 6, 1, 13, 13, 9, 6, 9, 7, 15, 13, 16, 7, 12, 9, 11, 15, 8, 11, 17, 8, 2, 9, 7, 11, 4, 14, 12, 16, 2, 13, 2, 8, 7, 3, 3, 10, 10, 7, 9, 5, 16, 7, 10, 11, 14, 11, 15, 16, 16, 15, 11, 12, 12, 9, 8, 3, 11, 8, 1, 13, 14, 7, 7, 7, 6, 7 ], [ 14, 5, 15, 9, 0, 6, 13, 12, 11, 6, 9, 9, 16, 11, 7, 15, 4, 17, 8, 13, 15, 13, 6, 14, 9, 4, 5, 13, 10, 17, 7, 4, 8, 11, 12, 10, 10, 10, 17, 18, 0, 12, 12, 4, 11, 7, 13, 11, 6, 0, 5, 13, 7, 3, 16, 12, 8, 2, 2, 9, 12, 18, 13, 12, 10, 16, 7, 14, 13, 11, 10, 10, 13, 11, 1, 8, 10, 3, 8, 8, 9, 8, 8, 11, 16, 8, 2, 12, 17, 16, 3, 10, 14, 10, 8, 11, 10, 8, 13, 11, 14, 8 ], [ 16, 9, 10, 13, 6, 0, 10, 16, 6, 2, 12, 14, 16, 11, 12, 13, 8, 13, 10, 9, 14, 8, 11, 10, 3, 4, 10, 10, 15, 17, 8, 4, 13, 7, 15, 4, 12, 14, 16, 18, 6, 13, 13, 6, 7, 2, 9, 13, 1, 6, 2, 9, 7, 3, 13, 12, 12, 5, 7, 6, 16, 18, 12, 6, 14, 15, 12, 16, 15, 15, 14, 9, 12, 13, 5, 11, 4, 6, 7, 5, 4, 5, 2, 5, 14, 2, 4, 10, 17, 18, 6, 13, 13, 10, 12, 7, 5, 9, 14, 13, 17, 9 ], [ 11, 12, 5, 13, 13, 10, 0, 12, 6, 12, 9, 14, 8, 6, 14, 3, 10, 4, 8, 2, 5, 4, 12, 4, 9, 9, 13, 0, 14, 8, 7, 9, 13, 4, 12, 10, 8, 14, 7, 9, 13, 9, 6, 10, 5, 8, 4, 8, 9, 13, 10, 3, 6, 12, 4, 6, 12, 11, 11, 4, 13, 9, 3, 6, 12, 6, 14, 10, 9, 12, 11, 3, 4, 8, 12, 9, 8, 10, 5, 6, 7, 6, 9, 8, 4, 10, 12, 2, 8, 12, 10, 11, 5, 5, 12, 3, 6, 6, 8, 8, 12, 7 ], [ 3, 7, 17, 4, 12, 16, 12, 0, 15, 16, 4, 4, 8, 6, 6, 13, 8, 16, 6, 13, 10, 15, 6, 16, 17, 11, 8, 12, 4, 9, 7, 11, 5, 14, 1, 18, 4, 4, 9, 10, 12, 3, 6, 10, 15, 15, 15, 4, 14, 12, 14, 14, 9, 14, 16, 6, 4, 12, 10, 11, 1, 10, 10, 16, 3, 10, 6, 4, 4, 2, 2, 10, 8, 4, 12, 5, 17, 10, 10, 12, 16, 12, 16, 17, 13, 17, 14, 11, 9, 4, 10, 3, 9, 7, 5, 13, 15, 7, 4, 4, 2, 7 ], [ 15, 12, 4, 15, 11, 6, 6, 15, 0, 8, 12, 16, 13, 10, 15, 8, 10, 7, 10, 4, 10, 2, 13, 4, 4, 7, 13, 6, 16, 14, 9, 7, 14, 2, 15, 4, 12, 16, 13, 14, 11, 13, 11, 9, 1, 4, 3, 12, 6, 11, 6, 4, 7, 9, 7, 10, 13, 9, 10, 4, 16, 15, 8, 1, 15, 11, 14, 14, 13, 15, 14, 6, 9, 11, 10, 11, 3, 9, 6, 4, 2, 4, 4, 2, 9, 5, 9, 6, 14, 16, 9, 13, 10, 8, 14, 3, 1, 9, 13, 12, 16, 9 ], [ 17, 10, 12, 14, 6, 2, 12, 16, 8, 0, 13, 14, 18, 13, 13, 15, 8, 15, 11, 11, 16, 10, 11, 12, 5, 5, 10, 12, 15, 19, 10, 5, 13, 8, 16, 5, 13, 15, 18, 19, 6, 15, 14, 7, 9, 4, 11, 14, 3, 6, 3, 11, 9, 3, 15, 14, 13, 5, 7, 8, 16, 20, 14, 8, 14, 17, 12, 17, 16, 15, 14, 10, 14, 14, 5, 12, 6, 6, 8, 7, 6, 7, 4, 7, 16, 4, 3, 12, 19, 19, 6, 14, 15, 11, 13, 9, 7, 11, 15, 14, 17, 10 ], [ 5, 5, 14, 5, 9, 12, 9, 4, 12, 13, 0, 5, 7, 3, 5, 10, 5, 13, 2, 10, 8, 12, 5, 13, 13, 8, 6, 9, 5, 9, 3, 8, 4, 10, 4, 14, 1, 5, 8, 9, 10, 2, 4, 6, 11, 11, 12, 2, 11, 10, 10, 11, 5, 10, 13, 4, 3, 9, 7, 8, 4, 10, 7, 13, 3, 9, 6, 4, 3, 4, 2, 6, 6, 2, 9, 1, 13, 7, 6, 8, 12, 8, 13, 13, 11, 13, 10, 7, 8, 6, 7, 2, 7, 4, 4, 10, 11, 3, 3, 2, 5, 3 ], [ 7, 5, 18, 1, 9, 14, 14, 4, 16, 14, 5, 0, 11, 8, 2, 15, 7, 18, 6, 15, 13, 16, 3, 17, 16, 10, 5, 14, 1, 13, 7, 10, 1, 14, 5, 17, 6, 0, 13, 13, 10, 6, 9, 8, 15, 14, 16, 7, 13, 10, 12, 16, 8, 12, 17, 8, 2, 10, 8, 12, 4, 13, 12, 17, 2, 14, 3, 8, 7, 3, 3, 11, 11, 7, 9, 5, 17, 8, 10, 12, 15, 11, 15, 16, 16, 16, 11, 12, 12, 8, 9, 3, 12, 8, 2, 14, 15, 7, 7, 7, 6, 7 ], [ 5, 12, 13, 11, 16, 16, 8, 8, 13, 18, 7, 11, 0, 5, 12, 7, 12, 11, 8, 10, 4, 12, 12, 12, 16, 13, 14, 8, 11, 1, 9, 13, 11, 12, 7, 17, 6, 11, 2, 2, 16, 5, 4, 12, 13, 15, 12, 5, 15, 16, 15, 11, 9, 16, 10, 4, 10, 15, 14, 10, 8, 2, 5, 14, 9, 3, 13, 4, 4, 9, 8, 8, 4, 5, 15, 8, 16, 13, 9, 12, 14, 11, 16, 15, 7, 17, 16, 7, 1, 5, 13, 8, 3, 7, 10, 11, 13, 8, 4, 5, 6, 8 ], [ 5, 7, 11, 7, 11, 11, 6, 6, 10, 13, 3, 8, 5, 0, 8, 7, 6, 10, 3, 8, 6, 9, 7, 10, 12, 7, 9, 6, 8, 7, 3, 8, 7, 8, 5, 13, 2, 7, 6, 7, 11, 3, 2, 7, 9, 10, 9, 2, 10, 11, 10, 9, 4, 11, 10, 1, 6, 10, 9, 6, 6, 8, 4, 11, 6, 6, 8, 4, 3, 6, 5, 4, 3, 1, 9, 3, 12, 8, 5, 7, 10, 7, 12, 11, 8, 12, 11, 5, 7, 7, 8, 5, 4, 2, 6, 8, 10, 2, 3, 2, 6, 3 ], [ 9, 3, 18, 2, 7, 12, 14, 6, 15, 13, 5, 2, 12, 8, 0, 15, 5, 18, 6, 14, 14, 15, 2, 17, 15, 8, 3, 13, 3, 14, 6, 8, 1, 14, 6, 16, 7, 3, 14, 15, 8, 7, 10, 6, 15, 13, 16, 8, 11, 8, 11, 15, 8, 10, 17, 9, 2, 8, 6, 11, 6, 15, 12, 16, 3, 14, 0, 9, 8, 5, 4, 11, 11, 8, 7, 5, 15, 6, 9, 11, 14, 11, 14, 15, 16, 14, 9, 12, 14, 10, 7, 4, 12, 8, 2, 13, 14, 7, 9, 8, 8, 7 ], [ 11, 14, 6, 15, 15, 13, 3, 13, 8, 15, 10, 15, 7, 7, 15, 0, 12, 4, 10, 4, 4, 6, 14, 5, 11, 11, 15, 3, 15, 7, 9, 11, 14, 7, 12, 12, 9, 15, 6, 7, 15, 10, 7, 12, 7, 11, 5, 8, 12, 15, 12, 4, 8, 14, 3, 7, 13, 14, 14, 7, 13, 8, 3, 8, 13, 4, 15, 10, 9, 13, 12, 5, 5, 8, 14, 10, 11, 13, 7, 8, 10, 8, 12, 10, 1, 12, 15, 3, 7, 12, 12, 12, 4, 7, 13, 6, 9, 8, 9, 8, 12, 9 ], [ 10, 2, 13, 6, 4, 8, 10, 8, 10, 8, 5, 7, 12, 6, 5, 12, 0, 14, 4, 10, 12, 11, 3, 12, 10, 3, 3, 10, 7, 13, 3, 3, 5, 9, 9, 11, 6, 7, 13, 14, 4, 7, 8, 1, 10, 8, 11, 7, 6, 4, 6, 11, 4, 5, 14, 8, 5, 4, 2, 6, 8, 14, 10, 11, 6, 13, 5, 10, 9, 7, 6, 7, 9, 7, 3, 4, 10, 2, 5, 6, 9, 6, 9, 10, 13, 9, 5, 9, 13, 12, 2, 6, 10, 6, 5, 9, 9, 5, 9, 7, 10, 4 ], [ 14, 16, 4, 18, 17, 13, 4, 16, 7, 15, 13, 18, 11, 10, 18, 4, 14, 0, 12, 4, 7, 5, 16, 3, 10, 12, 17, 4, 18, 11, 12, 12, 17, 6, 16, 11, 12, 18, 9, 11, 17, 13, 10, 13, 6, 11, 4, 12, 12, 17, 13, 3, 10, 15, 1, 10, 16, 15, 15, 8, 17, 11, 6, 7, 17, 8, 18, 13, 13, 17, 15, 7, 8, 12, 15, 13, 9, 14, 9, 9, 9, 9, 11, 9, 4, 12, 15, 6, 11, 15, 14, 15, 8, 10, 16, 6, 8, 11, 12, 12, 16, 11 ], [ 7, 4, 12, 5, 8, 10, 8, 6, 10, 11, 2, 6, 8, 3, 6, 10, 4, 12, 0, 9, 8, 10, 4, 11, 11, 5, 6, 8, 6, 10, 1, 5, 5, 8, 6, 12, 3, 6, 9, 10, 8, 4, 5, 4, 10, 9, 10, 4, 8, 8, 8, 10, 3, 8, 12, 4, 4, 7, 6, 6, 6, 11, 7, 11, 5, 9, 6, 6, 5, 5, 4, 5, 6, 3, 7, 1, 11, 5, 4, 6, 10, 6, 10, 11, 11, 11, 8, 6, 10, 8, 5, 4, 7, 3, 4, 8, 9, 2, 5, 4, 7, 1 ], [ 12, 12, 4, 14, 13, 9, 2, 13, 4, 11, 10, 15, 10, 8, 14, 4, 10, 4, 9, 0, 7, 2, 13, 3, 7, 8, 14, 2, 15, 10, 8, 8, 14, 3, 13, 8, 10, 14, 9, 10, 13, 10, 8, 9, 3, 7, 2, 9, 8, 13, 9, 1, 7, 11, 4, 8, 13, 11, 11, 4, 14, 11, 5, 4, 13, 8, 14, 11, 11, 14, 12, 4, 6, 9, 11, 10, 7, 10, 5, 5, 6, 5, 8, 6, 5, 8, 11, 3, 10, 13, 10, 12, 6, 6, 13, 2, 5, 7, 10, 9, 13, 7 ], [ 7, 12, 10, 13, 15, 14, 5, 10, 10, 16, 8, 13, 4, 6, 14, 4, 12, 7, 8, 7, 0, 9, 12, 9, 14, 11, 14, 5, 13, 4, 8, 12, 13, 9, 9, 14, 7, 13, 2, 4, 15, 7, 4, 12, 10, 12, 8, 6, 13, 16, 13, 7, 8, 15, 7, 4, 11, 14, 14, 8, 11, 4, 2, 11, 11, 1, 14, 6, 6, 11, 10, 6, 3, 6, 14, 8, 13, 12, 8, 9, 12, 9, 14, 12, 4, 14, 15, 4, 4, 8, 12, 10, 1, 6, 12, 8, 11, 7, 6, 6, 9, 8 ], [ 14, 13, 2, 15, 13, 8, 4, 15, 2, 10, 12, 16, 12, 9, 15, 6, 11, 5, 10, 2, 9, 0, 14, 2, 6, 8, 14, 4, 16, 12, 9, 8, 15, 2, 15, 6, 11, 16, 11, 12, 13, 12, 10, 10, 2, 6, 1, 11, 8, 13, 8, 1, 8, 11, 5, 10, 14, 11, 12, 5, 16, 13, 7, 3, 15, 10, 15, 13, 13, 15, 14, 5, 8, 11, 11, 11, 5, 11, 6, 5, 5, 5, 6, 4, 7, 7, 11, 5, 12, 15, 10, 13, 9, 8, 14, 2, 3, 9, 12, 11, 15, 9 ], [ 9, 1, 16, 3, 6, 11, 12, 6, 13, 11, 5, 3, 12, 7, 2, 14, 3, 16, 4, 13, 12, 14, 0, 15, 13, 7, 2, 12, 4, 13, 5, 7, 2, 12, 7, 14, 6, 4, 13, 14, 6, 7, 9, 5, 13, 11, 14, 7, 10, 6, 9, 14, 6, 8, 16, 8, 2, 6, 4, 9, 6, 14, 11, 14, 4, 13, 2, 9, 8, 5, 4, 9, 10, 7, 6, 4, 14, 5, 8, 9, 12, 9, 12, 14, 15, 13, 8, 11, 13, 10, 5, 4, 11, 7, 2, 12, 12, 6, 8, 7, 8, 5 ], [ 15, 14, 1, 17, 14, 10, 4, 16, 4, 12, 13, 17, 12, 10, 17, 5, 12, 3, 11, 3, 9, 2, 15, 0, 7, 10, 16, 4, 17, 12, 10, 10, 16, 4, 16, 7, 12, 17, 11, 12, 14, 13, 10, 11, 3, 8, 1, 12, 9, 14, 10, 2, 9, 12, 3, 10, 15, 13, 13, 6, 17, 13, 7, 4, 16, 9, 17, 14, 13, 16, 15, 6, 8, 12, 13, 12, 6, 12, 7, 7, 6, 7, 8, 5, 6, 9, 13, 6, 12, 16, 12, 15, 9, 9, 15, 3, 5, 10, 13, 12, 16, 10 ], [ 17, 12, 7, 15, 9, 3, 9, 17, 4, 5, 13, 16, 16, 12, 15, 11, 10, 10, 11, 7, 14, 6, 13, 7, 0, 6, 13, 9, 17, 17, 10, 6, 15, 5, 17, 1, 13, 16, 16, 17, 9, 14, 13, 8, 4, 2, 7, 13, 4, 9, 4, 7, 8, 7, 11, 13, 14, 8, 9, 6, 17, 18, 11, 4, 16, 15, 14, 16, 15, 16, 15, 8, 12, 13, 8, 12, 1, 9, 7, 5, 2, 5, 1, 2, 12, 1, 7, 9, 17, 19, 8, 14, 13, 10, 14, 6, 3, 10, 15, 14, 18, 10 ], [ 12, 5, 10, 9, 4, 4, 9, 11, 7, 5, 8, 10, 13, 7, 8, 11, 3, 12, 5, 8, 11, 8, 7, 10, 6, 0, 7, 8, 10, 14, 4, 0, 8, 6, 11, 7, 8, 10, 13, 14, 4, 9, 9, 2, 7, 4, 9, 9, 3, 5, 2, 9, 4, 3, 12, 9, 8, 3, 3, 4, 11, 15, 9, 8, 10, 13, 8, 11, 11, 10, 9, 6, 9, 8, 3, 6, 7, 2, 4, 3, 6, 3, 6, 7, 12, 6, 4, 8, 14, 14, 2, 9, 10, 6, 8, 6, 6, 5, 10, 9, 12, 5 ], [ 11, 2, 17, 4, 5, 10, 13, 8, 13, 10, 6, 5, 14, 9, 3, 15, 3, 17, 6, 14, 14, 14, 2, 16, 13, 7, 0, 13, 5, 15, 6, 7, 3, 12, 8, 14, 8, 5, 15, 16, 5, 8, 10, 5, 13, 11, 15, 9, 9, 5, 8, 14, 7, 7, 17, 10, 4, 6, 4, 10, 8, 16, 13, 14, 6, 15, 2, 11, 10, 7, 6, 10, 11, 9, 5, 6, 14, 4, 9, 9, 12, 9, 12, 14, 16, 12, 7, 12, 15, 12, 5, 6, 13, 8, 4, 12, 12, 7, 10, 9, 10, 7 ], [ 11, 11, 5, 13, 13, 10, 0, 12, 6, 12, 9, 14, 8, 6, 13, 3, 10, 4, 8, 2, 5, 4, 12, 4, 9, 8, 13, 0, 14, 8, 7, 9, 13, 4, 12, 9, 8, 13, 7, 9, 13, 9, 6, 9, 5, 8, 4, 8, 9, 13, 9, 3, 6, 11, 4, 6, 12, 11, 11, 4, 13, 9, 3, 6, 12, 6, 13, 10, 9, 12, 11, 3, 4, 8, 11, 8, 8, 10, 5, 5, 7, 5, 9, 7, 4, 10, 12, 1, 8, 12, 10, 11, 5, 5, 12, 3, 6, 6, 8, 8, 12, 7 ], [ 7, 6, 18, 1, 10, 15, 14, 4, 16, 15, 5, 1, 11, 8, 3, 15, 7, 18, 6, 15, 13, 16, 4, 17, 17, 10, 5, 14, 0, 12, 7, 10, 2, 15, 4, 18, 6, 1, 12, 13, 10, 6, 9, 9, 16, 15, 17, 7, 13, 10, 13, 16, 9, 12, 18, 8, 3, 11, 9, 12, 3, 13, 12, 17, 2, 13, 3, 7, 7, 2, 3, 11, 11, 7, 10, 5, 17, 9, 11, 12, 16, 12, 16, 17, 16, 16, 12, 12, 12, 8, 9, 3, 12, 9, 3, 14, 15, 8, 7, 7, 5, 7 ], [ 6, 14, 13, 13, 17, 17, 8, 9, 14, 19, 9, 13, 1, 7, 14, 7, 13, 11, 10, 10, 4, 12, 13, 12, 17, 14, 15, 8, 12, 0, 10, 14, 13, 12, 8, 17, 7, 12, 1, 1, 17, 7, 5, 14, 13, 16, 12, 6, 16, 17, 16, 11, 10, 17, 10, 5, 12, 16, 15, 11, 10, 1, 5, 14, 11, 3, 14, 5, 6, 10, 10, 8, 5, 6, 16, 9, 16, 14, 10, 12, 15, 12, 17, 16, 7, 18, 17, 8, 0, 6, 14, 10, 4, 8, 12, 11, 14, 9, 5, 6, 8, 9 ], [ 8, 4, 11, 6, 7, 8, 7, 7, 9, 10, 3, 7, 9, 3, 6, 9, 3, 12, 1, 8, 8, 9, 5, 10, 10, 4, 6, 7, 7, 10, 0, 4, 6, 7, 7, 11, 4, 7, 9, 11, 7, 5, 5, 3, 9, 8, 9, 5, 7, 7, 7, 9, 2, 7, 11, 5, 5, 6, 5, 5, 7, 11, 7, 10, 6, 10, 6, 7, 6, 7, 5, 4, 6, 4, 6, 2, 10, 4, 3, 5, 8, 5, 9, 10, 10, 10, 7, 6, 10, 9, 4, 5, 7, 3, 5, 7, 8, 1, 6, 5, 8, 1 ], [ 12, 5, 11, 9, 4, 4, 9, 11, 7, 5, 8, 10, 13, 8, 8, 11, 3, 12, 5, 8, 12, 8, 7, 10, 6, 0, 7, 9, 10, 14, 4, 0, 8, 7, 11, 7, 8, 10, 13, 15, 4, 9, 9, 2, 7, 4, 9, 9, 3, 4, 2, 9, 4, 3, 12, 9, 8, 3, 3, 5, 11, 15, 10, 8, 10, 13, 8, 12, 11, 10, 9, 6, 9, 9, 3, 7, 7, 2, 4, 3, 6, 3, 6, 7, 12, 6, 3, 8, 14, 14, 2, 9, 11, 6, 8, 7, 6, 6, 10, 9, 12, 5 ], [ 8, 3, 17, 1, 8, 13, 13, 5, 14, 13, 4, 1, 11, 7, 1, 14, 5, 17, 5, 14, 13, 15, 2, 16, 15, 8, 3, 13, 2, 13, 6, 8, 0, 13, 5, 16, 6, 2, 13, 13, 8, 6, 9, 7, 14, 13, 15, 7, 11, 8, 11, 15, 7, 10, 17, 8, 1, 8, 6, 10, 5, 14, 12, 15, 2, 13, 2, 8, 7, 3, 3, 10, 10, 7, 8, 4, 15, 6, 9, 10, 14, 10, 14, 15, 15, 14, 10, 11, 13, 9, 7, 3, 11, 8, 1, 13, 13, 6, 7, 7, 7, 6 ], [ 13, 11, 4, 14, 11, 7, 4, 14, 2, 8, 10, 14, 12, 8, 14, 7, 9, 6, 8, 3, 9, 2, 12, 4, 5, 6, 12, 4, 15, 12, 7, 7, 13, 0, 14, 5, 10, 14, 11, 12, 11, 11, 9, 8, 1, 4, 3, 10, 6, 11, 6, 3, 6, 9, 6, 9, 12, 9, 10, 3, 14, 13, 7, 3, 13, 10, 13, 12, 12, 14, 12, 4, 7, 10, 9, 9, 4, 9, 4, 3, 3, 3, 5, 4, 7, 6, 9, 5, 12, 15, 8, 12, 8, 7, 12, 1, 2, 7, 11, 10, 14, 7 ], [ 3, 8, 17, 5, 12, 15, 12, 1, 15, 16, 4, 5, 7, 5, 6, 12, 9, 16, 6, 13, 9, 15, 7, 16, 17, 11, 8, 12, 4, 8, 7, 11, 5, 14, 0, 18, 4, 4, 9, 9, 13, 3, 6, 10, 15, 15, 15, 4, 14, 13, 14, 14, 8, 14, 15, 6, 5, 12, 11, 11, 1, 9, 9, 16, 3, 10, 7, 3, 3, 2, 2, 9, 8, 4, 12, 5, 17, 10, 10, 12, 15, 12, 16, 17, 13, 17, 14, 10, 8, 4, 10, 3, 8, 7, 5, 13, 15, 7, 4, 4, 1, 7 ], [ 18, 13, 7, 16, 10, 4, 10, 18, 4, 5, 14, 17, 17, 13, 16, 12, 11, 11, 12, 8, 14, 6, 14, 7, 1, 7, 14, 9, 18, 17, 11, 7, 16, 5, 18, 0, 14, 17, 16, 18, 10, 15, 14, 9, 5, 3, 7, 14, 5, 10, 6, 8, 9, 8, 11, 14, 15, 9, 10, 7, 18, 18, 12, 4, 17, 15, 15, 17, 16, 17, 16, 9, 13, 14, 9, 13, 1, 10, 8, 6, 2, 6, 2, 2, 13, 2, 8, 10, 17, 19, 9, 15, 14, 11, 15, 6, 3, 11, 16, 14, 19, 11 ], [ 4, 6, 13, 6, 10, 12, 8, 4, 12, 13, 1, 6, 6, 2, 7, 9, 6, 12, 3, 10, 7, 11, 6, 12, 13, 8, 8, 8, 6, 7, 4, 8, 6, 10, 4, 14, 0, 6, 7, 8, 11, 1, 3, 7, 11, 11, 11, 1, 11, 11, 11, 11, 5, 11, 12, 3, 4, 10, 8, 8, 4, 8, 6, 13, 4, 8, 7, 3, 2, 4, 3, 6, 5, 1, 10, 2, 13, 8, 6, 8, 12, 8, 13, 13, 10, 13, 11, 7, 7, 6, 8, 3, 6, 4, 5, 9, 11, 3, 2, 1, 4, 3 ], [ 7, 5, 18, 1, 10, 14, 14, 4, 16, 15, 5, 0, 11, 7, 3, 15, 7, 18, 6, 14, 13, 16, 4, 17, 16, 10, 5, 13, 1, 12, 7, 10, 2, 14, 4, 17, 6, 0, 12, 13, 10, 6, 9, 8, 15, 14, 16, 7, 13, 10, 12, 15, 8, 12, 17, 8, 2, 10, 8, 11, 3, 13, 12, 16, 1, 13, 3, 7, 7, 2, 3, 11, 10, 7, 9, 5, 17, 8, 10, 12, 15, 11, 15, 16, 16, 16, 12, 12, 12, 8, 9, 3, 11, 8, 2, 14, 15, 7, 7, 7, 6, 7 ], [ 6, 13, 12, 13, 17, 16, 7, 9, 13, 18, 8, 13, 2, 6, 14, 6, 13, 9, 9, 9, 2, 11, 13, 11, 16, 13, 15, 7, 12, 1, 9, 13, 13, 11, 9, 16, 7, 12, 0, 2, 17, 7, 4, 13, 12, 14, 11, 6, 15, 17, 15, 10, 10, 16, 9, 5, 11, 15, 15, 10, 10, 2, 4, 13, 11, 2, 14, 5, 6, 10, 10, 7, 4, 6, 15, 9, 15, 14, 9, 11, 14, 11, 16, 15, 6, 16, 17, 6, 1, 6, 14, 10, 3, 7, 12, 10, 13, 8, 5, 6, 8, 9 ], [ 7, 14, 13, 13, 18, 18, 9, 10, 14, 19, 9, 13, 2, 7, 15, 7, 14, 11, 10, 10, 4, 12, 14, 12, 17, 14, 16, 9, 13, 1, 11, 15, 13, 12, 9, 18, 8, 13, 2, 0, 18, 8, 6, 14, 13, 16, 12, 7, 16, 18, 16, 11, 11, 18, 10, 6, 12, 17, 16, 11, 10, 1, 6, 15, 12, 3, 15, 6, 6, 11, 10, 9, 6, 7, 17, 10, 17, 15, 11, 13, 16, 13, 17, 16, 7, 18, 18, 8, 1, 6, 15, 11, 4, 9, 13, 12, 14, 9, 6, 7, 8, 10 ], [ 14, 5, 15, 9, 0, 6, 13, 12, 11, 6, 10, 10, 16, 11, 8, 15, 4, 17, 8, 13, 15, 13, 6, 14, 9, 4, 5, 13, 10, 17, 7, 4, 8, 11, 13, 10, 11, 10, 17, 18, 0, 12, 12, 4, 11, 7, 13, 12, 6, 0, 5, 13, 7, 3, 16, 12, 8, 2, 2, 9, 12, 18, 14, 12, 10, 17, 7, 14, 13, 11, 10, 10, 13, 11, 1, 9, 10, 3, 8, 8, 9, 8, 8, 11, 16, 8, 2, 12, 17, 16, 3, 10, 14, 10, 8, 11, 10, 9, 13, 12, 14, 8 ], [ 3, 7, 14, 6, 12, 13, 9, 3, 13, 15, 2, 6, 5, 3, 7, 10, 7, 13, 4, 10, 7, 12, 7, 13, 14, 9, 8, 9, 6, 7, 5, 9, 6, 11, 3, 15, 1, 6, 7, 8, 12, 0, 3, 8, 12, 12, 12, 1, 12, 12, 12, 11, 6, 12, 12, 3, 5, 11, 9, 9, 4, 8, 7, 13, 4, 8, 7, 2, 1, 4, 3, 7, 5, 1, 11, 3, 14, 9, 7, 9, 13, 9, 14, 14, 10, 15, 12, 7, 7, 4, 9, 3, 6, 4, 5, 10, 12, 4, 2, 1, 3, 5 ], [ 5, 9, 11, 9, 12, 13, 6, 6, 11, 14, 4, 9, 4, 2, 10, 7, 8, 10, 5, 8, 4, 10, 9, 10, 13, 9, 10, 6, 9, 5, 5, 9, 9, 9, 6, 14, 3, 9, 4, 6, 12, 3, 0, 9, 10, 11, 10, 2, 11, 12, 11, 9, 6, 12, 9, 1, 7, 11, 10, 7, 7, 6, 4, 11, 7, 5, 10, 4, 3, 7, 6, 5, 2, 2, 11, 5, 13, 9, 6, 8, 11, 8, 13, 12, 7, 13, 13, 5, 5, 6, 9, 6, 3, 3, 8, 8, 10, 4, 2, 2, 6, 4 ], [ 11, 3, 12, 7, 4, 6, 10, 10, 9, 7, 6, 8, 12, 7, 6, 12, 1, 13, 4, 9, 12, 10, 5, 11, 8, 2, 5, 9, 9, 14, 3, 2, 7, 8, 10, 9, 7, 8, 13, 14, 4, 8, 9, 0, 9, 6, 10, 8, 5, 4, 4, 10, 4, 4, 13, 8, 6, 3, 2, 6, 10, 15, 10, 10, 8, 13, 6, 11, 10, 9, 8, 7, 9, 8, 3, 5, 9, 1, 5, 5, 7, 5, 8, 9, 13, 8, 4, 8, 13, 13, 1, 7, 10, 6, 6, 8, 8, 5, 9, 8, 11, 4 ], [ 14, 12, 3, 15, 11, 7, 5, 15, 1, 9, 11, 15, 13, 9, 15, 7, 10, 6, 10, 3, 10, 2, 13, 3, 4, 7, 13, 5, 16, 13, 9, 7, 14, 1, 15, 5, 11, 15, 12, 13, 11, 12, 10, 9, 0, 5, 2, 11, 6, 11, 7, 3, 7, 9, 6, 10, 13, 10, 11, 4, 16, 14, 8, 1, 15, 11, 14, 13, 13, 15, 14, 6, 8, 11, 10, 11, 3, 10, 5, 4, 3, 4, 5, 3, 8, 6, 10, 6, 13, 16, 9, 13, 9, 8, 13, 2, 2, 8, 12, 11, 15, 8 ], [ 15, 10, 8, 13, 7, 2, 8, 15, 4, 4, 11, 14, 15, 10, 13, 11, 8, 11, 9, 7, 12, 6, 11, 8, 2, 4, 11, 8, 15, 16, 8, 4, 13, 4, 15, 3, 11, 14, 14, 16, 7, 12, 11, 6, 5, 0, 7, 12, 2, 7, 3, 7, 6, 5, 11, 11, 12, 6, 7, 5, 15, 16, 10, 4, 13, 14, 12, 14, 14, 14, 13, 7, 10, 11, 6, 10, 3, 7, 5, 3, 2, 3, 1, 3, 12, 2, 5, 8, 15, 17, 6, 12, 12, 8, 12, 5, 3, 8, 13, 12, 16, 8 ], [ 14, 13, 2, 16, 13, 9, 4, 15, 3, 11, 12, 16, 12, 9, 16, 5, 11, 4, 10, 2, 8, 1, 14, 1, 7, 9, 15, 4, 17, 12, 9, 9, 15, 3, 15, 7, 11, 16, 11, 12, 13, 12, 10, 10, 2, 7, 0, 11, 8, 13, 9, 1, 8, 11, 4, 10, 14, 12, 12, 5, 16, 13, 7, 3, 15, 9, 16, 13, 13, 15, 14, 6, 8, 11, 12, 11, 6, 11, 6, 6, 5, 6, 7, 5, 6, 8, 12, 5, 12, 15, 11, 14, 8, 8, 14, 2, 4, 9, 12, 11, 15, 9 ], [ 4, 7, 13, 7, 11, 13, 8, 4, 12, 14, 2, 7, 5, 2, 8, 8, 7, 12, 4, 9, 6, 11, 7, 12, 13, 9, 9, 8, 7, 6, 5, 9, 7, 10, 4, 14, 1, 7, 6, 7, 12, 1, 2, 8, 11, 12, 11, 0, 11, 12, 11, 10, 5, 12, 11, 2, 6, 11, 9, 8, 5, 7, 5, 12, 5, 7, 8, 3, 2, 5, 4, 6, 4, 0, 10, 3, 13, 9, 6, 9, 12, 8, 13, 13, 9, 14, 12, 6, 6, 5, 9, 4, 5, 3, 6, 9, 11, 3, 1, 0, 4, 4 ], [ 15, 8, 9, 12, 6, 1, 9, 14, 6, 3, 11, 13, 15, 10, 11, 12, 6, 12, 8, 8, 13, 8, 10, 9, 4, 3, 9, 9, 13, 16, 7, 3, 11, 6, 14, 5, 11, 13, 15, 16, 6, 12, 11, 5, 6, 2, 8, 11, 0, 6, 1, 9, 6, 3, 12, 11, 11, 4, 6, 5, 14, 17, 11, 6, 13, 14, 11, 14, 13, 13, 12, 8, 11, 11, 5, 9, 5, 5, 6, 4, 4, 4, 3, 5, 13, 3, 4, 9, 16, 17, 4, 12, 12, 8, 11, 6, 4, 8, 13, 12, 15, 8 ], [ 14, 5, 15, 9, 0, 6, 13, 12, 11, 6, 10, 10, 16, 11, 8, 15, 4, 17, 8, 13, 16, 13, 6, 14, 9, 5, 5, 13, 10, 17, 7, 4, 8, 11, 13, 10, 11, 10, 17, 18, 0, 12, 12, 4, 11, 7, 13, 12, 6, 0, 5, 13, 7, 3, 16, 12, 8, 2, 2, 9, 12, 18, 14, 12, 10, 17, 7, 14, 13, 11, 10, 10, 13, 11, 1, 9, 10, 3, 8, 8, 9, 8, 8, 11, 17, 8, 2, 12, 17, 16, 3, 10, 14, 10, 8, 11, 10, 9, 13, 12, 14, 8 ], [ 15, 8, 10, 11, 5, 2, 10, 14, 6, 3, 10, 12, 15, 10, 11, 12, 6, 13, 8, 9, 13, 8, 9, 10, 4, 2, 8, 9, 13, 16, 7, 2, 11, 6, 14, 6, 11, 12, 15, 16, 5, 12, 11, 4, 7, 3, 9, 11, 1, 5, 0, 9, 6, 2, 12, 11, 10, 3, 5, 5, 14, 17, 11, 7, 12, 14, 10, 14, 13, 13, 12, 8, 11, 11, 4, 9, 5, 4, 6, 4, 4, 4, 4, 6, 13, 4, 3, 9, 16, 16, 4, 11, 12, 8, 10, 7, 5, 8, 13, 11, 15, 7 ], [ 13, 13, 3, 15, 13, 9, 3, 14, 4, 11, 11, 16, 11, 9, 15, 4, 11, 3, 10, 1, 7, 1, 14, 2, 7, 9, 14, 3, 16, 11, 9, 9, 15, 3, 14, 8, 11, 15, 10, 11, 13, 11, 9, 10, 3, 7, 1, 10, 9, 13, 9, 0, 7, 11, 3, 9, 14, 12, 12, 5, 15, 12, 6, 4, 14, 8, 15, 12, 12, 15, 13, 5, 7, 10, 12, 11, 6, 11, 6, 6, 6, 6, 8, 6, 5, 8, 12, 4, 11, 14, 10, 13, 7, 7, 14, 2, 5, 8, 11, 10, 14, 8 ], [ 9, 5, 10, 8, 7, 7, 6, 9, 7, 9, 5, 8, 9, 4, 8, 8, 4, 10, 3, 7, 8, 8, 6, 9, 8, 4, 7, 6, 9, 10, 2, 4, 7, 6, 8, 9, 5, 8, 10, 11, 7, 6, 6, 4, 7, 6, 8, 5, 6, 7, 6, 7, 0, 7, 10, 5, 6, 6, 5, 3, 9, 11, 6, 8, 8, 9, 8, 8, 7, 8, 7, 3, 5, 5, 6, 4, 8, 4, 2, 3, 7, 3, 8, 8, 9, 8, 7, 5, 10, 11, 4, 6, 7, 2, 6, 6, 6, 2, 7, 5, 9, 2 ], [ 15, 7, 13, 11, 3, 3, 12, 14, 9, 3, 10, 12, 16, 11, 10, 14, 5, 15, 8, 11, 15, 11, 8, 12, 7, 3, 7, 11, 12, 17, 7, 3, 10, 9, 14, 8, 11, 12, 16, 18, 3, 12, 12, 4, 9, 5, 11, 12, 3, 3, 2, 11, 7, 0, 15, 12, 10, 2, 4, 7, 14, 18, 13, 9, 12, 16, 9, 15, 14, 13, 12, 9, 12, 12, 2, 9, 8, 4, 7, 6, 7, 6, 6, 8, 15, 6, 1, 11, 17, 17, 3, 11, 14, 9, 10, 9, 7, 9, 13, 12, 15, 8 ], [ 14, 15, 4, 17, 16, 13, 4, 16, 7, 15, 13, 17, 10, 10, 17, 3, 14, 1, 12, 4, 7, 5, 16, 3, 11, 12, 17, 4, 18, 10, 11, 12, 17, 6, 15, 11, 12, 17, 9, 10, 16, 12, 9, 13, 6, 11, 4, 11, 12, 16, 12, 3, 10, 15, 0, 10, 16, 15, 15, 8, 16, 10, 6, 7, 16, 7, 17, 13, 12, 16, 15, 7, 7, 11, 15, 12, 10, 14, 9, 9, 9, 9, 11, 9, 3, 12, 15, 5, 10, 15, 13, 15, 7, 9, 16, 6, 8, 10, 12, 11, 15, 11 ], [ 5, 8, 11, 8, 12, 12, 6, 6, 10, 14, 4, 8, 4, 1, 9, 7, 8, 10, 4, 8, 4, 10, 8, 10, 13, 9, 10, 6, 8, 5, 5, 9, 8, 9, 6, 14, 3, 8, 5, 6, 12, 3, 1, 8, 10, 11, 10, 2, 11, 12, 11, 9, 5, 12, 10, 0, 7, 11, 10, 7, 7, 6, 4, 11, 7, 5, 9, 4, 3, 7, 6, 4, 2, 2, 11, 4, 12, 9, 6, 8, 11, 8, 12, 12, 8, 13, 12, 5, 5, 6, 9, 5, 3, 3, 7, 8, 10, 3, 2, 2, 6, 4 ], [ 7, 3, 16, 2, 8, 12, 12, 4, 13, 13, 3, 2, 10, 6, 2, 13, 5, 16, 4, 13, 11, 14, 2, 15, 14, 8, 4, 12, 3, 12, 5, 8, 1, 12, 5, 15, 4, 2, 11, 12, 8, 5, 7, 6, 13, 12, 14, 6, 11, 8, 10, 14, 6, 10, 16, 7, 0, 8, 6, 9, 4, 13, 10, 14, 2, 12, 3, 7, 6, 3, 2, 9, 9, 5, 8, 3, 14, 6, 8, 10, 13, 9, 13, 14, 14, 14, 10, 10, 11, 8, 7, 2, 10, 7, 0, 12, 13, 5, 6, 5, 6, 5 ], [ 14, 5, 13, 9, 2, 5, 11, 12, 9, 5, 9, 10, 15, 10, 8, 14, 4, 15, 7, 11, 14, 11, 6, 13, 8, 3, 6, 11, 11, 16, 6, 3, 8, 9, 12, 9, 10, 10, 15, 17, 2, 11, 11, 3, 10, 6, 12, 11, 4, 2, 3, 12, 6, 2, 15, 11, 8, 0, 2, 7, 12, 17, 12, 10, 10, 15, 8, 13, 12, 11, 10, 9, 11, 10, 1, 8, 9, 2, 7, 6, 8, 6, 7, 9, 15, 7, 1, 11, 16, 15, 2, 9, 13, 8, 8, 9, 8, 7, 12, 11, 14, 7 ], [ 12, 3, 14, 7, 2, 7, 11, 10, 10, 7, 7, 8, 14, 9, 6, 14, 2, 15, 6, 11, 14, 12, 4, 13, 9, 3, 4, 11, 9, 15, 5, 3, 6, 10, 11, 10, 8, 8, 15, 16, 2, 9, 10, 2, 11, 7, 12, 9, 6, 2, 5, 12, 5, 4, 15, 10, 6, 2, 0, 7, 10, 16, 12, 11, 8, 15, 6, 12, 11, 9, 8, 9, 11, 9, 1, 6, 10, 1, 7, 7, 9, 6, 8, 10, 15, 9, 3, 10, 15, 14, 2, 8, 12, 8, 6, 10, 9, 7, 11, 9, 12, 6 ], [ 11, 8, 7, 11, 9, 6, 4, 11, 4, 8, 8, 12, 10, 6, 11, 7, 6, 8, 6, 4, 8, 5, 9, 6, 6, 4, 10, 4, 12, 11, 5, 5, 10, 3, 11, 7, 8, 11, 10, 11, 9, 9, 7, 6, 4, 5, 5, 8, 5, 9, 5, 5, 3, 7, 8, 7, 9, 7, 7, 0, 12, 12, 6, 5, 11, 9, 11, 10, 9, 11, 10, 3, 6, 7, 7, 7, 6, 6, 1, 1, 4, 1, 6, 5, 8, 7, 8, 4, 11, 13, 6, 9, 7, 4, 10, 3, 4, 5, 9, 8, 12, 5 ], [ 4, 7, 18, 4, 12, 16, 13, 1, 16, 16, 4, 4, 8, 6, 6, 13, 8, 17, 6, 14, 11, 16, 6, 17, 17, 11, 8, 13, 3, 10, 7, 11, 5, 14, 1, 18, 4, 3, 10, 10, 12, 4, 7, 10, 16, 15, 16, 5, 14, 12, 14, 15, 9, 14, 16, 7, 4, 12, 10, 12, 0, 10, 10, 17, 2, 11, 6, 5, 4, 1, 2, 10, 9, 5, 12, 5, 17, 10, 10, 12, 16, 12, 17, 17, 14, 17, 14, 11, 9, 5, 10, 3, 9, 8, 4, 14, 15, 7, 5, 5, 2, 7 ], [ 6, 15, 14, 14, 18, 18, 9, 10, 15, 20, 10, 13, 2, 8, 15, 8, 14, 11, 11, 11, 4, 13, 14, 13, 18, 15, 16, 9, 13, 1, 11, 15, 14, 13, 9, 18, 8, 13, 2, 1, 18, 8, 6, 15, 14, 16, 13, 7, 17, 18, 17, 12, 11, 18, 10, 6, 13, 17, 16, 12, 10, 0, 6, 15, 12, 3, 15, 6, 7, 11, 10, 9, 6, 7, 17, 10, 17, 15, 11, 13, 16, 13, 18, 17, 7, 18, 18, 8, 1, 6, 15, 11, 5, 9, 13, 12, 15, 10, 6, 7, 8, 10 ], [ 8, 11, 8, 12, 13, 12, 3, 10, 8, 14, 7, 12, 5, 4, 12, 3, 10, 6, 7, 5, 2, 7, 11, 7, 11, 9, 13, 3, 12, 5, 7, 10, 12, 7, 9, 12, 6, 12, 4, 6, 14, 7, 4, 10, 8, 10, 7, 5, 11, 14, 11, 6, 6, 13, 6, 4, 10, 12, 12, 6, 10, 6, 0, 9, 11, 3, 13, 7, 7, 10, 9, 3, 2, 5, 12, 7, 11, 11, 6, 7, 10, 7, 11, 10, 4, 12, 13, 2, 5, 9, 10, 9, 2, 4, 11, 6, 9, 6, 6, 6, 9, 6 ], [ 16, 13, 3, 16, 12, 6, 6, 16, 1, 8, 13, 17, 14, 11, 16, 8, 11, 7, 11, 4, 11, 3, 14, 4, 4, 8, 14, 6, 17, 14, 10, 8, 15, 3, 16, 4, 13, 16, 13, 15, 12, 13, 11, 10, 1, 4, 3, 12, 6, 12, 7, 4, 8, 9, 7, 11, 14, 10, 11, 5, 17, 15, 9, 0, 16, 12, 15, 15, 14, 16, 15, 7, 10, 12, 10, 12, 3, 10, 6, 5, 3, 5, 4, 2, 9, 5, 10, 7, 14, 17, 9, 14, 11, 9, 15, 3, 2, 10, 14, 12, 17, 10 ], [ 6, 5, 17, 2, 10, 14, 12, 3, 15, 14, 3, 2, 9, 6, 3, 13, 6, 17, 5, 13, 11, 15, 4, 16, 16, 10, 6, 12, 2, 11, 6, 10, 2, 13, 3, 17, 4, 1, 11, 12, 10, 4, 7, 8, 15, 13, 15, 5, 13, 10, 12, 14, 8, 12, 16, 7, 2, 10, 8, 11, 2, 12, 11, 16, 0, 12, 4, 6, 5, 1, 1, 10, 9, 5, 10, 4, 16, 8, 9, 11, 14, 11, 15, 16, 14, 15, 12, 11, 11, 7, 8, 1, 10, 7, 2, 13, 14, 6, 6, 5, 4, 6 ], [ 8, 13, 11, 13, 16, 15, 6, 10, 11, 17, 9, 14, 3, 6, 14, 4, 13, 8, 9, 8, 1, 10, 13, 9, 15, 13, 15, 6, 13, 3, 10, 13, 13, 10, 10, 15, 8, 13, 2, 3, 17, 8, 5, 13, 11, 14, 9, 7, 14, 17, 14, 8, 9, 16, 7, 5, 12, 15, 15, 9, 11, 3, 3, 12, 12, 0, 15, 7, 7, 11, 11, 7, 4, 7, 15, 9, 14, 14, 9, 11, 13, 10, 15, 13, 4, 15, 16, 5, 3, 8, 13, 11, 2, 7, 12, 9, 12, 8, 6, 7, 9, 9 ], [ 9, 3, 17, 2, 7, 12, 14, 6, 14, 12, 6, 3, 13, 8, 0, 15, 5, 18, 6, 14, 14, 15, 2, 17, 14, 8, 2, 13, 3, 14, 6, 8, 2, 13, 7, 15, 7, 3, 14, 15, 7, 7, 10, 6, 14, 12, 16, 8, 11, 7, 10, 15, 8, 9, 17, 9, 3, 8, 6, 11, 6, 15, 13, 15, 4, 15, 0, 9, 9, 5, 5, 11, 11, 8, 7, 5, 15, 6, 9, 11, 14, 10, 14, 15, 16, 14, 9, 12, 14, 11, 7, 4, 12, 8, 2, 13, 14, 7, 9, 8, 8, 7 ], [ 1, 9, 15, 8, 14, 16, 10, 4, 14, 17, 4, 8, 4, 4, 9, 10, 10, 13, 6, 11, 6, 13, 9, 14, 16, 11, 11, 10, 7, 5, 7, 12, 8, 12, 3, 17, 3, 7, 5, 6, 14, 2, 4, 11, 13, 14, 13, 3, 14, 14, 14, 12, 8, 15, 13, 4, 7, 13, 12, 10, 5, 6, 7, 15, 6, 7, 9, 0, 1, 5, 5, 8, 5, 3, 13, 5, 16, 11, 9, 11, 15, 11, 16, 16, 10, 16, 15, 8, 5, 2, 11, 5, 6, 6, 7, 12, 14, 6, 1, 3, 3, 7 ], [ 2, 9, 14, 7, 13, 15, 9, 4, 13, 16, 3, 7, 4, 3, 8, 9, 9, 13, 5, 11, 6, 13, 8, 13, 15, 11, 10, 9, 7, 6, 6, 11, 7, 12, 3, 16, 2, 7, 6, 6, 13, 1, 3, 10, 13, 14, 13, 2, 13, 13, 13, 12, 7, 14, 12, 3, 6, 12, 11, 9, 4, 7, 7, 14, 5, 7, 9, 1, 0, 5, 4, 7, 5, 2, 12, 4, 15, 10, 8, 10, 14, 10, 15, 15, 10, 16, 14, 8, 5, 3, 10, 4, 5, 5, 6, 11, 13, 5, 1, 2, 3, 6 ], [ 5, 6, 17, 3, 11, 15, 12, 2, 15, 15, 4, 3, 9, 6, 5, 13, 7, 17, 5, 14, 11, 15, 5, 16, 16, 10, 7, 12, 2, 10, 7, 10, 3, 14, 2, 17, 4, 2, 10, 11, 11, 4, 7, 9, 15, 14, 15, 5, 13, 11, 13, 15, 8, 13, 16, 7, 3, 11, 9, 11, 1, 11, 10, 16, 1, 11, 5, 5, 5, 0, 1, 10, 9, 5, 11, 4, 17, 9, 10, 12, 15, 11, 16, 16, 14, 16, 13, 11, 10, 6, 9, 2, 10, 7, 3, 13, 15, 7, 5, 5, 3, 7 ], [ 5, 6, 16, 3, 10, 14, 11, 2, 14, 14, 2, 3, 8, 5, 4, 12, 6, 15, 4, 12, 10, 14, 4, 15, 15, 9, 6, 11, 3, 10, 5, 9, 3, 12, 2, 16, 3, 3, 10, 10, 10, 3, 6, 8, 14, 13, 14, 4, 12, 10, 12, 13, 7, 12, 15, 6, 2, 10, 8, 10, 2, 10, 9, 15, 1, 11, 5, 5, 4, 1, 0, 9, 8, 4, 10, 3, 15, 8, 8, 10, 14, 10, 15, 15, 13, 15, 12, 10, 9, 6, 8, 1, 9, 6, 3, 12, 13, 5, 4, 4, 4, 5 ], [ 9, 9, 7, 10, 10, 9, 3, 10, 6, 10, 6, 11, 8, 4, 11, 5, 7, 7, 5, 4, 6, 5, 9, 6, 8, 6, 10, 3, 11, 8, 4, 6, 10, 4, 9, 9, 6, 11, 7, 9, 10, 7, 5, 7, 6, 7, 6, 6, 8, 10, 8, 5, 3, 9, 7, 4, 9, 9, 9, 3, 10, 9, 3, 7, 10, 7, 11, 8, 7, 10, 9, 0, 3, 5, 9, 6, 8, 7, 2, 4, 7, 4, 8, 8, 6, 9, 10, 2, 8, 10, 7, 8, 5, 2, 9, 4, 6, 3, 7, 6, 10, 4 ], [ 7, 10, 9, 10, 13, 12, 4, 8, 9, 14, 6, 11, 4, 3, 11, 5, 9, 8, 6, 6, 3, 8, 10, 8, 12, 9, 11, 4, 11, 5, 6, 9, 10, 7, 8, 13, 5, 10, 4, 6, 13, 5, 2, 9, 8, 10, 8, 4, 11, 13, 11, 7, 5, 12, 7, 2, 9, 11, 11, 6, 9, 6, 2, 10, 9, 4, 11, 5, 5, 9, 8, 3, 0, 4, 11, 6, 11, 10, 5, 7, 10, 7, 12, 11, 5, 12, 13, 3, 5, 8, 10, 8, 2, 3, 9, 6, 9, 4, 4, 4, 8, 5 ], [ 4, 7, 13, 7, 11, 13, 8, 4, 11, 14, 2, 7, 5, 1, 8, 8, 7, 12, 3, 9, 6, 11, 7, 12, 13, 8, 9, 8, 7, 6, 4, 9, 7, 10, 4, 14, 1, 7, 6, 7, 11, 1, 2, 8, 11, 11, 11, 0, 11, 11, 11, 10, 5, 12, 11, 2, 5, 10, 9, 7, 5, 7, 5, 12, 5, 7, 8, 3, 2, 5, 4, 5, 4, 0, 10, 3, 13, 8, 6, 8, 12, 8, 13, 13, 9, 14, 12, 6, 6, 5, 8, 4, 5, 3, 6, 9, 11, 3, 2, 0, 4, 4 ], [ 13, 5, 13, 9, 1, 5, 12, 12, 10, 5, 9, 9, 15, 9, 7, 14, 3, 15, 7, 11, 14, 11, 6, 13, 8, 3, 5, 11, 10, 16, 6, 3, 8, 9, 12, 9, 10, 9, 15, 17, 1, 11, 11, 3, 10, 6, 12, 10, 5, 1, 4, 12, 6, 2, 15, 11, 8, 1, 1, 7, 12, 17, 12, 10, 10, 15, 7, 13, 12, 11, 10, 9, 11, 10, 0, 8, 9, 2, 7, 6, 8, 6, 7, 10, 15, 8, 2, 11, 16, 15, 2, 9, 13, 8, 8, 10, 8, 7, 12, 10, 13, 7 ], [ 6, 4, 13, 5, 8, 11, 9, 5, 11, 12, 1, 5, 8, 3, 5, 10, 4, 13, 1, 10, 8, 11, 4, 12, 12, 6, 6, 8, 5, 9, 2, 7, 4, 9, 5, 13, 2, 5, 9, 10, 9, 3, 5, 5, 11, 10, 11, 3, 9, 9, 9, 11, 4, 9, 12, 4, 3, 8, 6, 7, 5, 10, 7, 12, 4, 9, 5, 5, 4, 4, 3, 6, 6, 3, 8, 0, 12, 6, 5, 7, 11, 7, 12, 12, 11, 12, 9, 7, 9, 7, 6, 3, 7, 3, 3, 9, 10, 2, 4, 3, 6, 2 ], [ 17, 12, 6, 16, 10, 4, 8, 17, 3, 6, 13, 17, 16, 12, 15, 11, 10, 9, 11, 7, 13, 5, 14, 6, 1, 7, 14, 8, 17, 16, 10, 7, 15, 4, 17, 1, 13, 17, 15, 17, 10, 14, 13, 9, 3, 3, 6, 13, 5, 10, 5, 6, 8, 8, 10, 12, 14, 9, 10, 6, 17, 17, 11, 3, 16, 14, 15, 16, 15, 17, 15, 8, 11, 13, 9, 12, 0, 9, 7, 5, 2, 5, 2, 1, 11, 3, 8, 9, 16, 18, 9, 15, 12, 10, 14, 5, 2, 10, 15, 13, 18, 10 ], [ 12, 3, 13, 7, 3, 6, 10, 10, 9, 6, 7, 8, 13, 8, 6, 13, 2, 14, 5, 10, 12, 11, 5, 12, 9, 2, 4, 10, 9, 14, 4, 2, 6, 9, 10, 10, 8, 8, 14, 15, 3, 9, 9, 1, 10, 7, 11, 9, 5, 3, 4, 11, 4, 4, 14, 9, 6, 2, 1, 6, 10, 15, 11, 10, 8, 14, 6, 11, 10, 9, 8, 7, 10, 8, 2, 6, 9, 0, 5, 6, 8, 5, 8, 10, 14, 8, 4, 9, 14, 13, 1, 7, 11, 7, 6, 9, 8, 6, 10, 9, 11, 5 ], [ 10, 7, 8, 10, 8, 7, 5, 10, 6, 8, 6, 10, 9, 5, 9, 7, 5, 9, 4, 5, 8, 6, 8, 7, 7, 4, 9, 5, 11, 10, 3, 4, 9, 4, 10, 8, 6, 10, 9, 11, 8, 7, 6, 5, 5, 5, 6, 6, 6, 8, 6, 6, 2, 7, 9, 6, 8, 7, 7, 1, 10, 11, 6, 6, 9, 9, 9, 9, 8, 10, 8, 2, 5, 6, 7, 5, 7, 5, 0, 2, 6, 2, 7, 7, 8, 8, 8, 4, 10, 11, 5, 8, 7, 3, 8, 4, 5, 3, 8, 6, 10, 3 ], [ 12, 8, 7, 11, 8, 5, 6, 12, 4, 7, 8, 12, 12, 7, 11, 8, 6, 9, 6, 5, 9, 5, 9, 7, 5, 3, 9, 5, 12, 12, 5, 3, 10, 3, 12, 6, 8, 12, 11, 13, 8, 9, 8, 5, 4, 3, 6, 9, 4, 8, 4, 6, 3, 6, 9, 8, 10, 6, 7, 1, 12, 13, 7, 5, 11, 11, 11, 11, 10, 12, 10, 4, 7, 8, 6, 7, 5, 6, 2, 0, 3, 0, 5, 5, 9, 5, 6, 5, 12, 14, 5, 10, 9, 5, 10, 3, 3, 5, 10, 9, 13, 5 ], [ 16, 11, 6, 14, 9, 4, 7, 16, 2, 6, 12, 15, 14, 10, 14, 10, 9, 9, 10, 6, 12, 5, 12, 6, 2, 6, 12, 7, 16, 15, 8, 6, 14, 3, 15, 2, 12, 15, 14, 16, 9, 13, 11, 7, 3, 2, 5, 12, 4, 9, 4, 6, 7, 7, 9, 11, 13, 8, 9, 4, 16, 16, 10, 3, 14, 13, 14, 15, 14, 15, 14, 7, 10, 12, 8, 11, 2, 8, 6, 3, 0, 4, 2, 2, 11, 3, 7, 8, 15, 17, 7, 13, 11, 9, 13, 4, 1, 9, 13, 12, 16, 9 ], [ 12, 8, 7, 11, 8, 5, 6, 12, 4, 7, 8, 11, 11, 7, 11, 8, 6, 9, 6, 5, 9, 5, 9, 7, 5, 3, 9, 5, 12, 12, 5, 3, 10, 3, 12, 6, 8, 11, 11, 13, 8, 9, 8, 5, 4, 3, 6, 8, 4, 8, 4, 6, 3, 6, 9, 8, 9, 6, 6, 1, 12, 13, 7, 5, 11, 10, 10, 11, 10, 11, 10, 4, 7, 8, 6, 7, 5, 5, 2, 0, 4, 0, 5, 5, 9, 6, 7, 5, 12, 13, 5, 9, 8, 5, 9, 3, 3, 5, 10, 8, 12, 5 ], [ 17, 11, 8, 15, 8, 2, 9, 16, 4, 4, 13, 15, 16, 12, 14, 12, 9, 11, 10, 8, 14, 6, 12, 8, 1, 6, 12, 9, 16, 17, 9, 6, 14, 5, 16, 2, 13, 15, 16, 17, 8, 14, 13, 8, 5, 1, 7, 13, 3, 8, 4, 8, 8, 6, 11, 12, 13, 7, 8, 6, 17, 18, 11, 4, 15, 15, 14, 16, 15, 16, 15, 8, 12, 13, 7, 12, 2, 8, 7, 5, 2, 5, 0, 3, 13, 1, 6, 9, 17, 18, 7, 14, 13, 10, 13, 6, 3, 10, 14, 13, 17, 9 ], [ 17, 12, 5, 16, 11, 5, 8, 17, 2, 7, 13, 16, 15, 11, 15, 10, 10, 9, 11, 6, 12, 4, 14, 5, 2, 7, 14, 7, 17, 16, 10, 7, 15, 4, 17, 2, 13, 16, 15, 16, 11, 14, 12, 9, 3, 3, 5, 13, 5, 11, 6, 6, 8, 8, 9, 12, 14, 9, 10, 5, 17, 17, 10, 2, 16, 13, 15, 16, 15, 16, 15, 8, 11, 13, 10, 12, 1, 10, 7, 5, 2, 5, 3, 0, 11, 3, 9, 8, 16, 18, 9, 15, 12, 10, 14, 4, 2, 10, 14, 13, 17, 10 ], [ 11, 15, 7, 16, 16, 14, 4, 13, 9, 16, 11, 16, 7, 8, 16, 1, 13, 4, 11, 5, 4, 7, 15, 6, 12, 12, 16, 4, 16, 7, 10, 12, 15, 7, 13, 13, 10, 16, 6, 7, 16, 10, 7, 13, 8, 12, 6, 9, 13, 17, 13, 5, 9, 15, 3, 8, 14, 15, 15, 8, 14, 7, 4, 9, 14, 4, 16, 10, 10, 14, 13, 6, 5, 9, 15, 11, 11, 14, 8, 9, 11, 9, 13, 11, 0, 13, 16, 5, 7, 12, 13, 13, 5, 8, 14, 7, 10, 9, 9, 9, 13, 10 ], [ 17, 11, 8, 15, 8, 2, 10, 17, 5, 4, 13, 16, 17, 12, 14, 12, 9, 12, 11, 8, 14, 7, 13, 9, 1, 6, 12, 10, 16, 18, 10, 6, 14, 6, 17, 2, 13, 16, 16, 18, 8, 15, 13, 8, 6, 2, 8, 14, 3, 8, 4, 8, 8, 6, 12, 13, 14, 7, 9, 7, 17, 18, 12, 5, 15, 15, 14, 16, 16, 16, 15, 9, 12, 14, 8, 12, 3, 8, 8, 5, 3, 6, 1, 3, 13, 0, 6, 10, 17, 19, 7, 14, 14, 10, 14, 7, 4, 10, 15, 14, 18, 10 ], [ 15, 7, 13, 11, 2, 4, 12, 14, 9, 3, 10, 11, 16, 11, 9, 15, 5, 15, 8, 11, 15, 11, 8, 13, 7, 4, 7, 12, 12, 17, 7, 3, 10, 9, 14, 8, 11, 12, 17, 18, 2, 12, 13, 4, 10, 5, 12, 12, 4, 2, 3, 12, 7, 1, 15, 12, 10, 1, 3, 8, 14, 18, 13, 10, 12, 16, 9, 15, 14, 13, 12, 10, 13, 12, 2, 9, 8, 4, 8, 6, 7, 7, 6, 9, 16, 6, 0, 11, 17, 17, 3, 11, 14, 10, 10, 10, 8, 9, 13, 12, 15, 8 ], [ 9, 10, 7, 12, 12, 10, 2, 11, 6, 12, 7, 12, 7, 5, 12, 3, 9, 6, 6, 3, 4, 5, 11, 6, 9, 8, 12, 1, 12, 8, 6, 8, 11, 5, 10, 10, 7, 12, 6, 8, 12, 7, 5, 8, 6, 8, 5, 6, 9, 12, 9, 4, 5, 11, 5, 5, 10, 11, 10, 4, 11, 8, 2, 7, 11, 5, 12, 8, 8, 11, 10, 2, 3, 6, 11, 7, 9, 9, 4, 5, 8, 5, 9, 8, 5, 10, 11, 0, 8, 10, 9, 9, 4, 4, 10, 4, 7, 5, 7, 6, 10, 5 ], [ 6, 13, 13, 12, 17, 17, 8, 9, 14, 19, 8, 12, 1, 7, 14, 7, 13, 11, 10, 10, 4, 12, 13, 12, 17, 14, 15, 8, 12, 0, 10, 14, 13, 12, 8, 17, 7, 12, 1, 1, 17, 7, 5, 13, 13, 15, 12, 6, 16, 17, 16, 11, 10, 17, 10, 5, 11, 16, 15, 11, 9, 1, 5, 14, 11, 3, 14, 5, 5, 10, 9, 8, 5, 6, 16, 9, 16, 14, 10, 12, 15, 12, 17, 16, 7, 17, 17, 8, 0, 6, 14, 10, 4, 8, 12, 11, 14, 9, 5, 6, 7, 9 ], [ 2, 11, 17, 9, 16, 18, 12, 4, 16, 19, 6, 8, 5, 7, 10, 12, 12, 15, 8, 13, 8, 15, 10, 16, 19, 14, 12, 12, 8, 6, 9, 14, 9, 15, 4, 19, 6, 8, 6, 6, 16, 4, 6, 13, 16, 17, 15, 5, 17, 16, 16, 14, 11, 17, 15, 6, 8, 15, 14, 13, 5, 6, 9, 17, 7, 8, 11, 2, 3, 6, 6, 10, 8, 5, 15, 7, 18, 13, 11, 14, 17, 13, 18, 18, 12, 19, 17, 10, 6, 0, 13, 6, 7, 8, 9, 14, 16, 9, 4, 5, 2, 9 ], [ 12, 4, 12, 8, 3, 6, 10, 10, 9, 6, 7, 9, 13, 8, 7, 12, 2, 14, 5, 10, 12, 10, 5, 12, 8, 2, 5, 10, 9, 14, 4, 2, 7, 8, 10, 9, 8, 9, 14, 15, 3, 9, 9, 1, 9, 6, 11, 9, 4, 3, 4, 10, 4, 3, 13, 9, 7, 2, 2, 6, 10, 15, 10, 9, 8, 13, 7, 11, 10, 9, 8, 7, 10, 8, 2, 6, 9, 1, 5, 5, 7, 5, 7, 9, 13, 7, 3, 9, 14, 13, 0, 8, 11, 6, 7, 8, 7, 6, 10, 9, 12, 5 ], [ 5, 5, 16, 3, 10, 13, 11, 3, 13, 14, 2, 3, 8, 5, 4, 12, 6, 15, 4, 12, 10, 13, 4, 15, 14, 9, 6, 11, 3, 10, 5, 9, 3, 12, 3, 15, 3, 3, 10, 11, 10, 3, 6, 7, 13, 12, 14, 4, 12, 10, 11, 13, 6, 11, 15, 5, 2, 9, 8, 9, 3, 11, 9, 14, 1, 11, 4, 5, 4, 2, 1, 8, 8, 4, 9, 3, 15, 7, 8, 10, 13, 9, 14, 15, 13, 14, 11, 9, 10, 6, 8, 0, 9, 6, 2, 11, 13, 5, 5, 4, 4, 5 ], [ 7, 11, 10, 11, 14, 13, 5, 9, 10, 15, 7, 12, 3, 4, 12, 4, 10, 8, 7, 6, 1, 9, 11, 9, 13, 10, 13, 5, 12, 4, 7, 11, 11, 8, 8, 14, 6, 11, 3, 4, 14, 6, 3, 10, 9, 12, 8, 5, 12, 14, 12, 7, 7, 14, 7, 3, 10, 13, 12, 7, 9, 5, 2, 11, 10, 2, 12, 6, 5, 10, 9, 5, 2, 5, 13, 7, 12, 11, 7, 9, 11, 8, 13, 12, 5, 14, 14, 4, 4, 7, 11, 9, 0, 5, 10, 7, 10, 6, 5, 5, 8, 6 ], [ 7, 7, 10, 8, 10, 10, 5, 7, 8, 11, 4, 8, 7, 2, 8, 7, 6, 10, 3, 6, 6, 8, 7, 9, 10, 6, 8, 5, 9, 8, 3, 6, 8, 7, 7, 11, 4, 8, 7, 9, 10, 4, 3, 6, 8, 8, 8, 3, 8, 10, 8, 7, 2, 9, 9, 3, 7, 8, 8, 4, 8, 9, 4, 9, 7, 7, 8, 6, 5, 7, 6, 2, 3, 3, 8, 3, 10, 7, 3, 5, 9, 5, 10, 10, 8, 10, 10, 4, 8, 8, 6, 6, 5, 0, 7, 6, 8, 1, 5, 4, 8, 2 ], [ 7, 3, 16, 1, 8, 12, 12, 5, 14, 13, 4, 2, 10, 6, 2, 13, 5, 16, 4, 13, 12, 14, 2, 15, 14, 8, 4, 12, 3, 12, 5, 8, 1, 12, 5, 15, 5, 2, 12, 13, 8, 5, 8, 6, 13, 12, 14, 6, 11, 8, 10, 14, 6, 10, 16, 7, 0, 8, 6, 10, 4, 13, 11, 15, 2, 12, 2, 7, 6, 3, 3, 9, 9, 6, 8, 3, 14, 6, 8, 10, 13, 9, 13, 14, 14, 14, 10, 10, 12, 9, 7, 2, 10, 7, 0, 12, 13, 6, 7, 6, 6, 5 ], [ 13, 11, 4, 13, 11, 7, 3, 13, 3, 9, 10, 14, 11, 8, 13, 6, 9, 6, 8, 2, 8, 2, 12, 3, 6, 6, 12, 3, 14, 11, 7, 7, 13, 1, 13, 6, 9, 14, 10, 12, 11, 10, 8, 8, 2, 5, 2, 9, 6, 11, 7, 2, 6, 9, 6, 8, 12, 9, 10, 3, 14, 12, 6, 3, 13, 9, 13, 12, 11, 13, 12, 4, 6, 9, 10, 9, 5, 9, 4, 3, 4, 3, 6, 4, 7, 7, 10, 4, 11, 14, 8, 11, 7, 6, 12, 0, 3, 7, 10, 9, 14, 7 ], [ 15, 11, 5, 14, 10, 5, 6, 15, 1, 7, 11, 15, 13, 10, 14, 9, 9, 8, 9, 5, 11, 3, 12, 5, 3, 6, 12, 6, 15, 14, 8, 6, 13, 2, 15, 3, 11, 15, 13, 14, 10, 12, 10, 8, 2, 3, 4, 11, 4, 10, 5, 5, 6, 7, 8, 10, 13, 8, 9, 4, 15, 15, 9, 2, 14, 12, 14, 14, 13, 15, 13, 6, 9, 11, 8, 10, 2, 8, 5, 3, 1, 3, 3, 2, 10, 4, 8, 7, 14, 16, 7, 13, 10, 8, 13, 3, 0, 8, 12, 11, 15, 8 ], [ 7, 5, 11, 7, 8, 9, 6, 7, 9, 11, 3, 7, 8, 2, 7, 8, 5, 11, 2, 7, 7, 9, 6, 10, 10, 5, 7, 6, 8, 9, 1, 6, 6, 7, 7, 11, 3, 7, 8, 9, 9, 4, 4, 5, 8, 8, 9, 3, 8, 9, 8, 8, 2, 9, 10, 3, 5, 7, 7, 5, 7, 10, 6, 10, 6, 8, 7, 6, 5, 7, 5, 3, 4, 3, 7, 2, 10, 6, 3, 5, 9, 5, 10, 10, 9, 10, 9, 5, 9, 9, 6, 5, 6, 1, 6, 7, 8, 0, 5, 4, 7, 1 ], [ 2, 9, 14, 7, 13, 14, 8, 4, 13, 15, 3, 7, 4, 3, 9, 9, 9, 12, 5, 10, 6, 12, 8, 13, 15, 10, 10, 8, 7, 5, 6, 10, 7, 11, 4, 16, 2, 7, 5, 6, 13, 2, 2, 9, 12, 13, 12, 1, 13, 13, 13, 11, 7, 13, 12, 2, 6, 12, 11, 9, 5, 6, 6, 14, 6, 6, 9, 1, 1, 5, 4, 7, 4, 2, 12, 4, 15, 10, 8, 10, 13, 10, 14, 14, 9, 15, 13, 7, 5, 4, 10, 5, 5, 5, 7, 10, 12, 5, 0, 1, 3, 5 ], [ 3, 7, 13, 7, 11, 13, 8, 4, 12, 14, 2, 7, 5, 2, 8, 8, 7, 12, 4, 9, 6, 11, 7, 12, 14, 9, 9, 8, 7, 6, 5, 9, 7, 10, 4, 14, 1, 7, 6, 7, 12, 1, 2, 8, 11, 12, 11, 0, 12, 12, 11, 10, 5, 12, 11, 2, 5, 11, 9, 8, 5, 7, 6, 12, 5, 7, 8, 3, 2, 5, 4, 6, 4, 0, 10, 3, 13, 9, 6, 9, 12, 8, 13, 13, 9, 14, 12, 6, 6, 5, 9, 4, 5, 4, 6, 9, 11, 4, 1, 0, 4, 4 ], [ 2, 9, 17, 6, 14, 17, 12, 2, 16, 17, 5, 6, 6, 6, 8, 12, 10, 16, 7, 13, 9, 15, 8, 16, 18, 12, 10, 12, 5, 8, 8, 12, 7, 14, 1, 19, 4, 6, 8, 8, 14, 3, 6, 11, 15, 16, 15, 4, 15, 14, 15, 14, 9, 15, 15, 6, 6, 14, 12, 12, 2, 8, 9, 17, 4, 9, 8, 3, 3, 3, 4, 10, 8, 4, 13, 6, 18, 11, 10, 13, 16, 12, 17, 17, 13, 18, 15, 10, 7, 2, 12, 4, 8, 8, 6, 14, 15, 7, 3, 4, 0, 8 ], [ 7, 5, 11, 7, 8, 9, 7, 7, 9, 10, 3, 7, 8, 3, 7, 9, 4, 11, 1, 7, 8, 9, 5, 10, 10, 5, 7, 7, 7, 9, 1, 5, 6, 7, 7, 11, 3, 7, 9, 10, 8, 5, 4, 4, 8, 8, 9, 4, 8, 8, 7, 8, 2, 8, 11, 4, 5, 7, 6, 5, 7, 10, 6, 10, 6, 9, 7, 7, 6, 7, 5, 4, 5, 4, 7, 2, 10, 5, 3, 5, 9, 5, 9, 10, 10, 10, 8, 5, 9, 9, 5, 5, 6, 2, 5, 7, 8, 1, 5, 4, 8, 0 ] ]
}