{
  "version" : "0.3",
  "id" : 341305926,
  "name" : "PTP-RAND-3_16_2_16",
  "coordType" : "Eucl",
  "sameVehicleBackward" : false,
  "maxWaitTime" : "00h30",
  "places" : [ {
    "id" : 0,
    "lat" : -3.9300849437116843,
    "long" : 6.27782726873807,
    "category" : 0
  }, {
    "id" : 1,
    "lat" : 6.934896692937507,
    "long" : -1.4736643532691673,
    "category" : 0
  }, {
    "id" : 2,
    "lat" : 6.696035195047387,
    "long" : 4.336276095707907,
    "category" : 0
  }, {
    "id" : 3,
    "lat" : 5.273330774782958,
    "long" : 5.570207457054551,
    "category" : 0
  }, {
    "id" : 4,
    "lat" : 8.595913305760943,
    "long" : -4.460394775285191,
    "category" : 0
  }, {
    "id" : 5,
    "lat" : -6.455517071641524,
    "long" : -7.329413461287078,
    "category" : 0
  }, {
    "id" : 6,
    "lat" : 2.6772750285414504,
    "long" : 2.7154953190512727,
    "category" : 0
  }, {
    "id" : 7,
    "lat" : -5.993271599818751,
    "long" : 6.476546375237615,
    "category" : 0
  }, {
    "id" : 8,
    "lat" : -3.5770171719656463,
    "long" : -5.291794008351496,
    "category" : 0
  }, {
    "id" : 9,
    "lat" : 5.918429712415741,
    "long" : -7.614137466170986,
    "category" : 0
  }, {
    "id" : 10,
    "lat" : 0.4482163450307466,
    "long" : -0.2571878336285854,
    "category" : 0
  }, {
    "id" : 11,
    "lat" : -3.448673165479797,
    "long" : 3.973842202915953,
    "category" : 0
  }, {
    "id" : 12,
    "lat" : -0.1017843091334773,
    "long" : -7.616381203772555,
    "category" : 0
  }, {
    "id" : 13,
    "lat" : -2.2795424534595767,
    "long" : 6.0024103000259545,
    "category" : 0
  }, {
    "id" : 14,
    "lat" : 0.29180615197027393,
    "long" : 4.445629013230897,
    "category" : 0
  }, {
    "id" : 15,
    "lat" : -0.18803480613180726,
    "long" : -4.264516802110097,
    "category" : 0
  }, {
    "id" : 16,
    "lat" : 6.59249968221502,
    "long" : -2.07512814955956,
    "category" : 1
  }, {
    "id" : 17,
    "lat" : 3.951715680277963,
    "long" : -1.3018058991268688,
    "category" : 1
  }, {
    "id" : 18,
    "lat" : -0.19759030749261666,
    "long" : -9.265336784238213,
    "category" : 2
  }, {
    "id" : 19,
    "lat" : 4.636241419287326,
    "long" : 3.577971440241148,
    "category" : 2
  }, {
    "id" : 20,
    "lat" : 3.7174631724299063,
    "long" : 2.446896191553149,
    "category" : 2
  }, {
    "id" : 21,
    "lat" : -6.626498706405947,
    "long" : 0.35238282100951507,
    "category" : 2
  }, {
    "id" : 22,
    "lat" : 6.119814868110324,
    "long" : 4.065293233331486,
    "category" : 2
  }, {
    "id" : 23,
    "lat" : 1.1424113057101362,
    "long" : 1.059031907474422,
    "category" : 2
  }, {
    "id" : 24,
    "lat" : 6.312349127548691,
    "long" : 2.565781944672434,
    "category" : 2
  }, {
    "id" : 25,
    "lat" : -2.207895432625075,
    "long" : 7.985763320637839,
    "category" : 2
  }, {
    "id" : 26,
    "lat" : 0.8612374420305617,
    "long" : -9.40384476458108,
    "category" : 2
  }, {
    "id" : 27,
    "lat" : -3.100986465779313,
    "long" : 6.431406475509723,
    "category" : 2
  }, {
    "id" : 28,
    "lat" : -4.474247579218333,
    "long" : -6.722388393204711,
    "category" : 2
  }, {
    "id" : 29,
    "lat" : 2.755376013997911,
    "long" : 5.6134971762695285,
    "category" : 2
  }, {
    "id" : 30,
    "lat" : -2.7685145891938463,
    "long" : -3.376836505161605,
    "category" : 2
  }, {
    "id" : 31,
    "lat" : -7.363237120727755,
    "long" : -1.4451917728466472,
    "category" : 2
  }, {
    "id" : 32,
    "lat" : -6.847841951340588,
    "long" : 3.479786376600502,
    "category" : 2
  }, {
    "id" : 33,
    "lat" : -2.1540017460313163,
    "long" : -7.0900608093817405,
    "category" : 2
  }, {
    "id" : 34,
    "lat" : -2.0751791997289377,
    "long" : -9.031876211672502,
    "category" : 2
  }, {
    "id" : 35,
    "lat" : -5.720176681370128,
    "long" : -6.406555250772066,
    "category" : 2
  } ],
  "vehicles" : [ {
    "id" : 36,
    "canTake" : [ 1 ],
    "start" : 16,
    "end" : 16,
    "capacity" : 4,
    "availability" : [ "07h00:14h00", "18h00:20h00" ]
  }, {
    "id" : 37,
    "canTake" : [ 0, 2 ],
    "start" : 17,
    "end" : 17,
    "capacity" : 5,
    "availability" : [ "07h00:20h00" ]
  } ],
  "patients" : [ {
    "id" : 38,
    "category" : 2,
    "load" : 1,
    "start" : 18,
    "destination" : 0,
    "end" : -1,
    "rdvTime" : "09h10",
    "rdvDuration" : "02h16",
    "srvDuration" : "00h03"
  }, {
    "id" : 39,
    "category" : 1,
    "load" : 3,
    "start" : 19,
    "destination" : 1,
    "end" : -1,
    "rdvTime" : "09h54",
    "rdvDuration" : "01h23",
    "srvDuration" : "00h02"
  }, {
    "id" : 40,
    "category" : 1,
    "load" : 3,
    "start" : 20,
    "destination" : 2,
    "end" : 20,
    "rdvTime" : "09h25",
    "rdvDuration" : "01h23",
    "srvDuration" : "00h05"
  }, {
    "id" : 41,
    "category" : 1,
    "load" : 1,
    "start" : 21,
    "destination" : 3,
    "end" : 21,
    "rdvTime" : "09h10",
    "rdvDuration" : "00h28",
    "srvDuration" : "00h04"
  }, {
    "id" : 42,
    "category" : 2,
    "load" : 2,
    "start" : 22,
    "destination" : 4,
    "end" : 22,
    "rdvTime" : "14h09",
    "rdvDuration" : "02h45",
    "srvDuration" : "00h03"
  }, {
    "id" : 43,
    "category" : 2,
    "load" : 2,
    "start" : 23,
    "destination" : 5,
    "end" : 23,
    "rdvTime" : "15h58",
    "rdvDuration" : "01h13",
    "srvDuration" : "00h03"
  }, {
    "id" : 44,
    "category" : 0,
    "load" : 2,
    "start" : 24,
    "destination" : 6,
    "end" : 24,
    "rdvTime" : "11h57",
    "rdvDuration" : "01h26",
    "srvDuration" : "00h03"
  }, {
    "id" : 45,
    "category" : 1,
    "load" : 3,
    "start" : 25,
    "destination" : 7,
    "end" : 26,
    "rdvTime" : "14h41",
    "rdvDuration" : "02h36",
    "srvDuration" : "00h04"
  }, {
    "id" : 46,
    "category" : 0,
    "load" : 2,
    "start" : 27,
    "destination" : 8,
    "end" : 27,
    "rdvTime" : "14h09",
    "rdvDuration" : "01h46",
    "srvDuration" : "00h02"
  }, {
    "id" : 47,
    "category" : 0,
    "load" : 2,
    "start" : 28,
    "destination" : 9,
    "end" : 28,
    "rdvTime" : "09h28",
    "rdvDuration" : "02h57",
    "srvDuration" : "00h02"
  }, {
    "id" : 48,
    "category" : 2,
    "load" : 1,
    "start" : 29,
    "destination" : 10,
    "end" : 29,
    "rdvTime" : "13h17",
    "rdvDuration" : "00h58",
    "srvDuration" : "00h02"
  }, {
    "id" : 49,
    "category" : 1,
    "load" : 3,
    "start" : 30,
    "destination" : 11,
    "end" : 30,
    "rdvTime" : "11h05",
    "rdvDuration" : "02h55",
    "srvDuration" : "00h02"
  }, {
    "id" : 50,
    "category" : 0,
    "load" : 2,
    "start" : 31,
    "destination" : 12,
    "end" : 32,
    "rdvTime" : "10h28",
    "rdvDuration" : "01h59",
    "srvDuration" : "00h04"
  }, {
    "id" : 51,
    "category" : 1,
    "load" : 1,
    "start" : 33,
    "destination" : 13,
    "end" : -1,
    "rdvTime" : "14h23",
    "rdvDuration" : "01h51",
    "srvDuration" : "00h02"
  }, {
    "id" : 52,
    "category" : 0,
    "load" : 2,
    "start" : 34,
    "destination" : 14,
    "end" : -1,
    "rdvTime" : "12h31",
    "rdvDuration" : "01h58",
    "srvDuration" : "00h02"
  }, {
    "id" : 53,
    "category" : 2,
    "load" : 2,
    "start" : 35,
    "destination" : 15,
    "end" : 35,
    "rdvTime" : "14h06",
    "rdvDuration" : "02h42",
    "srvDuration" : "00h04"
  } ],
  "distMatrix" : [ [ 0, 13, 11, 9, 16, 14, 8, 2, 12, 17, 8, 2, 14, 2, 5, 11, 13, 11, 16, 9, 9, 7, 10, 7, 11, 2, 16, 1, 13, 7, 10, 8, 4, 13, 15, 13 ], [ 13, 0, 6, 7, 3, 15, 6, 15, 11, 6, 7, 12, 9, 12, 9, 8, 1, 3, 11, 6, 5, 14, 6, 6, 4, 13, 10, 13, 13, 8, 10, 14, 15, 11, 12, 14 ], [ 11, 6, 0, 2, 9, 18, 4, 13, 14, 12, 8, 10, 14, 9, 6, 11, 6, 6, 15, 2, 4, 14, 1, 6, 2, 10, 15, 10, 16, 4, 12, 15, 14, 14, 16, 16 ], [ 9, 7, 2, 0, 11, 17, 4, 11, 14, 13, 8, 9, 14, 8, 5, 11, 8, 7, 16, 2, 3, 13, 2, 6, 3, 8, 16, 8, 16, 3, 12, 14, 12, 15, 16, 16 ], [ 16, 3, 9, 11, 0, 15, 9, 18, 12, 4, 9, 15, 9, 15, 12, 9, 3, 6, 10, 9, 8, 16, 9, 9, 7, 16, 9, 16, 13, 12, 11, 16, 17, 11, 12, 14 ], [ 14, 15, 18, 17, 15, 0, 14, 14, 4, 12, 10, 12, 6, 14, 14, 7, 14, 12, 7, 16, 14, 8, 17, 11, 16, 16, 8, 14, 2, 16, 5, 6, 11, 4, 5, 1 ], [ 8, 6, 4, 4, 9, 14, 0, 9, 10, 11, 4, 6, 11, 6, 3, 8, 6, 4, 12, 2, 1, 10, 4, 2, 4, 7, 12, 7, 12, 3, 8, 11, 10, 11, 13, 12 ], [ 2, 15, 13, 11, 18, 14, 9, 0, 12, 18, 9, 4, 15, 4, 7, 12, 15, 13, 17, 11, 11, 6, 12, 9, 13, 4, 17, 3, 13, 9, 10, 8, 3, 14, 16, 13 ], [ 12, 11, 14, 14, 12, 4, 10, 12, 0, 10, 6, 9, 4, 11, 10, 4, 11, 9, 5, 12, 11, 6, 13, 8, 13, 13, 6, 12, 2, 13, 2, 5, 9, 2, 4, 2 ], [ 17, 6, 12, 13, 4, 12, 11, 18, 10, 0, 9, 15, 6, 16, 13, 7, 6, 7, 6, 11, 10, 15, 12, 10, 10, 18, 5, 17, 10, 14, 10, 15, 17, 8, 8, 12 ], [ 8, 7, 8, 8, 9, 10, 4, 9, 6, 9, 0, 6, 7, 7, 5, 4, 6, 4, 9, 6, 4, 7, 7, 1, 7, 9, 9, 8, 8, 6, 4, 8, 8, 7, 9, 9 ], [ 2, 12, 10, 9, 15, 12, 6, 4, 9, 15, 6, 0, 12, 2, 4, 9, 12, 9, 14, 8, 7, 5, 10, 5, 10, 4, 14, 2, 11, 6, 7, 7, 3, 11, 13, 11 ], [ 14, 9, 14, 14, 9, 6, 11, 15, 4, 6, 7, 12, 0, 14, 12, 3, 9, 8, 2, 12, 11, 10, 13, 9, 12, 16, 2, 14, 4, 14, 5, 10, 13, 2, 2, 6 ], [ 2, 12, 9, 8, 15, 14, 6, 4, 11, 16, 7, 2, 14, 0, 3, 10, 12, 10, 15, 7, 7, 7, 9, 6, 9, 2, 16, 1, 13, 5, 9, 9, 5, 13, 15, 13 ], [ 5, 9, 6, 5, 12, 14, 3, 7, 10, 13, 5, 4, 12, 3, 0, 9, 9, 7, 14, 4, 4, 8, 6, 3, 6, 4, 14, 4, 12, 3, 8, 10, 7, 12, 14, 12 ], [ 11, 8, 11, 11, 9, 7, 8, 12, 4, 7, 4, 9, 3, 10, 9, 0, 7, 5, 5, 9, 8, 8, 10, 5, 9, 12, 5, 11, 5, 10, 3, 8, 10, 3, 5, 6 ], [ 13, 1, 6, 8, 3, 14, 6, 15, 11, 6, 6, 12, 9, 12, 9, 7, 0, 3, 10, 6, 5, 13, 6, 6, 5, 13, 9, 13, 12, 9, 9, 14, 15, 10, 11, 13 ], [ 11, 3, 6, 7, 6, 12, 4, 13, 9, 7, 4, 9, 8, 10, 7, 5, 3, 0, 9, 5, 4, 11, 6, 4, 5, 11, 9, 10, 10, 7, 7, 11, 12, 8, 10, 11 ], [ 16, 11, 15, 16, 10, 7, 12, 17, 5, 6, 9, 14, 2, 15, 14, 5, 10, 9, 0, 14, 12, 12, 15, 10, 14, 17, 1, 16, 5, 15, 6, 11, 14, 3, 2, 6 ], [ 9, 6, 2, 2, 9, 16, 2, 11, 12, 11, 6, 8, 12, 7, 4, 9, 6, 5, 14, 0, 1, 12, 2, 4, 2, 8, 14, 8, 14, 3, 10, 13, 11, 13, 14, 14 ], [ 9, 5, 4, 3, 8, 14, 1, 11, 11, 10, 4, 7, 11, 7, 4, 8, 5, 4, 12, 1, 0, 11, 3, 3, 3, 8, 12, 8, 12, 3, 9, 12, 11, 11, 13, 13 ], [ 7, 14, 14, 13, 16, 8, 10, 6, 6, 15, 7, 5, 10, 7, 8, 8, 13, 11, 12, 12, 11, 0, 13, 8, 13, 9, 12, 7, 7, 11, 5, 2, 3, 9, 10, 7 ], [ 10, 6, 1, 2, 9, 17, 4, 12, 13, 12, 7, 10, 13, 9, 6, 10, 6, 6, 15, 2, 3, 13, 0, 6, 2, 9, 14, 10, 15, 4, 12, 15, 13, 14, 15, 16 ], [ 7, 6, 6, 6, 9, 11, 2, 9, 8, 10, 1, 5, 9, 6, 3, 5, 6, 4, 10, 4, 3, 8, 6, 0, 5, 8, 10, 7, 10, 5, 6, 9, 8, 9, 11, 10 ], [ 11, 4, 2, 3, 7, 16, 4, 13, 13, 10, 7, 10, 12, 9, 6, 9, 5, 5, 14, 2, 3, 13, 2, 5, 0, 10, 13, 10, 14, 5, 11, 14, 13, 13, 14, 15 ], [ 2, 13, 10, 8, 16, 16, 7, 4, 13, 18, 9, 4, 16, 2, 4, 12, 13, 11, 17, 8, 8, 9, 9, 8, 10, 0, 18, 2, 15, 6, 11, 11, 6, 15, 17, 15 ], [ 16, 10, 15, 16, 9, 8, 12, 17, 6, 5, 9, 14, 2, 16, 14, 5, 9, 9, 1, 14, 12, 12, 14, 10, 13, 18, 0, 16, 6, 15, 7, 11, 15, 4, 3, 7 ], [ 1, 13, 10, 8, 16, 14, 7, 3, 12, 17, 8, 2, 14, 1, 4, 11, 13, 10, 16, 8, 8, 7, 10, 7, 10, 2, 16, 0, 13, 6, 10, 9, 5, 14, 15, 13 ], [ 13, 13, 16, 16, 13, 2, 12, 13, 2, 10, 8, 11, 4, 13, 12, 5, 12, 10, 5, 14, 12, 7, 15, 10, 14, 15, 6, 13, 0, 14, 4, 6, 10, 2, 3, 1 ], [ 7, 8, 4, 3, 12, 16, 3, 9, 13, 14, 6, 6, 14, 5, 3, 10, 9, 7, 15, 3, 3, 11, 4, 5, 5, 6, 15, 6, 14, 0, 11, 12, 10, 14, 15, 15 ], [ 10, 10, 12, 12, 11, 5, 8, 10, 2, 10, 4, 7, 5, 9, 8, 3, 9, 7, 6, 10, 9, 5, 12, 6, 11, 11, 7, 10, 4, 11, 0, 5, 8, 4, 6, 4 ], [ 8, 14, 15, 14, 16, 6, 11, 8, 5, 15, 8, 7, 10, 9, 10, 8, 14, 11, 11, 13, 12, 2, 15, 9, 14, 11, 11, 9, 6, 12, 5, 0, 5, 8, 9, 5 ], [ 4, 15, 14, 12, 17, 11, 10, 3, 9, 17, 8, 3, 13, 5, 7, 10, 15, 12, 14, 11, 11, 3, 13, 8, 13, 6, 15, 5, 10, 10, 8, 5, 0, 12, 13, 10 ], [ 13, 11, 14, 15, 11, 4, 11, 14, 2, 8, 7, 11, 2, 13, 12, 3, 10, 8, 3, 13, 11, 9, 14, 9, 13, 15, 4, 14, 2, 14, 4, 8, 12, 0, 2, 4 ], [ 15, 12, 16, 16, 12, 5, 13, 16, 4, 8, 9, 13, 2, 15, 14, 5, 11, 10, 2, 14, 13, 10, 15, 11, 14, 17, 3, 15, 3, 15, 6, 9, 13, 2, 0, 4 ], [ 13, 14, 16, 16, 14, 1, 12, 13, 2, 12, 9, 11, 6, 13, 12, 6, 13, 11, 6, 14, 13, 7, 16, 10, 15, 15, 7, 13, 1, 15, 4, 5, 10, 4, 4, 0 ] ]
}