{
  "version" : "0.3",
  "id" : 1669414945,
  "name" : "PTP-RAND-3_20_8_80",
  "coordType" : "Eucl",
  "sameVehicleBackward" : false,
  "maxWaitTime" : "00h30",
  "places" : [ {
    "id" : 0,
    "lat" : -4.66014864199907,
    "long" : 0.5830239128072182,
    "category" : 0
  }, {
    "id" : 1,
    "lat" : 1.3689487478701396,
    "long" : 9.238530042637777,
    "category" : 0
  }, {
    "id" : 2,
    "lat" : -9.447854336966914,
    "long" : -2.315022714419523,
    "category" : 0
  }, {
    "id" : 3,
    "lat" : 7.631514974767735,
    "long" : 6.300644818484674,
    "category" : 0
  }, {
    "id" : 4,
    "lat" : -6.393808493292563,
    "long" : -0.8984714084502338,
    "category" : 0
  }, {
    "id" : 5,
    "lat" : 4.165682602231939,
    "long" : 5.966207442968494,
    "category" : 0
  }, {
    "id" : 6,
    "lat" : 8.102570302050488,
    "long" : 9.70758233660006,
    "category" : 0
  }, {
    "id" : 7,
    "lat" : -10.674265574228079,
    "long" : 6.87328911190844,
    "category" : 0
  }, {
    "id" : 8,
    "lat" : -7.132151775998031,
    "long" : 7.976958660128389,
    "category" : 0
  }, {
    "id" : 9,
    "lat" : -8.15303218997808,
    "long" : -2.6736099281946806,
    "category" : 0
  }, {
    "id" : 10,
    "lat" : 7.878985853043219,
    "long" : 0.17371686261996183,
    "category" : 0
  }, {
    "id" : 11,
    "lat" : 1.3198497721142333,
    "long" : -8.784909807341828,
    "category" : 0
  }, {
    "id" : 12,
    "lat" : 9.678109307971306,
    "long" : -7.4318867913561055,
    "category" : 0
  }, {
    "id" : 13,
    "lat" : 3.9484011974567066,
    "long" : -12.34177319994471,
    "category" : 0
  }, {
    "id" : 14,
    "lat" : 1.2600508325768514,
    "long" : -12.40686288719788,
    "category" : 0
  }, {
    "id" : 15,
    "lat" : 3.05952451458212,
    "long" : 6.229276272385901,
    "category" : 0
  }, {
    "id" : 16,
    "lat" : -4.35038548118519,
    "long" : -3.5909812519205286,
    "category" : 0
  }, {
    "id" : 17,
    "lat" : -2.938491842384596,
    "long" : -5.739585281202676,
    "category" : 0
  }, {
    "id" : 18,
    "lat" : 6.98869773416722,
    "long" : -0.7906242951884009,
    "category" : 0
  }, {
    "id" : 19,
    "lat" : 9.927736279052903,
    "long" : -0.5202610784952931,
    "category" : 0
  }, {
    "id" : 20,
    "lat" : -1.6435378678478567,
    "long" : 3.5741187581653864,
    "category" : 1
  }, {
    "id" : 21,
    "lat" : -4.746524477067491,
    "long" : 1.9187638309087327,
    "category" : 2
  }, {
    "id" : 22,
    "lat" : -4.666844200846575,
    "long" : 0.3245289805207092,
    "category" : 2
  }, {
    "id" : 23,
    "lat" : -3.972919891580283,
    "long" : 9.769424790196457,
    "category" : 2
  }, {
    "id" : 24,
    "lat" : 9.875464270420148,
    "long" : 6.3563323764243105,
    "category" : 2
  }, {
    "id" : 25,
    "lat" : -11.966826519541844,
    "long" : 3.6348312151291995,
    "category" : 2
  }, {
    "id" : 26,
    "lat" : -4.553211039349896,
    "long" : -10.681112788038359,
    "category" : 2
  }, {
    "id" : 27,
    "lat" : -0.4172160990973824,
    "long" : -0.4730038899998865,
    "category" : 2
  }, {
    "id" : 28,
    "lat" : 11.225003522421972,
    "long" : 0.376182757724917,
    "category" : 2
  }, {
    "id" : 29,
    "lat" : -0.23086178337977034,
    "long" : -12.178851423643815,
    "category" : 2
  }, {
    "id" : 30,
    "lat" : -3.5906408936152614,
    "long" : -0.9255051555220069,
    "category" : 2
  }, {
    "id" : 31,
    "lat" : -5.23315009329758,
    "long" : -11.878549014438661,
    "category" : 2
  }, {
    "id" : 32,
    "lat" : 11.378027555582722,
    "long" : 4.2521195969099095,
    "category" : 2
  }, {
    "id" : 33,
    "lat" : 7.434611319931788,
    "long" : -3.2330402525059023,
    "category" : 2
  }, {
    "id" : 34,
    "lat" : -3.008607176702599,
    "long" : -10.531999792938318,
    "category" : 2
  }, {
    "id" : 35,
    "lat" : 9.850590921246097,
    "long" : 0.16256889329152946,
    "category" : 2
  }, {
    "id" : 36,
    "lat" : -1.8783615516340848,
    "long" : -3.8610773801254465,
    "category" : 2
  }, {
    "id" : 37,
    "lat" : 7.297089284676096,
    "long" : -9.860961639986192,
    "category" : 2
  }, {
    "id" : 38,
    "lat" : 12.076860458440423,
    "long" : -0.9899017718683286,
    "category" : 2
  }, {
    "id" : 39,
    "lat" : -9.884609194997767,
    "long" : -8.365262906962428,
    "category" : 2
  }, {
    "id" : 40,
    "lat" : 10.159422324551986,
    "long" : -0.4161711954427894,
    "category" : 2
  }, {
    "id" : 41,
    "lat" : 8.393407311693641,
    "long" : 5.733267059259496,
    "category" : 2
  }, {
    "id" : 42,
    "lat" : 9.775551769036063,
    "long" : 2.8132325120471213,
    "category" : 2
  }, {
    "id" : 43,
    "lat" : -3.5127951833538407,
    "long" : -7.221049758134162,
    "category" : 2
  }, {
    "id" : 44,
    "lat" : -4.170672136122325,
    "long" : 5.047196326227554,
    "category" : 2
  }, {
    "id" : 45,
    "lat" : -4.14488422345882,
    "long" : 7.102337722079412,
    "category" : 2
  }, {
    "id" : 46,
    "lat" : -5.243813556646516,
    "long" : 1.4965334180876142,
    "category" : 2
  }, {
    "id" : 47,
    "lat" : -2.1314707868987646,
    "long" : 3.168625778515387,
    "category" : 2
  }, {
    "id" : 48,
    "lat" : 3.7176229723665757,
    "long" : 8.21923691362365,
    "category" : 2
  }, {
    "id" : 49,
    "lat" : 11.683950498057445,
    "long" : -1.0405660646536055,
    "category" : 2
  }, {
    "id" : 50,
    "lat" : -3.0302116858092405,
    "long" : -11.835968198818522,
    "category" : 2
  }, {
    "id" : 51,
    "lat" : 8.650826337133575,
    "long" : 6.830183495920753,
    "category" : 2
  }, {
    "id" : 52,
    "lat" : -3.0015647934350036,
    "long" : -9.671073507678857,
    "category" : 2
  }, {
    "id" : 53,
    "lat" : -1.928877410207954,
    "long" : 9.074843700652165,
    "category" : 2
  }, {
    "id" : 54,
    "lat" : -10.595104388729853,
    "long" : 5.61869583616397,
    "category" : 2
  }, {
    "id" : 55,
    "lat" : 2.507893030274312,
    "long" : 9.970402352991586,
    "category" : 2
  }, {
    "id" : 56,
    "lat" : -6.749218761440204,
    "long" : 7.8901952044149475,
    "category" : 2
  }, {
    "id" : 57,
    "lat" : 1.6818142933134728,
    "long" : -5.9486981176683384,
    "category" : 2
  }, {
    "id" : 58,
    "lat" : -2.278539856563045,
    "long" : 10.017884659828905,
    "category" : 2
  }, {
    "id" : 59,
    "lat" : -4.761387170143409,
    "long" : -0.37487359021242034,
    "category" : 2
  }, {
    "id" : 60,
    "lat" : 1.2314455628007572,
    "long" : 0.7986470342144635,
    "category" : 2
  }, {
    "id" : 61,
    "lat" : 3.1053870211467505,
    "long" : 3.1439075384722757,
    "category" : 2
  }, {
    "id" : 62,
    "lat" : 8.02810141643433,
    "long" : -0.5556303123720745,
    "category" : 2
  }, {
    "id" : 63,
    "lat" : 2.7857055304783973,
    "long" : 12.133419650543301,
    "category" : 2
  }, {
    "id" : 64,
    "lat" : -5.136074934640961,
    "long" : -11.746952194044765,
    "category" : 2
  }, {
    "id" : 65,
    "lat" : 5.191795070794328,
    "long" : -0.029192457607084787,
    "category" : 2
  }, {
    "id" : 66,
    "lat" : -5.6881555472907674,
    "long" : 4.106996162171958,
    "category" : 2
  }, {
    "id" : 67,
    "lat" : 8.82697074732322,
    "long" : -1.6502034611634457,
    "category" : 2
  }, {
    "id" : 68,
    "lat" : 1.9269648106165715,
    "long" : -2.1913207276560933,
    "category" : 2
  }, {
    "id" : 69,
    "lat" : -4.064685365585441,
    "long" : -0.18749466278791707,
    "category" : 2
  }, {
    "id" : 70,
    "lat" : -0.018259776898567004,
    "long" : -4.478634817624365,
    "category" : 2
  }, {
    "id" : 71,
    "lat" : -5.336307577105299,
    "long" : 1.0949661232677013,
    "category" : 2
  }, {
    "id" : 72,
    "lat" : 2.4857196267210173,
    "long" : 2.784022135582564,
    "category" : 2
  }, {
    "id" : 73,
    "lat" : -8.080751827733017,
    "long" : 1.4117963201657806,
    "category" : 2
  }, {
    "id" : 74,
    "lat" : 6.493751708132209,
    "long" : 10.711133319909674,
    "category" : 2
  }, {
    "id" : 75,
    "lat" : 12.040933760438445,
    "long" : 0.3227049864369444,
    "category" : 2
  }, {
    "id" : 76,
    "lat" : 3.600367878304189,
    "long" : 6.774727249479099,
    "category" : 2
  }, {
    "id" : 77,
    "lat" : 8.322287756376584,
    "long" : -6.778884212651483,
    "category" : 2
  }, {
    "id" : 78,
    "lat" : 9.068910663406395,
    "long" : -6.157954893406808,
    "category" : 2
  }, {
    "id" : 79,
    "lat" : 11.373773636845714,
    "long" : -5.874539866318281,
    "category" : 2
  }, {
    "id" : 80,
    "lat" : 4.065200993854767,
    "long" : -8.630076555255691,
    "category" : 2
  }, {
    "id" : 81,
    "lat" : 2.0761145316943583,
    "long" : -6.276854826955286,
    "category" : 2
  }, {
    "id" : 82,
    "lat" : 7.0461158467783225,
    "long" : 1.2259536717793298,
    "category" : 2
  }, {
    "id" : 83,
    "lat" : -7.705743804549447,
    "long" : 4.641105037292012,
    "category" : 2
  }, {
    "id" : 84,
    "lat" : -9.737513387314443,
    "long" : 3.4208792221151203,
    "category" : 2
  }, {
    "id" : 85,
    "lat" : -10.786410613055914,
    "long" : -3.1957718570064366,
    "category" : 2
  }, {
    "id" : 86,
    "lat" : -4.579650743382504,
    "long" : 1.189388454387697,
    "category" : 2
  }, {
    "id" : 87,
    "lat" : -4.880002424210797,
    "long" : -3.6496220032863245,
    "category" : 2
  }, {
    "id" : 88,
    "lat" : 1.879744636503499,
    "long" : -12.427614966734366,
    "category" : 2
  }, {
    "id" : 89,
    "lat" : -5.047203557815942,
    "long" : -5.402052571498455,
    "category" : 2
  }, {
    "id" : 90,
    "lat" : 1.458960562706973,
    "long" : -10.199883572918802,
    "category" : 2
  }, {
    "id" : 91,
    "lat" : -6.145685567639329,
    "long" : -2.762988360966113,
    "category" : 2
  }, {
    "id" : 92,
    "lat" : 2.5693777084282687,
    "long" : -9.231977421883833,
    "category" : 2
  }, {
    "id" : 93,
    "lat" : -7.264168946833055,
    "long" : 2.3028638416610527,
    "category" : 2
  }, {
    "id" : 94,
    "lat" : -4.517729395764319,
    "long" : -5.54128930229689,
    "category" : 2
  }, {
    "id" : 95,
    "lat" : 7.771024245200633,
    "long" : 8.624618610930941,
    "category" : 2
  }, {
    "id" : 96,
    "lat" : 4.0420097107498565,
    "long" : -2.659878467357428,
    "category" : 2
  }, {
    "id" : 97,
    "lat" : -11.136353203751812,
    "long" : -3.7816999778458853,
    "category" : 2
  }, {
    "id" : 98,
    "lat" : 0.27434723206561834,
    "long" : -0.12334895926863777,
    "category" : 2
  }, {
    "id" : 99,
    "lat" : 1.853822684682595,
    "long" : -1.5581029028225788,
    "category" : 2
  }, {
    "id" : 100,
    "lat" : 4.638571009522003,
    "long" : 4.920060469675719,
    "category" : 2
  }, {
    "id" : 101,
    "lat" : -3.2916795130622902,
    "long" : 8.50197602231068,
    "category" : 2
  }, {
    "id" : 102,
    "lat" : -2.0921843515735237,
    "long" : 6.509813774166507,
    "category" : 2
  }, {
    "id" : 103,
    "lat" : -1.9832082788437793,
    "long" : 4.299228033901159,
    "category" : 2
  }, {
    "id" : 104,
    "lat" : 4.14971573415118,
    "long" : -0.8547260447695767,
    "category" : 2
  }, {
    "id" : 105,
    "lat" : 7.865150052357643,
    "long" : -9.057135927004062,
    "category" : 2
  }, {
    "id" : 106,
    "lat" : -5.25767893185109,
    "long" : -6.054141074577262,
    "category" : 2
  }, {
    "id" : 107,
    "lat" : 6.014557725065733,
    "long" : 9.044287196165417,
    "category" : 2
  }, {
    "id" : 108,
    "lat" : 4.785736064866582,
    "long" : -3.4393167919249525,
    "category" : 2
  }, {
    "id" : 109,
    "lat" : 2.773450693611508,
    "long" : 3.889139205217716,
    "category" : 2
  }, {
    "id" : 110,
    "lat" : -8.349574698562115,
    "long" : 6.444173118517799,
    "category" : 2
  }, {
    "id" : 111,
    "lat" : -2.12190308667814,
    "long" : 10.369650022978387,
    "category" : 2
  }, {
    "id" : 112,
    "lat" : -9.23244244912209,
    "long" : 6.5891026270091455,
    "category" : 2
  }, {
    "id" : 113,
    "lat" : 1.5718175203223048,
    "long" : -8.14419196464662,
    "category" : 2
  } ],
  "vehicles" : [ {
    "id" : 114,
    "canTake" : [ 0 ],
    "start" : 20,
    "end" : 20,
    "capacity" : 5,
    "availability" : [ "07h00:20h00" ]
  }, {
    "id" : 115,
    "canTake" : [ 0 ],
    "start" : 20,
    "end" : 20,
    "capacity" : 5,
    "availability" : [ "07h00:20h00" ]
  }, {
    "id" : 116,
    "canTake" : [ 0 ],
    "start" : 20,
    "end" : 20,
    "capacity" : 5,
    "availability" : [ "07h00:20h00" ]
  }, {
    "id" : 117,
    "canTake" : [ 0 ],
    "start" : 20,
    "end" : 20,
    "capacity" : 5,
    "availability" : [ "07h00:20h00" ]
  }, {
    "id" : 118,
    "canTake" : [ 0 ],
    "start" : 20,
    "end" : 20,
    "capacity" : 5,
    "availability" : [ "07h00:20h00" ]
  }, {
    "id" : 119,
    "canTake" : [ 0 ],
    "start" : 20,
    "end" : 20,
    "capacity" : 5,
    "availability" : [ "07h00:20h00" ]
  }, {
    "id" : 120,
    "canTake" : [ 0 ],
    "start" : 20,
    "end" : 20,
    "capacity" : 5,
    "availability" : [ "07h00:20h00" ]
  }, {
    "id" : 121,
    "canTake" : [ 0 ],
    "start" : 20,
    "end" : 20,
    "capacity" : 5,
    "availability" : [ "07h00:20h00" ]
  } ],
  "patients" : [ {
    "id" : 122,
    "category" : 0,
    "load" : 1,
    "start" : 21,
    "destination" : 0,
    "end" : 21,
    "rdvTime" : "14h25",
    "rdvDuration" : "02h16",
    "srvDuration" : "00h01"
  }, {
    "id" : 123,
    "category" : 0,
    "load" : 2,
    "start" : 22,
    "destination" : 1,
    "end" : 22,
    "rdvTime" : "11h40",
    "rdvDuration" : "02h57",
    "srvDuration" : "00h01"
  }, {
    "id" : 124,
    "category" : 0,
    "load" : 2,
    "start" : 23,
    "destination" : 2,
    "end" : -1,
    "rdvTime" : "09h19",
    "rdvDuration" : "02h01",
    "srvDuration" : "00h01"
  }, {
    "id" : 125,
    "category" : 0,
    "load" : 2,
    "start" : 24,
    "destination" : 3,
    "end" : 24,
    "rdvTime" : "12h55",
    "rdvDuration" : "02h52",
    "srvDuration" : "00h01"
  }, {
    "id" : 126,
    "category" : 0,
    "load" : 2,
    "start" : -1,
    "destination" : 4,
    "end" : 25,
    "rdvTime" : "08h14",
    "rdvDuration" : "02h07",
    "srvDuration" : "00h02"
  }, {
    "id" : 127,
    "category" : 0,
    "load" : 1,
    "start" : 26,
    "destination" : 5,
    "end" : 26,
    "rdvTime" : "12h35",
    "rdvDuration" : "02h18",
    "srvDuration" : "00h02"
  }, {
    "id" : 128,
    "category" : 0,
    "load" : 1,
    "start" : 27,
    "destination" : 6,
    "end" : 27,
    "rdvTime" : "15h52",
    "rdvDuration" : "01h27",
    "srvDuration" : "00h02"
  }, {
    "id" : 129,
    "category" : 0,
    "load" : 2,
    "start" : 28,
    "destination" : 7,
    "end" : 28,
    "rdvTime" : "13h39",
    "rdvDuration" : "02h52",
    "srvDuration" : "00h02"
  }, {
    "id" : 130,
    "category" : 0,
    "load" : 2,
    "start" : 29,
    "destination" : 8,
    "end" : 29,
    "rdvTime" : "08h13",
    "rdvDuration" : "02h42",
    "srvDuration" : "00h02"
  }, {
    "id" : 131,
    "category" : 0,
    "load" : 2,
    "start" : -1,
    "destination" : 9,
    "end" : 30,
    "rdvTime" : "08h45",
    "rdvDuration" : "02h28",
    "srvDuration" : "00h01"
  }, {
    "id" : 132,
    "category" : 0,
    "load" : 1,
    "start" : -1,
    "destination" : 10,
    "end" : 31,
    "rdvTime" : "12h29",
    "rdvDuration" : "02h22",
    "srvDuration" : "00h02"
  }, {
    "id" : 133,
    "category" : 0,
    "load" : 1,
    "start" : -1,
    "destination" : 11,
    "end" : 32,
    "rdvTime" : "15h56",
    "rdvDuration" : "00h41",
    "srvDuration" : "00h01"
  }, {
    "id" : 134,
    "category" : 0,
    "load" : 2,
    "start" : 33,
    "destination" : 12,
    "end" : 33,
    "rdvTime" : "15h26",
    "rdvDuration" : "00h38",
    "srvDuration" : "00h01"
  }, {
    "id" : 135,
    "category" : 0,
    "load" : 1,
    "start" : 34,
    "destination" : 13,
    "end" : 35,
    "rdvTime" : "12h09",
    "rdvDuration" : "01h27",
    "srvDuration" : "00h01"
  }, {
    "id" : 136,
    "category" : 0,
    "load" : 2,
    "start" : 36,
    "destination" : 14,
    "end" : 37,
    "rdvTime" : "14h45",
    "rdvDuration" : "01h23",
    "srvDuration" : "00h02"
  }, {
    "id" : 137,
    "category" : 0,
    "load" : 2,
    "start" : 38,
    "destination" : 15,
    "end" : 39,
    "rdvTime" : "15h24",
    "rdvDuration" : "02h44",
    "srvDuration" : "00h01"
  }, {
    "id" : 138,
    "category" : 0,
    "load" : 2,
    "start" : 40,
    "destination" : 16,
    "end" : 40,
    "rdvTime" : "08h40",
    "rdvDuration" : "01h36",
    "srvDuration" : "00h02"
  }, {
    "id" : 139,
    "category" : 0,
    "load" : 1,
    "start" : 41,
    "destination" : 17,
    "end" : 41,
    "rdvTime" : "13h16",
    "rdvDuration" : "00h36",
    "srvDuration" : "00h02"
  }, {
    "id" : 140,
    "category" : 0,
    "load" : 1,
    "start" : 42,
    "destination" : 18,
    "end" : 42,
    "rdvTime" : "08h49",
    "rdvDuration" : "01h10",
    "srvDuration" : "00h01"
  }, {
    "id" : 141,
    "category" : 0,
    "load" : 2,
    "start" : -1,
    "destination" : 19,
    "end" : 43,
    "rdvTime" : "15h44",
    "rdvDuration" : "00h32",
    "srvDuration" : "00h01"
  }, {
    "id" : 142,
    "category" : 0,
    "load" : 2,
    "start" : 44,
    "destination" : 3,
    "end" : 44,
    "rdvTime" : "09h55",
    "rdvDuration" : "02h32",
    "srvDuration" : "00h01"
  }, {
    "id" : 143,
    "category" : 0,
    "load" : 2,
    "start" : 45,
    "destination" : 4,
    "end" : 45,
    "rdvTime" : "10h52",
    "rdvDuration" : "02h08",
    "srvDuration" : "00h02"
  }, {
    "id" : 144,
    "category" : 0,
    "load" : 2,
    "start" : -1,
    "destination" : 13,
    "end" : 46,
    "rdvTime" : "08h28",
    "rdvDuration" : "01h59",
    "srvDuration" : "00h01"
  }, {
    "id" : 145,
    "category" : 0,
    "load" : 1,
    "start" : 47,
    "destination" : 6,
    "end" : 47,
    "rdvTime" : "10h46",
    "rdvDuration" : "01h54",
    "srvDuration" : "00h01"
  }, {
    "id" : 146,
    "category" : 0,
    "load" : 1,
    "start" : 48,
    "destination" : 15,
    "end" : -1,
    "rdvTime" : "08h45",
    "rdvDuration" : "00h17",
    "srvDuration" : "00h01"
  }, {
    "id" : 147,
    "category" : 0,
    "load" : 2,
    "start" : 49,
    "destination" : 12,
    "end" : 49,
    "rdvTime" : "14h03",
    "rdvDuration" : "02h35",
    "srvDuration" : "00h01"
  }, {
    "id" : 148,
    "category" : 0,
    "load" : 1,
    "start" : 50,
    "destination" : 10,
    "end" : 50,
    "rdvTime" : "10h10",
    "rdvDuration" : "02h27",
    "srvDuration" : "00h01"
  }, {
    "id" : 149,
    "category" : 0,
    "load" : 1,
    "start" : 51,
    "destination" : 15,
    "end" : 52,
    "rdvTime" : "15h48",
    "rdvDuration" : "00h21",
    "srvDuration" : "00h01"
  }, {
    "id" : 150,
    "category" : 0,
    "load" : 1,
    "start" : 53,
    "destination" : 0,
    "end" : 53,
    "rdvTime" : "14h04",
    "rdvDuration" : "02h18",
    "srvDuration" : "00h01"
  }, {
    "id" : 151,
    "category" : 0,
    "load" : 2,
    "start" : 54,
    "destination" : 8,
    "end" : -1,
    "rdvTime" : "13h49",
    "rdvDuration" : "00h16",
    "srvDuration" : "00h02"
  }, {
    "id" : 152,
    "category" : 0,
    "load" : 1,
    "start" : 55,
    "destination" : 15,
    "end" : -1,
    "rdvTime" : "11h19",
    "rdvDuration" : "01h03",
    "srvDuration" : "00h01"
  }, {
    "id" : 153,
    "category" : 0,
    "load" : 2,
    "start" : 56,
    "destination" : 14,
    "end" : 57,
    "rdvTime" : "15h54",
    "rdvDuration" : "02h06",
    "srvDuration" : "00h02"
  }, {
    "id" : 154,
    "category" : 0,
    "load" : 2,
    "start" : 58,
    "destination" : 19,
    "end" : 58,
    "rdvTime" : "15h45",
    "rdvDuration" : "01h48",
    "srvDuration" : "00h02"
  }, {
    "id" : 155,
    "category" : 0,
    "load" : 1,
    "start" : 59,
    "destination" : 12,
    "end" : 59,
    "rdvTime" : "12h00",
    "rdvDuration" : "01h13",
    "srvDuration" : "00h02"
  }, {
    "id" : 156,
    "category" : 0,
    "load" : 1,
    "start" : 60,
    "destination" : 1,
    "end" : 61,
    "rdvTime" : "15h04",
    "rdvDuration" : "02h17",
    "srvDuration" : "00h01"
  }, {
    "id" : 157,
    "category" : 0,
    "load" : 2,
    "start" : -1,
    "destination" : 3,
    "end" : 62,
    "rdvTime" : "15h29",
    "rdvDuration" : "01h04",
    "srvDuration" : "00h01"
  }, {
    "id" : 158,
    "category" : 0,
    "load" : 1,
    "start" : 63,
    "destination" : 10,
    "end" : 63,
    "rdvTime" : "13h38",
    "rdvDuration" : "00h36",
    "srvDuration" : "00h01"
  }, {
    "id" : 159,
    "category" : 0,
    "load" : 1,
    "start" : 64,
    "destination" : 1,
    "end" : 64,
    "rdvTime" : "15h19",
    "rdvDuration" : "02h53",
    "srvDuration" : "00h02"
  }, {
    "id" : 160,
    "category" : 0,
    "load" : 2,
    "start" : 65,
    "destination" : 16,
    "end" : 66,
    "rdvTime" : "09h15",
    "rdvDuration" : "01h49",
    "srvDuration" : "00h02"
  }, {
    "id" : 161,
    "category" : 0,
    "load" : 2,
    "start" : 67,
    "destination" : 8,
    "end" : 67,
    "rdvTime" : "09h23",
    "rdvDuration" : "01h45",
    "srvDuration" : "00h01"
  }, {
    "id" : 162,
    "category" : 0,
    "load" : 1,
    "start" : 68,
    "destination" : 0,
    "end" : 68,
    "rdvTime" : "11h24",
    "rdvDuration" : "01h41",
    "srvDuration" : "00h02"
  }, {
    "id" : 163,
    "category" : 0,
    "load" : 1,
    "start" : 69,
    "destination" : 6,
    "end" : 69,
    "rdvTime" : "15h54",
    "rdvDuration" : "01h03",
    "srvDuration" : "00h01"
  }, {
    "id" : 164,
    "category" : 0,
    "load" : 2,
    "start" : 70,
    "destination" : 14,
    "end" : 70,
    "rdvTime" : "14h07",
    "rdvDuration" : "01h43",
    "srvDuration" : "00h02"
  }, {
    "id" : 165,
    "category" : 0,
    "load" : 1,
    "start" : 71,
    "destination" : 16,
    "end" : 71,
    "rdvTime" : "11h30",
    "rdvDuration" : "00h39",
    "srvDuration" : "00h01"
  }, {
    "id" : 166,
    "category" : 0,
    "load" : 1,
    "start" : -1,
    "destination" : 0,
    "end" : 72,
    "rdvTime" : "10h38",
    "rdvDuration" : "01h09",
    "srvDuration" : "00h01"
  }, {
    "id" : 167,
    "category" : 0,
    "load" : 2,
    "start" : 73,
    "destination" : 12,
    "end" : 73,
    "rdvTime" : "13h18",
    "rdvDuration" : "02h33",
    "srvDuration" : "00h01"
  }, {
    "id" : 168,
    "category" : 0,
    "load" : 2,
    "start" : -1,
    "destination" : 18,
    "end" : 74,
    "rdvTime" : "13h02",
    "rdvDuration" : "01h29",
    "srvDuration" : "00h01"
  }, {
    "id" : 169,
    "category" : 0,
    "load" : 1,
    "start" : 75,
    "destination" : 8,
    "end" : 76,
    "rdvTime" : "08h42",
    "rdvDuration" : "02h57",
    "srvDuration" : "00h02"
  }, {
    "id" : 170,
    "category" : 0,
    "load" : 1,
    "start" : 77,
    "destination" : 16,
    "end" : 78,
    "rdvTime" : "14h33",
    "rdvDuration" : "02h18",
    "srvDuration" : "00h02"
  }, {
    "id" : 171,
    "category" : 0,
    "load" : 1,
    "start" : 79,
    "destination" : 6,
    "end" : 79,
    "rdvTime" : "12h33",
    "rdvDuration" : "01h17",
    "srvDuration" : "00h02"
  }, {
    "id" : 172,
    "category" : 0,
    "load" : 1,
    "start" : 80,
    "destination" : 19,
    "end" : 81,
    "rdvTime" : "09h10",
    "rdvDuration" : "01h36",
    "srvDuration" : "00h02"
  }, {
    "id" : 173,
    "category" : 0,
    "load" : 1,
    "start" : 82,
    "destination" : 4,
    "end" : 83,
    "rdvTime" : "12h52",
    "rdvDuration" : "00h20",
    "srvDuration" : "00h01"
  }, {
    "id" : 174,
    "category" : 0,
    "load" : 2,
    "start" : 84,
    "destination" : 7,
    "end" : 84,
    "rdvTime" : "13h26",
    "rdvDuration" : "02h52",
    "srvDuration" : "00h01"
  }, {
    "id" : 175,
    "category" : 0,
    "load" : 1,
    "start" : 85,
    "destination" : 19,
    "end" : 86,
    "rdvTime" : "10h38",
    "rdvDuration" : "00h28",
    "srvDuration" : "00h02"
  }, {
    "id" : 176,
    "category" : 0,
    "load" : 1,
    "start" : 87,
    "destination" : 17,
    "end" : 87,
    "rdvTime" : "10h44",
    "rdvDuration" : "01h13",
    "srvDuration" : "00h01"
  }, {
    "id" : 177,
    "category" : 0,
    "load" : 1,
    "start" : 88,
    "destination" : 9,
    "end" : 88,
    "rdvTime" : "10h46",
    "rdvDuration" : "02h48",
    "srvDuration" : "00h01"
  }, {
    "id" : 178,
    "category" : 0,
    "load" : 2,
    "start" : 89,
    "destination" : 5,
    "end" : 89,
    "rdvTime" : "13h58",
    "rdvDuration" : "02h13",
    "srvDuration" : "00h01"
  }, {
    "id" : 179,
    "category" : 0,
    "load" : 2,
    "start" : 90,
    "destination" : 15,
    "end" : 90,
    "rdvTime" : "12h10",
    "rdvDuration" : "01h12",
    "srvDuration" : "00h02"
  }, {
    "id" : 180,
    "category" : 0,
    "load" : 2,
    "start" : 91,
    "destination" : 10,
    "end" : 91,
    "rdvTime" : "11h49",
    "rdvDuration" : "00h41",
    "srvDuration" : "00h02"
  }, {
    "id" : 181,
    "category" : 0,
    "load" : 1,
    "start" : 92,
    "destination" : 5,
    "end" : 92,
    "rdvTime" : "11h57",
    "rdvDuration" : "02h06",
    "srvDuration" : "00h02"
  }, {
    "id" : 182,
    "category" : 0,
    "load" : 2,
    "start" : 93,
    "destination" : 13,
    "end" : 93,
    "rdvTime" : "11h25",
    "rdvDuration" : "01h27",
    "srvDuration" : "00h02"
  }, {
    "id" : 183,
    "category" : 0,
    "load" : 2,
    "start" : 94,
    "destination" : 19,
    "end" : 94,
    "rdvTime" : "14h11",
    "rdvDuration" : "00h19",
    "srvDuration" : "00h02"
  }, {
    "id" : 184,
    "category" : 0,
    "load" : 1,
    "start" : 95,
    "destination" : 6,
    "end" : 95,
    "rdvTime" : "10h41",
    "rdvDuration" : "02h02",
    "srvDuration" : "00h02"
  }, {
    "id" : 185,
    "category" : 0,
    "load" : 2,
    "start" : 96,
    "destination" : 2,
    "end" : -1,
    "rdvTime" : "14h27",
    "rdvDuration" : "02h17",
    "srvDuration" : "00h01"
  }, {
    "id" : 186,
    "category" : 0,
    "load" : 1,
    "start" : 97,
    "destination" : 9,
    "end" : 97,
    "rdvTime" : "14h34",
    "rdvDuration" : "00h17",
    "srvDuration" : "00h02"
  }, {
    "id" : 187,
    "category" : 0,
    "load" : 2,
    "start" : 98,
    "destination" : 16,
    "end" : 98,
    "rdvTime" : "09h57",
    "rdvDuration" : "01h33",
    "srvDuration" : "00h01"
  }, {
    "id" : 188,
    "category" : 0,
    "load" : 1,
    "start" : 99,
    "destination" : 8,
    "end" : -1,
    "rdvTime" : "10h38",
    "rdvDuration" : "01h28",
    "srvDuration" : "00h02"
  }, {
    "id" : 189,
    "category" : 0,
    "load" : 2,
    "start" : 100,
    "destination" : 6,
    "end" : 100,
    "rdvTime" : "10h18",
    "rdvDuration" : "01h14",
    "srvDuration" : "00h01"
  }, {
    "id" : 190,
    "category" : 0,
    "load" : 1,
    "start" : 101,
    "destination" : 5,
    "end" : -1,
    "rdvTime" : "12h06",
    "rdvDuration" : "00h43",
    "srvDuration" : "00h02"
  }, {
    "id" : 191,
    "category" : 0,
    "load" : 2,
    "start" : 102,
    "destination" : 12,
    "end" : 103,
    "rdvTime" : "10h08",
    "rdvDuration" : "02h17",
    "srvDuration" : "00h02"
  }, {
    "id" : 192,
    "category" : 0,
    "load" : 1,
    "start" : -1,
    "destination" : 2,
    "end" : 104,
    "rdvTime" : "11h06",
    "rdvDuration" : "01h28",
    "srvDuration" : "00h01"
  }, {
    "id" : 193,
    "category" : 0,
    "load" : 1,
    "start" : -1,
    "destination" : 7,
    "end" : 105,
    "rdvTime" : "15h20",
    "rdvDuration" : "00h19",
    "srvDuration" : "00h02"
  }, {
    "id" : 194,
    "category" : 0,
    "load" : 2,
    "start" : 106,
    "destination" : 2,
    "end" : 106,
    "rdvTime" : "09h40",
    "rdvDuration" : "02h23",
    "srvDuration" : "00h02"
  }, {
    "id" : 195,
    "category" : 0,
    "load" : 2,
    "start" : 107,
    "destination" : 7,
    "end" : 107,
    "rdvTime" : "10h38",
    "rdvDuration" : "00h51",
    "srvDuration" : "00h01"
  }, {
    "id" : 196,
    "category" : 0,
    "load" : 2,
    "start" : 108,
    "destination" : 0,
    "end" : 108,
    "rdvTime" : "12h13",
    "rdvDuration" : "02h16",
    "srvDuration" : "00h02"
  }, {
    "id" : 197,
    "category" : 0,
    "load" : 2,
    "start" : -1,
    "destination" : 7,
    "end" : 109,
    "rdvTime" : "11h41",
    "rdvDuration" : "01h32",
    "srvDuration" : "00h02"
  }, {
    "id" : 198,
    "category" : 0,
    "load" : 2,
    "start" : 110,
    "destination" : 12,
    "end" : 110,
    "rdvTime" : "10h34",
    "rdvDuration" : "00h31",
    "srvDuration" : "00h01"
  }, {
    "id" : 199,
    "category" : 0,
    "load" : 1,
    "start" : -1,
    "destination" : 2,
    "end" : 111,
    "rdvTime" : "09h36",
    "rdvDuration" : "00h57",
    "srvDuration" : "00h02"
  }, {
    "id" : 200,
    "category" : 0,
    "load" : 1,
    "start" : 112,
    "destination" : 13,
    "end" : 112,
    "rdvTime" : "11h37",
    "rdvDuration" : "02h13",
    "srvDuration" : "00h02"
  }, {
    "id" : 201,
    "category" : 0,
    "load" : 1,
    "start" : 113,
    "destination" : 19,
    "end" : 113,
    "rdvTime" : "09h22",
    "rdvDuration" : "00h39",
    "srvDuration" : "00h01"
  } ],
  "distMatrix" : [ [ 0, 11, 6, 14, 2, 10, 16, 9, 8, 5, 13, 11, 16, 16, 14, 10, 4, 7, 12, 15, 4, 1, 0, 9, 16, 8, 11, 4, 16, 14, 2, 12, 16, 13, 11, 15, 5, 16, 17, 10, 15, 14, 15, 8, 4, 7, 1, 4, 11, 16, 13, 15, 10, 9, 8, 12, 8, 9, 10, 1, 6, 8, 13, 14, 12, 10, 4, 14, 7, 1, 7, 1, 7, 4, 15, 17, 10, 15, 15, 17, 13, 10, 12, 5, 6, 7, 1, 4, 15, 6, 12, 4, 12, 3, 6, 15, 9, 8, 5, 7, 10, 8, 6, 5, 9, 16, 7, 14, 10, 8, 7, 10, 8, 11 ], [ 11, 0, 16, 7, 13, 4, 7, 12, 9, 15, 11, 18, 19, 22, 22, 3, 14, 16, 11, 13, 6, 10, 11, 5, 9, 14, 21, 10, 13, 21, 11, 22, 11, 14, 20, 12, 13, 20, 15, 21, 13, 8, 11, 17, 7, 6, 10, 7, 3, 15, 22, 8, 19, 3, 12, 1, 8, 15, 4, 11, 8, 6, 12, 3, 22, 10, 9, 13, 11, 11, 14, 11, 7, 12, 5, 14, 3, 17, 17, 18, 18, 16, 10, 10, 13, 17, 10, 14, 22, 16, 19, 14, 19, 11, 16, 6, 12, 18, 9, 11, 5, 5, 4, 6, 10, 19, 17, 5, 13, 6, 10, 4, 11, 17 ], [ 6, 16, 0, 19, 3, 16, 21, 9, 11, 1, 18, 13, 20, 17, 15, 15, 5, 7, 17, 19, 10, 6, 5, 13, 21, 6, 10, 9, 21, 13, 6, 10, 22, 17, 10, 19, 8, 18, 22, 6, 20, 20, 20, 8, 9, 11, 6, 9, 17, 21, 11, 20, 10, 14, 8, 17, 11, 12, 14, 5, 11, 14, 18, 19, 10, 15, 7, 18, 11, 6, 10, 5, 13, 4, 21, 22, 16, 18, 19, 21, 15, 12, 17, 7, 6, 2, 6, 5, 15, 5, 13, 3, 14, 5, 6, 20, 13, 2, 10, 11, 16, 12, 11, 10, 14, 19, 6, 19, 14, 14, 9, 15, 9, 12 ], [ 14, 7, 19, 0, 16, 3, 3, 18, 15, 18, 6, 16, 14, 19, 20, 5, 16, 16, 7, 7, 10, 13, 14, 12, 2, 20, 21, 11, 7, 20, 13, 22, 4, 10, 20, 7, 14, 16, 9, 23, 7, 1, 4, 18, 12, 12, 14, 10, 4, 8, 21, 1, 19, 10, 18, 6, 14, 14, 11, 14, 8, 6, 7, 8, 22, 7, 13, 8, 10, 13, 13, 14, 6, 16, 5, 7, 4, 13, 13, 13, 15, 14, 5, 15, 18, 21, 13, 16, 20, 17, 18, 16, 16, 15, 17, 2, 10, 21, 10, 10, 3, 11, 10, 10, 8, 15, 18, 3, 10, 5, 16, 11, 17, 16 ], [ 2, 13, 3, 16, 0, 13, 18, 9, 9, 2, 14, 11, 17, 15, 14, 12, 3, 6, 13, 16, 7, 3, 2, 11, 18, 7, 10, 6, 18, 13, 3, 11, 19, 14, 10, 16, 5, 16, 18, 8, 17, 16, 17, 7, 6, 8, 3, 6, 14, 18, 11, 17, 9, 11, 8, 14, 9, 10, 12, 2, 8, 10, 14, 16, 11, 12, 5, 15, 8, 2, 7, 2, 10, 3, 17, 18, 13, 16, 16, 18, 13, 10, 14, 6, 5, 5, 3, 3, 14, 5, 12, 2, 12, 3, 5, 17, 11, 6, 7, 8, 12, 10, 9, 7, 11, 16, 5, 16, 11, 10, 8, 12, 8, 11 ], [ 10, 4, 16, 3, 13, 0, 5, 15, 11, 15, 7, 15, 14, 18, 19, 1, 13, 14, 7, 9, 6, 10, 10, 9, 6, 16, 19, 8, 9, 19, 10, 20, 7, 10, 18, 8, 12, 16, 11, 20, 9, 4, 6, 15, 8, 8, 10, 7, 2, 10, 19, 5, 17, 7, 15, 4, 11, 12, 8, 11, 6, 3, 8, 6, 20, 6, 10, 9, 8, 10, 11, 11, 4, 13, 5, 10, 1, 13, 13, 14, 15, 12, 6, 12, 14, 18, 10, 13, 19, 15, 16, 14, 15, 12, 14, 4, 9, 18, 7, 8, 1, 8, 6, 6, 7, 15, 15, 4, 9, 3, 13, 8, 13, 14 ], [ 16, 7, 21, 3, 18, 5, 0, 19, 15, 20, 10, 20, 17, 22, 23, 6, 18, 19, 11, 10, 12, 15, 16, 12, 4, 21, 24, 13, 10, 23, 16, 25, 6, 13, 23, 10, 17, 20, 11, 25, 10, 4, 7, 21, 13, 13, 16, 12, 5, 11, 24, 3, 22, 10, 19, 6, 15, 17, 10, 16, 11, 8, 10, 6, 25, 10, 15, 11, 13, 16, 16, 16, 9, 18, 2, 10, 5, 16, 16, 16, 19, 17, 9, 17, 19, 23, 15, 19, 23, 20, 21, 19, 20, 17, 20, 1, 13, 23, 13, 13, 6, 11, 11, 11, 11, 19, 21, 2, 14, 8, 17, 10, 18, 19 ], [ 9, 12, 9, 18, 9, 15, 19, 0, 4, 10, 20, 20, 25, 24, 23, 14, 12, 15, 19, 22, 10, 8, 9, 7, 21, 3, 19, 13, 23, 22, 11, 20, 22, 21, 19, 22, 14, 25, 24, 15, 22, 19, 21, 16, 7, 7, 8, 9, 14, 24, 20, 19, 18, 9, 1, 14, 4, 18, 9, 9, 13, 14, 20, 14, 19, 17, 6, 21, 16, 10, 16, 8, 14, 6, 18, 24, 14, 23, 24, 25, 21, 18, 19, 4, 4, 10, 8, 12, 23, 14, 21, 11, 21, 6, 14, 19, 18, 11, 13, 15, 15, 8, 9, 9, 17, 24, 14, 17, 19, 14, 2, 9, 1, 19 ], [ 8, 9, 11, 15, 9, 11, 15, 4, 0, 11, 17, 19, 23, 23, 22, 10, 12, 14, 17, 19, 7, 7, 8, 4, 17, 6, 19, 11, 20, 21, 10, 20, 19, 18, 19, 19, 13, 23, 21, 17, 19, 16, 18, 16, 4, 3, 7, 7, 11, 21, 20, 16, 18, 5, 4, 10, 0, 16, 5, 9, 11, 11, 17, 11, 20, 15, 4, 19, 14, 9, 14, 7, 11, 7, 14, 21, 11, 21, 22, 23, 20, 17, 16, 3, 5, 12, 7, 12, 22, 14, 20, 11, 20, 6, 14, 15, 15, 12, 11, 13, 12, 4, 5, 6, 14, 23, 14, 13, 17, 11, 2, 6, 3, 18 ], [ 5, 15, 1, 18, 2, 15, 20, 10, 11, 0, 16, 11, 18, 15, 14, 14, 4, 6, 15, 18, 9, 6, 5, 13, 20, 7, 9, 8, 20, 12, 5, 10, 21, 16, 9, 18, 6, 17, 20, 6, 18, 19, 19, 6, 9, 11, 5, 8, 16, 20, 10, 19, 9, 13, 9, 17, 11, 10, 14, 4, 10, 13, 16, 18, 10, 14, 7, 17, 10, 5, 8, 5, 12, 4, 20, 20, 15, 17, 18, 20, 14, 11, 16, 7, 6, 3, 5, 3, 14, 4, 12, 2, 13, 5, 5, 20, 12, 3, 9, 10, 15, 12, 11, 9, 12, 17, 4, 18, 13, 13, 9, 14, 9, 11 ], [ 13, 11, 18, 6, 14, 7, 10, 20, 17, 16, 0, 11, 8, 13, 14, 8, 13, 12, 1, 2, 10, 13, 13, 15, 6, 20, 17, 8, 3, 15, 12, 18, 5, 3, 15, 2, 11, 10, 4, 20, 2, 6, 3, 14, 13, 14, 13, 10, 9, 4, 16, 7, 15, 13, 19, 11, 17, 9, 14, 13, 7, 6, 1, 13, 18, 3, 14, 2, 6, 12, 9, 13, 6, 16, 11, 4, 8, 7, 6, 7, 10, 9, 1, 16, 18, 19, 12, 13, 14, 14, 12, 14, 11, 15, 14, 8, 5, 19, 8, 6, 6, 14, 12, 11, 4, 9, 15, 9, 5, 6, 17, 14, 18, 10 ], [ 11, 18, 13, 16, 11, 15, 20, 20, 19, 11, 11, 0, 8, 4, 4, 15, 8, 5, 10, 12, 13, 12, 11, 19, 17, 18, 6, 8, 13, 4, 9, 7, 16, 8, 5, 12, 6, 6, 13, 11, 12, 16, 14, 5, 15, 17, 12, 12, 17, 13, 5, 17, 4, 18, 19, 19, 19, 3, 19, 10, 10, 12, 11, 21, 7, 10, 15, 10, 7, 10, 5, 12, 12, 14, 20, 14, 16, 7, 8, 10, 3, 3, 12, 16, 16, 13, 12, 8, 4, 7, 1, 10, 1, 14, 7, 19, 7, 13, 9, 7, 14, 18, 16, 13, 8, 7, 7, 18, 6, 13, 18, 19, 19, 1 ], [ 16, 19, 20, 14, 17, 14, 17, 25, 23, 18, 8, 8, 0, 8, 10, 15, 15, 13, 7, 7, 16, 17, 16, 22, 14, 24, 15, 12, 8, 11, 15, 16, 12, 5, 13, 8, 12, 3, 7, 20, 7, 13, 10, 13, 19, 20, 17, 16, 17, 7, 13, 14, 13, 20, 24, 19, 22, 8, 21, 16, 12, 12, 7, 21, 15, 9, 19, 6, 9, 16, 10, 17, 12, 20, 18, 8, 15, 2, 1, 2, 6, 8, 9, 21, 22, 21, 17, 15, 9, 15, 9, 16, 7, 20, 14, 16, 7, 21, 12, 10, 13, 21, 18, 17, 9, 2, 15, 17, 6, 13, 23, 21, 24, 8 ], [ 16, 22, 17, 19, 15, 18, 22, 24, 23, 15, 13, 4, 8, 0, 3, 19, 12, 10, 12, 13, 17, 17, 15, 23, 20, 23, 9, 13, 15, 4, 14, 9, 18, 10, 7, 14, 10, 4, 14, 14, 13, 19, 16, 9, 19, 21, 17, 17, 21, 14, 7, 20, 7, 22, 23, 22, 23, 7, 23, 15, 13, 16, 12, 25, 9, 12, 19, 12, 10, 15, 9, 16, 15, 18, 23, 15, 19, 7, 8, 10, 4, 6, 14, 21, 21, 17, 16, 12, 2, 11, 3, 14, 3, 18, 11, 21, 10, 17, 13, 11, 17, 22, 20, 18, 11, 5, 11, 21, 9, 16, 22, 24, 23, 5 ], [ 14, 22, 15, 20, 14, 19, 23, 23, 22, 14, 14, 4, 10, 3, 0, 19, 10, 8, 13, 15, 16, 16, 14, 23, 21, 21, 6, 12, 16, 2, 12, 7, 19, 11, 5, 15, 9, 7, 16, 12, 15, 19, 17, 7, 18, 20, 15, 16, 21, 15, 4, 21, 5, 22, 22, 22, 22, 6, 23, 13, 13, 16, 14, 25, 6, 13, 18, 13, 10, 13, 8, 15, 15, 17, 24, 17, 19, 9, 10, 12, 5, 6, 15, 19, 19, 15, 15, 11, 1, 9, 2, 12, 3, 17, 9, 22, 10, 15, 12, 11, 18, 21, 19, 17, 12, 7, 9, 22, 10, 16, 21, 23, 22, 4 ], [ 10, 3, 15, 5, 12, 1, 6, 14, 10, 14, 8, 15, 15, 19, 19, 0, 12, 13, 8, 10, 5, 9, 10, 8, 7, 15, 19, 8, 10, 19, 10, 20, 9, 10, 18, 9, 11, 17, 12, 20, 10, 5, 8, 15, 7, 7, 10, 6, 2, 11, 19, 6, 17, 6, 14, 4, 10, 12, 7, 10, 6, 3, 8, 6, 20, 7, 9, 10, 8, 10, 11, 10, 3, 12, 6, 11, 1, 14, 14, 15, 15, 13, 6, 11, 13, 17, 9, 13, 19, 14, 17, 13, 15, 11, 14, 5, 9, 17, 7, 8, 2, 7, 5, 5, 7, 16, 15, 4, 10, 2, 11, 7, 12, 14 ], [ 4, 14, 5, 16, 3, 13, 18, 12, 12, 4, 13, 8, 15, 12, 10, 12, 0, 3, 12, 15, 8, 6, 4, 13, 17, 10, 7, 5, 16, 10, 3, 8, 18, 12, 7, 15, 2, 13, 17, 7, 15, 16, 16, 4, 9, 11, 5, 7, 14, 16, 8, 17, 6, 13, 11, 15, 12, 6, 14, 3, 7, 10, 13, 17, 8, 10, 8, 13, 6, 3, 4, 5, 9, 6, 18, 17, 13, 13, 14, 16, 10, 7, 12, 9, 9, 6, 5, 1, 11, 2, 9, 2, 9, 7, 2, 17, 8, 7, 6, 7, 12, 12, 10, 8, 9, 13, 3, 16, 9, 10, 11, 14, 11, 7 ], [ 7, 16, 7, 16, 6, 14, 19, 15, 14, 6, 12, 5, 13, 10, 8, 13, 3, 0, 11, 14, 9, 8, 6, 16, 18, 13, 5, 6, 15, 7, 5, 7, 17, 11, 5, 14, 2, 11, 16, 7, 14, 16, 15, 2, 11, 13, 8, 9, 15, 15, 6, 17, 4, 15, 14, 17, 14, 5, 16, 6, 8, 11, 12, 19, 6, 10, 10, 12, 6, 6, 3, 7, 10, 9, 19, 16, 14, 11, 12, 14, 8, 5, 12, 11, 11, 8, 7, 3, 8, 2, 6, 4, 7, 9, 2, 18, 8, 8, 6, 6, 13, 14, 12, 10, 9, 11, 2, 17, 8, 11, 13, 16, 14, 5 ], [ 12, 11, 17, 7, 13, 7, 11, 19, 17, 15, 1, 10, 7, 12, 13, 8, 12, 11, 0, 3, 10, 12, 12, 15, 8, 19, 15, 7, 4, 13, 11, 17, 7, 2, 14, 3, 9, 9, 5, 18, 3, 7, 5, 12, 13, 14, 12, 10, 10, 5, 15, 8, 13, 13, 19, 12, 16, 7, 14, 12, 6, 6, 1, 14, 16, 2, 14, 2, 5, 11, 8, 12, 6, 15, 12, 5, 8, 6, 6, 7, 8, 7, 2, 16, 17, 18, 12, 12, 13, 13, 11, 13, 10, 15, 12, 9, 3, 18, 7, 5, 6, 14, 12, 10, 3, 8, 13, 10, 3, 6, 17, 14, 18, 9 ], [ 15, 13, 19, 7, 16, 9, 10, 22, 19, 18, 2, 12, 7, 13, 15, 10, 15, 14, 3, 0, 12, 15, 15, 17, 7, 22, 18, 10, 2, 15, 14, 19, 5, 4, 16, 1, 12, 10, 2, 21, 0, 6, 3, 15, 15, 16, 15, 13, 11, 2, 17, 7, 16, 15, 21, 13, 19, 10, 16, 15, 9, 8, 2, 15, 19, 5, 16, 2, 8, 14, 11, 15, 8, 18, 12, 2, 10, 6, 6, 6, 10, 10, 3, 18, 20, 21, 15, 15, 14, 16, 13, 16, 11, 17, 15, 9, 6, 21, 10, 8, 8, 16, 14, 13, 6, 9, 16, 10, 6, 8, 20, 16, 20, 11 ], [ 4, 6, 10, 10, 7, 6, 12, 10, 7, 9, 10, 13, 16, 17, 16, 5, 8, 9, 10, 12, 0, 4, 4, 7, 12, 10, 15, 4, 13, 16, 5, 16, 13, 11, 14, 12, 7, 16, 14, 15, 12, 10, 11, 11, 3, 4, 4, 1, 7, 14, 15, 11, 13, 6, 9, 8, 7, 10, 6, 5, 4, 5, 11, 10, 16, 8, 4, 12, 7, 4, 8, 4, 4, 7, 11, 14, 6, 14, 14, 16, 13, 11, 9, 6, 8, 11, 4, 8, 16, 10, 14, 8, 13, 6, 10, 11, 8, 12, 4, 6, 6, 5, 3, 1, 7, 16, 10, 9, 10, 4, 7, 7, 8, 12 ], [ 1, 10, 6, 13, 3, 10, 15, 8, 7, 6, 13, 12, 17, 17, 16, 9, 6, 8, 12, 15, 4, 0, 2, 8, 15, 7, 13, 5, 16, 15, 3, 14, 16, 13, 13, 15, 6, 17, 17, 11, 15, 14, 15, 9, 3, 5, 1, 3, 11, 17, 14, 14, 12, 8, 7, 11, 6, 10, 8, 2, 6, 8, 13, 13, 14, 10, 2, 14, 8, 2, 8, 1, 7, 3, 14, 17, 10, 16, 16, 18, 14, 11, 12, 4, 5, 8, 1, 6, 16, 7, 14, 5, 13, 3, 7, 14, 10, 9, 5, 7, 10, 7, 5, 4, 9, 17, 8, 13, 11, 8, 6, 9, 6, 12 ], [ 0, 11, 5, 14, 2, 10, 16, 9, 8, 5, 13, 11, 16, 15, 14, 10, 4, 6, 12, 15, 4, 2, 0, 9, 16, 8, 11, 4, 16, 13, 2, 12, 17, 13, 11, 15, 5, 16, 17, 10, 15, 14, 15, 8, 5, 7, 1, 4, 12, 16, 12, 15, 10, 9, 8, 12, 8, 9, 10, 1, 6, 8, 13, 14, 12, 10, 4, 14, 7, 1, 7, 1, 8, 4, 15, 17, 10, 15, 15, 17, 13, 9, 12, 5, 6, 7, 1, 4, 14, 6, 12, 3, 12, 3, 6, 15, 9, 8, 5, 7, 10, 8, 7, 5, 9, 16, 6, 14, 10, 8, 7, 10, 8, 11 ], [ 9, 5, 13, 12, 11, 9, 12, 7, 4, 13, 15, 19, 22, 23, 23, 8, 13, 16, 15, 17, 7, 8, 9, 0, 14, 10, 20, 11, 18, 22, 11, 22, 16, 17, 20, 17, 14, 23, 19, 19, 17, 13, 15, 17, 5, 3, 8, 7, 8, 19, 22, 13, 19, 2, 8, 6, 3, 17, 2, 10, 10, 10, 16, 7, 22, 13, 6, 17, 13, 10, 15, 9, 10, 9, 11, 19, 8, 21, 21, 22, 20, 17, 14, 6, 9, 15, 9, 13, 23, 15, 21, 13, 20, 8, 15, 12, 15, 15, 11, 13, 10, 1, 4, 6, 13, 22, 16, 10, 16, 9, 5, 2, 6, 19 ], [ 16, 9, 21, 2, 18, 6, 4, 21, 17, 20, 6, 17, 14, 20, 21, 7, 17, 18, 8, 7, 12, 15, 16, 14, 0, 22, 22, 12, 6, 21, 15, 24, 3, 10, 21, 6, 16, 16, 8, 25, 7, 2, 4, 19, 14, 14, 16, 12, 6, 8, 22, 1, 21, 12, 20, 8, 17, 15, 13, 16, 10, 7, 7, 9, 24, 8, 16, 8, 12, 15, 15, 16, 8, 19, 6, 6, 6, 13, 13, 12, 16, 15, 6, 18, 20, 23, 15, 18, 20, 19, 19, 18, 17, 18, 19, 3, 11, 23, 12, 11, 5, 13, 12, 12, 9, 16, 20, 5, 11, 8, 18, 13, 19, 17 ], [ 8, 14, 6, 20, 7, 16, 21, 3, 6, 7, 20, 18, 24, 23, 21, 15, 10, 13, 19, 22, 10, 7, 8, 10, 22, 0, 16, 12, 23, 20, 10, 17, 23, 21, 17, 22, 13, 24, 24, 12, 22, 20, 22, 14, 8, 9, 7, 10, 16, 24, 18, 21, 16, 11, 2, 16, 7, 17, 12, 8, 13, 15, 20, 17, 17, 18, 6, 21, 15, 9, 14, 7, 14, 4, 20, 24, 16, 23, 23, 25, 20, 17, 19, 4, 2, 7, 8, 10, 21, 11, 19, 9, 19, 5, 12, 20, 17, 7, 13, 15, 17, 10, 10, 10, 17, 24, 12, 19, 18, 15, 5, 12, 4, 18 ], [ 11, 21, 10, 21, 10, 19, 24, 19, 19, 9, 17, 6, 15, 9, 6, 19, 7, 5, 15, 18, 15, 13, 11, 20, 22, 16, 0, 11, 19, 5, 10, 1, 22, 14, 2, 18, 7, 12, 19, 6, 18, 21, 20, 4, 16, 18, 12, 14, 21, 19, 2, 22, 2, 20, 17, 22, 19, 8, 21, 10, 13, 16, 16, 24, 1, 14, 15, 16, 11, 11, 8, 12, 15, 13, 24, 20, 19, 13, 14, 17, 9, 8, 17, 16, 15, 10, 12, 7, 7, 5, 6, 8, 7, 13, 5, 23, 12, 10, 12, 11, 18, 19, 17, 15, 13, 13, 5, 22, 12, 16, 18, 21, 18, 7 ], [ 4, 10, 9, 11, 6, 8, 13, 13, 11, 8, 8, 8, 12, 13, 12, 8, 5, 6, 7, 10, 4, 5, 4, 11, 12, 12, 11, 0, 12, 12, 3, 12, 13, 8, 10, 10, 4, 12, 13, 12, 11, 11, 11, 7, 7, 8, 5, 4, 10, 12, 12, 12, 10, 10, 12, 11, 10, 6, 11, 4, 2, 5, 8, 13, 12, 6, 7, 9, 3, 4, 4, 5, 4, 8, 13, 12, 8, 11, 11, 13, 9, 6, 8, 9, 10, 11, 4, 5, 12, 7, 10, 6, 9, 7, 7, 12, 5, 11, 1, 3, 7, 9, 7, 5, 5, 12, 7, 11, 6, 5, 11, 11, 11, 8 ], [ 16, 13, 21, 7, 18, 9, 10, 23, 20, 20, 3, 13, 8, 15, 16, 10, 16, 15, 4, 2, 13, 16, 16, 18, 6, 23, 19, 12, 0, 17, 15, 21, 4, 5, 18, 1, 14, 11, 2, 23, 1, 6, 3, 17, 16, 17, 17, 14, 11, 1, 19, 7, 17, 16, 22, 13, 19, 11, 17, 16, 10, 9, 3, 14, 20, 6, 17, 3, 10, 15, 12, 17, 9, 19, 11, 1, 10, 8, 7, 6, 12, 11, 4, 19, 21, 22, 16, 17, 16, 17, 14, 18, 13, 19, 17, 9, 8, 23, 11, 10, 8, 17, 15, 14, 7, 10, 18, 10, 7, 9, 20, 17, 21, 13 ], [ 14, 21, 13, 20, 13, 19, 23, 22, 21, 12, 15, 4, 11, 4, 2, 19, 10, 7, 13, 15, 16, 15, 13, 22, 21, 20, 5, 12, 17, 0, 12, 5, 20, 12, 3, 16, 8, 8, 17, 10, 16, 20, 18, 6, 18, 20, 15, 15, 21, 16, 3, 21, 4, 21, 21, 22, 21, 7, 22, 13, 13, 16, 14, 24, 5, 13, 17, 14, 10, 13, 8, 14, 15, 16, 24, 18, 19, 10, 11, 13, 6, 6, 15, 18, 18, 14, 14, 10, 2, 8, 3, 11, 4, 16, 8, 22, 10, 14, 12, 11, 18, 21, 19, 17, 12, 9, 8, 22, 10, 16, 20, 23, 21, 4 ], [ 2, 11, 6, 13, 3, 10, 16, 11, 10, 5, 12, 9, 15, 14, 12, 10, 3, 5, 11, 14, 5, 3, 2, 11, 15, 10, 10, 3, 15, 12, 0, 11, 16, 11, 10, 13, 3, 14, 16, 10, 14, 14, 14, 6, 6, 8, 3, 4, 12, 15, 11, 14, 9, 10, 10, 12, 9, 7, 11, 1, 5, 8, 12, 15, 11, 9, 5, 12, 6, 1, 5, 3, 7, 5, 15, 16, 11, 13, 14, 16, 11, 8, 11, 7, 8, 8, 2, 3, 13, 5, 11, 3, 10, 5, 5, 15, 8, 8, 4, 5, 10, 9, 8, 5, 8, 14, 5, 14, 9, 8, 9, 11, 9, 9 ], [ 12, 22, 10, 22, 11, 20, 25, 20, 20, 10, 18, 7, 16, 9, 7, 20, 8, 7, 17, 19, 16, 14, 12, 22, 24, 17, 1, 12, 21, 5, 11, 0, 23, 15, 3, 19, 9, 13, 20, 6, 19, 22, 21, 5, 17, 19, 13, 15, 22, 20, 2, 23, 3, 21, 18, 23, 20, 9, 22, 12, 14, 17, 17, 25, 0, 16, 16, 17, 12, 12, 9, 13, 17, 14, 25, 21, 21, 14, 15, 18, 10, 9, 18, 17, 16, 10, 13, 8, 7, 6, 7, 9, 8, 14, 6, 24, 13, 10, 13, 13, 19, 20, 19, 17, 14, 13, 6, 24, 13, 18, 19, 22, 19, 8 ], [ 16, 11, 22, 4, 19, 7, 6, 22, 19, 21, 5, 16, 12, 18, 19, 9, 18, 17, 7, 5, 13, 16, 17, 16, 3, 23, 22, 13, 4, 20, 16, 23, 0, 8, 21, 4, 16, 15, 5, 25, 5, 3, 2, 19, 16, 16, 17, 14, 9, 5, 22, 4, 20, 14, 22, 11, 18, 14, 15, 17, 11, 8, 6, 12, 23, 8, 17, 6, 11, 16, 14, 17, 9, 20, 8, 4, 8, 11, 11, 10, 15, 14, 5, 19, 21, 23, 16, 18, 19, 19, 18, 19, 16, 19, 19, 6, 10, 24, 12, 11, 7, 15, 14, 13, 9, 14, 20, 7, 10, 9, 20, 15, 21, 16 ], [ 13, 14, 17, 10, 14, 10, 13, 21, 18, 16, 3, 8, 5, 10, 11, 10, 12, 11, 2, 4, 11, 13, 13, 17, 10, 21, 14, 8, 5, 12, 11, 15, 8, 0, 13, 4, 9, 7, 5, 18, 4, 9, 6, 12, 14, 16, 14, 12, 12, 5, 14, 10, 12, 15, 20, 14, 18, 6, 16, 13, 7, 8, 3, 16, 15, 4, 15, 2, 6, 12, 8, 13, 8, 16, 14, 6, 11, 4, 3, 5, 6, 6, 4, 17, 18, 18, 13, 12, 11, 13, 9, 14, 8, 16, 12, 12, 3, 19, 8, 6, 9, 16, 14, 12, 4, 6, 13, 12, 3, 9, 19, 17, 19, 8 ], [ 11, 20, 10, 20, 10, 18, 23, 19, 19, 9, 15, 5, 13, 7, 5, 18, 7, 5, 14, 16, 14, 13, 11, 20, 21, 17, 2, 10, 18, 3, 10, 3, 21, 13, 0, 17, 7, 10, 18, 7, 17, 20, 18, 3, 16, 18, 12, 14, 20, 17, 1, 21, 1, 20, 18, 21, 19, 7, 21, 10, 12, 15, 15, 23, 2, 13, 15, 15, 10, 10, 7, 12, 14, 13, 23, 19, 19, 12, 13, 15, 7, 7, 15, 16, 15, 11, 12, 7, 5, 6, 4, 8, 6, 14, 5, 22, 11, 11, 11, 10, 17, 19, 17, 15, 12, 11, 5, 22, 11, 16, 18, 21, 18, 5 ], [ 15, 12, 19, 7, 16, 8, 10, 22, 19, 18, 2, 12, 8, 14, 15, 9, 15, 14, 3, 1, 12, 15, 15, 17, 6, 22, 18, 10, 1, 16, 13, 19, 4, 4, 17, 0, 12, 10, 3, 21, 1, 6, 3, 15, 15, 16, 15, 12, 10, 2, 18, 7, 16, 15, 21, 12, 18, 10, 16, 15, 9, 7, 2, 14, 19, 5, 16, 2, 8, 14, 11, 15, 8, 18, 11, 2, 9, 7, 6, 6, 11, 10, 3, 18, 20, 21, 14, 15, 15, 16, 13, 16, 12, 17, 15, 9, 6, 21, 10, 8, 7, 16, 14, 13, 6, 9, 16, 10, 6, 8, 19, 16, 20, 12 ], [ 5, 13, 8, 14, 5, 12, 17, 14, 13, 6, 11, 6, 12, 10, 9, 11, 2, 2, 9, 12, 7, 6, 5, 14, 16, 13, 7, 4, 14, 8, 3, 9, 16, 9, 7, 12, 0, 11, 14, 9, 13, 14, 13, 4, 9, 11, 6, 7, 13, 14, 8, 15, 6, 13, 13, 15, 13, 4, 14, 5, 6, 9, 10, 17, 9, 8, 9, 11, 4, 4, 2, 6, 8, 8, 17, 15, 12, 11, 11, 13, 8, 5, 10, 10, 11, 9, 6, 3, 9, 4, 7, 4, 7, 8, 3, 16, 6, 9, 4, 4, 11, 12, 10, 8, 7, 11, 4, 15, 7, 9, 12, 14, 13, 5 ], [ 16, 20, 18, 16, 16, 16, 20, 25, 23, 17, 10, 6, 3, 4, 7, 17, 13, 11, 9, 10, 16, 17, 16, 23, 16, 24, 12, 12, 11, 8, 14, 13, 15, 7, 10, 10, 11, 0, 10, 17, 10, 16, 13, 11, 19, 20, 17, 16, 18, 10, 11, 17, 10, 21, 24, 20, 23, 7, 22, 15, 12, 14, 9, 22, 13, 10, 19, 8, 9, 15, 9, 17, 14, 19, 21, 11, 17, 3, 4, 6, 3, 6, 11, 21, 22, 19, 16, 14, 6, 13, 6, 15, 5, 19, 13, 18, 8, 19, 12, 10, 15, 21, 19, 17, 10, 1, 13, 19, 7, 14, 23, 22, 23, 6 ], [ 17, 15, 22, 9, 18, 11, 11, 24, 21, 20, 4, 13, 7, 14, 16, 12, 17, 16, 5, 2, 14, 17, 17, 19, 8, 24, 19, 13, 2, 17, 16, 20, 5, 5, 18, 3, 14, 10, 0, 23, 2, 8, 4, 17, 17, 18, 17, 15, 12, 0, 19, 9, 17, 17, 24, 15, 21, 12, 18, 17, 11, 10, 4, 16, 20, 7, 18, 3, 10, 16, 13, 18, 10, 20, 13, 1, 11, 7, 6, 5, 11, 11, 5, 21, 22, 23, 17, 17, 15, 18, 14, 18, 13, 20, 17, 11, 8, 23, 12, 10, 10, 18, 16, 15, 8, 9, 18, 12, 8, 11, 22, 18, 23, 13 ], [ 10, 21, 6, 23, 8, 20, 25, 15, 17, 6, 20, 11, 20, 14, 12, 20, 7, 7, 18, 21, 15, 11, 10, 19, 25, 12, 6, 12, 23, 10, 10, 6, 25, 18, 7, 21, 9, 17, 23, 0, 22, 23, 23, 6, 15, 16, 11, 14, 21, 23, 8, 24, 7, 19, 14, 22, 17, 12, 20, 9, 14, 17, 20, 24, 6, 17, 13, 20, 13, 10, 11, 10, 17, 10, 25, 24, 20, 18, 19, 21, 14, 12, 19, 13, 12, 5, 11, 7, 12, 6, 11, 7, 12, 11, 6, 25, 15, 5, 13, 14, 20, 18, 17, 15, 16, 18, 5, 24, 15, 18, 15, 20, 15, 11 ], [ 15, 13, 20, 7, 17, 9, 10, 22, 19, 18, 2, 12, 7, 13, 15, 10, 15, 14, 3, 0, 12, 15, 15, 17, 7, 22, 18, 11, 1, 16, 14, 19, 5, 4, 17, 1, 13, 10, 2, 22, 0, 6, 3, 15, 15, 16, 16, 13, 11, 2, 17, 7, 16, 15, 22, 13, 19, 10, 16, 15, 9, 8, 2, 15, 19, 5, 16, 2, 8, 14, 11, 16, 8, 18, 12, 2, 10, 7, 6, 6, 10, 10, 4, 19, 20, 21, 15, 15, 15, 16, 13, 16, 12, 18, 16, 9, 7, 22, 10, 8, 8, 16, 14, 13, 6, 9, 16, 10, 6, 9, 20, 16, 21, 12 ], [ 14, 8, 20, 1, 16, 4, 4, 19, 16, 19, 6, 16, 13, 19, 19, 5, 16, 16, 7, 6, 10, 14, 14, 13, 2, 20, 21, 11, 6, 20, 14, 22, 3, 9, 20, 6, 14, 16, 8, 23, 6, 0, 3, 18, 13, 13, 14, 11, 5, 8, 21, 1, 19, 11, 19, 7, 15, 13, 11, 15, 9, 6, 6, 9, 22, 7, 14, 7, 10, 14, 13, 14, 7, 17, 5, 7, 5, 13, 12, 12, 15, 14, 5, 16, 18, 21, 14, 16, 19, 17, 17, 17, 16, 16, 17, 3, 9, 22, 10, 10, 4, 12, 11, 10, 8, 15, 18, 4, 10, 6, 17, 11, 18, 15 ], [ 15, 11, 20, 4, 17, 6, 7, 21, 18, 19, 3, 14, 10, 16, 17, 8, 16, 15, 5, 3, 11, 15, 15, 15, 4, 22, 20, 11, 3, 18, 14, 21, 2, 6, 18, 3, 13, 13, 4, 23, 3, 3, 0, 17, 14, 15, 15, 12, 8, 4, 19, 4, 18, 13, 21, 10, 17, 12, 14, 15, 9, 7, 4, 12, 21, 5, 16, 5, 9, 14, 12, 15, 7, 18, 9, 3, 7, 10, 9, 9, 13, 12, 3, 18, 20, 21, 14, 16, 17, 17, 15, 17, 14, 17, 17, 6, 8, 22, 10, 9, 6, 14, 12, 12, 7, 12, 17, 7, 8, 7, 18, 14, 19, 14 ], [ 8, 17, 8, 18, 7, 15, 21, 16, 16, 6, 14, 5, 13, 9, 7, 15, 4, 2, 12, 15, 11, 9, 8, 17, 19, 14, 4, 7, 17, 6, 6, 5, 19, 12, 3, 15, 4, 11, 17, 6, 15, 18, 17, 0, 12, 14, 9, 10, 17, 16, 5, 19, 3, 16, 15, 18, 15, 5, 17, 7, 9, 12, 13, 20, 5, 11, 12, 14, 7, 7, 4, 9, 12, 10, 21, 17, 16, 12, 13, 15, 8, 6, 14, 13, 12, 8, 8, 4, 7, 2, 6, 5, 6, 10, 2, 19, 9, 8, 8, 8, 15, 16, 14, 12, 10, 12, 2, 19, 9, 13, 14, 18, 15, 5 ], [ 4, 7, 9, 12, 6, 8, 13, 7, 4, 9, 13, 15, 19, 19, 18, 7, 9, 11, 13, 15, 3, 3, 5, 5, 14, 8, 16, 7, 16, 18, 6, 17, 16, 14, 16, 15, 9, 19, 17, 15, 15, 13, 14, 12, 0, 2, 4, 3, 9, 17, 17, 13, 15, 5, 6, 8, 4, 12, 5, 5, 7, 8, 13, 10, 17, 11, 2, 15, 9, 5, 10, 4, 7, 5, 12, 17, 8, 17, 17, 19, 16, 13, 12, 4, 6, 11, 4, 9, 18, 10, 16, 8, 16, 4, 11, 12, 11, 11, 7, 9, 9, 4, 3, 2, 10, 19, 11, 11, 12, 7, 4, 6, 5, 14 ], [ 7, 6, 11, 12, 8, 8, 13, 7, 3, 11, 14, 17, 20, 21, 20, 7, 11, 13, 14, 16, 4, 5, 7, 3, 14, 9, 18, 8, 17, 20, 8, 19, 16, 16, 18, 16, 11, 20, 18, 16, 16, 13, 15, 14, 2, 0, 6, 4, 8, 18, 19, 13, 17, 3, 7, 7, 3, 14, 3, 8, 8, 8, 14, 9, 19, 12, 3, 16, 11, 7, 12, 6, 8, 7, 11, 18, 8, 19, 19, 20, 18, 15, 13, 4, 7, 12, 6, 11, 20, 13, 18, 10, 18, 6, 13, 12, 13, 13, 8, 11, 9, 2, 2, 4, 11, 20, 13, 10, 14, 8, 4, 4, 5, 16 ], [ 1, 10, 6, 14, 3, 10, 16, 8, 7, 5, 13, 12, 17, 17, 15, 10, 5, 8, 12, 15, 4, 1, 1, 8, 16, 7, 12, 5, 17, 15, 3, 13, 17, 14, 12, 15, 6, 17, 17, 11, 16, 14, 15, 9, 4, 6, 0, 4, 11, 17, 14, 15, 11, 8, 7, 11, 7, 10, 9, 2, 7, 9, 13, 13, 13, 11, 3, 14, 8, 2, 8, 0, 8, 3, 15, 17, 10, 16, 16, 18, 14, 11, 12, 4, 5, 7, 1, 5, 16, 7, 13, 4, 13, 2, 7, 15, 10, 8, 6, 8, 10, 7, 6, 4, 10, 17, 8, 14, 11, 8, 6, 9, 6, 12 ], [ 4, 7, 9, 10, 6, 7, 12, 9, 7, 8, 10, 12, 16, 17, 16, 6, 7, 9, 10, 13, 1, 3, 4, 7, 12, 10, 14, 4, 14, 15, 4, 15, 14, 12, 14, 12, 7, 16, 15, 14, 13, 11, 12, 10, 3, 4, 4, 0, 8, 14, 15, 11, 13, 6, 9, 8, 7, 10, 7, 4, 4, 5, 11, 10, 15, 8, 4, 12, 7, 4, 8, 4, 5, 6, 11, 14, 7, 14, 15, 16, 13, 10, 9, 6, 8, 11, 3, 7, 16, 9, 14, 7, 13, 5, 9, 11, 8, 11, 4, 6, 7, 5, 3, 1, 7, 16, 10, 10, 10, 5, 7, 7, 8, 12 ], [ 11, 3, 17, 4, 14, 2, 5, 14, 11, 16, 9, 17, 17, 21, 21, 2, 14, 15, 10, 11, 7, 11, 12, 8, 6, 16, 21, 10, 11, 21, 12, 22, 9, 12, 20, 10, 13, 18, 12, 21, 11, 5, 8, 17, 9, 8, 11, 8, 0, 12, 21, 5, 19, 6, 15, 2, 10, 14, 6, 12, 8, 5, 10, 4, 22, 8, 10, 11, 11, 11, 13, 12, 6, 14, 4, 11, 1, 16, 15, 16, 17, 15, 8, 12, 14, 18, 11, 15, 21, 16, 19, 15, 17, 12, 16, 4, 11, 19, 9, 10, 3, 7, 6, 7, 9, 18, 17, 2, 12, 4, 12, 6, 13, 17 ], [ 16, 15, 21, 8, 18, 10, 11, 24, 21, 20, 4, 13, 7, 14, 15, 11, 16, 15, 5, 2, 14, 17, 16, 19, 8, 24, 19, 12, 1, 16, 15, 20, 5, 5, 17, 2, 14, 10, 0, 23, 2, 8, 4, 16, 17, 18, 17, 14, 12, 0, 18, 8, 17, 17, 23, 14, 20, 11, 18, 16, 11, 10, 4, 16, 20, 7, 18, 3, 10, 16, 12, 17, 10, 20, 13, 1, 11, 7, 6, 5, 11, 11, 5, 20, 22, 23, 16, 17, 15, 17, 14, 18, 12, 19, 17, 10, 8, 23, 11, 10, 9, 18, 16, 15, 8, 9, 18, 12, 7, 10, 21, 18, 22, 12 ], [ 13, 22, 11, 21, 11, 19, 24, 20, 20, 10, 16, 5, 13, 7, 4, 19, 8, 6, 15, 17, 15, 14, 12, 22, 22, 18, 2, 12, 19, 3, 11, 2, 22, 14, 1, 18, 8, 11, 19, 8, 17, 21, 19, 5, 17, 19, 14, 15, 21, 18, 0, 22, 2, 21, 19, 22, 20, 8, 22, 12, 13, 16, 16, 25, 2, 14, 16, 16, 11, 12, 8, 13, 16, 14, 24, 19, 20, 12, 13, 16, 8, 8, 16, 17, 17, 12, 13, 8, 5, 7, 5, 10, 6, 15, 6, 23, 12, 11, 12, 11, 18, 20, 18, 16, 13, 11, 6, 23, 11, 17, 19, 22, 19, 6 ], [ 15, 8, 20, 1, 17, 5, 3, 19, 16, 19, 7, 17, 14, 20, 21, 6, 17, 17, 8, 7, 11, 14, 15, 13, 1, 21, 22, 12, 7, 21, 14, 23, 4, 10, 21, 7, 15, 17, 9, 24, 7, 1, 4, 19, 13, 13, 15, 11, 5, 8, 22, 0, 20, 11, 19, 7, 15, 15, 11, 15, 10, 7, 7, 8, 23, 8, 15, 8, 11, 15, 14, 15, 7, 18, 4, 7, 5, 14, 13, 13, 16, 15, 6, 17, 19, 22, 14, 17, 20, 18, 18, 18, 17, 17, 18, 2, 11, 22, 11, 11, 4, 12, 11, 11, 9, 16, 19, 3, 11, 7, 17, 11, 18, 17 ], [ 10, 19, 10, 19, 9, 17, 22, 18, 18, 9, 15, 4, 13, 7, 5, 17, 6, 4, 13, 16, 13, 12, 10, 19, 21, 16, 2, 10, 17, 4, 9, 3, 20, 12, 1, 16, 6, 10, 17, 7, 16, 19, 18, 3, 15, 17, 11, 13, 19, 17, 2, 20, 0, 19, 17, 20, 18, 6, 20, 9, 11, 14, 14, 23, 3, 13, 14, 14, 9, 10, 6, 11, 14, 12, 22, 18, 18, 12, 13, 15, 7, 6, 15, 15, 15, 10, 11, 6, 6, 5, 4, 8, 6, 13, 4, 21, 10, 10, 10, 9, 16, 18, 16, 14, 11, 11, 4, 21, 10, 15, 17, 20, 17, 5 ], [ 9, 3, 14, 10, 11, 7, 10, 9, 5, 13, 13, 18, 20, 22, 22, 6, 13, 15, 13, 15, 6, 8, 9, 2, 12, 11, 20, 10, 16, 21, 10, 21, 14, 15, 20, 15, 13, 21, 17, 19, 15, 11, 13, 16, 5, 3, 8, 6, 6, 17, 21, 11, 19, 0, 9, 5, 5, 15, 1, 10, 9, 8, 14, 6, 21, 12, 6, 15, 12, 10, 14, 9, 8, 10, 9, 16, 6, 19, 19, 20, 19, 16, 12, 7, 10, 15, 8, 13, 22, 15, 20, 13, 19, 9, 15, 10, 13, 16, 9, 11, 8, 1, 3, 5, 12, 21, 15, 8, 14, 7, 7, 1, 8, 18 ], [ 8, 12, 8, 18, 8, 15, 19, 1, 4, 9, 19, 19, 24, 23, 22, 14, 11, 14, 19, 21, 9, 7, 8, 8, 20, 2, 17, 12, 22, 21, 10, 18, 22, 20, 18, 21, 13, 24, 24, 14, 22, 19, 21, 15, 6, 7, 7, 9, 15, 23, 19, 19, 17, 9, 0, 14, 4, 17, 9, 8, 13, 14, 20, 15, 18, 17, 5, 21, 15, 9, 15, 7, 13, 5, 18, 23, 14, 23, 23, 25, 20, 17, 18, 3, 2, 9, 7, 11, 22, 12, 20, 9, 20, 5, 13, 19, 17, 9, 12, 14, 15, 8, 9, 9, 16, 24, 13, 17, 18, 13, 2, 10, 2, 18 ], [ 12, 1, 17, 6, 14, 4, 6, 14, 10, 17, 11, 19, 19, 22, 22, 4, 15, 17, 12, 13, 8, 11, 12, 6, 8, 16, 22, 11, 13, 22, 12, 23, 11, 14, 21, 12, 15, 20, 15, 22, 13, 7, 10, 18, 8, 7, 11, 8, 2, 14, 22, 7, 20, 5, 14, 0, 9, 16, 5, 13, 9, 7, 12, 2, 23, 10, 10, 13, 12, 12, 15, 12, 7, 14, 4, 14, 3, 18, 17, 18, 19, 16, 10, 12, 14, 19, 11, 15, 22, 17, 20, 15, 19, 12, 17, 5, 13, 19, 10, 12, 5, 6, 6, 7, 11, 20, 18, 4, 14, 6, 11, 5, 12, 18 ], [ 8, 8, 11, 14, 9, 11, 15, 4, 0, 11, 17, 19, 22, 23, 22, 10, 12, 14, 16, 19, 7, 6, 8, 3, 17, 7, 19, 10, 19, 21, 9, 20, 18, 18, 19, 18, 13, 23, 21, 17, 19, 15, 17, 15, 4, 3, 7, 7, 10, 20, 20, 15, 18, 5, 4, 9, 0, 16, 5, 9, 11, 11, 17, 10, 20, 14, 4, 18, 13, 9, 14, 7, 11, 7, 14, 20, 10, 21, 21, 23, 20, 17, 15, 3, 5, 12, 7, 12, 22, 13, 20, 11, 19, 6, 14, 15, 15, 12, 11, 13, 12, 4, 5, 6, 14, 22, 14, 13, 16, 10, 2, 5, 3, 18 ], [ 9, 15, 12, 14, 10, 12, 17, 18, 16, 10, 9, 3, 8, 7, 6, 12, 6, 5, 7, 10, 10, 10, 9, 17, 15, 17, 8, 6, 11, 7, 7, 9, 14, 6, 7, 10, 4, 7, 12, 12, 10, 13, 12, 5, 12, 14, 10, 10, 14, 11, 8, 15, 6, 15, 17, 16, 16, 0, 16, 9, 7, 9, 8, 18, 9, 7, 12, 8, 4, 8, 2, 10, 9, 12, 17, 12, 13, 7, 7, 10, 4, 1, 9, 14, 15, 13, 9, 7, 6, 7, 4, 8, 3, 12, 6, 16, 4, 13, 6, 4, 11, 15, 13, 11, 6, 7, 7, 16, 4, 10, 16, 17, 17, 2 ], [ 10, 4, 14, 11, 12, 8, 10, 9, 5, 14, 14, 19, 21, 23, 23, 7, 14, 16, 14, 16, 6, 8, 10, 2, 13, 12, 21, 11, 17, 22, 11, 22, 15, 16, 21, 16, 14, 22, 18, 20, 16, 11, 14, 17, 5, 3, 9, 7, 6, 18, 22, 11, 20, 1, 9, 5, 5, 16, 0, 11, 10, 9, 15, 5, 22, 13, 7, 16, 13, 10, 15, 9, 9, 10, 9, 17, 7, 20, 20, 21, 20, 17, 13, 8, 10, 16, 9, 14, 23, 16, 21, 13, 20, 9, 16, 10, 14, 16, 10, 12, 9, 2, 4, 6, 13, 22, 16, 8, 15, 8, 7, 0, 8, 19 ], [ 1, 11, 5, 14, 2, 11, 16, 9, 9, 4, 13, 10, 16, 15, 13, 10, 3, 6, 12, 15, 5, 2, 1, 10, 16, 8, 10, 4, 16, 13, 1, 12, 17, 13, 10, 15, 5, 15, 17, 9, 15, 15, 15, 7, 5, 8, 2, 4, 12, 16, 12, 15, 9, 10, 8, 13, 9, 9, 11, 0, 6, 9, 13, 15, 11, 10, 5, 14, 7, 1, 6, 2, 8, 4, 16, 17, 11, 15, 15, 17, 12, 9, 12, 6, 6, 7, 2, 3, 14, 5, 12, 3, 11, 4, 5, 15, 9, 7, 5, 7, 11, 9, 7, 5, 9, 15, 6, 14, 10, 9, 8, 11, 8, 10 ], [ 6, 8, 11, 8, 8, 6, 11, 13, 11, 10, 7, 10, 12, 13, 13, 6, 7, 8, 6, 9, 4, 6, 6, 10, 10, 13, 13, 2, 10, 13, 5, 14, 11, 7, 12, 9, 6, 12, 11, 14, 9, 9, 9, 9, 7, 8, 7, 4, 8, 11, 13, 10, 11, 9, 13, 9, 11, 7, 10, 6, 0, 3, 7, 11, 14, 4, 8, 8, 3, 5, 5, 7, 2, 9, 11, 11, 6, 10, 10, 12, 10, 7, 6, 10, 11, 13, 6, 8, 13, 9, 11, 8, 10, 9, 9, 10, 4, 13, 1, 2, 5, 9, 7, 5, 3, 12, 9, 10, 6, 3, 11, 10, 12, 9 ], [ 8, 6, 14, 6, 10, 3, 8, 14, 11, 13, 6, 12, 12, 16, 16, 3, 10, 11, 6, 8, 5, 8, 8, 10, 7, 15, 16, 5, 9, 16, 8, 17, 8, 8, 15, 7, 9, 14, 10, 17, 8, 6, 7, 12, 8, 8, 9, 5, 5, 10, 16, 7, 14, 8, 14, 7, 11, 9, 9, 9, 3, 0, 6, 9, 17, 4, 9, 7, 5, 8, 8, 9, 1, 11, 8, 9, 4, 11, 11, 12, 12, 9, 4, 11, 13, 15, 8, 10, 16, 12, 13, 11, 12, 10, 12, 7, 6, 16, 4, 5, 2, 8, 6, 5, 4, 13, 12, 7, 7, 1, 12, 9, 13, 11 ], [ 13, 12, 18, 7, 14, 8, 10, 20, 17, 16, 1, 11, 7, 12, 14, 8, 13, 12, 1, 2, 11, 13, 13, 16, 7, 20, 16, 8, 3, 14, 12, 17, 6, 3, 15, 2, 10, 9, 4, 20, 2, 6, 4, 13, 13, 14, 13, 11, 10, 4, 16, 7, 14, 14, 20, 12, 17, 8, 15, 13, 7, 6, 0, 14, 17, 3, 14, 1, 6, 12, 9, 13, 6, 16, 11, 4, 9, 6, 6, 6, 9, 8, 2, 17, 18, 19, 13, 13, 13, 14, 12, 14, 10, 16, 14, 9, 5, 19, 8, 6, 6, 14, 12, 11, 4, 9, 14, 10, 4, 7, 18, 15, 19, 10 ], [ 14, 3, 19, 8, 16, 6, 6, 14, 11, 18, 13, 21, 21, 25, 25, 6, 17, 19, 14, 15, 10, 13, 14, 7, 9, 17, 24, 13, 14, 24, 15, 25, 12, 16, 23, 14, 17, 22, 16, 24, 15, 9, 12, 20, 10, 9, 13, 10, 4, 16, 25, 8, 23, 6, 15, 2, 10, 18, 5, 15, 11, 9, 14, 0, 25, 12, 12, 15, 14, 14, 17, 14, 9, 15, 4, 15, 5, 20, 19, 20, 21, 18, 12, 13, 15, 20, 13, 18, 25, 19, 22, 17, 21, 14, 19, 6, 15, 21, 13, 14, 7, 7, 7, 9, 13, 22, 20, 4, 16, 8, 13, 5, 13, 20 ], [ 12, 22, 10, 22, 11, 20, 25, 19, 20, 10, 18, 7, 15, 9, 6, 20, 8, 6, 16, 19, 16, 14, 12, 22, 24, 17, 1, 12, 20, 5, 11, 0, 23, 15, 2, 19, 9, 13, 20, 6, 19, 22, 21, 5, 17, 19, 13, 15, 22, 20, 2, 23, 3, 21, 18, 23, 20, 9, 22, 11, 14, 17, 17, 25, 0, 16, 16, 17, 12, 12, 9, 13, 16, 13, 25, 21, 20, 14, 15, 18, 10, 9, 18, 17, 16, 10, 13, 8, 7, 6, 7, 9, 8, 14, 6, 24, 13, 10, 13, 12, 19, 20, 19, 16, 14, 13, 6, 24, 13, 18, 18, 22, 19, 8 ], [ 10, 10, 15, 7, 12, 6, 10, 17, 15, 14, 3, 10, 9, 12, 13, 7, 10, 10, 2, 5, 8, 10, 10, 13, 8, 18, 14, 6, 6, 13, 9, 16, 8, 4, 13, 5, 8, 10, 7, 17, 5, 7, 5, 11, 11, 12, 11, 8, 8, 7, 14, 8, 13, 12, 17, 10, 14, 7, 13, 10, 4, 4, 3, 12, 16, 0, 12, 4, 4, 9, 7, 11, 4, 13, 11, 7, 7, 7, 7, 9, 9, 7, 2, 14, 15, 16, 10, 11, 13, 12, 11, 12, 10, 13, 11, 9, 3, 17, 5, 4, 5, 12, 10, 8, 1, 9, 12, 9, 3, 5, 15, 13, 16, 9 ], [ 4, 9, 7, 13, 5, 10, 15, 6, 4, 7, 14, 15, 19, 19, 18, 9, 8, 10, 14, 16, 4, 2, 4, 6, 16, 6, 15, 7, 17, 17, 5, 16, 17, 15, 15, 16, 9, 19, 18, 13, 16, 14, 16, 12, 2, 3, 3, 4, 10, 18, 16, 15, 14, 6, 5, 10, 4, 12, 7, 5, 8, 9, 14, 12, 16, 12, 0, 16, 10, 5, 10, 3, 8, 4, 14, 18, 10, 18, 18, 20, 16, 13, 13, 2, 4, 9, 3, 8, 18, 10, 16, 7, 16, 2, 10, 14, 12, 10, 7, 9, 10, 5, 4, 4, 11, 19, 10, 13, 13, 8, 4, 7, 4, 14 ], [ 14, 13, 18, 8, 15, 9, 11, 21, 19, 17, 2, 10, 6, 12, 13, 10, 13, 12, 2, 2, 12, 14, 14, 17, 8, 21, 16, 9, 3, 14, 12, 17, 6, 2, 15, 2, 11, 8, 3, 20, 2, 7, 5, 14, 15, 16, 14, 12, 11, 3, 16, 8, 14, 15, 21, 13, 18, 8, 16, 14, 8, 7, 1, 15, 17, 4, 16, 0, 7, 13, 9, 14, 8, 17, 13, 4, 10, 5, 5, 5, 8, 8, 3, 18, 19, 20, 14, 14, 13, 14, 11, 15, 10, 17, 14, 10, 5, 20, 9, 7, 8, 16, 14, 12, 5, 7, 15, 11, 4, 8, 19, 16, 20, 10 ], [ 7, 11, 11, 10, 8, 8, 13, 16, 14, 10, 6, 7, 9, 10, 10, 8, 6, 6, 5, 8, 7, 8, 7, 13, 12, 15, 11, 3, 10, 10, 6, 12, 11, 6, 10, 8, 4, 9, 10, 13, 8, 10, 9, 7, 9, 11, 8, 7, 11, 10, 11, 11, 9, 12, 15, 12, 13, 4, 13, 7, 3, 5, 6, 14, 12, 4, 10, 7, 0, 6, 3, 8, 5, 11, 14, 10, 9, 8, 8, 10, 7, 4, 6, 12, 13, 13, 7, 7, 10, 8, 8, 8, 7, 10, 7, 12, 2, 13, 3, 1, 8, 12, 10, 8, 3, 9, 8, 12, 3, 6, 13, 13, 14, 6 ], [ 1, 11, 6, 13, 2, 10, 16, 10, 9, 5, 12, 10, 16, 15, 13, 10, 3, 6, 11, 14, 4, 2, 1, 10, 15, 9, 11, 4, 15, 13, 1, 12, 16, 12, 10, 14, 4, 15, 16, 10, 14, 14, 14, 7, 5, 7, 2, 4, 11, 16, 12, 15, 10, 10, 9, 12, 9, 8, 10, 1, 5, 8, 12, 14, 12, 9, 5, 13, 6, 0, 6, 2, 7, 4, 15, 16, 10, 14, 14, 16, 12, 9, 11, 6, 7, 7, 1, 4, 14, 5, 11, 3, 11, 4, 5, 15, 8, 8, 4, 6, 10, 9, 7, 5, 8, 15, 6, 14, 9, 8, 8, 11, 9, 10 ], [ 7, 14, 10, 13, 7, 11, 16, 16, 14, 8, 9, 5, 10, 9, 8, 11, 4, 3, 8, 11, 8, 8, 7, 15, 15, 14, 8, 4, 12, 8, 5, 9, 14, 8, 7, 11, 2, 9, 13, 11, 11, 13, 12, 4, 10, 12, 8, 8, 13, 12, 8, 14, 6, 14, 15, 15, 14, 2, 15, 6, 5, 8, 9, 17, 9, 7, 10, 9, 3, 6, 0, 8, 8, 10, 17, 13, 12, 9, 9, 11, 6, 3, 9, 12, 13, 11, 7, 5, 8, 5, 6, 6, 5, 10, 5, 15, 4, 11, 4, 3, 10, 13, 11, 9, 6, 9, 5, 15, 5, 9, 14, 15, 14, 4 ], [ 1, 11, 5, 14, 2, 11, 16, 8, 7, 5, 13, 12, 17, 16, 15, 10, 5, 7, 12, 15, 4, 1, 1, 9, 16, 7, 12, 5, 17, 14, 3, 13, 17, 13, 12, 15, 6, 17, 18, 10, 16, 14, 15, 9, 4, 6, 0, 4, 12, 17, 13, 15, 11, 9, 7, 12, 7, 10, 9, 2, 7, 9, 13, 14, 13, 11, 3, 14, 8, 2, 8, 0, 8, 3, 15, 17, 11, 16, 16, 18, 14, 10, 12, 4, 5, 7, 1, 5, 15, 7, 13, 4, 13, 2, 7, 15, 10, 8, 6, 8, 11, 8, 6, 5, 10, 17, 7, 14, 11, 9, 6, 10, 7, 12 ], [ 7, 7, 13, 6, 10, 4, 9, 14, 11, 12, 6, 12, 12, 15, 15, 3, 9, 10, 6, 8, 4, 7, 8, 10, 8, 14, 15, 4, 9, 15, 7, 17, 9, 8, 14, 8, 8, 14, 10, 17, 8, 7, 7, 12, 7, 8, 8, 5, 6, 10, 16, 7, 14, 8, 13, 7, 11, 9, 9, 8, 2, 1, 6, 9, 16, 4, 8, 8, 5, 7, 8, 8, 0, 11, 9, 10, 4, 11, 11, 12, 12, 9, 5, 10, 12, 15, 7, 10, 15, 11, 13, 10, 12, 10, 11, 8, 6, 15, 4, 4, 3, 8, 6, 5, 4, 13, 12, 7, 7, 1, 11, 9, 12, 11 ], [ 4, 12, 4, 16, 3, 13, 18, 6, 7, 4, 16, 14, 20, 18, 17, 12, 6, 9, 15, 18, 7, 3, 4, 9, 19, 4, 13, 8, 19, 16, 5, 14, 20, 16, 13, 18, 8, 19, 20, 10, 18, 17, 18, 10, 5, 7, 3, 6, 14, 20, 14, 18, 12, 10, 5, 14, 7, 12, 10, 4, 9, 11, 16, 15, 13, 13, 4, 17, 11, 4, 10, 3, 11, 0, 17, 20, 13, 18, 19, 21, 16, 13, 15, 3, 3, 5, 4, 6, 17, 7, 15, 5, 15, 1, 8, 17, 13, 6, 8, 10, 13, 9, 8, 7, 12, 19, 8, 16, 14, 11, 5, 11, 5, 14 ], [ 15, 5, 21, 5, 17, 5, 2, 18, 14, 20, 11, 20, 18, 23, 24, 6, 18, 19, 12, 12, 11, 14, 15, 11, 6, 20, 24, 13, 11, 24, 15, 25, 8, 14, 23, 11, 17, 21, 13, 25, 12, 5, 9, 21, 12, 11, 15, 11, 4, 13, 24, 4, 22, 9, 18, 4, 14, 17, 9, 16, 11, 8, 11, 4, 25, 11, 14, 13, 14, 15, 17, 15, 9, 17, 0, 12, 5, 18, 17, 17, 19, 18, 10, 15, 18, 22, 15, 18, 24, 20, 22, 18, 20, 16, 20, 2, 14, 23, 12, 13, 6, 10, 10, 11, 12, 20, 20, 2, 14, 8, 15, 9, 16, 19 ], [ 17, 14, 22, 7, 18, 10, 10, 24, 21, 20, 4, 14, 8, 15, 17, 11, 17, 16, 5, 2, 14, 17, 17, 19, 6, 24, 20, 12, 1, 18, 16, 21, 4, 6, 19, 2, 15, 11, 1, 24, 2, 7, 3, 17, 17, 18, 17, 14, 11, 1, 19, 7, 18, 16, 23, 14, 20, 12, 17, 17, 11, 9, 4, 15, 21, 7, 18, 4, 10, 16, 13, 17, 10, 20, 12, 0, 11, 8, 7, 6, 12, 12, 5, 20, 22, 23, 17, 17, 16, 18, 15, 18, 13, 19, 18, 9, 9, 24, 12, 10, 9, 17, 15, 15, 8, 10, 18, 11, 8, 10, 21, 17, 22, 13 ], [ 10, 3, 16, 4, 13, 1, 5, 14, 11, 15, 8, 16, 15, 19, 19, 1, 13, 14, 8, 10, 6, 10, 10, 8, 6, 16, 19, 8, 10, 19, 11, 21, 8, 11, 19, 9, 12, 17, 11, 20, 10, 5, 7, 16, 8, 8, 10, 7, 1, 11, 20, 5, 18, 6, 14, 3, 10, 13, 7, 11, 6, 4, 9, 5, 20, 7, 10, 10, 9, 10, 12, 11, 4, 13, 5, 11, 0, 14, 14, 15, 15, 13, 7, 12, 14, 18, 10, 13, 19, 15, 17, 14, 16, 12, 15, 5, 9, 18, 8, 9, 2, 7, 6, 6, 8, 16, 16, 3, 10, 3, 12, 7, 13, 15 ], [ 15, 17, 18, 13, 16, 13, 16, 23, 21, 17, 7, 7, 2, 7, 9, 14, 13, 11, 6, 6, 14, 16, 15, 21, 13, 23, 13, 11, 8, 10, 13, 14, 11, 4, 12, 7, 11, 3, 7, 18, 7, 13, 10, 12, 17, 19, 16, 14, 16, 7, 12, 14, 12, 19, 23, 18, 21, 7, 20, 15, 10, 11, 6, 20, 14, 7, 18, 5, 8, 14, 9, 16, 11, 18, 18, 8, 14, 0, 1, 3, 5, 6, 8, 20, 21, 19, 15, 14, 9, 13, 8, 15, 6, 18, 13, 15, 6, 20, 10, 8, 12, 19, 17, 15, 7, 2, 14, 16, 5, 12, 21, 20, 22, 7 ], [ 15, 17, 19, 13, 16, 13, 16, 24, 22, 18, 6, 8, 1, 8, 10, 14, 14, 12, 6, 6, 14, 16, 15, 21, 13, 23, 14, 11, 7, 11, 14, 15, 11, 3, 13, 6, 11, 4, 6, 19, 6, 12, 9, 13, 17, 19, 16, 15, 15, 6, 13, 13, 13, 19, 23, 17, 21, 7, 20, 15, 10, 11, 6, 19, 15, 7, 18, 5, 8, 14, 9, 16, 11, 19, 17, 7, 14, 1, 0, 2, 6, 7, 8, 20, 21, 20, 16, 14, 10, 14, 9, 16, 7, 18, 14, 15, 6, 20, 11, 9, 12, 19, 17, 15, 7, 3, 14, 16, 5, 12, 21, 20, 22, 8 ], [ 17, 18, 21, 13, 18, 14, 16, 25, 23, 20, 7, 10, 2, 10, 12, 15, 16, 14, 7, 6, 16, 18, 17, 22, 12, 25, 17, 13, 6, 13, 16, 18, 10, 5, 15, 6, 13, 6, 5, 21, 6, 12, 9, 15, 19, 20, 18, 16, 16, 5, 16, 13, 15, 20, 25, 18, 23, 10, 21, 17, 12, 12, 6, 20, 18, 9, 20, 5, 10, 16, 11, 18, 12, 21, 17, 6, 15, 3, 2, 0, 8, 9, 8, 22, 23, 22, 17, 16, 12, 16, 11, 18, 9, 20, 16, 15, 8, 23, 13, 10, 13, 21, 18, 17, 9, 5, 17, 16, 7, 13, 23, 21, 24, 10 ], [ 13, 18, 15, 15, 13, 15, 19, 21, 20, 14, 10, 3, 6, 4, 5, 15, 10, 8, 8, 10, 13, 14, 13, 20, 16, 20, 9, 9, 12, 6, 11, 10, 15, 6, 7, 11, 8, 3, 11, 14, 10, 15, 13, 8, 16, 18, 14, 13, 17, 11, 8, 16, 7, 19, 20, 19, 20, 4, 20, 12, 10, 12, 9, 21, 10, 9, 16, 8, 7, 12, 6, 14, 12, 16, 19, 12, 15, 5, 6, 8, 0, 3, 10, 18, 18, 16, 13, 10, 4, 10, 3, 12, 2, 16, 9, 18, 6, 16, 9, 7, 14, 19, 16, 14, 8, 4, 10, 18, 5, 13, 20, 20, 20, 3 ], [ 10, 16, 12, 14, 10, 12, 17, 18, 17, 11, 9, 3, 8, 6, 6, 13, 7, 5, 7, 10, 11, 11, 9, 17, 15, 17, 8, 6, 11, 6, 8, 9, 14, 6, 7, 10, 5, 6, 11, 12, 10, 14, 12, 6, 13, 15, 11, 10, 15, 11, 8, 15, 6, 16, 17, 16, 17, 1, 17, 9, 7, 9, 8, 18, 9, 7, 13, 8, 4, 9, 3, 10, 9, 13, 18, 12, 13, 6, 7, 9, 3, 0, 9, 15, 15, 13, 10, 7, 6, 7, 4, 9, 3, 13, 7, 16, 4, 13, 6, 5, 11, 16, 13, 11, 6, 6, 7, 16, 4, 10, 16, 17, 17, 2 ], [ 12, 10, 17, 5, 14, 6, 9, 19, 16, 16, 1, 12, 9, 14, 15, 6, 12, 12, 2, 3, 9, 12, 12, 14, 6, 19, 17, 8, 4, 15, 11, 18, 5, 4, 15, 3, 10, 11, 5, 19, 4, 5, 3, 14, 12, 13, 12, 9, 8, 5, 16, 6, 15, 12, 18, 10, 15, 9, 13, 12, 6, 4, 2, 12, 18, 2, 13, 3, 6, 11, 9, 12, 5, 15, 10, 5, 7, 8, 8, 8, 10, 9, 0, 15, 17, 18, 12, 13, 15, 14, 13, 14, 11, 14, 13, 7, 5, 19, 7, 6, 4, 13, 11, 10, 4, 10, 14, 8, 5, 5, 16, 13, 17, 11 ], [ 5, 10, 7, 15, 6, 12, 17, 4, 3, 7, 16, 16, 21, 21, 19, 11, 9, 11, 16, 18, 6, 4, 5, 6, 18, 4, 16, 9, 19, 18, 7, 17, 19, 17, 16, 18, 10, 21, 21, 13, 19, 16, 18, 13, 4, 4, 4, 6, 12, 20, 17, 17, 15, 7, 3, 12, 3, 14, 8, 6, 10, 11, 17, 13, 17, 14, 2, 18, 12, 6, 12, 4, 10, 3, 15, 20, 12, 20, 20, 22, 18, 15, 15, 0, 2, 8, 5, 9, 20, 10, 17, 8, 17, 2, 11, 16, 14, 9, 9, 11, 12, 6, 6, 6, 13, 21, 11, 14, 15, 11, 2, 8, 2, 16 ], [ 6, 13, 6, 18, 5, 14, 19, 4, 5, 6, 18, 16, 22, 21, 19, 13, 9, 11, 17, 20, 8, 5, 6, 9, 20, 2, 15, 10, 21, 18, 8, 16, 21, 18, 15, 20, 11, 22, 22, 12, 20, 18, 20, 12, 6, 7, 5, 8, 14, 22, 17, 19, 15, 10, 2, 14, 5, 15, 10, 6, 11, 13, 18, 15, 16, 15, 4, 19, 13, 7, 13, 5, 12, 3, 18, 22, 14, 21, 21, 23, 18, 15, 17, 2, 0, 7, 6, 9, 20, 10, 18, 7, 18, 3, 10, 18, 15, 7, 11, 13, 14, 8, 8, 8, 15, 22, 10, 17, 16, 13, 3, 10, 3, 16 ], [ 7, 17, 2, 21, 5, 18, 23, 10, 12, 3, 19, 13, 21, 17, 15, 17, 6, 8, 18, 21, 11, 8, 7, 15, 23, 7, 10, 11, 22, 14, 8, 10, 23, 18, 11, 21, 9, 19, 23, 5, 21, 21, 21, 8, 11, 12, 7, 11, 18, 23, 12, 22, 10, 15, 9, 19, 12, 13, 16, 7, 13, 15, 19, 20, 10, 16, 9, 20, 13, 7, 11, 7, 15, 5, 22, 23, 18, 19, 20, 22, 16, 13, 18, 8, 7, 0, 8, 6, 16, 6, 14, 5, 15, 7, 7, 22, 15, 1, 11, 13, 17, 14, 13, 12, 15, 20, 6, 21, 16, 15, 10, 16, 10, 13 ], [ 1, 10, 6, 13, 3, 10, 15, 8, 7, 5, 12, 12, 17, 16, 15, 9, 5, 7, 12, 15, 4, 1, 1, 9, 15, 8, 12, 4, 16, 14, 2, 13, 16, 13, 12, 14, 6, 16, 17, 11, 15, 14, 14, 8, 4, 6, 1, 3, 11, 16, 13, 14, 11, 8, 7, 11, 7, 9, 9, 2, 6, 8, 13, 13, 13, 10, 3, 14, 7, 1, 7, 1, 7, 4, 15, 17, 10, 15, 16, 17, 13, 10, 12, 5, 6, 8, 0, 5, 15, 7, 13, 4, 13, 3, 7, 14, 9, 8, 5, 7, 10, 7, 6, 4, 9, 16, 7, 13, 10, 8, 6, 10, 7, 11 ], [ 4, 14, 5, 16, 3, 13, 19, 12, 12, 3, 13, 8, 15, 12, 11, 13, 1, 3, 12, 15, 8, 6, 4, 13, 18, 10, 7, 5, 17, 10, 3, 8, 18, 12, 7, 15, 3, 14, 17, 7, 15, 16, 16, 4, 9, 11, 5, 7, 15, 17, 8, 17, 6, 13, 11, 15, 12, 7, 14, 3, 8, 10, 13, 18, 8, 11, 8, 14, 7, 4, 5, 5, 10, 6, 18, 17, 13, 14, 14, 16, 10, 7, 13, 9, 9, 6, 5, 0, 11, 2, 9, 2, 9, 6, 2, 18, 9, 6, 6, 7, 13, 12, 11, 8, 9, 14, 2, 17, 10, 11, 11, 14, 11, 8 ], [ 15, 22, 15, 20, 14, 19, 23, 23, 22, 14, 14, 4, 9, 2, 1, 19, 11, 8, 13, 14, 16, 16, 14, 23, 20, 21, 7, 12, 16, 2, 13, 7, 19, 11, 5, 15, 9, 6, 15, 12, 15, 19, 17, 7, 18, 20, 16, 16, 21, 15, 5, 20, 6, 22, 22, 22, 22, 6, 23, 14, 13, 16, 13, 25, 7, 13, 18, 13, 10, 14, 8, 15, 15, 17, 24, 16, 19, 9, 10, 12, 4, 6, 15, 20, 20, 16, 15, 11, 0, 10, 2, 13, 3, 17, 9, 22, 10, 16, 12, 11, 18, 22, 19, 17, 12, 7, 10, 22, 9, 16, 21, 23, 22, 4 ], [ 6, 16, 5, 17, 5, 15, 20, 14, 14, 4, 14, 7, 15, 11, 9, 14, 2, 2, 13, 16, 10, 7, 6, 15, 19, 11, 5, 7, 17, 8, 5, 6, 19, 13, 6, 16, 4, 13, 18, 6, 16, 17, 17, 2, 10, 13, 7, 9, 16, 17, 7, 18, 5, 15, 12, 17, 13, 7, 16, 5, 9, 12, 14, 19, 6, 12, 10, 14, 8, 5, 5, 7, 11, 7, 20, 18, 15, 13, 14, 16, 10, 7, 14, 10, 10, 6, 7, 2, 10, 0, 8, 3, 9, 8, 1, 19, 9, 6, 7, 8, 14, 14, 12, 10, 10, 13, 1, 18, 10, 12, 12, 16, 13, 7 ], [ 12, 19, 13, 18, 12, 16, 21, 21, 20, 12, 12, 1, 9, 3, 2, 17, 9, 6, 11, 13, 14, 14, 12, 21, 19, 19, 6, 10, 14, 3, 11, 7, 18, 9, 4, 13, 7, 6, 14, 11, 13, 17, 15, 6, 16, 18, 13, 14, 19, 14, 5, 18, 4, 20, 20, 20, 20, 4, 21, 12, 11, 13, 12, 22, 7, 11, 16, 11, 8, 11, 6, 13, 13, 15, 22, 15, 17, 8, 9, 11, 3, 4, 13, 17, 18, 14, 13, 9, 2, 8, 0, 11, 1, 15, 8, 20, 8, 14, 10, 9, 15, 19, 17, 15, 10, 7, 8, 20, 8, 14, 19, 21, 20, 2 ], [ 4, 14, 3, 16, 2, 14, 19, 11, 11, 2, 14, 10, 16, 14, 12, 13, 2, 4, 13, 16, 8, 5, 3, 13, 18, 9, 8, 6, 18, 11, 3, 9, 19, 14, 8, 16, 4, 15, 18, 7, 16, 17, 17, 5, 8, 10, 4, 7, 15, 18, 10, 18, 8, 13, 9, 15, 11, 8, 13, 3, 8, 11, 14, 17, 9, 12, 7, 15, 8, 3, 6, 4, 10, 5, 18, 18, 14, 15, 16, 18, 12, 9, 14, 8, 7, 5, 4, 2, 13, 3, 11, 0, 11, 5, 3, 18, 10, 5, 7, 8, 13, 12, 10, 8, 10, 15, 3, 17, 11, 11, 9, 14, 10, 9 ], [ 12, 19, 14, 16, 12, 15, 20, 21, 20, 13, 11, 1, 7, 3, 3, 15, 9, 7, 10, 11, 13, 13, 12, 20, 17, 19, 7, 9, 13, 4, 10, 8, 16, 8, 6, 12, 7, 5, 13, 12, 12, 16, 14, 6, 16, 18, 13, 13, 17, 12, 6, 17, 6, 19, 20, 19, 19, 3, 20, 11, 10, 12, 10, 21, 8, 10, 16, 10, 7, 11, 5, 13, 12, 15, 20, 13, 16, 6, 7, 9, 2, 3, 11, 17, 18, 15, 13, 9, 3, 9, 1, 11, 0, 15, 8, 19, 7, 15, 9, 8, 14, 19, 16, 14, 9, 5, 8, 19, 6, 13, 19, 20, 20, 1 ], [ 3, 11, 5, 15, 3, 12, 17, 6, 6, 5, 15, 14, 20, 18, 17, 11, 7, 9, 15, 17, 6, 3, 3, 8, 18, 5, 13, 7, 19, 16, 5, 14, 19, 16, 14, 17, 8, 19, 20, 11, 18, 16, 17, 10, 4, 6, 2, 5, 12, 19, 15, 17, 13, 9, 5, 12, 6, 12, 9, 4, 9, 10, 16, 14, 14, 13, 2, 17, 10, 4, 10, 2, 10, 1, 16, 19, 12, 18, 18, 20, 16, 13, 14, 2, 3, 7, 3, 6, 17, 8, 15, 5, 15, 0, 8, 16, 12, 7, 8, 10, 12, 7, 7, 6, 12, 19, 9, 15, 13, 10, 4, 10, 5, 14 ], [ 6, 16, 6, 17, 5, 14, 20, 14, 14, 5, 14, 7, 14, 11, 9, 14, 2, 2, 12, 15, 10, 7, 6, 15, 19, 12, 5, 7, 17, 8, 5, 6, 19, 12, 5, 15, 3, 13, 17, 6, 16, 17, 17, 2, 11, 13, 7, 9, 16, 17, 6, 18, 4, 15, 13, 17, 14, 6, 16, 5, 9, 12, 14, 19, 6, 11, 10, 14, 7, 5, 5, 7, 11, 8, 20, 18, 15, 13, 14, 16, 9, 7, 13, 11, 10, 7, 7, 2, 9, 1, 8, 3, 8, 8, 0, 19, 9, 7, 7, 8, 14, 14, 12, 10, 10, 13, 1, 18, 10, 12, 13, 16, 13, 7 ], [ 15, 6, 20, 2, 17, 4, 1, 19, 15, 20, 8, 19, 16, 21, 22, 5, 17, 18, 9, 9, 11, 14, 15, 12, 3, 20, 23, 12, 9, 22, 15, 24, 6, 12, 22, 9, 16, 18, 11, 25, 9, 3, 6, 19, 12, 12, 15, 11, 4, 10, 23, 2, 21, 10, 19, 5, 15, 16, 10, 15, 10, 7, 9, 6, 24, 9, 14, 10, 12, 15, 15, 15, 8, 17, 2, 9, 5, 15, 15, 15, 18, 16, 7, 16, 18, 22, 14, 18, 22, 19, 20, 18, 19, 16, 19, 0, 12, 23, 12, 12, 5, 11, 10, 11, 10, 18, 20, 2, 12, 7, 16, 10, 17, 18 ], [ 9, 12, 13, 10, 11, 9, 13, 18, 15, 12, 5, 7, 7, 10, 10, 9, 8, 8, 3, 6, 8, 10, 9, 15, 11, 17, 12, 5, 8, 10, 8, 13, 10, 3, 11, 6, 6, 8, 8, 15, 7, 9, 8, 9, 11, 13, 10, 8, 11, 8, 12, 11, 10, 13, 17, 13, 15, 4, 14, 9, 4, 6, 5, 15, 13, 3, 12, 5, 2, 8, 4, 10, 6, 13, 14, 9, 9, 6, 6, 8, 6, 4, 5, 14, 15, 15, 9, 9, 10, 9, 8, 10, 7, 12, 9, 12, 0, 15, 5, 2, 8, 13, 11, 9, 2, 7, 10, 12, 1, 7, 15, 14, 16, 6 ], [ 8, 18, 2, 21, 6, 18, 23, 11, 12, 3, 19, 13, 21, 17, 15, 17, 7, 8, 18, 21, 12, 9, 8, 15, 23, 7, 10, 11, 23, 14, 8, 10, 24, 19, 11, 21, 9, 19, 23, 5, 22, 22, 22, 8, 11, 13, 8, 11, 19, 23, 11, 22, 10, 16, 9, 19, 12, 13, 16, 7, 13, 16, 19, 21, 10, 17, 10, 20, 13, 8, 11, 8, 15, 6, 23, 24, 18, 20, 20, 23, 16, 13, 19, 9, 7, 1, 8, 6, 16, 6, 14, 5, 15, 7, 7, 23, 15, 0, 12, 13, 18, 15, 14, 12, 16, 20, 6, 21, 16, 16, 11, 17, 11, 13 ], [ 5, 9, 10, 10, 7, 7, 13, 13, 11, 9, 8, 9, 12, 13, 12, 7, 6, 6, 7, 10, 4, 5, 5, 11, 12, 13, 12, 1, 11, 12, 4, 13, 12, 8, 11, 10, 4, 12, 12, 13, 10, 10, 10, 8, 7, 8, 6, 4, 9, 11, 12, 11, 10, 9, 12, 10, 11, 6, 10, 5, 1, 4, 8, 13, 13, 5, 7, 9, 3, 4, 4, 6, 4, 8, 12, 12, 8, 10, 11, 13, 9, 6, 7, 9, 11, 11, 5, 6, 12, 7, 10, 7, 9, 8, 7, 12, 5, 12, 0, 2, 7, 9, 7, 5, 4, 12, 8, 11, 6, 5, 11, 11, 12, 8 ], [ 7, 11, 11, 10, 8, 8, 13, 15, 13, 10, 6, 7, 10, 11, 11, 8, 7, 6, 5, 8, 6, 7, 7, 13, 11, 15, 11, 3, 10, 11, 5, 13, 11, 6, 10, 8, 4, 10, 10, 14, 8, 10, 9, 8, 9, 11, 8, 6, 10, 10, 11, 11, 9, 11, 14, 12, 13, 4, 12, 7, 2, 5, 6, 14, 12, 4, 9, 7, 1, 6, 3, 8, 4, 10, 13, 10, 9, 8, 9, 10, 7, 5, 6, 11, 13, 13, 7, 7, 11, 8, 9, 8, 8, 10, 8, 12, 2, 13, 2, 0, 7, 11, 9, 7, 2, 10, 8, 11, 3, 6, 13, 13, 14, 7 ], [ 10, 5, 16, 3, 12, 1, 6, 15, 12, 15, 6, 14, 13, 17, 18, 2, 12, 13, 6, 8, 6, 10, 10, 10, 5, 17, 18, 7, 8, 18, 10, 19, 7, 9, 17, 7, 11, 15, 10, 20, 8, 4, 6, 15, 9, 9, 10, 7, 3, 9, 18, 4, 16, 8, 15, 5, 12, 11, 9, 11, 5, 2, 6, 7, 19, 5, 10, 8, 8, 10, 10, 11, 3, 13, 6, 9, 2, 12, 12, 13, 14, 11, 4, 12, 14, 17, 10, 13, 18, 14, 15, 13, 14, 12, 14, 5, 8, 18, 7, 7, 0, 9, 7, 7, 6, 14, 15, 4, 8, 2, 13, 9, 14, 13 ], [ 8, 5, 12, 11, 10, 8, 11, 8, 4, 12, 14, 18, 21, 22, 21, 7, 12, 14, 14, 16, 5, 7, 8, 1, 13, 10, 19, 9, 17, 21, 9, 20, 15, 16, 19, 16, 12, 21, 18, 18, 16, 12, 14, 16, 4, 2, 7, 5, 7, 18, 20, 12, 18, 1, 8, 6, 4, 15, 2, 9, 9, 8, 14, 7, 20, 12, 5, 16, 12, 9, 13, 8, 8, 9, 10, 17, 7, 19, 19, 21, 19, 16, 13, 6, 8, 14, 7, 12, 22, 14, 19, 12, 19, 7, 14, 11, 13, 15, 9, 11, 9, 0, 2, 4, 12, 21, 15, 9, 14, 8, 5, 2, 6, 17 ], [ 6, 4, 11, 10, 9, 6, 11, 9, 5, 11, 12, 16, 18, 20, 19, 5, 10, 12, 12, 14, 3, 5, 7, 4, 12, 10, 17, 7, 15, 19, 8, 19, 14, 14, 17, 14, 10, 19, 16, 17, 14, 11, 12, 14, 3, 2, 6, 3, 6, 16, 18, 11, 16, 3, 9, 6, 5, 13, 4, 7, 7, 6, 12, 7, 19, 10, 4, 14, 10, 7, 11, 6, 6, 8, 10, 15, 6, 17, 17, 18, 16, 13, 11, 6, 8, 13, 6, 11, 19, 12, 17, 10, 16, 7, 12, 10, 11, 14, 7, 9, 7, 2, 0, 2, 10, 18, 13, 8, 12, 6, 6, 4, 7, 15 ], [ 5, 6, 10, 10, 7, 6, 11, 9, 6, 9, 11, 13, 17, 18, 17, 5, 8, 10, 10, 13, 1, 4, 5, 6, 12, 10, 15, 5, 14, 17, 5, 17, 13, 12, 15, 13, 8, 17, 15, 15, 13, 10, 12, 12, 2, 4, 4, 1, 7, 15, 16, 11, 14, 5, 9, 7, 6, 11, 6, 5, 5, 5, 11, 9, 16, 8, 4, 12, 8, 5, 9, 5, 5, 7, 11, 15, 6, 15, 15, 17, 14, 11, 10, 6, 8, 12, 4, 8, 17, 10, 15, 8, 14, 6, 10, 11, 9, 12, 5, 7, 7, 4, 2, 0, 8, 17, 11, 9, 10, 5, 7, 6, 8, 13 ], [ 9, 10, 14, 8, 11, 7, 11, 17, 14, 12, 4, 8, 9, 11, 12, 7, 9, 9, 3, 6, 7, 9, 9, 13, 9, 17, 13, 5, 7, 12, 8, 14, 9, 4, 12, 6, 7, 10, 8, 16, 6, 8, 7, 10, 10, 11, 10, 7, 9, 8, 13, 9, 11, 12, 16, 11, 14, 6, 13, 9, 3, 4, 4, 13, 14, 1, 11, 5, 3, 8, 6, 10, 4, 12, 12, 8, 8, 7, 7, 9, 8, 6, 4, 13, 15, 15, 9, 9, 12, 10, 10, 10, 9, 12, 10, 10, 2, 16, 4, 2, 6, 12, 10, 8, 0, 9, 11, 10, 3, 5, 14, 13, 15, 8 ], [ 16, 19, 19, 15, 16, 15, 19, 24, 23, 17, 9, 7, 2, 5, 7, 16, 13, 11, 8, 9, 16, 17, 16, 22, 16, 24, 13, 12, 10, 9, 14, 13, 14, 6, 11, 9, 11, 1, 9, 18, 9, 15, 12, 12, 19, 20, 17, 16, 18, 9, 11, 16, 11, 21, 24, 20, 22, 7, 22, 15, 12, 13, 9, 22, 13, 9, 19, 7, 9, 15, 9, 17, 13, 19, 20, 10, 16, 2, 3, 5, 4, 6, 10, 21, 22, 20, 16, 14, 7, 13, 7, 15, 5, 19, 13, 18, 7, 20, 12, 10, 14, 21, 18, 17, 9, 0, 13, 18, 6, 14, 22, 22, 23, 6 ], [ 7, 17, 6, 18, 5, 15, 21, 14, 14, 4, 15, 7, 15, 11, 9, 15, 3, 2, 13, 16, 10, 8, 6, 16, 20, 12, 5, 7, 18, 8, 5, 6, 20, 13, 5, 16, 4, 13, 18, 5, 16, 18, 17, 2, 11, 13, 8, 10, 17, 18, 6, 19, 4, 15, 13, 18, 14, 7, 16, 6, 9, 12, 14, 20, 6, 12, 10, 15, 8, 6, 5, 7, 12, 8, 20, 18, 16, 14, 14, 17, 10, 7, 14, 11, 10, 6, 7, 2, 10, 1, 8, 3, 8, 9, 1, 20, 10, 6, 8, 8, 15, 15, 13, 11, 11, 13, 0, 19, 10, 13, 13, 17, 13, 7 ], [ 14, 5, 19, 3, 16, 4, 2, 17, 13, 18, 9, 18, 17, 21, 22, 4, 16, 17, 10, 10, 9, 13, 14, 10, 5, 19, 22, 11, 10, 22, 14, 24, 7, 12, 22, 10, 15, 19, 12, 24, 10, 4, 7, 19, 11, 10, 14, 10, 2, 12, 23, 3, 21, 8, 17, 4, 13, 16, 8, 14, 10, 7, 10, 4, 24, 9, 13, 11, 12, 14, 15, 14, 7, 16, 2, 11, 3, 16, 16, 16, 18, 16, 8, 14, 17, 21, 13, 17, 22, 18, 20, 17, 19, 15, 18, 2, 12, 21, 11, 11, 4, 9, 8, 9, 10, 18, 19, 0, 13, 6, 15, 8, 15, 18 ], [ 10, 13, 14, 10, 11, 9, 14, 19, 17, 13, 5, 6, 6, 9, 10, 10, 9, 8, 3, 6, 10, 11, 10, 16, 11, 18, 12, 6, 7, 10, 9, 13, 10, 3, 11, 6, 7, 7, 8, 15, 6, 10, 8, 9, 12, 14, 11, 10, 12, 7, 11, 11, 10, 14, 18, 14, 16, 4, 15, 10, 6, 7, 4, 16, 13, 3, 13, 4, 3, 9, 5, 11, 7, 14, 14, 8, 10, 5, 5, 7, 5, 4, 5, 15, 16, 16, 10, 10, 9, 10, 8, 11, 6, 13, 10, 12, 1, 16, 6, 3, 8, 14, 12, 10, 3, 6, 10, 13, 0, 8, 16, 15, 17, 6 ], [ 8, 6, 14, 5, 10, 3, 8, 14, 11, 13, 6, 13, 13, 16, 16, 2, 10, 11, 6, 8, 4, 8, 8, 9, 8, 15, 16, 5, 9, 16, 8, 18, 9, 9, 16, 8, 9, 14, 11, 18, 9, 6, 7, 13, 7, 8, 8, 5, 4, 10, 17, 7, 15, 7, 13, 6, 10, 10, 8, 9, 3, 1, 7, 8, 18, 5, 8, 8, 6, 8, 9, 9, 1, 11, 8, 10, 3, 12, 12, 13, 13, 10, 5, 11, 13, 15, 8, 11, 16, 12, 14, 11, 13, 10, 12, 7, 7, 16, 5, 6, 2, 8, 6, 5, 5, 14, 13, 6, 8, 0, 11, 8, 12, 12 ], [ 7, 10, 9, 16, 8, 13, 17, 2, 2, 9, 17, 18, 23, 22, 21, 11, 11, 13, 17, 20, 7, 6, 7, 5, 18, 5, 18, 11, 20, 20, 9, 19, 20, 19, 18, 19, 12, 23, 22, 15, 20, 17, 18, 14, 4, 4, 6, 7, 12, 21, 19, 17, 17, 7, 2, 11, 2, 16, 7, 8, 11, 12, 18, 13, 18, 15, 4, 19, 13, 8, 14, 6, 11, 5, 15, 21, 12, 21, 21, 23, 20, 16, 16, 2, 3, 10, 6, 11, 21, 12, 19, 9, 19, 4, 13, 16, 15, 11, 11, 13, 13, 5, 6, 7, 14, 22, 13, 15, 16, 11, 0, 7, 1, 18 ], [ 10, 4, 15, 11, 12, 8, 10, 9, 6, 14, 14, 19, 21, 24, 23, 7, 14, 16, 14, 16, 7, 9, 10, 2, 13, 12, 21, 11, 17, 23, 11, 22, 15, 17, 21, 16, 14, 22, 18, 20, 16, 11, 14, 18, 6, 4, 9, 7, 6, 18, 22, 11, 20, 1, 10, 5, 5, 17, 0, 11, 10, 9, 15, 5, 22, 13, 7, 16, 13, 11, 15, 10, 9, 11, 9, 17, 7, 20, 20, 21, 20, 17, 13, 8, 10, 16, 10, 14, 23, 16, 21, 14, 20, 10, 16, 10, 14, 17, 11, 13, 9, 2, 4, 6, 13, 22, 17, 8, 15, 8, 7, 0, 8, 19 ], [ 8, 11, 9, 17, 8, 13, 18, 1, 3, 9, 18, 19, 24, 23, 22, 12, 11, 14, 18, 20, 8, 6, 8, 6, 19, 4, 18, 11, 21, 21, 9, 19, 21, 19, 18, 20, 13, 23, 23, 15, 21, 18, 19, 15, 5, 5, 6, 8, 13, 22, 19, 18, 17, 8, 2, 12, 3, 17, 8, 8, 12, 13, 19, 13, 19, 16, 4, 20, 14, 9, 14, 7, 12, 5, 16, 22, 13, 22, 22, 24, 20, 17, 17, 2, 3, 10, 7, 11, 22, 13, 20, 10, 20, 5, 13, 17, 16, 11, 12, 14, 14, 6, 7, 8, 15, 23, 13, 15, 17, 12, 1, 8, 0, 18 ], [ 11, 17, 12, 16, 11, 14, 19, 19, 18, 11, 10, 1, 8, 5, 4, 14, 7, 5, 9, 11, 12, 12, 11, 19, 17, 18, 7, 8, 13, 4, 9, 8, 16, 8, 5, 12, 5, 6, 13, 11, 12, 15, 14, 5, 14, 16, 12, 12, 17, 12, 6, 17, 5, 18, 18, 18, 18, 2, 19, 10, 9, 11, 10, 20, 8, 9, 14, 10, 6, 10, 4, 12, 11, 14, 19, 13, 15, 7, 8, 10, 3, 2, 11, 16, 16, 13, 11, 8, 4, 7, 2, 9, 1, 14, 7, 18, 6, 13, 8, 7, 13, 17, 15, 13, 8, 6, 7, 18, 6, 12, 18, 19, 18, 0 ] ]
}