{
  "version" : "0.3",
  "id" : 1963145536,
  "name" : "PTP-RAND-1_16_6_64",
  "coordType" : "Eucl",
  "sameVehicleBackward" : false,
  "maxWaitTime" : "00h30",
  "places" : [ {
    "id" : 0,
    "lat" : 9.866512285225328,
    "long" : -0.9321567592091938,
    "category" : 0
  }, {
    "id" : 1,
    "lat" : 5.161359150777863,
    "long" : 2.291830382558958,
    "category" : 0
  }, {
    "id" : 2,
    "lat" : 4.742513951585522,
    "long" : 5.606985945327703,
    "category" : 0
  }, {
    "id" : 3,
    "lat" : -0.7652010279396458,
    "long" : -6.728455699468529,
    "category" : 0
  }, {
    "id" : 4,
    "lat" : 6.389159899399031,
    "long" : -7.1933677551616775,
    "category" : 0
  }, {
    "id" : 5,
    "lat" : 3.9821207906557032,
    "long" : -3.3140061303929382,
    "category" : 0
  }, {
    "id" : 6,
    "lat" : 7.077925068548784,
    "long" : -0.5030288796390758,
    "category" : 0
  }, {
    "id" : 7,
    "lat" : -8.205394923839043,
    "long" : 3.1595763327148103,
    "category" : 0
  }, {
    "id" : 8,
    "lat" : 8.780443756273025,
    "long" : -1.0236517135413667,
    "category" : 0
  }, {
    "id" : 9,
    "lat" : 7.113657949175396,
    "long" : 4.741878621465668,
    "category" : 0
  }, {
    "id" : 10,
    "lat" : -0.9984004750349311,
    "long" : 5.145614396997955,
    "category" : 0
  }, {
    "id" : 11,
    "lat" : 6.656454503873517,
    "long" : 7.141529344054211,
    "category" : 0
  }, {
    "id" : 12,
    "lat" : 2.839625579021621,
    "long" : -1.9629980095806614,
    "category" : 0
  }, {
    "id" : 13,
    "lat" : -0.42636809793810293,
    "long" : -6.4294241804760865,
    "category" : 0
  }, {
    "id" : 14,
    "lat" : 9.262908975267075,
    "long" : 0.5953406666013421,
    "category" : 0
  }, {
    "id" : 15,
    "lat" : -1.1159843915747223,
    "long" : -8.770832142591487,
    "category" : 0
  }, {
    "id" : 16,
    "lat" : 3.3770665931135095,
    "long" : -4.537797096114216,
    "category" : 1
  }, {
    "id" : 17,
    "lat" : 1.8173165275688405,
    "long" : 8.18837088308625,
    "category" : 2
  }, {
    "id" : 18,
    "lat" : 4.75931705671386,
    "long" : 1.8793638554494185,
    "category" : 2
  }, {
    "id" : 19,
    "lat" : -2.2721563945747834,
    "long" : -4.249446515825715,
    "category" : 2
  }, {
    "id" : 20,
    "lat" : -5.419577574338985,
    "long" : -5.781003708864987,
    "category" : 2
  }, {
    "id" : 21,
    "lat" : -6.736574258831276,
    "long" : -4.528099016074112,
    "category" : 2
  }, {
    "id" : 22,
    "lat" : 6.906354591170498,
    "long" : 1.7274383111939742,
    "category" : 2
  }, {
    "id" : 23,
    "lat" : -1.33040405333756,
    "long" : -7.951383523117786,
    "category" : 2
  }, {
    "id" : 24,
    "lat" : 2.133654744809446,
    "long" : -8.376793638228628,
    "category" : 2
  }, {
    "id" : 25,
    "lat" : -2.3936501935908736,
    "long" : 1.6927685985990557,
    "category" : 2
  }, {
    "id" : 26,
    "lat" : -2.677121796473094,
    "long" : -8.96319411030401,
    "category" : 2
  }, {
    "id" : 27,
    "lat" : 2.413381599806568,
    "long" : 1.9649714528248907,
    "category" : 2
  }, {
    "id" : 28,
    "lat" : -8.790642238881052,
    "long" : 3.4410805047622355,
    "category" : 2
  }, {
    "id" : 29,
    "lat" : -3.7939968929032912,
    "long" : -6.769889599855349,
    "category" : 2
  }, {
    "id" : 30,
    "lat" : 2.2164832160873975,
    "long" : 9.727509204214694,
    "category" : 2
  }, {
    "id" : 31,
    "lat" : 1.468529396415148,
    "long" : -2.2325525979696845,
    "category" : 2
  }, {
    "id" : 32,
    "lat" : 2.6517191881849285,
    "long" : -7.7043305127268935,
    "category" : 2
  }, {
    "id" : 33,
    "lat" : -8.795183340284117,
    "long" : 2.92145268357325,
    "category" : 2
  }, {
    "id" : 34,
    "lat" : 5.350082926202822,
    "long" : 4.770366291703164,
    "category" : 2
  }, {
    "id" : 35,
    "lat" : 5.88261764184827,
    "long" : -5.162900520102853,
    "category" : 2
  }, {
    "id" : 36,
    "lat" : -3.443903034951521,
    "long" : 2.6254112032331465,
    "category" : 2
  }, {
    "id" : 37,
    "lat" : 5.776080620411091,
    "long" : -4.552270541630919,
    "category" : 2
  }, {
    "id" : 38,
    "lat" : -4.098441247552707,
    "long" : -3.35074214165381,
    "category" : 2
  }, {
    "id" : 39,
    "lat" : -0.14066455319267152,
    "long" : -8.143714286003176,
    "category" : 2
  }, {
    "id" : 40,
    "lat" : 7.264862872535114,
    "long" : -4.228702170481869,
    "category" : 2
  }, {
    "id" : 41,
    "lat" : -4.180551475608905,
    "long" : 7.108555410941739,
    "category" : 2
  }, {
    "id" : 42,
    "lat" : -6.56064302100941,
    "long" : -1.39983699647511,
    "category" : 2
  }, {
    "id" : 43,
    "lat" : 7.460694710937152,
    "long" : 3.0435202833840465,
    "category" : 2
  }, {
    "id" : 44,
    "lat" : 1.0597603330775396,
    "long" : -9.913104668627131,
    "category" : 2
  }, {
    "id" : 45,
    "lat" : -1.2462370744704194,
    "long" : 0.4085684261976676,
    "category" : 2
  }, {
    "id" : 46,
    "lat" : -2.903380840048992,
    "long" : -9.154132530423315,
    "category" : 2
  }, {
    "id" : 47,
    "lat" : -0.14508331501183758,
    "long" : 7.046488335846211,
    "category" : 2
  }, {
    "id" : 48,
    "lat" : 4.717356957456944,
    "long" : 4.094065913137114,
    "category" : 2
  }, {
    "id" : 49,
    "lat" : -2.042674344928349,
    "long" : 4.285243641277143,
    "category" : 2
  }, {
    "id" : 50,
    "lat" : 8.406884710402599,
    "long" : 1.8752492628294293,
    "category" : 2
  }, {
    "id" : 51,
    "lat" : 3.1229193383957408,
    "long" : 6.773756416785132,
    "category" : 2
  }, {
    "id" : 52,
    "lat" : 2.072421486480299,
    "long" : 5.900368859053206,
    "category" : 2
  }, {
    "id" : 53,
    "lat" : 7.206047607250096,
    "long" : 2.61495019209047,
    "category" : 2
  }, {
    "id" : 54,
    "lat" : -6.981317363645907,
    "long" : 4.329481730723149,
    "category" : 2
  }, {
    "id" : 55,
    "lat" : -1.3150109145132207,
    "long" : 8.534028665100744,
    "category" : 2
  }, {
    "id" : 56,
    "lat" : -5.554504219771558,
    "long" : -2.7016388737271706,
    "category" : 2
  }, {
    "id" : 57,
    "lat" : -5.189479651646455,
    "long" : 4.936017114609667,
    "category" : 2
  }, {
    "id" : 58,
    "lat" : 5.261060619153735,
    "long" : 7.115336653584807,
    "category" : 2
  }, {
    "id" : 59,
    "lat" : 1.5813027668877275,
    "long" : 5.67048803621502,
    "category" : 2
  }, {
    "id" : 60,
    "lat" : -9.2770864384389,
    "long" : 1.7463128026423702,
    "category" : 2
  }, {
    "id" : 61,
    "lat" : -5.450848980273831,
    "long" : 5.521109895415211,
    "category" : 2
  }, {
    "id" : 62,
    "lat" : 9.366907719843441,
    "long" : 2.4743020552440798,
    "category" : 2
  }, {
    "id" : 63,
    "lat" : -4.82309088145914,
    "long" : -0.6787682195299644,
    "category" : 2
  }, {
    "id" : 64,
    "lat" : -4.041650108584791,
    "long" : 4.46828018628269,
    "category" : 2
  }, {
    "id" : 65,
    "lat" : -1.4025589136833152,
    "long" : 2.347623274220986,
    "category" : 2
  }, {
    "id" : 66,
    "lat" : 7.415450806052038,
    "long" : 5.942051069240243,
    "category" : 2
  }, {
    "id" : 67,
    "lat" : 7.559162971206812,
    "long" : -4.360534154183096,
    "category" : 2
  }, {
    "id" : 68,
    "lat" : 6.6988954594501635,
    "long" : -7.21428711131573,
    "category" : 2
  }, {
    "id" : 69,
    "lat" : -3.4308180032480178,
    "long" : 5.144639429641596,
    "category" : 2
  }, {
    "id" : 70,
    "lat" : 8.80025608828873,
    "long" : -4.198996395557388,
    "category" : 2
  }, {
    "id" : 71,
    "lat" : 7.175116383745637,
    "long" : 5.672382732215712,
    "category" : 2
  }, {
    "id" : 72,
    "lat" : 2.2879028542471516,
    "long" : -2.0348038407242868,
    "category" : 2
  }, {
    "id" : 73,
    "lat" : -0.5410401719732322,
    "long" : 5.6300749742852645,
    "category" : 2
  }, {
    "id" : 74,
    "lat" : -5.544118405600156,
    "long" : 3.341967442703981,
    "category" : 2
  }, {
    "id" : 75,
    "lat" : -0.6187102561965017,
    "long" : -8.126623478895471,
    "category" : 2
  }, {
    "id" : 76,
    "lat" : 1.8791731949936337,
    "long" : -4.430530916515451,
    "category" : 2
  }, {
    "id" : 77,
    "lat" : -4.318764352582197,
    "long" : 8.791399577587777,
    "category" : 2
  }, {
    "id" : 78,
    "lat" : 0.43737024938071284,
    "long" : 9.296567848987198,
    "category" : 2
  }, {
    "id" : 79,
    "lat" : 6.208830497984837,
    "long" : 6.711545754863456,
    "category" : 2
  }, {
    "id" : 80,
    "lat" : -1.1146164371362492,
    "long" : 8.530078685705499,
    "category" : 2
  }, {
    "id" : 81,
    "lat" : 2.6391806349050495,
    "long" : 3.480509026931168,
    "category" : 2
  }, {
    "id" : 82,
    "lat" : -1.744923835504495,
    "long" : -5.634561717376026,
    "category" : 2
  }, {
    "id" : 83,
    "lat" : -1.671940545750043,
    "long" : -7.673445918663333,
    "category" : 2
  }, {
    "id" : 84,
    "lat" : -3.1543508456144966,
    "long" : -9.127549001857046,
    "category" : 2
  }, {
    "id" : 85,
    "lat" : -2.199565950058279,
    "long" : -1.462953910575105,
    "category" : 2
  }, {
    "id" : 86,
    "lat" : 1.3972596743788623,
    "long" : -3.690024660405679,
    "category" : 2
  } ],
  "vehicles" : [ {
    "id" : 87,
    "canTake" : [ 0 ],
    "start" : 16,
    "end" : 16,
    "capacity" : 6,
    "availability" : [ "07h00:20h00" ]
  }, {
    "id" : 88,
    "canTake" : [ 0 ],
    "start" : 16,
    "end" : 16,
    "capacity" : 6,
    "availability" : [ "07h00:20h00" ]
  }, {
    "id" : 89,
    "canTake" : [ 0 ],
    "start" : 16,
    "end" : 16,
    "capacity" : 6,
    "availability" : [ "07h00:20h00" ]
  }, {
    "id" : 90,
    "canTake" : [ 0 ],
    "start" : 16,
    "end" : 16,
    "capacity" : 6,
    "availability" : [ "07h00:20h00" ]
  }, {
    "id" : 91,
    "canTake" : [ 0 ],
    "start" : 16,
    "end" : 16,
    "capacity" : 6,
    "availability" : [ "07h00:20h00" ]
  }, {
    "id" : 92,
    "canTake" : [ 0 ],
    "start" : 16,
    "end" : 16,
    "capacity" : 6,
    "availability" : [ "07h00:20h00" ]
  } ],
  "patients" : [ {
    "id" : 93,
    "category" : 0,
    "load" : 1,
    "start" : 17,
    "destination" : 0,
    "end" : 17,
    "rdvTime" : "12h48",
    "rdvDuration" : "00h31",
    "srvDuration" : "00h05"
  }, {
    "id" : 94,
    "category" : 0,
    "load" : 2,
    "start" : 18,
    "destination" : 1,
    "end" : 18,
    "rdvTime" : "08h56",
    "rdvDuration" : "00h22",
    "srvDuration" : "00h02"
  }, {
    "id" : 95,
    "category" : 0,
    "load" : 1,
    "start" : 19,
    "destination" : 2,
    "end" : -1,
    "rdvTime" : "12h57",
    "rdvDuration" : "02h24",
    "srvDuration" : "00h02"
  }, {
    "id" : 96,
    "category" : 0,
    "load" : 2,
    "start" : 20,
    "destination" : 3,
    "end" : 21,
    "rdvTime" : "12h57",
    "rdvDuration" : "00h18",
    "srvDuration" : "00h04"
  }, {
    "id" : 97,
    "category" : 0,
    "load" : 1,
    "start" : -1,
    "destination" : 4,
    "end" : 22,
    "rdvTime" : "11h55",
    "rdvDuration" : "02h14",
    "srvDuration" : "00h01"
  }, {
    "id" : 98,
    "category" : 0,
    "load" : 1,
    "start" : 23,
    "destination" : 5,
    "end" : 23,
    "rdvTime" : "15h46",
    "rdvDuration" : "02h59",
    "srvDuration" : "00h03"
  }, {
    "id" : 99,
    "category" : 0,
    "load" : 1,
    "start" : 24,
    "destination" : 6,
    "end" : -1,
    "rdvTime" : "09h58",
    "rdvDuration" : "02h39",
    "srvDuration" : "00h05"
  }, {
    "id" : 100,
    "category" : 0,
    "load" : 2,
    "start" : 25,
    "destination" : 7,
    "end" : 25,
    "rdvTime" : "14h24",
    "rdvDuration" : "00h35",
    "srvDuration" : "00h05"
  }, {
    "id" : 101,
    "category" : 0,
    "load" : 2,
    "start" : 26,
    "destination" : 8,
    "end" : -1,
    "rdvTime" : "11h36",
    "rdvDuration" : "01h32",
    "srvDuration" : "00h05"
  }, {
    "id" : 102,
    "category" : 0,
    "load" : 1,
    "start" : 27,
    "destination" : 9,
    "end" : -1,
    "rdvTime" : "14h03",
    "rdvDuration" : "01h54",
    "srvDuration" : "00h01"
  }, {
    "id" : 103,
    "category" : 0,
    "load" : 1,
    "start" : 28,
    "destination" : 10,
    "end" : 29,
    "rdvTime" : "12h22",
    "rdvDuration" : "00h42",
    "srvDuration" : "00h05"
  }, {
    "id" : 104,
    "category" : 0,
    "load" : 2,
    "start" : 30,
    "destination" : 11,
    "end" : 30,
    "rdvTime" : "10h36",
    "rdvDuration" : "00h55",
    "srvDuration" : "00h05"
  }, {
    "id" : 105,
    "category" : 0,
    "load" : 2,
    "start" : 31,
    "destination" : 12,
    "end" : 31,
    "rdvTime" : "13h12",
    "rdvDuration" : "02h58",
    "srvDuration" : "00h05"
  }, {
    "id" : 106,
    "category" : 0,
    "load" : 2,
    "start" : 32,
    "destination" : 13,
    "end" : 32,
    "rdvTime" : "12h47",
    "rdvDuration" : "01h57",
    "srvDuration" : "00h05"
  }, {
    "id" : 107,
    "category" : 0,
    "load" : 1,
    "start" : 33,
    "destination" : 14,
    "end" : 33,
    "rdvTime" : "15h10",
    "rdvDuration" : "02h26",
    "srvDuration" : "00h02"
  }, {
    "id" : 108,
    "category" : 0,
    "load" : 2,
    "start" : 34,
    "destination" : 15,
    "end" : -1,
    "rdvTime" : "08h50",
    "rdvDuration" : "02h12",
    "srvDuration" : "00h04"
  }, {
    "id" : 109,
    "category" : 0,
    "load" : 1,
    "start" : 35,
    "destination" : 13,
    "end" : 35,
    "rdvTime" : "10h33",
    "rdvDuration" : "00h54",
    "srvDuration" : "00h01"
  }, {
    "id" : 110,
    "category" : 0,
    "load" : 1,
    "start" : 36,
    "destination" : 15,
    "end" : 36,
    "rdvTime" : "15h08",
    "rdvDuration" : "00h39",
    "srvDuration" : "00h04"
  }, {
    "id" : 111,
    "category" : 0,
    "load" : 1,
    "start" : 37,
    "destination" : 6,
    "end" : -1,
    "rdvTime" : "08h39",
    "rdvDuration" : "02h29",
    "srvDuration" : "00h03"
  }, {
    "id" : 112,
    "category" : 0,
    "load" : 2,
    "start" : 38,
    "destination" : 15,
    "end" : 39,
    "rdvTime" : "15h17",
    "rdvDuration" : "02h12",
    "srvDuration" : "00h01"
  }, {
    "id" : 113,
    "category" : 0,
    "load" : 2,
    "start" : -1,
    "destination" : 11,
    "end" : 40,
    "rdvTime" : "15h38",
    "rdvDuration" : "00h49",
    "srvDuration" : "00h04"
  }, {
    "id" : 114,
    "category" : 0,
    "load" : 1,
    "start" : 41,
    "destination" : 10,
    "end" : -1,
    "rdvTime" : "15h35",
    "rdvDuration" : "00h49",
    "srvDuration" : "00h04"
  }, {
    "id" : 115,
    "category" : 0,
    "load" : 2,
    "start" : 42,
    "destination" : 12,
    "end" : 42,
    "rdvTime" : "11h05",
    "rdvDuration" : "01h33",
    "srvDuration" : "00h01"
  }, {
    "id" : 116,
    "category" : 0,
    "load" : 2,
    "start" : -1,
    "destination" : 3,
    "end" : 43,
    "rdvTime" : "14h12",
    "rdvDuration" : "02h12",
    "srvDuration" : "00h05"
  }, {
    "id" : 117,
    "category" : 0,
    "load" : 2,
    "start" : 44,
    "destination" : 0,
    "end" : 44,
    "rdvTime" : "15h03",
    "rdvDuration" : "00h22",
    "srvDuration" : "00h05"
  }, {
    "id" : 118,
    "category" : 0,
    "load" : 1,
    "start" : -1,
    "destination" : 11,
    "end" : 45,
    "rdvTime" : "15h34",
    "rdvDuration" : "01h15",
    "srvDuration" : "00h02"
  }, {
    "id" : 119,
    "category" : 0,
    "load" : 2,
    "start" : 46,
    "destination" : 2,
    "end" : 46,
    "rdvTime" : "09h52",
    "rdvDuration" : "02h34",
    "srvDuration" : "00h05"
  }, {
    "id" : 120,
    "category" : 0,
    "load" : 1,
    "start" : -1,
    "destination" : 10,
    "end" : 47,
    "rdvTime" : "13h05",
    "rdvDuration" : "01h34",
    "srvDuration" : "00h02"
  }, {
    "id" : 121,
    "category" : 0,
    "load" : 2,
    "start" : 48,
    "destination" : 10,
    "end" : -1,
    "rdvTime" : "14h16",
    "rdvDuration" : "02h45",
    "srvDuration" : "00h04"
  }, {
    "id" : 122,
    "category" : 0,
    "load" : 1,
    "start" : 49,
    "destination" : 0,
    "end" : -1,
    "rdvTime" : "08h39",
    "rdvDuration" : "00h52",
    "srvDuration" : "00h02"
  }, {
    "id" : 123,
    "category" : 0,
    "load" : 1,
    "start" : 50,
    "destination" : 3,
    "end" : 51,
    "rdvTime" : "14h00",
    "rdvDuration" : "01h13",
    "srvDuration" : "00h04"
  }, {
    "id" : 124,
    "category" : 0,
    "load" : 1,
    "start" : 52,
    "destination" : 14,
    "end" : 53,
    "rdvTime" : "09h49",
    "rdvDuration" : "00h24",
    "srvDuration" : "00h04"
  }, {
    "id" : 125,
    "category" : 0,
    "load" : 2,
    "start" : 54,
    "destination" : 13,
    "end" : -1,
    "rdvTime" : "14h38",
    "rdvDuration" : "00h35",
    "srvDuration" : "00h02"
  }, {
    "id" : 126,
    "category" : 0,
    "load" : 1,
    "start" : 55,
    "destination" : 6,
    "end" : 55,
    "rdvTime" : "10h02",
    "rdvDuration" : "03h00",
    "srvDuration" : "00h05"
  }, {
    "id" : 127,
    "category" : 0,
    "load" : 2,
    "start" : -1,
    "destination" : 5,
    "end" : 56,
    "rdvTime" : "10h33",
    "rdvDuration" : "02h02",
    "srvDuration" : "00h01"
  }, {
    "id" : 128,
    "category" : 0,
    "load" : 1,
    "start" : 57,
    "destination" : 2,
    "end" : 57,
    "rdvTime" : "10h48",
    "rdvDuration" : "02h34",
    "srvDuration" : "00h01"
  }, {
    "id" : 129,
    "category" : 0,
    "load" : 1,
    "start" : 58,
    "destination" : 3,
    "end" : -1,
    "rdvTime" : "15h14",
    "rdvDuration" : "02h58",
    "srvDuration" : "00h03"
  }, {
    "id" : 130,
    "category" : 0,
    "load" : 2,
    "start" : 59,
    "destination" : 11,
    "end" : 59,
    "rdvTime" : "11h04",
    "rdvDuration" : "00h47",
    "srvDuration" : "00h02"
  }, {
    "id" : 131,
    "category" : 0,
    "load" : 2,
    "start" : 60,
    "destination" : 12,
    "end" : 60,
    "rdvTime" : "15h45",
    "rdvDuration" : "00h23",
    "srvDuration" : "00h04"
  }, {
    "id" : 132,
    "category" : 0,
    "load" : 1,
    "start" : -1,
    "destination" : 11,
    "end" : 61,
    "rdvTime" : "15h55",
    "rdvDuration" : "01h54",
    "srvDuration" : "00h04"
  }, {
    "id" : 133,
    "category" : 0,
    "load" : 2,
    "start" : -1,
    "destination" : 13,
    "end" : 62,
    "rdvTime" : "11h30",
    "rdvDuration" : "01h04",
    "srvDuration" : "00h02"
  }, {
    "id" : 134,
    "category" : 0,
    "load" : 1,
    "start" : 63,
    "destination" : 12,
    "end" : 63,
    "rdvTime" : "12h23",
    "rdvDuration" : "01h11",
    "srvDuration" : "00h05"
  }, {
    "id" : 135,
    "category" : 0,
    "load" : 2,
    "start" : 64,
    "destination" : 10,
    "end" : 64,
    "rdvTime" : "08h09",
    "rdvDuration" : "02h56",
    "srvDuration" : "00h02"
  }, {
    "id" : 136,
    "category" : 0,
    "load" : 2,
    "start" : 65,
    "destination" : 7,
    "end" : 66,
    "rdvTime" : "14h14",
    "rdvDuration" : "00h16",
    "srvDuration" : "00h01"
  }, {
    "id" : 137,
    "category" : 0,
    "load" : 1,
    "start" : -1,
    "destination" : 13,
    "end" : 67,
    "rdvTime" : "13h19",
    "rdvDuration" : "02h07",
    "srvDuration" : "00h01"
  }, {
    "id" : 138,
    "category" : 0,
    "load" : 1,
    "start" : 68,
    "destination" : 10,
    "end" : 68,
    "rdvTime" : "09h29",
    "rdvDuration" : "02h00",
    "srvDuration" : "00h02"
  }, {
    "id" : 139,
    "category" : 0,
    "load" : 2,
    "start" : -1,
    "destination" : 11,
    "end" : 69,
    "rdvTime" : "15h08",
    "rdvDuration" : "01h35",
    "srvDuration" : "00h03"
  }, {
    "id" : 140,
    "category" : 0,
    "load" : 2,
    "start" : -1,
    "destination" : 2,
    "end" : 70,
    "rdvTime" : "10h01",
    "rdvDuration" : "00h37",
    "srvDuration" : "00h03"
  }, {
    "id" : 141,
    "category" : 0,
    "load" : 1,
    "start" : 71,
    "destination" : 7,
    "end" : 71,
    "rdvTime" : "14h46",
    "rdvDuration" : "02h00",
    "srvDuration" : "00h02"
  }, {
    "id" : 142,
    "category" : 0,
    "load" : 1,
    "start" : 72,
    "destination" : 2,
    "end" : 72,
    "rdvTime" : "11h14",
    "rdvDuration" : "01h08",
    "srvDuration" : "00h05"
  }, {
    "id" : 143,
    "category" : 0,
    "load" : 1,
    "start" : 73,
    "destination" : 8,
    "end" : 73,
    "rdvTime" : "09h31",
    "rdvDuration" : "00h38",
    "srvDuration" : "00h04"
  }, {
    "id" : 144,
    "category" : 0,
    "load" : 2,
    "start" : 74,
    "destination" : 5,
    "end" : 74,
    "rdvTime" : "14h00",
    "rdvDuration" : "00h51",
    "srvDuration" : "00h03"
  }, {
    "id" : 145,
    "category" : 0,
    "load" : 1,
    "start" : -1,
    "destination" : 8,
    "end" : 75,
    "rdvTime" : "08h37",
    "rdvDuration" : "00h15",
    "srvDuration" : "00h02"
  }, {
    "id" : 146,
    "category" : 0,
    "load" : 1,
    "start" : 76,
    "destination" : 6,
    "end" : -1,
    "rdvTime" : "09h10",
    "rdvDuration" : "02h23",
    "srvDuration" : "00h01"
  }, {
    "id" : 147,
    "category" : 0,
    "load" : 1,
    "start" : -1,
    "destination" : 8,
    "end" : 77,
    "rdvTime" : "12h14",
    "rdvDuration" : "00h15",
    "srvDuration" : "00h04"
  }, {
    "id" : 148,
    "category" : 0,
    "load" : 1,
    "start" : 78,
    "destination" : 6,
    "end" : 78,
    "rdvTime" : "14h36",
    "rdvDuration" : "00h48",
    "srvDuration" : "00h05"
  }, {
    "id" : 149,
    "category" : 0,
    "load" : 1,
    "start" : 79,
    "destination" : 4,
    "end" : 79,
    "rdvTime" : "12h03",
    "rdvDuration" : "00h40",
    "srvDuration" : "00h02"
  }, {
    "id" : 150,
    "category" : 0,
    "load" : 1,
    "start" : 80,
    "destination" : 15,
    "end" : -1,
    "rdvTime" : "10h57",
    "rdvDuration" : "01h41",
    "srvDuration" : "00h02"
  }, {
    "id" : 151,
    "category" : 0,
    "load" : 2,
    "start" : -1,
    "destination" : 2,
    "end" : 81,
    "rdvTime" : "09h55",
    "rdvDuration" : "02h42",
    "srvDuration" : "00h03"
  }, {
    "id" : 152,
    "category" : 0,
    "load" : 1,
    "start" : 82,
    "destination" : 2,
    "end" : -1,
    "rdvTime" : "11h30",
    "rdvDuration" : "02h52",
    "srvDuration" : "00h01"
  }, {
    "id" : 153,
    "category" : 0,
    "load" : 2,
    "start" : 83,
    "destination" : 10,
    "end" : -1,
    "rdvTime" : "15h00",
    "rdvDuration" : "02h18",
    "srvDuration" : "00h01"
  }, {
    "id" : 154,
    "category" : 0,
    "load" : 2,
    "start" : 84,
    "destination" : 10,
    "end" : 84,
    "rdvTime" : "09h00",
    "rdvDuration" : "01h55",
    "srvDuration" : "00h03"
  }, {
    "id" : 155,
    "category" : 0,
    "load" : 1,
    "start" : 85,
    "destination" : 0,
    "end" : 85,
    "rdvTime" : "14h09",
    "rdvDuration" : "01h23",
    "srvDuration" : "00h05"
  }, {
    "id" : 156,
    "category" : 0,
    "load" : 1,
    "start" : 86,
    "destination" : 15,
    "end" : 86,
    "rdvTime" : "09h46",
    "rdvDuration" : "00h40",
    "srvDuration" : "00h01"
  } ],
  "distMatrix" : [ [ 0, 6, 8, 12, 7, 6, 3, 19, 1, 6, 12, 9, 7, 12, 2, 13, 7, 12, 6, 13, 16, 17, 4, 13, 11, 13, 15, 8, 19, 15, 13, 8, 10, 19, 7, 6, 14, 5, 14, 12, 4, 16, 16, 5, 13, 11, 15, 13, 7, 13, 3, 10, 10, 4, 18, 15, 16, 16, 9, 11, 19, 17, 3, 15, 15, 12, 7, 4, 7, 15, 3, 7, 8, 12, 16, 13, 9, 17, 14, 8, 14, 8, 13, 13, 15, 12, 9 ], [ 6, 0, 3, 11, 10, 6, 3, 13, 5, 3, 7, 5, 5, 10, 4, 13, 7, 7, 1, 10, 13, 14, 2, 12, 11, 8, 14, 3, 14, 13, 8, 6, 10, 14, 2, 7, 9, 7, 11, 12, 7, 11, 12, 2, 13, 7, 14, 7, 2, 7, 3, 5, 5, 2, 12, 9, 12, 11, 5, 5, 14, 11, 4, 10, 9, 7, 4, 7, 10, 9, 7, 4, 5, 7, 11, 12, 7, 11, 8, 5, 9, 3, 11, 12, 14, 8, 7 ], [ 8, 3, 0, 14, 13, 9, 7, 13, 8, 3, 6, 2, 8, 13, 7, 16, 10, 4, 4, 12, 15, 15, 4, 15, 14, 8, 16, 4, 14, 15, 5, 8, 13, 14, 1, 11, 9, 10, 13, 15, 10, 9, 13, 4, 16, 8, 17, 5, 2, 7, 5, 2, 3, 4, 12, 7, 13, 10, 2, 3, 15, 10, 6, 11, 9, 7, 3, 10, 13, 8, 11, 2, 8, 5, 11, 15, 10, 10, 6, 2, 7, 3, 13, 15, 17, 10, 10 ], [ 12, 11, 14, 0, 7, 6, 10, 12, 11, 14, 12, 16, 6, 0, 12, 2, 5, 15, 10, 3, 5, 6, 11, 1, 3, 9, 3, 9, 13, 3, 17, 5, 4, 13, 13, 7, 10, 7, 5, 2, 8, 14, 8, 13, 4, 7, 3, 14, 12, 11, 13, 14, 13, 12, 13, 15, 6, 12, 15, 13, 12, 13, 14, 7, 12, 9, 15, 9, 7, 12, 10, 15, 6, 12, 11, 1, 4, 16, 16, 15, 15, 11, 1, 1, 3, 5, 4 ], [ 7, 10, 13, 7, 0, 5, 7, 18, 7, 12, 14, 14, 6, 7, 8, 8, 4, 16, 9, 9, 12, 13, 9, 8, 4, 12, 9, 10, 19, 10, 17, 7, 4, 18, 12, 2, 14, 3, 11, 7, 3, 18, 14, 10, 6, 11, 9, 16, 11, 14, 9, 14, 14, 10, 18, 18, 13, 17, 14, 14, 18, 17, 10, 13, 16, 12, 13, 3, 0, 16, 4, 13, 7, 15, 16, 7, 5, 19, 18, 14, 17, 11, 8, 8, 10, 10, 6 ], [ 6, 6, 9, 6, 5, 0, 4, 14, 5, 9, 10, 11, 2, 5, 7, 7, 1, 12, 5, 6, 10, 11, 6, 7, 5, 8, 9, 6, 14, 9, 13, 3, 5, 14, 8, 3, 10, 2, 8, 6, 3, 13, 11, 7, 7, 6, 9, 11, 7, 10, 7, 10, 9, 7, 13, 13, 10, 12, 11, 9, 14, 13, 8, 9, 11, 8, 10, 4, 5, 11, 5, 10, 2, 10, 12, 7, 2, 15, 13, 10, 13, 7, 6, 7, 9, 6, 3 ], [ 3, 3, 7, 10, 7, 4, 0, 16, 2, 5, 10, 8, 4, 10, 2, 12, 5, 10, 3, 10, 14, 14, 2, 11, 9, 10, 13, 5, 16, 13, 11, 6, 8, 16, 6, 5, 11, 4, 12, 11, 4, 14, 14, 4, 11, 8, 13, 10, 5, 10, 3, 8, 8, 3, 15, 12, 13, 13, 8, 8, 17, 14, 4, 12, 12, 9, 6, 4, 7, 12, 4, 6, 5, 10, 13, 11, 7, 15, 12, 7, 12, 6, 10, 11, 13, 9, 7 ], [ 19, 13, 13, 12, 18, 14, 16, 0, 17, 15, 7, 15, 12, 12, 18, 14, 14, 11, 13, 9, 9, 8, 15, 13, 15, 6, 13, 11, 1, 11, 12, 11, 15, 1, 14, 16, 5, 16, 8, 14, 17, 6, 5, 16, 16, 7, 13, 9, 13, 6, 17, 12, 11, 15, 2, 9, 6, 4, 14, 10, 2, 4, 18, 5, 4, 7, 16, 17, 18, 5, 19, 16, 12, 8, 3, 14, 13, 7, 11, 15, 9, 11, 11, 13, 13, 8, 12 ], [ 1, 5, 8, 11, 7, 5, 2, 17, 0, 6, 12, 8, 6, 11, 2, 13, 6, 12, 5, 12, 15, 16, 3, 12, 10, 11, 14, 7, 18, 14, 13, 7, 9, 18, 7, 5, 13, 5, 13, 11, 4, 15, 15, 4, 12, 10, 14, 12, 7, 12, 3, 10, 10, 4, 17, 14, 14, 15, 9, 10, 18, 16, 4, 14, 14, 11, 7, 4, 7, 14, 3, 7, 7, 11, 15, 12, 8, 16, 13, 8, 14, 8, 11, 12, 14, 11, 8 ], [ 6, 3, 3, 14, 12, 9, 5, 15, 6, 0, 8, 2, 8, 13, 5, 16, 10, 6, 4, 13, 16, 17, 3, 15, 14, 10, 17, 5, 16, 16, 7, 9, 13, 16, 2, 10, 11, 9, 14, 15, 9, 12, 15, 2, 16, 9, 17, 8, 2, 9, 3, 4, 5, 2, 14, 9, 15, 12, 3, 6, 17, 13, 3, 13, 11, 9, 1, 9, 12, 11, 9, 1, 8, 8, 13, 15, 11, 12, 8, 2, 9, 5, 14, 15, 17, 11, 10 ], [ 12, 7, 6, 12, 14, 10, 10, 7, 12, 8, 0, 8, 8, 12, 11, 14, 11, 4, 7, 9, 12, 11, 9, 13, 14, 4, 14, 5, 8, 12, 6, 8, 13, 8, 6, 12, 4, 12, 9, 13, 12, 4, 9, 9, 15, 5, 14, 2, 6, 1, 10, 4, 3, 9, 6, 3, 9, 4, 7, 3, 9, 4, 11, 7, 3, 3, 8, 13, 15, 2, 14, 8, 8, 1, 5, 13, 10, 5, 4, 7, 3, 4, 11, 13, 14, 7, 9 ], [ 9, 5, 2, 16, 14, 11, 8, 15, 8, 2, 8, 0, 10, 15, 7, 18, 12, 5, 6, 14, 18, 18, 5, 17, 16, 11, 19, 7, 16, 17, 5, 11, 15, 16, 3, 12, 11, 12, 15, 17, 11, 11, 16, 4, 18, 10, 19, 7, 4, 9, 6, 4, 5, 5, 14, 8, 16, 12, 1, 5, 17, 12, 5, 14, 11, 9, 1, 12, 14, 10, 12, 2, 10, 7, 13, 17, 13, 11, 7, 1, 8, 5, 15, 17, 19, 12, 12 ], [ 7, 5, 8, 6, 6, 2, 4, 12, 6, 8, 8, 10, 0, 6, 7, 8, 3, 10, 4, 6, 9, 10, 5, 7, 6, 6, 9, 4, 13, 8, 12, 1, 6, 13, 7, 4, 8, 4, 7, 7, 5, 11, 9, 7, 8, 5, 9, 9, 6, 8, 7, 9, 8, 6, 12, 11, 8, 11, 9, 8, 13, 11, 8, 8, 9, 6, 9, 5, 7, 9, 6, 9, 1, 8, 10, 7, 3, 13, 12, 9, 11, 5, 6, 7, 9, 5, 2 ], [ 12, 10, 13, 0, 7, 5, 10, 12, 11, 13, 12, 15, 6, 0, 12, 2, 4, 15, 10, 3, 5, 7, 11, 2, 3, 8, 3, 9, 13, 3, 16, 5, 3, 13, 13, 6, 10, 6, 5, 2, 8, 14, 8, 12, 4, 7, 4, 13, 12, 11, 12, 14, 13, 12, 13, 15, 6, 12, 15, 12, 12, 13, 13, 7, 11, 9, 15, 8, 7, 12, 9, 14, 5, 12, 11, 2, 3, 16, 16, 15, 15, 10, 2, 2, 4, 5, 3 ], [ 2, 4, 7, 12, 8, 7, 2, 18, 2, 5, 11, 7, 7, 12, 0, 14, 8, 11, 5, 13, 16, 17, 3, 14, 11, 12, 15, 7, 18, 15, 12, 8, 11, 18, 6, 7, 13, 6, 14, 13, 5, 15, 16, 3, 13, 11, 16, 11, 6, 12, 2, 9, 9, 3, 17, 13, 15, 15, 8, 9, 19, 16, 2, 14, 14, 11, 6, 5, 8, 13, 5, 5, 7, 11, 15, 13, 9, 16, 12, 7, 13, 7, 13, 14, 16, 12, 9 ], [ 13, 13, 16, 2, 8, 7, 12, 14, 13, 16, 14, 18, 8, 2, 14, 0, 6, 17, 12, 5, 5, 7, 13, 1, 3, 11, 2, 11, 14, 3, 19, 7, 4, 14, 15, 8, 12, 8, 6, 1, 10, 16, 9, 15, 2, 9, 2, 16, 14, 13, 14, 16, 15, 14, 14, 17, 8, 14, 17, 15, 13, 15, 15, 9, 14, 11, 17, 10, 8, 14, 11, 17, 8, 14, 13, 1, 5, 18, 18, 17, 17, 13, 3, 1, 2, 7, 6 ], [ 7, 7, 10, 5, 4, 1, 5, 14, 6, 10, 11, 12, 3, 4, 8, 6, 0, 13, 7, 6, 9, 10, 7, 6, 4, 8, 7, 7, 15, 8, 14, 3, 3, 14, 10, 3, 10, 2, 8, 5, 4, 14, 10, 9, 6, 7, 8, 12, 9, 10, 8, 11, 11, 8, 14, 14, 9, 13, 12, 10, 14, 13, 9, 9, 12, 8, 11, 4, 4, 12, 5, 11, 3, 11, 12, 5, 2, 15, 14, 12, 14, 8, 5, 6, 8, 6, 2 ], [ 12, 7, 4, 15, 16, 12, 10, 11, 12, 6, 4, 5, 10, 15, 11, 17, 13, 0, 7, 13, 16, 15, 8, 16, 17, 8, 18, 6, 12, 16, 2, 10, 16, 12, 5, 14, 8, 13, 13, 16, 14, 6, 13, 8, 18, 8, 18, 2, 5, 5, 9, 2, 2, 8, 10, 3, 13, 8, 4, 3, 13, 8, 9, 11, 7, 7, 6, 14, 16, 6, 14, 6, 10, 3, 9, 16, 13, 6, 2, 5, 3, 5, 14, 16, 18, 10, 12 ], [ 6, 1, 4, 10, 9, 5, 3, 13, 5, 4, 7, 6, 4, 10, 5, 12, 7, 7, 0, 9, 13, 13, 2, 12, 11, 7, 13, 2, 14, 12, 8, 5, 10, 14, 3, 7, 8, 7, 10, 11, 7, 10, 12, 3, 12, 6, 13, 7, 2, 7, 4, 5, 5, 3, 12, 9, 11, 10, 5, 5, 14, 11, 5, 10, 9, 6, 5, 7, 9, 9, 7, 4, 5, 6, 10, 11, 7, 11, 9, 5, 9, 3, 10, 12, 14, 8, 7 ], [ 13, 10, 12, 3, 9, 6, 10, 9, 12, 13, 9, 14, 6, 3, 13, 5, 6, 13, 9, 0, 4, 4, 11, 4, 6, 6, 5, 8, 10, 3, 15, 4, 6, 10, 12, 8, 7, 8, 2, 4, 10, 12, 5, 12, 7, 5, 5, 11, 11, 9, 12, 12, 11, 12, 10, 13, 4, 10, 14, 11, 9, 10, 13, 4, 9, 7, 14, 10, 9, 9, 11, 14, 5, 10, 8, 4, 4, 13, 14, 14, 13, 9, 1, 3, 5, 3, 4 ], [ 16, 13, 15, 5, 12, 10, 14, 9, 15, 16, 12, 18, 9, 5, 16, 5, 9, 16, 13, 4, 0, 2, 14, 5, 8, 8, 4, 11, 10, 2, 17, 8, 8, 9, 15, 11, 9, 11, 3, 6, 13, 13, 5, 16, 8, 7, 4, 14, 14, 11, 16, 15, 14, 15, 10, 15, 3, 11, 17, 13, 8, 11, 17, 5, 10, 9, 17, 13, 12, 11, 14, 17, 9, 12, 9, 5, 7, 15, 16, 17, 15, 12, 4, 4, 4, 5, 7 ], [ 17, 14, 15, 6, 13, 11, 14, 8, 16, 17, 11, 18, 10, 7, 17, 7, 10, 15, 13, 4, 2, 0, 15, 6, 10, 8, 6, 11, 8, 4, 17, 9, 10, 8, 15, 13, 8, 13, 3, 8, 14, 12, 3, 16, 9, 7, 6, 13, 14, 10, 16, 15, 14, 16, 9, 14, 2, 10, 17, 13, 7, 10, 18, 4, 9, 9, 18, 14, 14, 10, 16, 17, 9, 12, 8, 7, 9, 14, 16, 17, 14, 12, 5, 6, 6, 5, 8 ], [ 4, 2, 4, 11, 9, 6, 2, 15, 3, 3, 9, 5, 5, 11, 3, 13, 7, 8, 2, 11, 14, 15, 0, 13, 11, 9, 14, 4, 16, 14, 9, 7, 10, 16, 3, 7, 10, 6, 12, 12, 6, 12, 14, 1, 13, 8, 15, 9, 3, 9, 2, 6, 6, 1, 14, 11, 13, 13, 6, 7, 16, 13, 3, 12, 11, 8, 4, 6, 9, 11, 6, 4, 6, 8, 13, 12, 8, 13, 10, 5, 11, 5, 11, 13, 15, 10, 8 ], [ 13, 12, 15, 1, 8, 7, 11, 13, 12, 15, 13, 17, 7, 2, 14, 1, 6, 16, 12, 4, 5, 6, 13, 0, 3, 10, 2, 11, 14, 3, 18, 6, 4, 13, 14, 8, 11, 8, 5, 1, 9, 15, 8, 14, 3, 8, 2, 15, 13, 12, 14, 15, 14, 14, 14, 16, 7, 13, 16, 14, 13, 14, 15, 8, 13, 10, 16, 10, 8, 13, 11, 16, 7, 14, 12, 1, 5, 17, 17, 16, 16, 12, 2, 0, 2, 7, 5 ], [ 11, 11, 14, 3, 4, 5, 9, 15, 10, 14, 14, 16, 6, 3, 11, 3, 4, 17, 11, 6, 8, 10, 11, 3, 0, 11, 5, 10, 16, 6, 18, 6, 1, 16, 14, 5, 12, 5, 8, 2, 7, 17, 11, 13, 2, 9, 5, 16, 13, 13, 12, 15, 14, 12, 16, 17, 10, 15, 16, 14, 15, 16, 13, 10, 14, 11, 15, 7, 5, 15, 8, 15, 6, 14, 14, 3, 4, 18, 18, 16, 17, 12, 5, 4, 5, 8, 5 ], [ 13, 8, 8, 9, 12, 8, 10, 6, 11, 10, 4, 11, 6, 8, 12, 11, 8, 8, 7, 6, 8, 8, 9, 10, 11, 0, 11, 5, 7, 9, 9, 6, 11, 7, 8, 11, 1, 10, 5, 10, 11, 6, 5, 10, 12, 2, 11, 6, 8, 3, 11, 7, 6, 10, 5, 7, 5, 4, 9, 6, 7, 5, 12, 3, 3, 1, 11, 12, 13, 4, 13, 10, 6, 4, 4, 10, 7, 7, 8, 10, 7, 5, 7, 9, 11, 3, 7 ], [ 15, 14, 16, 3, 9, 9, 13, 13, 14, 17, 14, 19, 9, 3, 15, 2, 7, 18, 13, 5, 4, 6, 14, 2, 5, 11, 0, 12, 14, 2, 19, 8, 5, 13, 16, 9, 12, 10, 6, 3, 11, 16, 9, 16, 4, 9, 0, 16, 15, 13, 16, 17, 16, 15, 14, 18, 7, 14, 18, 15, 13, 15, 17, 9, 14, 11, 18, 11, 10, 14, 12, 18, 9, 15, 13, 2, 6, 18, 19, 18, 18, 14, 3, 2, 1, 8, 7 ], [ 8, 3, 4, 9, 10, 6, 5, 11, 7, 5, 5, 7, 4, 9, 7, 11, 7, 6, 2, 8, 11, 11, 4, 11, 10, 5, 12, 0, 11, 11, 8, 4, 10, 11, 4, 8, 6, 7, 8, 10, 8, 8, 10, 5, 12, 4, 12, 6, 3, 5, 6, 5, 4, 5, 10, 8, 9, 8, 6, 4, 12, 9, 7, 8, 7, 4, 6, 8, 10, 7, 9, 6, 4, 5, 8, 11, 6, 10, 8, 6, 7, 2, 9, 10, 12, 6, 6 ], [ 19, 14, 14, 13, 19, 14, 16, 1, 18, 16, 8, 16, 13, 13, 18, 14, 15, 12, 14, 10, 10, 8, 16, 14, 16, 7, 14, 11, 0, 11, 13, 12, 16, 1, 14, 17, 5, 17, 8, 14, 18, 6, 5, 16, 17, 8, 14, 9, 14, 7, 17, 12, 11, 16, 2, 9, 7, 4, 15, 11, 2, 4, 18, 6, 5, 7, 16, 18, 19, 6, 19, 16, 12, 9, 3, 14, 13, 7, 11, 15, 9, 11, 11, 13, 14, 8, 12 ], [ 15, 13, 15, 3, 10, 9, 13, 11, 14, 16, 12, 17, 8, 3, 15, 3, 8, 16, 12, 3, 2, 4, 14, 3, 6, 9, 2, 11, 11, 0, 18, 7, 7, 11, 15, 10, 9, 10, 3, 4, 11, 14, 6, 15, 6, 8, 3, 14, 14, 11, 15, 15, 14, 14, 12, 16, 4, 12, 17, 14, 10, 12, 16, 6, 11, 9, 17, 12, 11, 12, 13, 17, 8, 13, 10, 3, 6, 16, 17, 17, 16, 12, 2, 2, 2, 6, 6 ], [ 13, 8, 5, 17, 17, 13, 11, 12, 13, 7, 6, 5, 12, 16, 12, 19, 14, 2, 8, 15, 17, 17, 9, 18, 18, 9, 19, 8, 13, 18, 0, 12, 17, 13, 6, 15, 9, 15, 15, 18, 15, 7, 14, 8, 20, 10, 20, 4, 6, 7, 10, 3, 4, 9, 11, 4, 15, 9, 4, 4, 14, 9, 10, 13, 8, 8, 6, 15, 18, 7, 15, 6, 12, 5, 10, 18, 14, 7, 2, 5, 4, 6, 16, 18, 20, 12, 13 ], [ 8, 6, 8, 5, 7, 3, 6, 11, 7, 9, 8, 11, 1, 5, 8, 7, 3, 10, 5, 4, 8, 9, 7, 6, 6, 6, 8, 4, 12, 7, 12, 0, 6, 11, 8, 5, 7, 5, 6, 6, 6, 11, 8, 8, 8, 4, 8, 9, 7, 7, 8, 9, 8, 8, 11, 11, 7, 10, 10, 8, 11, 10, 9, 6, 9, 5, 10, 6, 7, 9, 8, 10, 1, 8, 9, 6, 2, 12, 12, 10, 11, 6, 5, 6, 8, 4, 1 ], [ 10, 10, 13, 4, 4, 5, 8, 15, 9, 13, 13, 15, 6, 3, 11, 4, 3, 16, 10, 6, 8, 10, 10, 4, 1, 11, 5, 10, 16, 7, 17, 6, 0, 16, 13, 4, 12, 4, 8, 3, 6, 16, 11, 12, 3, 9, 6, 15, 12, 13, 11, 14, 14, 11, 15, 17, 10, 15, 15, 13, 15, 16, 12, 10, 14, 11, 14, 6, 4, 14, 7, 14, 6, 14, 14, 3, 3, 18, 17, 15, 17, 11, 5, 4, 6, 8, 4 ], [ 19, 14, 14, 13, 18, 14, 16, 1, 18, 16, 8, 16, 13, 13, 18, 14, 14, 12, 14, 10, 9, 8, 16, 13, 16, 7, 13, 11, 1, 11, 13, 11, 16, 0, 14, 17, 5, 16, 8, 14, 18, 6, 5, 16, 16, 8, 13, 10, 14, 7, 17, 13, 11, 16, 2, 9, 6, 4, 15, 11, 1, 4, 18, 5, 5, 7, 16, 18, 19, 6, 19, 16, 12, 9, 3, 14, 13, 7, 11, 15, 10, 11, 11, 13, 13, 8, 12 ], [ 7, 2, 1, 13, 12, 8, 6, 14, 7, 2, 6, 3, 7, 13, 6, 15, 10, 5, 3, 12, 15, 15, 3, 14, 14, 8, 16, 4, 14, 15, 6, 8, 13, 14, 0, 10, 9, 9, 12, 14, 9, 10, 13, 3, 15, 8, 16, 6, 1, 7, 4, 3, 3, 3, 12, 8, 13, 11, 2, 4, 15, 11, 5, 12, 9, 7, 2, 9, 12, 9, 10, 2, 7, 6, 11, 14, 10, 10, 7, 2, 7, 3, 13, 14, 16, 10, 9 ], [ 6, 7, 11, 7, 2, 3, 5, 16, 5, 10, 12, 12, 4, 6, 7, 8, 3, 14, 7, 8, 11, 13, 7, 8, 5, 11, 9, 8, 17, 10, 15, 5, 4, 17, 10, 0, 12, 1, 10, 7, 2, 16, 13, 8, 7, 9, 10, 14, 9, 12, 7, 12, 12, 8, 16, 15, 12, 15, 12, 12, 17, 16, 8, 12, 14, 10, 11, 2, 2, 14, 3, 11, 5, 13, 14, 7, 4, 17, 15, 12, 15, 9, 8, 8, 10, 9, 5 ], [ 14, 9, 9, 10, 14, 10, 11, 5, 13, 11, 4, 11, 8, 10, 13, 12, 10, 8, 8, 7, 9, 8, 10, 11, 12, 1, 12, 6, 5, 9, 9, 7, 12, 5, 9, 12, 0, 12, 6, 11, 13, 5, 5, 11, 13, 3, 12, 6, 8, 2, 12, 8, 6, 11, 4, 6, 6, 3, 10, 6, 6, 4, 13, 4, 2, 2, 11, 13, 14, 3, 14, 11, 7, 4, 2, 11, 9, 6, 8, 10, 6, 6, 8, 10, 12, 4, 8 ], [ 5, 7, 10, 7, 3, 2, 4, 16, 5, 9, 12, 12, 4, 6, 6, 8, 2, 13, 7, 8, 11, 13, 6, 8, 5, 10, 10, 7, 17, 10, 15, 5, 4, 16, 9, 1, 12, 0, 10, 7, 2, 15, 13, 8, 7, 9, 10, 13, 9, 12, 7, 12, 11, 7, 16, 15, 11, 15, 12, 11, 16, 15, 8, 11, 13, 10, 11, 2, 3, 13, 3, 10, 4, 12, 14, 7, 4, 17, 15, 11, 15, 9, 8, 8, 10, 9, 4 ], [ 14, 11, 13, 5, 11, 8, 12, 8, 13, 14, 9, 15, 7, 5, 14, 6, 8, 13, 10, 2, 3, 3, 12, 5, 8, 5, 6, 8, 8, 3, 15, 6, 8, 8, 12, 10, 6, 10, 0, 6, 11, 10, 3, 13, 8, 5, 6, 11, 12, 8, 14, 12, 11, 13, 8, 12, 2, 8, 14, 11, 7, 9, 15, 3, 8, 6, 15, 12, 11, 9, 13, 14, 7, 10, 7, 6, 6, 12, 13, 14, 12, 10, 3, 5, 6, 3, 6 ], [ 12, 12, 15, 2, 7, 6, 11, 14, 11, 15, 13, 17, 7, 2, 13, 1, 5, 16, 11, 4, 6, 8, 12, 1, 2, 10, 3, 10, 14, 4, 18, 6, 3, 14, 14, 7, 11, 7, 6, 0, 8, 16, 9, 14, 2, 9, 3, 15, 13, 13, 13, 15, 14, 13, 14, 17, 8, 14, 16, 14, 13, 15, 14, 9, 13, 11, 16, 9, 7, 14, 10, 16, 7, 14, 13, 0, 4, 17, 17, 16, 17, 12, 3, 2, 3, 7, 5 ], [ 4, 7, 10, 8, 3, 3, 4, 17, 4, 9, 12, 11, 5, 8, 5, 10, 4, 14, 7, 10, 13, 14, 6, 9, 7, 11, 11, 8, 18, 11, 15, 6, 6, 18, 9, 2, 13, 2, 11, 8, 0, 16, 14, 7, 8, 10, 11, 13, 9, 13, 6, 12, 11, 7, 17, 15, 13, 15, 12, 11, 18, 16, 7, 13, 14, 11, 10, 0, 3, 14, 2, 10, 5, 13, 15, 9, 5, 17, 15, 11, 15, 9, 9, 10, 12, 10, 6 ], [ 16, 11, 9, 14, 18, 13, 14, 6, 15, 12, 4, 11, 11, 14, 15, 16, 14, 6, 10, 12, 13, 12, 12, 15, 17, 6, 16, 8, 6, 14, 7, 11, 16, 6, 10, 16, 5, 15, 10, 16, 16, 0, 9, 12, 18, 7, 16, 4, 9, 4, 14, 7, 6, 12, 4, 3, 10, 2, 9, 6, 7, 2, 14, 8, 3, 6, 12, 16, 18, 2, 17, 11, 11, 4, 4, 16, 13, 2, 5, 10, 3, 8, 13, 15, 16, 9, 12 ], [ 16, 12, 13, 8, 14, 11, 14, 5, 15, 15, 9, 16, 9, 8, 16, 9, 10, 13, 12, 5, 5, 3, 14, 8, 11, 5, 9, 10, 5, 6, 14, 8, 11, 5, 13, 13, 5, 13, 3, 9, 14, 9, 0, 15, 11, 6, 9, 11, 13, 7, 15, 13, 11, 14, 6, 11, 2, 6, 15, 11, 4, 7, 16, 2, 6, 6, 16, 14, 14, 7, 16, 15, 9, 9, 5, 9, 9, 10, 13, 15, 11, 10, 6, 8, 8, 4, 8 ], [ 5, 2, 4, 13, 10, 7, 4, 16, 4, 2, 9, 4, 7, 12, 3, 15, 9, 8, 3, 12, 16, 16, 1, 14, 13, 10, 16, 5, 16, 15, 8, 8, 12, 16, 3, 8, 11, 8, 13, 14, 7, 12, 15, 0, 14, 9, 16, 9, 3, 10, 2, 6, 6, 0, 14, 10, 14, 13, 5, 6, 17, 13, 2, 13, 12, 9, 3, 7, 10, 11, 7, 3, 7, 8, 13, 14, 9, 13, 9, 4, 10, 5, 13, 14, 16, 11, 9 ], [ 13, 13, 16, 4, 6, 7, 11, 16, 12, 16, 15, 18, 8, 4, 13, 2, 6, 18, 12, 7, 8, 9, 13, 3, 2, 12, 4, 12, 17, 6, 20, 8, 3, 16, 15, 7, 13, 7, 8, 2, 8, 18, 11, 14, 0, 11, 4, 17, 14, 15, 14, 17, 16, 14, 16, 19, 10, 16, 18, 16, 16, 17, 15, 11, 15, 13, 17, 9, 6, 16, 10, 17, 8, 16, 15, 2, 6, 19, 19, 17, 19, 13, 5, 4, 4, 9, 6 ], [ 11, 7, 8, 7, 11, 6, 8, 7, 10, 9, 5, 10, 5, 7, 11, 9, 7, 8, 6, 5, 7, 7, 8, 8, 9, 2, 9, 4, 8, 8, 10, 4, 9, 8, 8, 9, 3, 9, 5, 9, 10, 7, 6, 9, 11, 0, 10, 7, 7, 4, 10, 8, 6, 9, 7, 8, 5, 6, 9, 6, 8, 7, 11, 4, 5, 2, 10, 10, 11, 5, 11, 10, 4, 5, 5, 9, 6, 9, 9, 10, 8, 5, 6, 8, 10, 2, 5 ], [ 15, 14, 17, 3, 9, 9, 13, 13, 14, 17, 14, 19, 9, 4, 16, 2, 8, 18, 13, 5, 4, 6, 15, 2, 5, 11, 0, 12, 14, 3, 20, 8, 6, 13, 16, 10, 12, 10, 6, 3, 11, 16, 9, 16, 4, 10, 0, 16, 15, 13, 16, 17, 16, 16, 14, 18, 7, 14, 18, 15, 13, 15, 17, 9, 14, 12, 18, 12, 10, 14, 13, 18, 9, 15, 13, 3, 7, 18, 19, 18, 18, 14, 4, 2, 0, 8, 7 ], [ 13, 7, 5, 14, 16, 11, 10, 9, 12, 8, 2, 7, 9, 13, 11, 16, 12, 2, 7, 11, 14, 13, 9, 15, 16, 6, 16, 6, 9, 14, 4, 9, 15, 10, 6, 14, 6, 13, 11, 15, 13, 4, 11, 9, 17, 7, 16, 0, 6, 3, 10, 3, 2, 9, 7, 2, 11, 5, 5, 2, 11, 6, 11, 9, 5, 5, 8, 14, 16, 4, 14, 7, 9, 1, 7, 15, 12, 5, 2, 6, 2, 5, 13, 15, 16, 9, 11 ], [ 7, 2, 2, 12, 11, 7, 5, 13, 7, 2, 6, 4, 6, 12, 6, 14, 9, 5, 2, 11, 14, 14, 3, 13, 13, 8, 15, 3, 14, 14, 6, 7, 12, 14, 1, 9, 8, 9, 12, 13, 9, 9, 13, 3, 14, 7, 15, 6, 0, 7, 4, 3, 3, 3, 12, 7, 12, 10, 3, 4, 14, 10, 5, 11, 9, 6, 3, 9, 11, 8, 9, 3, 7, 5, 10, 13, 9, 10, 7, 3, 7, 2, 12, 13, 15, 9, 8 ], [ 13, 7, 7, 11, 14, 10, 10, 6, 12, 9, 1, 9, 8, 11, 12, 13, 10, 5, 7, 9, 11, 10, 9, 12, 13, 3, 13, 5, 7, 11, 7, 7, 13, 7, 7, 12, 2, 12, 8, 13, 13, 4, 7, 10, 15, 4, 13, 3, 7, 0, 11, 6, 4, 9, 5, 4, 8, 3, 8, 4, 8, 4, 12, 6, 2, 2, 10, 13, 14, 2, 14, 9, 8, 2, 4, 12, 10, 5, 6, 9, 4, 5, 10, 12, 13, 6, 9 ], [ 3, 3, 5, 13, 9, 7, 3, 17, 3, 3, 10, 6, 7, 12, 2, 14, 8, 9, 4, 12, 16, 16, 2, 14, 12, 11, 16, 6, 17, 15, 10, 8, 11, 17, 4, 7, 12, 7, 14, 13, 6, 14, 15, 2, 14, 10, 16, 10, 4, 11, 0, 7, 8, 1, 16, 12, 15, 14, 6, 8, 18, 14, 1, 13, 13, 10, 4, 6, 9, 12, 6, 4, 7, 10, 14, 13, 9, 14, 11, 5, 12, 6, 13, 14, 16, 11, 9 ], [ 10, 5, 2, 14, 14, 10, 8, 12, 10, 4, 4, 4, 9, 14, 9, 16, 11, 2, 5, 12, 15, 15, 6, 15, 15, 7, 17, 5, 12, 15, 3, 9, 14, 13, 3, 12, 8, 12, 12, 15, 12, 7, 13, 6, 17, 8, 17, 3, 3, 6, 7, 0, 1, 6, 10, 5, 13, 9, 2, 2, 13, 9, 8, 11, 8, 6, 4, 12, 14, 7, 12, 4, 9, 4, 9, 15, 11, 8, 4, 3, 5, 3, 13, 15, 17, 10, 11 ], [ 10, 5, 3, 13, 14, 9, 8, 11, 10, 5, 3, 5, 8, 13, 9, 15, 11, 2, 5, 11, 14, 14, 6, 14, 14, 6, 16, 4, 11, 14, 4, 8, 14, 11, 3, 12, 6, 11, 11, 14, 11, 6, 11, 6, 16, 6, 16, 2, 3, 4, 8, 1, 0, 6, 9, 4, 11, 7, 3, 1, 12, 8, 8, 10, 6, 5, 5, 12, 14, 6, 12, 5, 8, 3, 8, 14, 10, 7, 4, 4, 4, 2, 12, 14, 16, 9, 10 ], [ 4, 2, 4, 12, 10, 7, 3, 15, 4, 2, 9, 5, 6, 12, 3, 14, 8, 8, 3, 12, 15, 16, 1, 14, 12, 10, 15, 5, 16, 14, 9, 8, 11, 16, 3, 8, 11, 7, 13, 13, 7, 12, 14, 0, 14, 9, 16, 9, 3, 9, 1, 6, 6, 0, 14, 10, 14, 13, 5, 6, 17, 13, 2, 12, 11, 9, 3, 7, 10, 11, 7, 3, 7, 8, 13, 13, 9, 13, 10, 4, 10, 5, 12, 14, 16, 10, 9 ], [ 18, 12, 12, 13, 18, 13, 15, 2, 17, 14, 6, 14, 12, 13, 17, 14, 14, 10, 12, 10, 10, 9, 14, 14, 16, 5, 14, 10, 2, 12, 11, 11, 15, 2, 12, 16, 4, 16, 8, 14, 17, 4, 6, 14, 16, 7, 14, 7, 12, 5, 16, 10, 9, 14, 0, 7, 7, 2, 13, 9, 3, 2, 16, 5, 3, 6, 14, 17, 18, 4, 18, 14, 11, 7, 2, 14, 12, 5, 9, 13, 7, 10, 11, 13, 14, 8, 12 ], [ 15, 9, 7, 15, 18, 13, 12, 9, 14, 9, 3, 8, 11, 15, 13, 17, 14, 3, 9, 13, 15, 14, 11, 16, 17, 7, 18, 8, 9, 16, 4, 11, 17, 9, 8, 15, 6, 15, 12, 17, 15, 3, 11, 10, 19, 8, 18, 2, 7, 4, 12, 5, 4, 10, 7, 0, 12, 5, 7, 4, 10, 5, 12, 10, 5, 6, 9, 16, 18, 4, 16, 9, 11, 3, 7, 17, 13, 3, 2, 8, 0, 6, 14, 16, 18, 10, 13 ], [ 16, 12, 13, 6, 13, 10, 13, 6, 14, 15, 9, 16, 8, 6, 15, 8, 9, 13, 11, 4, 3, 2, 13, 7, 10, 5, 7, 9, 7, 4, 15, 7, 10, 6, 13, 12, 6, 11, 2, 8, 13, 10, 2, 14, 10, 5, 7, 11, 12, 8, 15, 13, 11, 14, 7, 12, 0, 8, 15, 11, 6, 8, 16, 2, 7, 7, 16, 13, 13, 8, 14, 15, 8, 10, 6, 7, 8, 12, 13, 15, 12, 10, 5, 6, 7, 4, 7 ], [ 16, 11, 10, 12, 17, 12, 13, 4, 15, 12, 4, 12, 11, 12, 15, 14, 13, 8, 10, 10, 11, 10, 13, 13, 15, 4, 14, 8, 4, 12, 9, 10, 15, 4, 11, 15, 3, 15, 8, 14, 15, 2, 6, 13, 16, 6, 14, 5, 10, 3, 14, 9, 7, 13, 2, 5, 8, 0, 11, 7, 5, 1, 15, 6, 1, 5, 13, 16, 17, 2, 17, 12, 10, 5, 2, 14, 12, 4, 7, 12, 5, 8, 11, 13, 14, 7, 11 ], [ 9, 5, 2, 15, 14, 11, 8, 14, 9, 3, 7, 1, 9, 15, 8, 17, 12, 4, 5, 14, 17, 17, 6, 16, 16, 9, 18, 6, 15, 17, 4, 10, 15, 15, 2, 12, 10, 12, 14, 16, 12, 9, 15, 5, 18, 9, 18, 5, 3, 8, 6, 2, 3, 5, 13, 7, 15, 11, 0, 4, 15, 11, 6, 13, 10, 8, 2, 12, 14, 9, 12, 2, 10, 6, 11, 16, 12, 10, 5, 1, 7, 4, 15, 16, 18, 11, 11 ], [ 11, 5, 3, 13, 14, 9, 8, 10, 10, 6, 3, 5, 8, 12, 9, 15, 10, 3, 5, 11, 13, 13, 7, 14, 14, 6, 15, 4, 11, 14, 4, 8, 13, 11, 4, 12, 6, 11, 11, 14, 11, 6, 11, 6, 16, 6, 15, 2, 4, 4, 8, 2, 1, 6, 9, 4, 11, 7, 4, 0, 12, 7, 8, 9, 6, 4, 6, 12, 14, 5, 12, 6, 8, 2, 7, 14, 10, 7, 4, 5, 4, 2, 12, 14, 16, 8, 9 ], [ 19, 14, 15, 12, 18, 14, 17, 2, 18, 17, 9, 17, 13, 12, 19, 13, 14, 13, 14, 9, 8, 7, 16, 13, 15, 7, 13, 12, 2, 10, 14, 11, 15, 1, 15, 17, 6, 16, 7, 13, 18, 7, 4, 17, 16, 8, 13, 11, 14, 8, 18, 13, 12, 17, 3, 10, 6, 5, 15, 12, 0, 5, 19, 5, 6, 8, 17, 18, 18, 7, 19, 17, 12, 10, 4, 13, 13, 9, 12, 16, 11, 12, 11, 12, 12, 8, 12 ], [ 17, 11, 10, 13, 17, 13, 14, 4, 16, 13, 4, 12, 11, 13, 16, 15, 13, 8, 11, 10, 11, 10, 13, 14, 16, 5, 15, 9, 4, 12, 9, 10, 16, 4, 11, 16, 4, 15, 9, 15, 16, 2, 7, 13, 17, 7, 15, 6, 10, 4, 14, 9, 8, 13, 2, 5, 8, 1, 11, 7, 5, 0, 15, 6, 2, 5, 13, 16, 18, 2, 17, 13, 11, 5, 2, 14, 12, 3, 7, 12, 5, 8, 12, 14, 15, 8, 11 ], [ 3, 4, 6, 14, 10, 8, 4, 18, 4, 3, 11, 5, 8, 13, 2, 15, 9, 9, 5, 13, 17, 18, 3, 15, 13, 12, 17, 7, 18, 16, 10, 9, 12, 18, 5, 8, 13, 8, 15, 14, 7, 14, 16, 2, 15, 11, 17, 11, 5, 12, 1, 8, 8, 2, 16, 12, 16, 15, 6, 8, 19, 15, 0, 15, 14, 11, 4, 7, 10, 13, 7, 4, 8, 10, 15, 15, 10, 15, 11, 5, 12, 7, 14, 15, 17, 12, 10 ], [ 15, 10, 11, 7, 13, 9, 12, 5, 14, 13, 7, 14, 8, 7, 14, 9, 9, 11, 10, 4, 5, 4, 12, 8, 10, 3, 9, 8, 6, 6, 13, 6, 10, 5, 12, 12, 4, 11, 3, 9, 13, 8, 2, 13, 11, 4, 9, 9, 11, 6, 13, 11, 10, 12, 5, 10, 2, 6, 13, 9, 5, 6, 15, 0, 5, 5, 14, 13, 13, 6, 14, 14, 7, 8, 4, 9, 8, 9, 11, 13, 10, 9, 6, 8, 9, 3, 7 ], [ 15, 9, 9, 12, 16, 11, 12, 4, 14, 11, 3, 11, 9, 11, 14, 14, 12, 7, 9, 9, 10, 9, 11, 13, 14, 3, 14, 7, 5, 11, 8, 9, 14, 5, 9, 14, 2, 13, 8, 13, 14, 3, 6, 12, 15, 5, 14, 5, 9, 2, 13, 8, 6, 11, 3, 5, 7, 1, 10, 6, 6, 2, 14, 5, 0, 3, 12, 15, 16, 1, 15, 11, 9, 4, 2, 13, 11, 4, 7, 10, 5, 7, 10, 12, 14, 6, 10 ], [ 12, 7, 7, 9, 12, 8, 9, 7, 11, 9, 3, 9, 6, 9, 11, 11, 8, 7, 6, 7, 9, 9, 8, 10, 11, 1, 11, 4, 7, 9, 8, 5, 11, 7, 7, 10, 2, 10, 6, 11, 11, 6, 6, 9, 13, 2, 12, 5, 6, 2, 10, 6, 5, 9, 6, 6, 7, 5, 8, 4, 8, 5, 11, 5, 3, 0, 10, 11, 13, 3, 12, 9, 6, 3, 4, 11, 8, 7, 7, 9, 6, 4, 8, 10, 12, 4, 7 ], [ 7, 4, 3, 15, 13, 10, 6, 16, 7, 1, 8, 1, 9, 15, 6, 17, 11, 6, 5, 14, 17, 18, 4, 16, 15, 11, 18, 6, 16, 17, 6, 10, 14, 16, 2, 11, 11, 11, 15, 16, 10, 12, 16, 3, 17, 10, 18, 8, 3, 10, 4, 4, 5, 3, 14, 9, 16, 13, 2, 6, 17, 13, 4, 14, 12, 10, 0, 10, 13, 11, 10, 0, 9, 8, 13, 16, 12, 12, 8, 1, 9, 5, 15, 16, 18, 12, 11 ], [ 4, 7, 10, 9, 3, 4, 4, 17, 4, 9, 13, 12, 5, 8, 5, 10, 4, 14, 7, 10, 13, 14, 6, 10, 7, 12, 11, 8, 18, 12, 15, 6, 6, 18, 9, 2, 13, 2, 12, 9, 0, 16, 14, 7, 9, 10, 12, 14, 9, 13, 6, 12, 12, 7, 17, 16, 13, 16, 12, 12, 18, 16, 7, 13, 15, 11, 10, 0, 3, 15, 1, 10, 6, 13, 15, 9, 6, 18, 15, 11, 16, 9, 9, 10, 12, 10, 6 ], [ 7, 10, 13, 7, 0, 5, 7, 18, 7, 12, 15, 14, 7, 7, 8, 8, 4, 16, 9, 9, 12, 14, 9, 8, 5, 13, 10, 10, 19, 11, 18, 7, 4, 19, 12, 2, 14, 3, 11, 7, 3, 18, 14, 10, 6, 11, 10, 16, 11, 14, 9, 14, 14, 10, 18, 18, 13, 17, 14, 14, 18, 18, 10, 13, 16, 13, 13, 3, 0, 16, 4, 13, 7, 15, 16, 7, 6, 19, 18, 14, 18, 11, 9, 8, 10, 11, 6 ], [ 15, 9, 8, 12, 16, 11, 12, 5, 14, 11, 2, 10, 9, 12, 13, 14, 12, 6, 9, 9, 11, 10, 11, 13, 15, 4, 14, 7, 6, 12, 7, 9, 14, 6, 9, 14, 3, 13, 9, 14, 14, 2, 7, 11, 16, 5, 14, 4, 8, 2, 12, 7, 6, 11, 4, 4, 8, 2, 9, 5, 7, 2, 13, 6, 1, 3, 11, 15, 16, 0, 15, 11, 9, 3, 3, 14, 11, 4, 6, 10, 4, 6, 11, 13, 14, 7, 10 ], [ 3, 7, 11, 10, 4, 5, 4, 19, 3, 9, 14, 12, 6, 9, 5, 11, 5, 14, 7, 11, 14, 16, 6, 11, 8, 13, 12, 9, 19, 13, 15, 8, 7, 19, 10, 3, 14, 3, 13, 10, 2, 17, 16, 7, 10, 11, 13, 14, 9, 14, 6, 12, 12, 7, 18, 16, 14, 17, 12, 12, 19, 17, 7, 14, 15, 12, 10, 1, 4, 15, 0, 10, 7, 14, 16, 10, 7, 18, 16, 11, 16, 10, 11, 11, 13, 11, 7 ], [ 7, 4, 2, 15, 13, 10, 6, 16, 7, 1, 8, 2, 9, 14, 5, 17, 11, 6, 4, 14, 17, 17, 4, 16, 15, 10, 18, 6, 16, 17, 6, 10, 14, 16, 2, 11, 11, 10, 14, 16, 10, 11, 15, 3, 17, 10, 18, 7, 3, 9, 4, 4, 5, 3, 14, 9, 15, 12, 2, 6, 17, 13, 4, 14, 11, 9, 0, 10, 13, 11, 10, 0, 9, 8, 13, 16, 11, 12, 8, 1, 9, 5, 14, 16, 18, 12, 11 ], [ 8, 5, 8, 6, 7, 2, 5, 12, 7, 8, 8, 10, 1, 5, 7, 8, 3, 10, 5, 5, 9, 9, 6, 7, 6, 6, 9, 4, 12, 8, 12, 1, 6, 12, 7, 5, 7, 4, 7, 7, 5, 11, 9, 7, 8, 4, 9, 9, 7, 8, 7, 9, 8, 7, 11, 11, 8, 10, 10, 8, 12, 11, 8, 7, 9, 6, 9, 6, 7, 9, 7, 9, 0, 8, 10, 7, 2, 13, 11, 10, 11, 6, 5, 7, 9, 5, 2 ], [ 12, 7, 5, 12, 15, 10, 10, 8, 11, 8, 1, 7, 8, 12, 11, 14, 11, 3, 6, 10, 12, 12, 8, 14, 14, 4, 15, 5, 9, 13, 5, 8, 14, 9, 6, 13, 4, 12, 10, 14, 13, 4, 9, 8, 16, 5, 15, 1, 5, 2, 10, 4, 3, 8, 7, 3, 10, 5, 6, 2, 10, 5, 10, 8, 4, 3, 8, 13, 15, 3, 14, 8, 8, 0, 6, 14, 10, 5, 4, 7, 3, 4, 11, 13, 15, 7, 10 ], [ 16, 11, 11, 11, 16, 12, 13, 3, 15, 13, 5, 13, 10, 11, 15, 13, 12, 9, 10, 8, 9, 8, 13, 12, 14, 4, 13, 8, 3, 10, 10, 9, 14, 3, 11, 14, 2, 14, 7, 13, 15, 4, 5, 13, 15, 5, 13, 7, 10, 4, 14, 9, 8, 13, 2, 7, 6, 2, 11, 7, 4, 2, 15, 4, 2, 4, 13, 15, 16, 3, 16, 13, 10, 6, 0, 12, 11, 6, 8, 12, 7, 8, 10, 12, 13, 6, 10 ], [ 13, 12, 15, 1, 7, 7, 11, 14, 12, 15, 13, 17, 7, 2, 13, 1, 5, 16, 11, 4, 5, 7, 12, 1, 3, 10, 2, 11, 14, 3, 18, 6, 3, 14, 14, 7, 11, 7, 6, 0, 9, 16, 9, 14, 2, 9, 3, 15, 13, 12, 13, 15, 14, 13, 14, 17, 7, 14, 16, 14, 13, 14, 15, 9, 13, 11, 16, 9, 7, 14, 10, 16, 7, 14, 12, 0, 4, 17, 17, 16, 17, 12, 3, 1, 3, 7, 5 ], [ 9, 7, 10, 4, 5, 2, 7, 13, 8, 11, 10, 13, 3, 3, 9, 5, 2, 13, 7, 4, 7, 9, 8, 5, 4, 7, 6, 6, 13, 6, 14, 2, 3, 13, 10, 4, 9, 4, 6, 4, 5, 13, 9, 9, 6, 6, 7, 12, 9, 10, 9, 11, 10, 9, 12, 13, 8, 12, 12, 10, 13, 12, 10, 8, 11, 8, 12, 6, 6, 11, 7, 11, 2, 10, 11, 4, 0, 15, 14, 12, 13, 8, 4, 5, 7, 5, 1 ], [ 17, 11, 10, 16, 19, 15, 15, 7, 16, 12, 5, 11, 13, 16, 16, 18, 15, 6, 11, 13, 15, 14, 13, 17, 18, 7, 18, 10, 7, 16, 7, 12, 18, 7, 10, 17, 6, 17, 12, 17, 17, 2, 10, 13, 19, 9, 18, 5, 10, 5, 14, 8, 7, 13, 5, 3, 12, 4, 10, 7, 9, 3, 15, 9, 4, 7, 12, 18, 19, 4, 18, 12, 13, 5, 6, 17, 15, 0, 5, 11, 3, 9, 15, 17, 18, 10, 14 ], [ 14, 8, 6, 16, 18, 13, 12, 11, 13, 8, 4, 7, 12, 16, 12, 18, 14, 2, 9, 14, 16, 16, 10, 17, 18, 8, 19, 8, 11, 17, 2, 12, 17, 11, 7, 15, 8, 15, 13, 17, 15, 5, 13, 9, 19, 9, 19, 2, 7, 6, 11, 4, 4, 10, 9, 2, 13, 7, 5, 4, 12, 7, 11, 11, 7, 7, 8, 15, 18, 6, 16, 8, 11, 4, 8, 17, 14, 5, 0, 6, 2, 6, 15, 17, 19, 11, 13 ], [ 8, 5, 2, 15, 14, 10, 7, 15, 8, 2, 7, 1, 9, 15, 7, 17, 12, 5, 5, 14, 17, 17, 5, 16, 16, 10, 18, 6, 15, 17, 5, 10, 15, 15, 2, 12, 10, 11, 14, 16, 11, 10, 15, 4, 17, 10, 18, 6, 3, 9, 5, 3, 4, 4, 13, 8, 15, 12, 1, 5, 16, 12, 5, 13, 10, 9, 1, 11, 14, 10, 11, 1, 10, 7, 12, 16, 12, 11, 6, 0, 8, 5, 15, 16, 18, 12, 11 ], [ 14, 9, 7, 15, 17, 13, 12, 9, 14, 9, 3, 8, 11, 15, 13, 17, 14, 3, 9, 13, 15, 14, 11, 16, 17, 7, 18, 7, 9, 16, 4, 11, 17, 10, 7, 15, 6, 15, 12, 17, 15, 3, 11, 10, 19, 8, 18, 2, 7, 4, 12, 5, 4, 10, 7, 0, 12, 5, 7, 4, 11, 5, 12, 10, 5, 6, 9, 16, 18, 4, 16, 9, 11, 3, 7, 17, 13, 3, 2, 8, 0, 6, 14, 16, 18, 10, 12 ], [ 8, 3, 3, 11, 11, 7, 6, 11, 8, 5, 4, 5, 5, 10, 7, 13, 8, 5, 3, 9, 12, 12, 5, 12, 12, 5, 14, 2, 11, 12, 6, 6, 11, 11, 3, 9, 6, 9, 10, 12, 9, 8, 10, 5, 13, 5, 14, 5, 2, 5, 6, 3, 2, 5, 10, 6, 10, 8, 4, 2, 12, 8, 7, 9, 7, 4, 5, 9, 11, 6, 10, 5, 6, 4, 8, 12, 8, 9, 6, 5, 6, 0, 10, 12, 14, 7, 7 ], [ 13, 11, 13, 1, 8, 6, 10, 11, 11, 14, 11, 15, 6, 2, 13, 3, 5, 14, 10, 1, 4, 5, 11, 2, 5, 7, 3, 9, 11, 2, 16, 5, 5, 11, 13, 8, 8, 8, 3, 3, 9, 13, 6, 13, 5, 6, 4, 13, 12, 10, 13, 13, 12, 12, 11, 14, 5, 11, 15, 12, 11, 12, 14, 6, 10, 8, 15, 9, 9, 11, 11, 14, 5, 11, 10, 3, 4, 15, 15, 15, 14, 10, 0, 2, 4, 4, 4 ], [ 13, 12, 15, 1, 8, 7, 11, 13, 12, 15, 13, 17, 7, 2, 14, 1, 6, 16, 12, 3, 4, 6, 13, 0, 4, 9, 2, 10, 13, 2, 18, 6, 4, 13, 14, 8, 10, 8, 5, 2, 10, 15, 8, 14, 4, 8, 2, 15, 13, 12, 14, 15, 14, 14, 13, 16, 6, 13, 16, 14, 12, 14, 15, 8, 12, 10, 16, 10, 8, 13, 11, 16, 7, 13, 12, 1, 5, 17, 17, 16, 16, 12, 2, 0, 2, 6, 5 ], [ 15, 14, 17, 3, 10, 9, 13, 13, 14, 17, 14, 19, 9, 4, 16, 2, 8, 18, 14, 5, 4, 6, 15, 2, 5, 11, 1, 12, 14, 2, 20, 8, 6, 13, 16, 10, 12, 10, 6, 3, 12, 16, 8, 16, 4, 10, 0, 16, 15, 13, 16, 17, 16, 16, 14, 18, 7, 14, 18, 16, 12, 15, 17, 9, 14, 12, 18, 12, 10, 14, 13, 18, 9, 15, 13, 3, 7, 18, 19, 18, 18, 14, 4, 2, 0, 8, 7 ], [ 12, 8, 10, 5, 10, 6, 9, 8, 11, 11, 7, 12, 5, 5, 12, 7, 6, 10, 8, 3, 5, 5, 10, 7, 8, 3, 8, 6, 8, 6, 12, 4, 8, 8, 10, 9, 4, 9, 3, 7, 10, 9, 4, 11, 9, 2, 8, 9, 9, 6, 11, 10, 9, 10, 8, 10, 4, 7, 11, 8, 8, 8, 12, 3, 6, 4, 12, 10, 11, 7, 11, 12, 5, 7, 6, 7, 5, 10, 11, 12, 10, 7, 4, 6, 8, 0, 4 ], [ 9, 7, 10, 4, 6, 3, 7, 12, 8, 10, 9, 12, 2, 3, 9, 6, 2, 12, 7, 4, 7, 8, 8, 5, 5, 7, 7, 6, 12, 6, 13, 1, 4, 12, 9, 5, 8, 4, 6, 5, 6, 12, 8, 9, 6, 5, 7, 11, 8, 9, 9, 11, 10, 9, 12, 13, 7, 11, 11, 9, 12, 11, 10, 7, 10, 7, 11, 6, 6, 10, 7, 11, 2, 10, 10, 5, 1, 14, 13, 11, 12, 7, 4, 5, 7, 4, 0 ] ]
}