{
  "version" : "0.3",
  "id" : 961227521,
  "name" : "PTP-RAND-2_8_4_32",
  "coordType" : "Eucl",
  "sameVehicleBackward" : false,
  "maxWaitTime" : "00h30",
  "places" : [ {
    "id" : 0,
    "lat" : 7.212611594071479,
    "long" : -3.962259163544456,
    "category" : 0
  }, {
    "id" : 1,
    "lat" : 7.298880696030701,
    "long" : 8.133709122454206,
    "category" : 0
  }, {
    "id" : 2,
    "lat" : -7.510825192333835,
    "long" : -5.319273914733335,
    "category" : 0
  }, {
    "id" : 3,
    "lat" : 9.559004310184822,
    "long" : 0.2434703810237661,
    "category" : 0
  }, {
    "id" : 4,
    "lat" : -6.036434048793753,
    "long" : -2.869395668434859,
    "category" : 0
  }, {
    "id" : 5,
    "lat" : -3.1400039119166916,
    "long" : -3.707196196439643,
    "category" : 0
  }, {
    "id" : 6,
    "lat" : -11.046856666943635,
    "long" : 0.6477156529630479,
    "category" : 0
  }, {
    "id" : 7,
    "lat" : -8.911668615284462,
    "long" : 3.2404557505658618,
    "category" : 0
  }, {
    "id" : 8,
    "lat" : -6.565264588711944,
    "long" : -10.313574301812833,
    "category" : 1
  }, {
    "id" : 9,
    "lat" : -3.53362145726207,
    "long" : -9.110385076757442,
    "category" : 2
  }, {
    "id" : 10,
    "lat" : -0.4822312402921844,
    "long" : 7.105707244752617,
    "category" : 2
  }, {
    "id" : 11,
    "lat" : -9.39861385953711,
    "long" : 2.465264467007057,
    "category" : 2
  }, {
    "id" : 12,
    "lat" : 5.8006182753973645,
    "long" : -10.422287765757847,
    "category" : 2
  }, {
    "id" : 13,
    "lat" : -2.935619676810378,
    "long" : -8.920161003216606,
    "category" : 2
  }, {
    "id" : 14,
    "lat" : 4.192999134344602,
    "long" : -8.586814024626415,
    "category" : 2
  }, {
    "id" : 15,
    "lat" : 10.341171050006583,
    "long" : 6.311114581180349,
    "category" : 2
  }, {
    "id" : 16,
    "lat" : 0.038280230223670955,
    "long" : -0.17459736909975304,
    "category" : 2
  }, {
    "id" : 17,
    "lat" : 5.757679566490789,
    "long" : 8.424287360345271,
    "category" : 2
  }, {
    "id" : 18,
    "lat" : -2.587530964696022,
    "long" : -9.446122342977272,
    "category" : 2
  }, {
    "id" : 19,
    "lat" : 10.464584991410668,
    "long" : 2.7862769416383566,
    "category" : 2
  }, {
    "id" : 20,
    "lat" : 11.638867683695661,
    "long" : 3.2155942105754995,
    "category" : 2
  }, {
    "id" : 21,
    "lat" : 1.3863376938343026,
    "long" : 12.794282133224831,
    "category" : 2
  }, {
    "id" : 22,
    "lat" : 0.24031202421709155,
    "long" : -7.58812824325475,
    "category" : 2
  }, {
    "id" : 23,
    "lat" : -9.834747974133961,
    "long" : 7.88194886679081,
    "category" : 2
  }, {
    "id" : 24,
    "lat" : -5.068853886104783,
    "long" : -0.8786308013888493,
    "category" : 2
  }, {
    "id" : 25,
    "lat" : -0.4984638802354948,
    "long" : 3.7469228560932875,
    "category" : 2
  }, {
    "id" : 26,
    "lat" : -0.6988709097822651,
    "long" : 2.676569087447082,
    "category" : 2
  }, {
    "id" : 27,
    "lat" : -1.4471004148580986,
    "long" : -5.205372187125454,
    "category" : 2
  }, {
    "id" : 28,
    "lat" : 6.367895100560235,
    "long" : 7.1411212852995005,
    "category" : 2
  }, {
    "id" : 29,
    "lat" : 7.430984598554625,
    "long" : 10.45583348073994,
    "category" : 2
  }, {
    "id" : 30,
    "lat" : 1.6198557210435025,
    "long" : -8.143453334270218,
    "category" : 2
  }, {
    "id" : 31,
    "lat" : -0.523841082464533,
    "long" : -1.5187889441163496,
    "category" : 2
  }, {
    "id" : 32,
    "lat" : -6.369126237445823,
    "long" : -7.687058524461371,
    "category" : 2
  }, {
    "id" : 33,
    "lat" : 5.5945318186969715,
    "long" : -5.893066382140544,
    "category" : 2
  }, {
    "id" : 34,
    "lat" : 1.9000079159559489,
    "long" : 8.34293342872046,
    "category" : 2
  }, {
    "id" : 35,
    "lat" : 2.591042248200964,
    "long" : -0.48934944769795535,
    "category" : 2
  }, {
    "id" : 36,
    "lat" : -4.151631754409643,
    "long" : 3.6663437858092798,
    "category" : 2
  }, {
    "id" : 37,
    "lat" : 2.49020371165494,
    "long" : 2.4534208390729058,
    "category" : 2
  }, {
    "id" : 38,
    "lat" : -2.6033898523891916,
    "long" : -1.9103735922729266,
    "category" : 2
  }, {
    "id" : 39,
    "lat" : 7.144179659394933,
    "long" : -0.5472156701186519,
    "category" : 2
  }, {
    "id" : 40,
    "lat" : 1.696317386333837,
    "long" : 0.8645006516450409,
    "category" : 2
  }, {
    "id" : 41,
    "lat" : -7.456965731117134,
    "long" : 4.472758007479415,
    "category" : 2
  } ],
  "vehicles" : [ {
    "id" : 42,
    "canTake" : [ 0 ],
    "start" : 8,
    "end" : 8,
    "capacity" : 5,
    "availability" : [ "07h00:20h00" ]
  }, {
    "id" : 43,
    "canTake" : [ 0 ],
    "start" : 8,
    "end" : 8,
    "capacity" : 5,
    "availability" : [ "07h00:20h00" ]
  }, {
    "id" : 44,
    "canTake" : [ 0 ],
    "start" : 8,
    "end" : 8,
    "capacity" : 5,
    "availability" : [ "07h00:20h00" ]
  }, {
    "id" : 45,
    "canTake" : [ 0 ],
    "start" : 8,
    "end" : 8,
    "capacity" : 5,
    "availability" : [ "07h00:20h00" ]
  } ],
  "patients" : [ {
    "id" : 46,
    "category" : 0,
    "load" : 2,
    "start" : 9,
    "destination" : 0,
    "end" : -1,
    "rdvTime" : "10h45",
    "rdvDuration" : "02h10",
    "srvDuration" : "00h02"
  }, {
    "id" : 47,
    "category" : 0,
    "load" : 2,
    "start" : 10,
    "destination" : 1,
    "end" : -1,
    "rdvTime" : "10h24",
    "rdvDuration" : "02h20",
    "srvDuration" : "00h01"
  }, {
    "id" : 48,
    "category" : 0,
    "load" : 1,
    "start" : 11,
    "destination" : 2,
    "end" : 11,
    "rdvTime" : "15h41",
    "rdvDuration" : "02h37",
    "srvDuration" : "00h01"
  }, {
    "id" : 49,
    "category" : 0,
    "load" : 1,
    "start" : 12,
    "destination" : 3,
    "end" : 12,
    "rdvTime" : "15h04",
    "rdvDuration" : "00h19",
    "srvDuration" : "00h01"
  }, {
    "id" : 50,
    "category" : 0,
    "load" : 2,
    "start" : 13,
    "destination" : 4,
    "end" : 13,
    "rdvTime" : "10h51",
    "rdvDuration" : "01h04",
    "srvDuration" : "00h02"
  }, {
    "id" : 51,
    "category" : 0,
    "load" : 1,
    "start" : -1,
    "destination" : 5,
    "end" : 14,
    "rdvTime" : "08h24",
    "rdvDuration" : "00h54",
    "srvDuration" : "00h02"
  }, {
    "id" : 52,
    "category" : 0,
    "load" : 2,
    "start" : -1,
    "destination" : 6,
    "end" : 15,
    "rdvTime" : "10h20",
    "rdvDuration" : "02h14",
    "srvDuration" : "00h01"
  }, {
    "id" : 53,
    "category" : 0,
    "load" : 1,
    "start" : 16,
    "destination" : 7,
    "end" : 16,
    "rdvTime" : "11h27",
    "rdvDuration" : "00h55",
    "srvDuration" : "00h01"
  }, {
    "id" : 54,
    "category" : 0,
    "load" : 1,
    "start" : 17,
    "destination" : 6,
    "end" : 17,
    "rdvTime" : "12h48",
    "rdvDuration" : "01h20",
    "srvDuration" : "00h02"
  }, {
    "id" : 55,
    "category" : 0,
    "load" : 1,
    "start" : 18,
    "destination" : 3,
    "end" : 18,
    "rdvTime" : "13h45",
    "rdvDuration" : "02h16",
    "srvDuration" : "00h01"
  }, {
    "id" : 56,
    "category" : 0,
    "load" : 1,
    "start" : 19,
    "destination" : 1,
    "end" : 19,
    "rdvTime" : "15h00",
    "rdvDuration" : "00h58",
    "srvDuration" : "00h02"
  }, {
    "id" : 57,
    "category" : 0,
    "load" : 2,
    "start" : 20,
    "destination" : 4,
    "end" : -1,
    "rdvTime" : "08h35",
    "rdvDuration" : "02h27",
    "srvDuration" : "00h01"
  }, {
    "id" : 58,
    "category" : 0,
    "load" : 2,
    "start" : -1,
    "destination" : 1,
    "end" : 21,
    "rdvTime" : "11h34",
    "rdvDuration" : "01h35",
    "srvDuration" : "00h02"
  }, {
    "id" : 59,
    "category" : 0,
    "load" : 2,
    "start" : 22,
    "destination" : 3,
    "end" : 22,
    "rdvTime" : "15h45",
    "rdvDuration" : "02h11",
    "srvDuration" : "00h02"
  }, {
    "id" : 60,
    "category" : 0,
    "load" : 2,
    "start" : 23,
    "destination" : 2,
    "end" : 23,
    "rdvTime" : "14h19",
    "rdvDuration" : "02h26",
    "srvDuration" : "00h01"
  }, {
    "id" : 61,
    "category" : 0,
    "load" : 2,
    "start" : 24,
    "destination" : 4,
    "end" : 24,
    "rdvTime" : "11h03",
    "rdvDuration" : "03h00",
    "srvDuration" : "00h02"
  }, {
    "id" : 62,
    "category" : 0,
    "load" : 1,
    "start" : 25,
    "destination" : 1,
    "end" : 26,
    "rdvTime" : "09h08",
    "rdvDuration" : "00h24",
    "srvDuration" : "00h01"
  }, {
    "id" : 63,
    "category" : 0,
    "load" : 2,
    "start" : 27,
    "destination" : 0,
    "end" : 27,
    "rdvTime" : "14h54",
    "rdvDuration" : "02h09",
    "srvDuration" : "00h01"
  }, {
    "id" : 64,
    "category" : 0,
    "load" : 1,
    "start" : 28,
    "destination" : 5,
    "end" : 28,
    "rdvTime" : "11h37",
    "rdvDuration" : "00h34",
    "srvDuration" : "00h02"
  }, {
    "id" : 65,
    "category" : 0,
    "load" : 2,
    "start" : 29,
    "destination" : 3,
    "end" : 29,
    "rdvTime" : "14h29",
    "rdvDuration" : "01h17",
    "srvDuration" : "00h01"
  }, {
    "id" : 66,
    "category" : 0,
    "load" : 1,
    "start" : 30,
    "destination" : 5,
    "end" : 30,
    "rdvTime" : "14h16",
    "rdvDuration" : "00h51",
    "srvDuration" : "00h01"
  }, {
    "id" : 67,
    "category" : 0,
    "load" : 1,
    "start" : 31,
    "destination" : 3,
    "end" : 31,
    "rdvTime" : "12h48",
    "rdvDuration" : "02h15",
    "srvDuration" : "00h01"
  }, {
    "id" : 68,
    "category" : 0,
    "load" : 2,
    "start" : 32,
    "destination" : 7,
    "end" : 32,
    "rdvTime" : "08h51",
    "rdvDuration" : "01h07",
    "srvDuration" : "00h01"
  }, {
    "id" : 69,
    "category" : 0,
    "load" : 1,
    "start" : 33,
    "destination" : 7,
    "end" : 33,
    "rdvTime" : "11h58",
    "rdvDuration" : "02h16",
    "srvDuration" : "00h01"
  }, {
    "id" : 70,
    "category" : 0,
    "load" : 1,
    "start" : 34,
    "destination" : 2,
    "end" : 34,
    "rdvTime" : "13h51",
    "rdvDuration" : "02h39",
    "srvDuration" : "00h02"
  }, {
    "id" : 71,
    "category" : 0,
    "load" : 1,
    "start" : 35,
    "destination" : 6,
    "end" : 35,
    "rdvTime" : "14h31",
    "rdvDuration" : "02h35",
    "srvDuration" : "00h01"
  }, {
    "id" : 72,
    "category" : 0,
    "load" : 1,
    "start" : 36,
    "destination" : 2,
    "end" : -1,
    "rdvTime" : "09h40",
    "rdvDuration" : "01h00",
    "srvDuration" : "00h02"
  }, {
    "id" : 73,
    "category" : 0,
    "load" : 2,
    "start" : -1,
    "destination" : 1,
    "end" : 37,
    "rdvTime" : "09h39",
    "rdvDuration" : "02h39",
    "srvDuration" : "00h02"
  }, {
    "id" : 74,
    "category" : 0,
    "load" : 2,
    "start" : 38,
    "destination" : 0,
    "end" : 38,
    "rdvTime" : "10h55",
    "rdvDuration" : "02h41",
    "srvDuration" : "00h01"
  }, {
    "id" : 75,
    "category" : 0,
    "load" : 1,
    "start" : 39,
    "destination" : 0,
    "end" : 39,
    "rdvTime" : "12h27",
    "rdvDuration" : "02h25",
    "srvDuration" : "00h01"
  }, {
    "id" : 76,
    "category" : 0,
    "load" : 2,
    "start" : 40,
    "destination" : 5,
    "end" : -1,
    "rdvTime" : "15h38",
    "rdvDuration" : "00h55",
    "srvDuration" : "00h01"
  }, {
    "id" : 77,
    "category" : 0,
    "load" : 1,
    "start" : 41,
    "destination" : 2,
    "end" : 41,
    "rdvTime" : "15h35",
    "rdvDuration" : "01h42",
    "srvDuration" : "00h01"
  } ],
  "distMatrix" : [ [ 0, 12, 15, 5, 13, 10, 19, 18, 15, 12, 13, 18, 7, 11, 6, 11, 8, 12, 11, 7, 8, 18, 8, 21, 13, 11, 10, 9, 11, 14, 7, 8, 14, 3, 13, 6, 14, 8, 10, 3, 7, 17 ], [ 12, 0, 20, 8, 17, 16, 20, 17, 23, 20, 8, 18, 19, 20, 17, 4, 11, 2, 20, 6, 7, 8, 17, 17, 15, 9, 10, 16, 1, 2, 17, 12, 21, 14, 5, 10, 12, 7, 14, 9, 9, 15 ], [ 15, 20, 0, 18, 3, 5, 7, 9, 5, 5, 14, 8, 14, 6, 12, 21, 9, 19, 6, 20, 21, 20, 8, 13, 5, 11, 11, 6, 19, 22, 10, 8, 3, 13, 17, 11, 10, 13, 6, 15, 11, 10 ], [ 5, 8, 18, 0, 16, 13, 21, 19, 19, 16, 12, 19, 11, 15, 10, 6, 10, 9, 16, 3, 4, 15, 12, 21, 15, 11, 11, 12, 8, 10, 12, 10, 18, 7, 11, 7, 14, 7, 12, 3, 8, 18 ], [ 13, 17, 3, 16, 0, 3, 6, 7, 7, 7, 11, 6, 14, 7, 12, 19, 7, 16, 7, 17, 19, 17, 8, 11, 2, 9, 8, 5, 16, 19, 9, 6, 5, 12, 14, 9, 7, 10, 4, 13, 9, 7 ], [ 10, 16, 5, 13, 3, 0, 9, 9, 7, 5, 11, 9, 11, 5, 9, 17, 5, 15, 6, 15, 16, 17, 5, 13, 3, 8, 7, 2, 14, 18, 7, 3, 5, 9, 13, 7, 7, 8, 2, 11, 7, 9 ], [ 19, 20, 7, 21, 6, 9, 0, 3, 12, 12, 12, 2, 20, 13, 18, 22, 11, 19, 13, 22, 23, 17, 14, 7, 6, 11, 11, 11, 19, 21, 15, 11, 10, 18, 15, 14, 8, 14, 9, 18, 13, 5 ], [ 18, 17, 9, 19, 7, 9, 3, 0, 14, 13, 9, 1, 20, 14, 18, 19, 10, 16, 14, 19, 21, 14, 14, 5, 6, 8, 8, 11, 16, 18, 16, 10, 11, 17, 12, 12, 5, 11, 8, 16, 11, 2 ], [ 15, 23, 5, 19, 7, 7, 12, 14, 0, 3, 18, 13, 12, 4, 11, 24, 12, 22, 4, 21, 23, 24, 7, 18, 10, 15, 14, 7, 22, 25, 8, 11, 3, 13, 20, 13, 14, 16, 9, 17, 14, 15 ], [ 12, 20, 5, 16, 7, 5, 12, 13, 3, 0, 17, 13, 9, 1, 8, 21, 10, 20, 1, 18, 20, 22, 4, 18, 8, 13, 12, 4, 19, 22, 5, 8, 3, 10, 18, 11, 13, 13, 7, 14, 11, 14 ], [ 13, 8, 14, 12, 11, 11, 12, 9, 18, 17, 0, 10, 19, 16, 16, 11, 7, 6, 17, 12, 13, 6, 15, 9, 9, 3, 4, 12, 7, 9, 15, 9, 16, 14, 3, 8, 5, 6, 9, 11, 7, 7 ], [ 18, 18, 8, 19, 6, 9, 2, 1, 13, 13, 10, 0, 20, 13, 18, 20, 10, 16, 14, 20, 21, 15, 14, 5, 5, 9, 9, 11, 16, 19, 15, 10, 11, 17, 13, 12, 5, 12, 8, 17, 11, 3 ], [ 7, 19, 14, 11, 14, 11, 20, 20, 12, 9, 19, 20, 0, 9, 2, 17, 12, 19, 8, 14, 15, 24, 6, 24, 14, 16, 15, 9, 18, 21, 5, 11, 12, 5, 19, 10, 17, 13, 12, 10, 12, 20 ], [ 11, 20, 6, 15, 7, 5, 13, 14, 4, 1, 16, 13, 9, 0, 7, 20, 9, 19, 1, 18, 19, 22, 3, 18, 8, 13, 12, 4, 19, 22, 5, 8, 4, 9, 18, 10, 13, 13, 7, 13, 11, 14 ], [ 6, 17, 12, 10, 12, 9, 18, 18, 11, 8, 16, 18, 2, 7, 0, 16, 9, 17, 7, 13, 14, 22, 4, 22, 12, 13, 12, 7, 16, 19, 3, 8, 11, 3, 17, 8, 15, 11, 10, 9, 10, 18 ], [ 11, 4, 21, 6, 19, 17, 22, 19, 24, 21, 11, 20, 17, 20, 16, 0, 12, 5, 20, 4, 3, 11, 17, 20, 17, 11, 12, 16, 4, 5, 17, 13, 22, 13, 9, 10, 15, 9, 15, 8, 10, 18 ], [ 8, 11, 9, 10, 7, 5, 11, 10, 12, 10, 7, 10, 12, 9, 9, 12, 0, 10, 10, 11, 12, 13, 7, 13, 5, 4, 3, 5, 10, 13, 8, 1, 10, 8, 9, 3, 6, 4, 3, 7, 2, 9 ], [ 12, 2, 19, 9, 16, 15, 19, 16, 22, 20, 6, 16, 19, 19, 17, 5, 10, 0, 20, 7, 8, 6, 17, 16, 14, 8, 9, 15, 1, 3, 17, 12, 20, 14, 4, 9, 11, 7, 13, 9, 9, 14 ], [ 11, 20, 6, 16, 7, 6, 13, 14, 4, 1, 17, 14, 8, 1, 7, 20, 10, 20, 0, 18, 19, 23, 3, 19, 9, 13, 12, 4, 19, 22, 4, 8, 4, 9, 18, 10, 13, 13, 8, 13, 11, 15 ], [ 7, 6, 20, 3, 17, 15, 22, 19, 21, 18, 12, 20, 14, 18, 13, 4, 11, 7, 18, 0, 1, 14, 15, 21, 16, 11, 11, 14, 6, 8, 14, 12, 20, 10, 10, 9, 15, 8, 14, 5, 9, 18 ], [ 8, 7, 21, 4, 19, 16, 23, 21, 23, 20, 13, 21, 15, 19, 14, 3, 12, 8, 19, 1, 0, 14, 16, 22, 17, 12, 12, 16, 7, 8, 15, 13, 21, 11, 11, 10, 16, 9, 15, 6, 10, 19 ], [ 18, 8, 20, 15, 17, 17, 17, 14, 24, 22, 6, 15, 24, 22, 22, 11, 13, 6, 23, 14, 14, 0, 20, 12, 15, 9, 10, 18, 8, 6, 21, 14, 22, 19, 4, 13, 11, 10, 15, 15, 12, 12 ], [ 8, 17, 8, 12, 8, 5, 14, 14, 7, 4, 15, 14, 6, 3, 4, 17, 7, 17, 3, 15, 16, 20, 0, 18, 9, 11, 10, 3, 16, 19, 1, 6, 7, 6, 16, 7, 12, 10, 6, 10, 9, 14 ], [ 21, 17, 13, 21, 11, 13, 7, 5, 18, 18, 9, 5, 24, 18, 22, 20, 13, 16, 19, 21, 22, 12, 18, 0, 10, 10, 11, 16, 16, 17, 20, 13, 16, 21, 12, 15, 7, 13, 12, 19, 13, 4 ], [ 13, 15, 5, 15, 2, 3, 6, 6, 10, 8, 9, 5, 14, 8, 12, 17, 5, 14, 9, 16, 17, 15, 9, 10, 0, 7, 6, 6, 14, 17, 10, 5, 7, 12, 12, 8, 5, 8, 3, 12, 7, 6 ], [ 11, 9, 11, 11, 9, 8, 11, 8, 15, 13, 3, 9, 16, 13, 13, 11, 4, 8, 13, 11, 12, 9, 11, 10, 7, 0, 1, 9, 8, 10, 12, 5, 13, 11, 5, 5, 4, 3, 6, 9, 4, 7 ], [ 10, 10, 11, 11, 8, 7, 11, 8, 14, 12, 4, 9, 15, 12, 12, 12, 3, 9, 12, 11, 12, 10, 10, 11, 6, 1, 0, 8, 8, 11, 11, 4, 12, 11, 6, 5, 4, 3, 5, 8, 3, 7 ], [ 9, 16, 6, 12, 5, 2, 11, 11, 7, 4, 12, 11, 9, 4, 7, 16, 5, 15, 4, 14, 16, 18, 3, 16, 6, 9, 8, 0, 15, 18, 4, 4, 6, 7, 14, 6, 9, 9, 3, 10, 7, 11 ], [ 11, 1, 19, 8, 16, 14, 19, 16, 22, 19, 7, 16, 18, 19, 16, 4, 10, 1, 19, 6, 7, 8, 16, 16, 14, 8, 8, 15, 0, 3, 16, 11, 20, 13, 5, 9, 11, 6, 13, 8, 8, 14 ], [ 14, 2, 22, 10, 19, 18, 21, 18, 25, 22, 9, 19, 21, 22, 19, 5, 13, 3, 22, 8, 8, 6, 19, 17, 17, 10, 11, 18, 3, 0, 19, 14, 23, 16, 6, 12, 13, 9, 16, 11, 11, 16 ], [ 7, 17, 10, 12, 9, 7, 15, 16, 8, 5, 15, 15, 5, 5, 3, 17, 8, 17, 4, 14, 15, 21, 1, 20, 10, 12, 11, 4, 16, 19, 0, 7, 8, 5, 16, 8, 13, 11, 8, 9, 9, 16 ], [ 8, 12, 8, 10, 6, 3, 11, 10, 11, 8, 9, 10, 11, 8, 8, 13, 1, 12, 8, 12, 13, 14, 6, 13, 5, 5, 4, 4, 11, 14, 7, 0, 8, 8, 10, 3, 6, 5, 2, 8, 3, 9 ], [ 14, 21, 3, 18, 5, 5, 10, 11, 3, 3, 16, 11, 12, 4, 11, 22, 10, 20, 4, 20, 21, 22, 7, 16, 7, 13, 12, 6, 20, 23, 8, 8, 0, 12, 18, 11, 12, 13, 7, 15, 12, 12 ], [ 3, 14, 13, 7, 12, 9, 18, 17, 13, 10, 14, 17, 5, 9, 3, 13, 8, 14, 9, 10, 11, 19, 6, 21, 12, 11, 11, 7, 13, 16, 5, 8, 12, 0, 15, 6, 14, 9, 9, 6, 8, 17 ], [ 13, 5, 17, 11, 14, 13, 15, 12, 20, 18, 3, 13, 19, 18, 17, 9, 9, 4, 18, 10, 11, 4, 16, 12, 12, 5, 6, 14, 5, 6, 16, 10, 18, 15, 0, 9, 8, 6, 11, 10, 7, 10 ], [ 6, 10, 11, 7, 9, 7, 14, 12, 13, 11, 8, 12, 10, 10, 8, 10, 3, 9, 10, 9, 10, 13, 7, 15, 8, 5, 5, 6, 9, 12, 8, 3, 11, 6, 9, 0, 8, 3, 5, 5, 2, 11 ], [ 14, 12, 10, 14, 7, 7, 8, 5, 14, 13, 5, 5, 17, 13, 15, 15, 6, 11, 13, 15, 16, 11, 12, 7, 5, 4, 4, 9, 11, 13, 13, 6, 12, 14, 8, 8, 0, 7, 6, 12, 6, 3 ], [ 8, 7, 13, 7, 10, 8, 14, 11, 16, 13, 6, 12, 13, 13, 11, 9, 4, 7, 13, 8, 9, 10, 10, 13, 8, 3, 3, 9, 6, 9, 11, 5, 13, 9, 6, 3, 7, 0, 7, 6, 2, 10 ], [ 10, 14, 6, 12, 4, 2, 9, 8, 9, 7, 9, 8, 12, 7, 10, 15, 3, 13, 8, 14, 15, 15, 6, 12, 3, 6, 5, 3, 13, 16, 8, 2, 7, 9, 11, 5, 6, 7, 0, 10, 5, 8 ], [ 3, 9, 15, 3, 13, 11, 18, 16, 17, 14, 11, 17, 10, 13, 9, 8, 7, 9, 13, 5, 6, 15, 10, 19, 12, 9, 8, 10, 8, 11, 9, 8, 15, 6, 10, 5, 12, 6, 10, 0, 6, 15 ], [ 7, 9, 11, 8, 9, 7, 13, 11, 14, 11, 7, 11, 12, 11, 10, 10, 2, 9, 11, 9, 10, 12, 9, 13, 7, 4, 3, 7, 8, 11, 9, 3, 12, 8, 7, 2, 6, 2, 5, 6, 0, 10 ], [ 17, 15, 10, 18, 7, 9, 5, 2, 15, 14, 7, 3, 20, 14, 18, 18, 9, 14, 15, 18, 19, 12, 14, 4, 6, 7, 7, 11, 14, 16, 16, 9, 12, 17, 10, 11, 3, 10, 8, 15, 10, 0 ] ]
}