{
  "version" : "0.3",
  "id" : 1710801683,
  "name" : "PTP-RAND-3_24_9_96",
  "coordType" : "Eucl",
  "sameVehicleBackward" : false,
  "maxWaitTime" : "00h30",
  "places" : [ {
    "id" : 0,
    "lat" : 1.3814472792600292,
    "long" : 11.722940589170346,
    "category" : 0
  }, {
    "id" : 1,
    "lat" : -8.017665584712752,
    "long" : 6.141732007840493,
    "category" : 0
  }, {
    "id" : 2,
    "lat" : -0.9256297942731226,
    "long" : -2.8328207125886395,
    "category" : 0
  }, {
    "id" : 3,
    "lat" : -4.2372498146047715,
    "long" : -2.123622477467189,
    "category" : 0
  }, {
    "id" : 4,
    "lat" : -7.606244202003215,
    "long" : 2.498323638255764,
    "category" : 0
  }, {
    "id" : 5,
    "lat" : -3.551100649452724,
    "long" : -8.490455801854107,
    "category" : 0
  }, {
    "id" : 6,
    "lat" : -4.895439034286719,
    "long" : -5.617213000910208,
    "category" : 0
  }, {
    "id" : 7,
    "lat" : 0.2406486222605256,
    "long" : -4.224959074299018,
    "category" : 0
  }, {
    "id" : 8,
    "lat" : 8.256380420353228,
    "long" : 4.657932896353365,
    "category" : 0
  }, {
    "id" : 9,
    "lat" : 3.875641883622652,
    "long" : 11.532653115091254,
    "category" : 0
  }, {
    "id" : 10,
    "lat" : -2.177741228371355,
    "long" : 6.0431650077932035,
    "category" : 0
  }, {
    "id" : 11,
    "lat" : -7.6031095909675015,
    "long" : -2.9079544694738657,
    "category" : 0
  }, {
    "id" : 12,
    "lat" : 0.2628888596505902,
    "long" : -3.7800628261830727,
    "category" : 0
  }, {
    "id" : 13,
    "lat" : -8.96448965865618,
    "long" : 3.964859290772549,
    "category" : 0
  }, {
    "id" : 14,
    "lat" : -3.827308027679501,
    "long" : -6.173124315870675,
    "category" : 0
  }, {
    "id" : 15,
    "lat" : -6.513666841943293,
    "long" : 5.673407297959388,
    "category" : 0
  }, {
    "id" : 16,
    "lat" : -9.289642917809479,
    "long" : -4.860672446903012,
    "category" : 0
  }, {
    "id" : 17,
    "lat" : 3.6685344711519208,
    "long" : -7.4300718237627255,
    "category" : 0
  }, {
    "id" : 18,
    "lat" : -11.584483284871316,
    "long" : -1.3358488823638448,
    "category" : 0
  }, {
    "id" : 19,
    "lat" : 12.381824507315821,
    "long" : -1.9763417509881784,
    "category" : 0
  }, {
    "id" : 20,
    "lat" : -4.726647755601637,
    "long" : 5.518474900297097,
    "category" : 0
  }, {
    "id" : 21,
    "lat" : -7.53006465741191,
    "long" : 2.4479821733031026,
    "category" : 0
  }, {
    "id" : 22,
    "lat" : -1.1370443768174032,
    "long" : 7.2130704763767515,
    "category" : 0
  }, {
    "id" : 23,
    "lat" : -1.6762940858347504,
    "long" : 1.6270039612100915,
    "category" : 0
  }, {
    "id" : 24,
    "lat" : -0.46240369669258113,
    "long" : 5.235289435662519,
    "category" : 1
  }, {
    "id" : 25,
    "lat" : 0.24157785835062287,
    "long" : -0.6792477360287601,
    "category" : 2
  }, {
    "id" : 26,
    "lat" : 6.020063387292701,
    "long" : -8.48023982486352,
    "category" : 2
  }, {
    "id" : 27,
    "lat" : 10.098941124733749,
    "long" : 5.458520642324478,
    "category" : 2
  }, {
    "id" : 28,
    "lat" : -0.09542958002739277,
    "long" : -12.30929914265252,
    "category" : 2
  }, {
    "id" : 29,
    "lat" : 1.6570473530263643,
    "long" : -8.612552236803463,
    "category" : 2
  }, {
    "id" : 30,
    "lat" : 3.852540712508985,
    "long" : 7.543330632156467,
    "category" : 2
  }, {
    "id" : 31,
    "lat" : -4.184466788773154,
    "long" : -3.07233702081018,
    "category" : 2
  }, {
    "id" : 32,
    "lat" : -2.403861897337471,
    "long" : -11.798947306557679,
    "category" : 2
  }, {
    "id" : 33,
    "lat" : 6.579540362114418,
    "long" : -11.071199014278584,
    "category" : 2
  }, {
    "id" : 34,
    "lat" : 9.544180465206534,
    "long" : -0.18813443145060996,
    "category" : 2
  }, {
    "id" : 35,
    "lat" : -3.666894225488928,
    "long" : 6.728575263423184,
    "category" : 2
  }, {
    "id" : 36,
    "lat" : -11.05934711645289,
    "long" : -3.9505957356046006,
    "category" : 2
  }, {
    "id" : 37,
    "lat" : 11.636003975385952,
    "long" : 2.022722415791284,
    "category" : 2
  }, {
    "id" : 38,
    "lat" : 2.8858166715847866,
    "long" : 5.226371250005606,
    "category" : 2
  }, {
    "id" : 39,
    "lat" : 4.990740365340045,
    "long" : -0.04308821073299129,
    "category" : 2
  }, {
    "id" : 40,
    "lat" : -2.5097302749569814,
    "long" : 4.03167537009105,
    "category" : 2
  }, {
    "id" : 41,
    "lat" : -0.9416307495451254,
    "long" : 11.801033256408294,
    "category" : 2
  }, {
    "id" : 42,
    "lat" : -7.921984912031887,
    "long" : 0.361274231970647,
    "category" : 2
  }, {
    "id" : 43,
    "lat" : 2.9573176040208162,
    "long" : 3.370671233447541,
    "category" : 2
  }, {
    "id" : 44,
    "lat" : 2.7540520409386797,
    "long" : 5.86606040112147,
    "category" : 2
  }, {
    "id" : 45,
    "lat" : -4.240602593776293,
    "long" : -5.576375835928079,
    "category" : 2
  }, {
    "id" : 46,
    "lat" : 5.971411646903243,
    "long" : 6.300232510168858,
    "category" : 2
  }, {
    "id" : 47,
    "lat" : 0.7245548531457672,
    "long" : -9.270430282234981,
    "category" : 2
  }, {
    "id" : 48,
    "lat" : -2.274038254413618,
    "long" : 7.087346499410269,
    "category" : 2
  }, {
    "id" : 49,
    "lat" : 10.621916898872007,
    "long" : 6.676296567821671,
    "category" : 2
  }, {
    "id" : 50,
    "lat" : 2.046840531535889,
    "long" : 8.18867756138619,
    "category" : 2
  }, {
    "id" : 51,
    "lat" : -4.888954650382336,
    "long" : -2.8536655033205416,
    "category" : 2
  }, {
    "id" : 52,
    "lat" : 4.37364589065149,
    "long" : 2.7917089201985648,
    "category" : 2
  }, {
    "id" : 53,
    "lat" : -1.4875768296536067,
    "long" : 4.797728363917958,
    "category" : 2
  }, {
    "id" : 54,
    "lat" : 12.276597757256013,
    "long" : 3.8089525934605755,
    "category" : 2
  }, {
    "id" : 55,
    "lat" : 1.668916381022491,
    "long" : -1.3192185617063212,
    "category" : 2
  }, {
    "id" : 56,
    "lat" : -2.8798217864115117,
    "long" : -7.6641846241807094,
    "category" : 2
  }, {
    "id" : 57,
    "lat" : -5.039546223285378,
    "long" : -3.782063919764179,
    "category" : 2
  }, {
    "id" : 58,
    "lat" : -3.869208922959413,
    "long" : 9.411556928590723,
    "category" : 2
  }, {
    "id" : 59,
    "lat" : -1.1760771378125359,
    "long" : 12.83937909755364,
    "category" : 2
  }, {
    "id" : 60,
    "lat" : 0.2122718429367903,
    "long" : 6.8430322668885895,
    "category" : 2
  }, {
    "id" : 61,
    "lat" : 3.985371009824762,
    "long" : -8.922704885778217,
    "category" : 2
  }, {
    "id" : 62,
    "lat" : 4.972688729047086,
    "long" : -4.862169907347066,
    "category" : 2
  }, {
    "id" : 63,
    "lat" : 7.795341001026477,
    "long" : 2.224154741842999,
    "category" : 2
  }, {
    "id" : 64,
    "lat" : -6.296165542414913,
    "long" : 9.490857121905186,
    "category" : 2
  }, {
    "id" : 65,
    "lat" : -8.357306199721567,
    "long" : 9.754869203612756,
    "category" : 2
  }, {
    "id" : 66,
    "lat" : 11.88621378407135,
    "long" : 2.504418166529464,
    "category" : 2
  }, {
    "id" : 67,
    "lat" : 9.299558994303151,
    "long" : 6.218759599490482,
    "category" : 2
  }, {
    "id" : 68,
    "lat" : 6.122517736922463,
    "long" : -1.8696859306966482,
    "category" : 2
  }, {
    "id" : 69,
    "lat" : -4.530114350454704,
    "long" : -1.45057435093227,
    "category" : 2
  }, {
    "id" : 70,
    "lat" : -8.11024108676521,
    "long" : 6.299302587224477,
    "category" : 2
  }, {
    "id" : 71,
    "lat" : 3.565678973569357,
    "long" : -0.4070971276277973,
    "category" : 2
  }, {
    "id" : 72,
    "lat" : 6.372723366629244,
    "long" : 3.923138054145598,
    "category" : 2
  }, {
    "id" : 73,
    "lat" : 2.620712724153137,
    "long" : 8.657299066464798,
    "category" : 2
  }, {
    "id" : 74,
    "lat" : 3.430753516927363,
    "long" : -9.77319868987229,
    "category" : 2
  }, {
    "id" : 75,
    "lat" : -6.966932081853378,
    "long" : -0.382245013443037,
    "category" : 2
  }, {
    "id" : 76,
    "lat" : 11.836102849196106,
    "long" : 0.8108333918069516,
    "category" : 2
  }, {
    "id" : 77,
    "lat" : -2.05819919122526,
    "long" : -0.39088328404649314,
    "category" : 2
  }, {
    "id" : 78,
    "lat" : 7.505694129031533,
    "long" : -0.25739344564813155,
    "category" : 2
  }, {
    "id" : 79,
    "lat" : 10.850570786145672,
    "long" : 2.0843761100359286,
    "category" : 2
  }, {
    "id" : 80,
    "lat" : -3.948146255110621,
    "long" : -8.670108464855327,
    "category" : 2
  }, {
    "id" : 81,
    "lat" : 11.672607607774149,
    "long" : 1.4163187180394696,
    "category" : 2
  }, {
    "id" : 82,
    "lat" : 11.237264801019768,
    "long" : 3.647954712926571,
    "category" : 2
  }, {
    "id" : 83,
    "lat" : 1.470906447419207,
    "long" : -9.924774620169188,
    "category" : 2
  }, {
    "id" : 84,
    "lat" : -12.501972260502045,
    "long" : 1.4350349924190835,
    "category" : 2
  }, {
    "id" : 85,
    "lat" : 7.933080777499834,
    "long" : -4.97620985533735,
    "category" : 2
  }, {
    "id" : 86,
    "lat" : 0.7943686952217277,
    "long" : -10.323037800780186,
    "category" : 2
  }, {
    "id" : 87,
    "lat" : -2.2321973697699713,
    "long" : -10.565693154950422,
    "category" : 2
  }, {
    "id" : 88,
    "lat" : -7.0733291706871375,
    "long" : -6.733840637125674,
    "category" : 2
  }, {
    "id" : 89,
    "lat" : -3.580418394191937,
    "long" : -5.754588316785927,
    "category" : 2
  }, {
    "id" : 90,
    "lat" : -10.611038310468647,
    "long" : -7.091628724460145,
    "category" : 2
  }, {
    "id" : 91,
    "lat" : -1.914084501305804,
    "long" : 8.927415574957704,
    "category" : 2
  }, {
    "id" : 92,
    "lat" : 1.6666773467174898,
    "long" : 8.600248755815713,
    "category" : 2
  }, {
    "id" : 93,
    "lat" : -5.959767106555247,
    "long" : 9.421181309613972,
    "category" : 2
  }, {
    "id" : 94,
    "lat" : -9.385057031370284,
    "long" : 8.683714928859581,
    "category" : 2
  }, {
    "id" : 95,
    "lat" : -4.964370846626386,
    "long" : -3.5428518259316646,
    "category" : 2
  }, {
    "id" : 96,
    "lat" : -11.86197349776066,
    "long" : 3.3268490040882597,
    "category" : 2
  }, {
    "id" : 97,
    "lat" : 5.2686341629201445,
    "long" : 2.693212472102787,
    "category" : 2
  }, {
    "id" : 98,
    "lat" : -7.008087793975953,
    "long" : 2.623406113260485,
    "category" : 2
  }, {
    "id" : 99,
    "lat" : 7.508892873176382,
    "long" : -9.330693562220583,
    "category" : 2
  }, {
    "id" : 100,
    "lat" : 8.556755979481048,
    "long" : -9.099528237372375,
    "category" : 2
  }, {
    "id" : 101,
    "lat" : 9.342036624580391,
    "long" : 3.3356543257719555,
    "category" : 2
  }, {
    "id" : 102,
    "lat" : 6.268148290029916,
    "long" : -1.919856564656667,
    "category" : 2
  }, {
    "id" : 103,
    "lat" : -0.9116283022345036,
    "long" : 2.8442845959174967,
    "category" : 2
  }, {
    "id" : 104,
    "lat" : 6.757712691783423,
    "long" : -0.7201011062108733,
    "category" : 2
  }, {
    "id" : 105,
    "lat" : -3.228908651994299,
    "long" : 1.2759376814911791,
    "category" : 2
  }, {
    "id" : 106,
    "lat" : 1.5152463056001317,
    "long" : -5.079916610001729,
    "category" : 2
  }, {
    "id" : 107,
    "lat" : 0.5753160937099787,
    "long" : 5.37503519721012,
    "category" : 2
  }, {
    "id" : 108,
    "lat" : -3.5033304801254377,
    "long" : -1.5987356089134004,
    "category" : 2
  }, {
    "id" : 109,
    "lat" : 8.937486591271117,
    "long" : -5.67980695857412,
    "category" : 2
  }, {
    "id" : 110,
    "lat" : 8.170891929418074,
    "long" : -0.3740428400244821,
    "category" : 2
  }, {
    "id" : 111,
    "lat" : -7.280349140031583,
    "long" : 0.41312744795885487,
    "category" : 2
  }, {
    "id" : 112,
    "lat" : 8.348533135558782,
    "long" : 4.0285371514524355,
    "category" : 2
  }, {
    "id" : 113,
    "lat" : 4.4179179983045636,
    "long" : 0.7775654375628709,
    "category" : 2
  }, {
    "id" : 114,
    "lat" : -0.6448391923330373,
    "long" : -8.19591006799351,
    "category" : 2
  }, {
    "id" : 115,
    "lat" : -4.594521496838735,
    "long" : -3.4038251691908488,
    "category" : 2
  }, {
    "id" : 116,
    "lat" : -4.125348207253918,
    "long" : 6.137536914742848,
    "category" : 2
  }, {
    "id" : 117,
    "lat" : -4.954798708566281,
    "long" : -1.8773393599204968,
    "category" : 2
  }, {
    "id" : 118,
    "lat" : 4.770876169797808,
    "long" : -6.405899079420839,
    "category" : 2
  }, {
    "id" : 119,
    "lat" : -4.079964670506556,
    "long" : -12.067990582645011,
    "category" : 2
  }, {
    "id" : 120,
    "lat" : 7.19498356264111,
    "long" : -7.388303449119436,
    "category" : 2
  }, {
    "id" : 121,
    "lat" : -0.4633247078293675,
    "long" : 0.30079251727396356,
    "category" : 2
  }, {
    "id" : 122,
    "lat" : 2.680042665650877,
    "long" : 4.011550795367504,
    "category" : 2
  }, {
    "id" : 123,
    "lat" : -9.721012743926652,
    "long" : -2.1726369192470094,
    "category" : 2
  }, {
    "id" : 124,
    "lat" : -5.1310180546000765,
    "long" : -5.6571311015331265,
    "category" : 2
  }, {
    "id" : 125,
    "lat" : -4.8530388193545875,
    "long" : 9.608202316811095,
    "category" : 2
  } ],
  "vehicles" : [ {
    "id" : 126,
    "canTake" : [ 0 ],
    "start" : 24,
    "end" : 24,
    "capacity" : 6,
    "availability" : [ "07h00:20h00" ]
  }, {
    "id" : 127,
    "canTake" : [ 0 ],
    "start" : 24,
    "end" : 24,
    "capacity" : 6,
    "availability" : [ "07h00:20h00" ]
  }, {
    "id" : 128,
    "canTake" : [ 0 ],
    "start" : 24,
    "end" : 24,
    "capacity" : 6,
    "availability" : [ "07h00:20h00" ]
  }, {
    "id" : 129,
    "canTake" : [ 0 ],
    "start" : 24,
    "end" : 24,
    "capacity" : 6,
    "availability" : [ "07h00:20h00" ]
  }, {
    "id" : 130,
    "canTake" : [ 0 ],
    "start" : 24,
    "end" : 24,
    "capacity" : 6,
    "availability" : [ "07h00:20h00" ]
  }, {
    "id" : 131,
    "canTake" : [ 0 ],
    "start" : 24,
    "end" : 24,
    "capacity" : 6,
    "availability" : [ "07h00:20h00" ]
  }, {
    "id" : 132,
    "canTake" : [ 0 ],
    "start" : 24,
    "end" : 24,
    "capacity" : 6,
    "availability" : [ "07h00:20h00" ]
  }, {
    "id" : 133,
    "canTake" : [ 0 ],
    "start" : 24,
    "end" : 24,
    "capacity" : 6,
    "availability" : [ "07h00:20h00" ]
  }, {
    "id" : 134,
    "canTake" : [ 0 ],
    "start" : 24,
    "end" : 24,
    "capacity" : 6,
    "availability" : [ "07h00:20h00" ]
  } ],
  "patients" : [ {
    "id" : 135,
    "category" : 0,
    "load" : 1,
    "start" : 25,
    "destination" : 0,
    "end" : 25,
    "rdvTime" : "13h40",
    "rdvDuration" : "02h43",
    "srvDuration" : "00h01"
  }, {
    "id" : 136,
    "category" : 0,
    "load" : 1,
    "start" : 26,
    "destination" : 1,
    "end" : 26,
    "rdvTime" : "12h32",
    "rdvDuration" : "02h33",
    "srvDuration" : "00h02"
  }, {
    "id" : 137,
    "category" : 0,
    "load" : 2,
    "start" : 27,
    "destination" : 2,
    "end" : 27,
    "rdvTime" : "08h30",
    "rdvDuration" : "00h48",
    "srvDuration" : "00h02"
  }, {
    "id" : 138,
    "category" : 0,
    "load" : 1,
    "start" : 28,
    "destination" : 3,
    "end" : 28,
    "rdvTime" : "08h16",
    "rdvDuration" : "02h30",
    "srvDuration" : "00h02"
  }, {
    "id" : 139,
    "category" : 0,
    "load" : 2,
    "start" : -1,
    "destination" : 4,
    "end" : 29,
    "rdvTime" : "13h24",
    "rdvDuration" : "02h22",
    "srvDuration" : "00h01"
  }, {
    "id" : 140,
    "category" : 0,
    "load" : 2,
    "start" : 30,
    "destination" : 5,
    "end" : -1,
    "rdvTime" : "14h58",
    "rdvDuration" : "01h55",
    "srvDuration" : "00h02"
  }, {
    "id" : 141,
    "category" : 0,
    "load" : 2,
    "start" : 31,
    "destination" : 6,
    "end" : 31,
    "rdvTime" : "10h15",
    "rdvDuration" : "02h38",
    "srvDuration" : "00h01"
  }, {
    "id" : 142,
    "category" : 0,
    "load" : 1,
    "start" : 32,
    "destination" : 7,
    "end" : 32,
    "rdvTime" : "12h25",
    "rdvDuration" : "00h58",
    "srvDuration" : "00h02"
  }, {
    "id" : 143,
    "category" : 0,
    "load" : 1,
    "start" : 33,
    "destination" : 8,
    "end" : 34,
    "rdvTime" : "13h56",
    "rdvDuration" : "00h19",
    "srvDuration" : "00h01"
  }, {
    "id" : 144,
    "category" : 0,
    "load" : 2,
    "start" : 35,
    "destination" : 9,
    "end" : 35,
    "rdvTime" : "09h29",
    "rdvDuration" : "02h49",
    "srvDuration" : "00h01"
  }, {
    "id" : 145,
    "category" : 0,
    "load" : 2,
    "start" : 36,
    "destination" : 10,
    "end" : 36,
    "rdvTime" : "15h26",
    "rdvDuration" : "02h30",
    "srvDuration" : "00h02"
  }, {
    "id" : 146,
    "category" : 0,
    "load" : 2,
    "start" : 37,
    "destination" : 11,
    "end" : 37,
    "rdvTime" : "11h11",
    "rdvDuration" : "01h45",
    "srvDuration" : "00h01"
  }, {
    "id" : 147,
    "category" : 0,
    "load" : 2,
    "start" : 38,
    "destination" : 12,
    "end" : 38,
    "rdvTime" : "11h11",
    "rdvDuration" : "02h20",
    "srvDuration" : "00h02"
  }, {
    "id" : 148,
    "category" : 0,
    "load" : 2,
    "start" : 39,
    "destination" : 13,
    "end" : 39,
    "rdvTime" : "13h58",
    "rdvDuration" : "02h29",
    "srvDuration" : "00h02"
  }, {
    "id" : 149,
    "category" : 0,
    "load" : 2,
    "start" : 40,
    "destination" : 14,
    "end" : 40,
    "rdvTime" : "11h45",
    "rdvDuration" : "01h45",
    "srvDuration" : "00h01"
  }, {
    "id" : 150,
    "category" : 0,
    "load" : 1,
    "start" : 41,
    "destination" : 15,
    "end" : 41,
    "rdvTime" : "13h18",
    "rdvDuration" : "01h28",
    "srvDuration" : "00h02"
  }, {
    "id" : 151,
    "category" : 0,
    "load" : 1,
    "start" : 42,
    "destination" : 16,
    "end" : 42,
    "rdvTime" : "13h10",
    "rdvDuration" : "01h08",
    "srvDuration" : "00h01"
  }, {
    "id" : 152,
    "category" : 0,
    "load" : 2,
    "start" : 43,
    "destination" : 17,
    "end" : 43,
    "rdvTime" : "08h21",
    "rdvDuration" : "02h17",
    "srvDuration" : "00h01"
  }, {
    "id" : 153,
    "category" : 0,
    "load" : 2,
    "start" : 44,
    "destination" : 18,
    "end" : 44,
    "rdvTime" : "08h12",
    "rdvDuration" : "01h29",
    "srvDuration" : "00h01"
  }, {
    "id" : 154,
    "category" : 0,
    "load" : 2,
    "start" : 45,
    "destination" : 19,
    "end" : 45,
    "rdvTime" : "10h01",
    "rdvDuration" : "02h43",
    "srvDuration" : "00h01"
  }, {
    "id" : 155,
    "category" : 0,
    "load" : 1,
    "start" : 46,
    "destination" : 20,
    "end" : 46,
    "rdvTime" : "10h36",
    "rdvDuration" : "01h03",
    "srvDuration" : "00h02"
  }, {
    "id" : 156,
    "category" : 0,
    "load" : 2,
    "start" : 47,
    "destination" : 21,
    "end" : 47,
    "rdvTime" : "10h40",
    "rdvDuration" : "00h22",
    "srvDuration" : "00h02"
  }, {
    "id" : 157,
    "category" : 0,
    "load" : 1,
    "start" : 48,
    "destination" : 22,
    "end" : 48,
    "rdvTime" : "08h53",
    "rdvDuration" : "02h50",
    "srvDuration" : "00h02"
  }, {
    "id" : 158,
    "category" : 0,
    "load" : 1,
    "start" : 49,
    "destination" : 23,
    "end" : 49,
    "rdvTime" : "12h31",
    "rdvDuration" : "01h09",
    "srvDuration" : "00h02"
  }, {
    "id" : 159,
    "category" : 0,
    "load" : 1,
    "start" : 50,
    "destination" : 15,
    "end" : -1,
    "rdvTime" : "15h40",
    "rdvDuration" : "01h37",
    "srvDuration" : "00h01"
  }, {
    "id" : 160,
    "category" : 0,
    "load" : 1,
    "start" : 51,
    "destination" : 12,
    "end" : 51,
    "rdvTime" : "08h45",
    "rdvDuration" : "02h08",
    "srvDuration" : "00h01"
  }, {
    "id" : 161,
    "category" : 0,
    "load" : 2,
    "start" : 52,
    "destination" : 11,
    "end" : 52,
    "rdvTime" : "13h04",
    "rdvDuration" : "02h26",
    "srvDuration" : "00h01"
  }, {
    "id" : 162,
    "category" : 0,
    "load" : 1,
    "start" : 53,
    "destination" : 22,
    "end" : 53,
    "rdvTime" : "11h15",
    "rdvDuration" : "00h49",
    "srvDuration" : "00h02"
  }, {
    "id" : 163,
    "category" : 0,
    "load" : 2,
    "start" : 54,
    "destination" : 9,
    "end" : 54,
    "rdvTime" : "15h12",
    "rdvDuration" : "01h36",
    "srvDuration" : "00h01"
  }, {
    "id" : 164,
    "category" : 0,
    "load" : 2,
    "start" : 55,
    "destination" : 11,
    "end" : 55,
    "rdvTime" : "15h41",
    "rdvDuration" : "02h02",
    "srvDuration" : "00h02"
  }, {
    "id" : 165,
    "category" : 0,
    "load" : 2,
    "start" : 56,
    "destination" : 13,
    "end" : -1,
    "rdvTime" : "10h31",
    "rdvDuration" : "00h50",
    "srvDuration" : "00h02"
  }, {
    "id" : 166,
    "category" : 0,
    "load" : 1,
    "start" : 57,
    "destination" : 4,
    "end" : 57,
    "rdvTime" : "12h44",
    "rdvDuration" : "01h00",
    "srvDuration" : "00h02"
  }, {
    "id" : 167,
    "category" : 0,
    "load" : 2,
    "start" : 58,
    "destination" : 5,
    "end" : 58,
    "rdvTime" : "14h11",
    "rdvDuration" : "02h25",
    "srvDuration" : "00h02"
  }, {
    "id" : 168,
    "category" : 0,
    "load" : 1,
    "start" : 59,
    "destination" : 8,
    "end" : 59,
    "rdvTime" : "12h42",
    "rdvDuration" : "00h55",
    "srvDuration" : "00h01"
  }, {
    "id" : 169,
    "category" : 0,
    "load" : 2,
    "start" : 60,
    "destination" : 12,
    "end" : 60,
    "rdvTime" : "10h04",
    "rdvDuration" : "00h16",
    "srvDuration" : "00h01"
  }, {
    "id" : 170,
    "category" : 0,
    "load" : 2,
    "start" : 61,
    "destination" : 13,
    "end" : 61,
    "rdvTime" : "14h36",
    "rdvDuration" : "00h27",
    "srvDuration" : "00h01"
  }, {
    "id" : 171,
    "category" : 0,
    "load" : 2,
    "start" : 62,
    "destination" : 9,
    "end" : -1,
    "rdvTime" : "08h57",
    "rdvDuration" : "01h40",
    "srvDuration" : "00h02"
  }, {
    "id" : 172,
    "category" : 0,
    "load" : 2,
    "start" : 63,
    "destination" : 17,
    "end" : -1,
    "rdvTime" : "08h02",
    "rdvDuration" : "00h18",
    "srvDuration" : "00h01"
  }, {
    "id" : 173,
    "category" : 0,
    "load" : 2,
    "start" : 64,
    "destination" : 16,
    "end" : 64,
    "rdvTime" : "15h00",
    "rdvDuration" : "00h27",
    "srvDuration" : "00h01"
  }, {
    "id" : 174,
    "category" : 0,
    "load" : 1,
    "start" : 65,
    "destination" : 16,
    "end" : 65,
    "rdvTime" : "12h06",
    "rdvDuration" : "02h09",
    "srvDuration" : "00h01"
  }, {
    "id" : 175,
    "category" : 0,
    "load" : 2,
    "start" : 66,
    "destination" : 0,
    "end" : 66,
    "rdvTime" : "15h40",
    "rdvDuration" : "02h26",
    "srvDuration" : "00h01"
  }, {
    "id" : 176,
    "category" : 0,
    "load" : 1,
    "start" : 67,
    "destination" : 5,
    "end" : 67,
    "rdvTime" : "09h24",
    "rdvDuration" : "01h22",
    "srvDuration" : "00h01"
  }, {
    "id" : 177,
    "category" : 0,
    "load" : 2,
    "start" : 68,
    "destination" : 14,
    "end" : 69,
    "rdvTime" : "14h45",
    "rdvDuration" : "02h11",
    "srvDuration" : "00h01"
  }, {
    "id" : 178,
    "category" : 0,
    "load" : 1,
    "start" : 70,
    "destination" : 17,
    "end" : 70,
    "rdvTime" : "09h03",
    "rdvDuration" : "01h31",
    "srvDuration" : "00h01"
  }, {
    "id" : 179,
    "category" : 0,
    "load" : 2,
    "start" : 71,
    "destination" : 23,
    "end" : 71,
    "rdvTime" : "15h22",
    "rdvDuration" : "00h26",
    "srvDuration" : "00h02"
  }, {
    "id" : 180,
    "category" : 0,
    "load" : 2,
    "start" : 72,
    "destination" : 10,
    "end" : 72,
    "rdvTime" : "11h01",
    "rdvDuration" : "02h12",
    "srvDuration" : "00h02"
  }, {
    "id" : 181,
    "category" : 0,
    "load" : 1,
    "start" : 73,
    "destination" : 20,
    "end" : 73,
    "rdvTime" : "09h49",
    "rdvDuration" : "00h54",
    "srvDuration" : "00h01"
  }, {
    "id" : 182,
    "category" : 0,
    "load" : 1,
    "start" : -1,
    "destination" : 4,
    "end" : 74,
    "rdvTime" : "13h03",
    "rdvDuration" : "00h38",
    "srvDuration" : "00h01"
  }, {
    "id" : 183,
    "category" : 0,
    "load" : 1,
    "start" : 75,
    "destination" : 2,
    "end" : 75,
    "rdvTime" : "09h07",
    "rdvDuration" : "01h14",
    "srvDuration" : "00h01"
  }, {
    "id" : 184,
    "category" : 0,
    "load" : 2,
    "start" : 76,
    "destination" : 15,
    "end" : 76,
    "rdvTime" : "13h46",
    "rdvDuration" : "02h34",
    "srvDuration" : "00h01"
  }, {
    "id" : 185,
    "category" : 0,
    "load" : 2,
    "start" : 77,
    "destination" : 10,
    "end" : 77,
    "rdvTime" : "14h44",
    "rdvDuration" : "00h59",
    "srvDuration" : "00h01"
  }, {
    "id" : 186,
    "category" : 0,
    "load" : 1,
    "start" : 78,
    "destination" : 2,
    "end" : 78,
    "rdvTime" : "13h41",
    "rdvDuration" : "01h02",
    "srvDuration" : "00h01"
  }, {
    "id" : 187,
    "category" : 0,
    "load" : 1,
    "start" : 79,
    "destination" : 19,
    "end" : 79,
    "rdvTime" : "15h47",
    "rdvDuration" : "02h44",
    "srvDuration" : "00h02"
  }, {
    "id" : 188,
    "category" : 0,
    "load" : 2,
    "start" : 80,
    "destination" : 8,
    "end" : 80,
    "rdvTime" : "11h34",
    "rdvDuration" : "00h51",
    "srvDuration" : "00h02"
  }, {
    "id" : 189,
    "category" : 0,
    "load" : 1,
    "start" : 81,
    "destination" : 4,
    "end" : 82,
    "rdvTime" : "12h54",
    "rdvDuration" : "00h30",
    "srvDuration" : "00h01"
  }, {
    "id" : 190,
    "category" : 0,
    "load" : 1,
    "start" : -1,
    "destination" : 8,
    "end" : 83,
    "rdvTime" : "13h39",
    "rdvDuration" : "00h56",
    "srvDuration" : "00h01"
  }, {
    "id" : 191,
    "category" : 0,
    "load" : 1,
    "start" : 84,
    "destination" : 18,
    "end" : -1,
    "rdvTime" : "09h55",
    "rdvDuration" : "00h56",
    "srvDuration" : "00h02"
  }, {
    "id" : 192,
    "category" : 0,
    "load" : 2,
    "start" : 85,
    "destination" : 0,
    "end" : 85,
    "rdvTime" : "15h24",
    "rdvDuration" : "02h59",
    "srvDuration" : "00h01"
  }, {
    "id" : 193,
    "category" : 0,
    "load" : 2,
    "start" : 86,
    "destination" : 2,
    "end" : 86,
    "rdvTime" : "08h00",
    "rdvDuration" : "02h36",
    "srvDuration" : "00h02"
  }, {
    "id" : 194,
    "category" : 0,
    "load" : 2,
    "start" : 87,
    "destination" : 21,
    "end" : 87,
    "rdvTime" : "15h22",
    "rdvDuration" : "01h06",
    "srvDuration" : "00h01"
  }, {
    "id" : 195,
    "category" : 0,
    "load" : 1,
    "start" : 88,
    "destination" : 10,
    "end" : 88,
    "rdvTime" : "08h02",
    "rdvDuration" : "00h21",
    "srvDuration" : "00h02"
  }, {
    "id" : 196,
    "category" : 0,
    "load" : 1,
    "start" : 89,
    "destination" : 4,
    "end" : 89,
    "rdvTime" : "13h51",
    "rdvDuration" : "00h47",
    "srvDuration" : "00h01"
  }, {
    "id" : 197,
    "category" : 0,
    "load" : 2,
    "start" : 90,
    "destination" : 9,
    "end" : 90,
    "rdvTime" : "09h33",
    "rdvDuration" : "00h42",
    "srvDuration" : "00h01"
  }, {
    "id" : 198,
    "category" : 0,
    "load" : 2,
    "start" : 91,
    "destination" : 21,
    "end" : 91,
    "rdvTime" : "08h55",
    "rdvDuration" : "00h21",
    "srvDuration" : "00h01"
  }, {
    "id" : 199,
    "category" : 0,
    "load" : 1,
    "start" : 92,
    "destination" : 12,
    "end" : 93,
    "rdvTime" : "10h56",
    "rdvDuration" : "01h35",
    "srvDuration" : "00h01"
  }, {
    "id" : 200,
    "category" : 0,
    "load" : 1,
    "start" : 94,
    "destination" : 10,
    "end" : 94,
    "rdvTime" : "09h48",
    "rdvDuration" : "01h11",
    "srvDuration" : "00h01"
  }, {
    "id" : 201,
    "category" : 0,
    "load" : 1,
    "start" : 95,
    "destination" : 7,
    "end" : 95,
    "rdvTime" : "14h26",
    "rdvDuration" : "02h44",
    "srvDuration" : "00h02"
  }, {
    "id" : 202,
    "category" : 0,
    "load" : 2,
    "start" : 96,
    "destination" : 0,
    "end" : 96,
    "rdvTime" : "14h36",
    "rdvDuration" : "01h29",
    "srvDuration" : "00h01"
  }, {
    "id" : 203,
    "category" : 0,
    "load" : 1,
    "start" : -1,
    "destination" : 4,
    "end" : 97,
    "rdvTime" : "14h13",
    "rdvDuration" : "00h59",
    "srvDuration" : "00h02"
  }, {
    "id" : 204,
    "category" : 0,
    "load" : 2,
    "start" : 98,
    "destination" : 1,
    "end" : 98,
    "rdvTime" : "08h45",
    "rdvDuration" : "00h22",
    "srvDuration" : "00h02"
  }, {
    "id" : 205,
    "category" : 0,
    "load" : 2,
    "start" : 99,
    "destination" : 4,
    "end" : 99,
    "rdvTime" : "12h40",
    "rdvDuration" : "01h18",
    "srvDuration" : "00h01"
  }, {
    "id" : 206,
    "category" : 0,
    "load" : 1,
    "start" : 100,
    "destination" : 21,
    "end" : 100,
    "rdvTime" : "11h01",
    "rdvDuration" : "00h54",
    "srvDuration" : "00h02"
  }, {
    "id" : 207,
    "category" : 0,
    "load" : 1,
    "start" : 101,
    "destination" : 6,
    "end" : -1,
    "rdvTime" : "11h01",
    "rdvDuration" : "01h43",
    "srvDuration" : "00h02"
  }, {
    "id" : 208,
    "category" : 0,
    "load" : 1,
    "start" : 102,
    "destination" : 21,
    "end" : 102,
    "rdvTime" : "10h02",
    "rdvDuration" : "00h26",
    "srvDuration" : "00h02"
  }, {
    "id" : 209,
    "category" : 0,
    "load" : 2,
    "start" : 103,
    "destination" : 17,
    "end" : 103,
    "rdvTime" : "15h31",
    "rdvDuration" : "02h22",
    "srvDuration" : "00h02"
  }, {
    "id" : 210,
    "category" : 0,
    "load" : 1,
    "start" : 104,
    "destination" : 21,
    "end" : 104,
    "rdvTime" : "12h45",
    "rdvDuration" : "02h28",
    "srvDuration" : "00h01"
  }, {
    "id" : 211,
    "category" : 0,
    "load" : 2,
    "start" : 105,
    "destination" : 17,
    "end" : 105,
    "rdvTime" : "09h04",
    "rdvDuration" : "00h31",
    "srvDuration" : "00h02"
  }, {
    "id" : 212,
    "category" : 0,
    "load" : 1,
    "start" : 106,
    "destination" : 8,
    "end" : 106,
    "rdvTime" : "10h36",
    "rdvDuration" : "01h46",
    "srvDuration" : "00h02"
  }, {
    "id" : 213,
    "category" : 0,
    "load" : 2,
    "start" : 107,
    "destination" : 10,
    "end" : 107,
    "rdvTime" : "13h42",
    "rdvDuration" : "02h07",
    "srvDuration" : "00h01"
  }, {
    "id" : 214,
    "category" : 0,
    "load" : 1,
    "start" : 108,
    "destination" : 20,
    "end" : 108,
    "rdvTime" : "10h57",
    "rdvDuration" : "02h01",
    "srvDuration" : "00h01"
  }, {
    "id" : 215,
    "category" : 0,
    "load" : 2,
    "start" : 109,
    "destination" : 12,
    "end" : 109,
    "rdvTime" : "09h31",
    "rdvDuration" : "00h31",
    "srvDuration" : "00h02"
  }, {
    "id" : 216,
    "category" : 0,
    "load" : 2,
    "start" : 110,
    "destination" : 3,
    "end" : 110,
    "rdvTime" : "10h57",
    "rdvDuration" : "02h20",
    "srvDuration" : "00h01"
  }, {
    "id" : 217,
    "category" : 0,
    "load" : 2,
    "start" : 111,
    "destination" : 20,
    "end" : 111,
    "rdvTime" : "08h10",
    "rdvDuration" : "01h33",
    "srvDuration" : "00h02"
  }, {
    "id" : 218,
    "category" : 0,
    "load" : 2,
    "start" : 112,
    "destination" : 22,
    "end" : 112,
    "rdvTime" : "14h16",
    "rdvDuration" : "02h06",
    "srvDuration" : "00h01"
  }, {
    "id" : 219,
    "category" : 0,
    "load" : 2,
    "start" : 113,
    "destination" : 13,
    "end" : -1,
    "rdvTime" : "15h38",
    "rdvDuration" : "01h10",
    "srvDuration" : "00h01"
  }, {
    "id" : 220,
    "category" : 0,
    "load" : 1,
    "start" : 114,
    "destination" : 15,
    "end" : 114,
    "rdvTime" : "14h34",
    "rdvDuration" : "02h26",
    "srvDuration" : "00h01"
  }, {
    "id" : 221,
    "category" : 0,
    "load" : 1,
    "start" : 115,
    "destination" : 13,
    "end" : -1,
    "rdvTime" : "15h51",
    "rdvDuration" : "02h43",
    "srvDuration" : "00h01"
  }, {
    "id" : 222,
    "category" : 0,
    "load" : 2,
    "start" : 116,
    "destination" : 21,
    "end" : 116,
    "rdvTime" : "08h08",
    "rdvDuration" : "00h57",
    "srvDuration" : "00h01"
  }, {
    "id" : 223,
    "category" : 0,
    "load" : 1,
    "start" : -1,
    "destination" : 3,
    "end" : 117,
    "rdvTime" : "15h46",
    "rdvDuration" : "02h30",
    "srvDuration" : "00h02"
  }, {
    "id" : 224,
    "category" : 0,
    "load" : 1,
    "start" : 118,
    "destination" : 15,
    "end" : 118,
    "rdvTime" : "13h05",
    "rdvDuration" : "00h43",
    "srvDuration" : "00h02"
  }, {
    "id" : 225,
    "category" : 0,
    "load" : 2,
    "start" : 119,
    "destination" : 9,
    "end" : 119,
    "rdvTime" : "08h36",
    "rdvDuration" : "01h50",
    "srvDuration" : "00h01"
  }, {
    "id" : 226,
    "category" : 0,
    "load" : 2,
    "start" : -1,
    "destination" : 17,
    "end" : 120,
    "rdvTime" : "09h06",
    "rdvDuration" : "02h59",
    "srvDuration" : "00h02"
  }, {
    "id" : 227,
    "category" : 0,
    "load" : 1,
    "start" : 121,
    "destination" : 12,
    "end" : 121,
    "rdvTime" : "08h36",
    "rdvDuration" : "02h31",
    "srvDuration" : "00h01"
  }, {
    "id" : 228,
    "category" : 0,
    "load" : 2,
    "start" : 122,
    "destination" : 12,
    "end" : 122,
    "rdvTime" : "11h35",
    "rdvDuration" : "00h40",
    "srvDuration" : "00h01"
  }, {
    "id" : 229,
    "category" : 0,
    "load" : 1,
    "start" : -1,
    "destination" : 1,
    "end" : 123,
    "rdvTime" : "09h55",
    "rdvDuration" : "00h22",
    "srvDuration" : "00h01"
  }, {
    "id" : 230,
    "category" : 0,
    "load" : 2,
    "start" : 124,
    "destination" : 4,
    "end" : 125,
    "rdvTime" : "12h13",
    "rdvDuration" : "00h41",
    "srvDuration" : "00h01"
  } ],
  "distMatrix" : [ [ 0, 11, 15, 15, 13, 21, 18, 16, 10, 3, 7, 17, 16, 13, 19, 10, 20, 19, 18, 18, 9, 13, 5, 11, 7, 12, 21, 11, 24, 20, 5, 16, 24, 23, 14, 7, 20, 14, 7, 12, 9, 2, 15, 8, 6, 18, 7, 21, 6, 11, 4, 16, 9, 7, 13, 13, 20, 17, 6, 3, 5, 21, 17, 11, 8, 10, 14, 10, 14, 14, 11, 12, 9, 3, 22, 15, 15, 13, 13, 14, 21, 15, 13, 22, 17, 18, 22, 23, 20, 18, 22, 4, 3, 8, 11, 17, 16, 10, 12, 22, 22, 12, 14, 9, 14, 11, 17, 6, 14, 19, 14, 14, 10, 11, 20, 16, 8, 15, 18, 24, 20, 12, 8, 18, 19, 7 ], [ 11, 0, 11, 9, 4, 15, 12, 13, 16, 13, 6, 9, 13, 2, 13, 2, 11, 18, 8, 22, 3, 4, 7, 8, 8, 11, 20, 18, 20, 18, 12, 10, 19, 23, 19, 4, 11, 20, 11, 14, 6, 9, 6, 11, 11, 12, 14, 18, 6, 19, 10, 10, 13, 7, 20, 12, 15, 10, 5, 10, 8, 19, 17, 16, 4, 4, 20, 17, 16, 8, 0, 13, 15, 11, 20, 7, 21, 9, 17, 19, 15, 20, 19, 19, 7, 19, 19, 18, 13, 13, 13, 7, 10, 4, 3, 10, 5, 14, 4, 22, 23, 18, 16, 8, 16, 7, 15, 9, 9, 21, 17, 6, 17, 14, 16, 10, 4, 9, 18, 19, 20, 10, 11, 8, 12, 5 ], [ 15, 11, 0, 3, 9, 6, 5, 2, 12, 15, 9, 7, 2, 11, 4, 10, 9, 6, 11, 13, 9, 8, 10, 5, 8, 2, 9, 14, 10, 6, 11, 3, 9, 11, 11, 10, 10, 13, 9, 7, 7, 15, 8, 7, 9, 4, 11, 7, 10, 15, 11, 4, 8, 8, 15, 3, 5, 4, 13, 16, 10, 8, 6, 10, 13, 15, 14, 14, 7, 4, 12, 5, 10, 12, 8, 7, 13, 3, 9, 13, 7, 13, 14, 7, 12, 9, 8, 8, 7, 4, 11, 12, 12, 13, 14, 4, 13, 8, 8, 11, 11, 12, 7, 6, 8, 5, 3, 8, 3, 10, 9, 7, 12, 6, 5, 4, 10, 4, 7, 10, 9, 3, 8, 9, 5, 13 ], [ 15, 9, 3, 0, 6, 6, 4, 5, 14, 16, 8, 3, 5, 8, 4, 8, 6, 10, 7, 17, 8, 6, 10, 5, 8, 5, 12, 16, 11, 9, 13, 1, 10, 14, 14, 9, 7, 16, 10, 9, 6, 14, 4, 9, 11, 3, 13, 9, 9, 17, 12, 1, 10, 7, 18, 6, 6, 2, 12, 15, 10, 11, 10, 13, 12, 13, 17, 16, 10, 1, 9, 8, 12, 13, 11, 3, 16, 3, 12, 16, 7, 16, 17, 10, 9, 13, 10, 9, 5, 4, 8, 11, 12, 12, 12, 2, 9, 11, 5, 14, 15, 15, 11, 6, 11, 4, 6, 9, 1, 14, 13, 4, 14, 9, 7, 1, 8, 1, 10, 10, 13, 4, 9, 5, 4, 12 ], [ 13, 4, 9, 6, 0, 12, 9, 10, 16, 15, 6, 5, 10, 2, 9, 3, 8, 15, 6, 20, 4, 0, 8, 6, 8, 8, 17, 18, 17, 14, 13, 7, 15, 20, 17, 6, 7, 19, 11, 13, 5, 11, 2, 11, 11, 9, 14, 14, 7, 19, 11, 6, 12, 7, 20, 10, 11, 7, 8, 12, 9, 16, 15, 15, 7, 7, 19, 17, 14, 5, 4, 12, 14, 12, 17, 3, 20, 6, 15, 18, 12, 19, 19, 15, 5, 17, 15, 14, 9, 9, 10, 9, 11, 7, 6, 7, 4, 13, 1, 19, 20, 17, 15, 7, 15, 5, 12, 9, 6, 18, 16, 2, 16, 12, 13, 7, 5, 5, 15, 15, 18, 7, 10, 5, 9, 8 ], [ 21, 15, 6, 6, 12, 0, 3, 6, 18, 21, 15, 7, 6, 14, 2, 14, 7, 7, 11, 17, 14, 12, 16, 10, 14, 9, 10, 20, 5, 5, 18, 5, 4, 10, 16, 15, 9, 18, 15, 12, 13, 20, 10, 14, 16, 3, 18, 4, 16, 21, 18, 6, 14, 13, 20, 9, 1, 5, 18, 21, 16, 8, 9, 16, 18, 19, 19, 20, 12, 7, 15, 11, 16, 18, 7, 9, 18, 8, 14, 18, 0, 18, 19, 5, 13, 12, 5, 2, 4, 3, 7, 17, 18, 18, 18, 5, 14, 14, 12, 11, 12, 17, 12, 12, 13, 10, 6, 14, 7, 13, 14, 10, 17, 12, 3, 5, 15, 7, 9, 4, 11, 9, 14, 9, 3, 18 ], [ 18, 12, 5, 4, 9, 3, 0, 5, 17, 19, 12, 4, 5, 10, 1, 11, 4, 9, 8, 18, 11, 8, 13, 8, 12, 7, 11, 19, 8, 7, 16, 3, 7, 13, 15, 12, 6, 18, 13, 11, 10, 18, 7, 12, 14, 1, 16, 7, 13, 20, 15, 3, 13, 11, 20, 8, 3, 2, 15, 19, 13, 9, 10, 15, 15, 16, 19, 18, 12, 4, 12, 10, 15, 16, 9, 6, 18, 6, 14, 18, 3, 18, 19, 8, 10, 13, 7, 6, 2, 1, 6, 15, 16, 15, 15, 2, 11, 13, 9, 13, 14, 17, 12, 9, 13, 7, 6, 12, 4, 14, 14, 6, 16, 11, 5, 2, 12, 4, 10, 7, 12, 7, 12, 6, 0, 15 ], [ 16, 13, 2, 5, 10, 6, 5, 0, 12, 16, 11, 8, 0, 12, 5, 12, 10, 5, 12, 12, 11, 10, 12, 6, 9, 4, 7, 14, 8, 5, 12, 5, 8, 9, 10, 12, 11, 13, 10, 6, 9, 16, 9, 8, 10, 5, 12, 5, 12, 15, 13, 5, 8, 9, 14, 3, 5, 5, 14, 17, 11, 6, 5, 10, 15, 16, 13, 14, 6, 6, 13, 5, 10, 13, 6, 8, 13, 4, 8, 12, 6, 13, 14, 6, 14, 8, 6, 7, 8, 4, 11, 13, 13, 15, 16, 5, 14, 9, 10, 9, 10, 12, 6, 7, 7, 7, 2, 10, 5, 9, 9, 9, 12, 7, 4, 5, 11, 6, 5, 9, 8, 5, 9, 10, 6, 15 ], [ 10, 16, 12, 14, 16, 18, 17, 12, 0, 8, 11, 18, 12, 17, 16, 15, 20, 13, 21, 8, 13, 16, 10, 10, 9, 10, 13, 2, 19, 15, 5, 15, 20, 16, 5, 12, 21, 4, 5, 6, 11, 12, 17, 5, 6, 16, 3, 16, 11, 3, 7, 15, 4, 10, 4, 9, 17, 16, 13, 12, 8, 14, 10, 2, 15, 17, 4, 2, 7, 14, 16, 7, 2, 7, 15, 16, 5, 11, 5, 4, 18, 5, 3, 16, 21, 10, 17, 18, 19, 16, 22, 11, 8, 15, 18, 16, 20, 4, 15, 14, 14, 2, 7, 9, 6, 12, 12, 8, 13, 10, 5, 16, 1, 5, 16, 15, 12, 15, 12, 21, 12, 10, 6, 19, 17, 14 ], [ 3, 13, 15, 16, 15, 21, 19, 16, 8, 0, 8, 18, 16, 15, 19, 12, 21, 19, 20, 16, 10, 15, 7, 11, 8, 13, 20, 9, 24, 20, 4, 17, 24, 23, 13, 9, 22, 12, 6, 12, 10, 5, 16, 8, 6, 19, 6, 21, 8, 8, 4, 17, 9, 9, 11, 13, 20, 18, 8, 5, 6, 20, 16, 10, 10, 12, 12, 8, 14, 15, 13, 12, 8, 3, 21, 16, 13, 13, 12, 12, 22, 13, 11, 22, 19, 17, 22, 23, 21, 19, 24, 6, 4, 10, 14, 17, 18, 9, 14, 21, 21, 10, 14, 10, 13, 12, 17, 7, 15, 18, 13, 16, 9, 11, 20, 17, 10, 16, 18, 25, 19, 12, 8, 19, 19, 9 ], [ 7, 6, 9, 8, 6, 15, 12, 11, 11, 8, 0, 10, 10, 7, 12, 4, 13, 15, 12, 17, 3, 6, 2, 4, 2, 7, 17, 12, 18, 15, 6, 9, 18, 19, 13, 2, 13, 14, 5, 9, 2, 6, 8, 6, 5, 12, 8, 16, 1, 13, 5, 9, 7, 1, 15, 8, 14, 10, 4, 7, 3, 16, 13, 11, 5, 7, 15, 11, 11, 8, 6, 9, 9, 5, 17, 8, 15, 6, 12, 14, 15, 15, 14, 16, 11, 15, 17, 17, 14, 12, 16, 3, 5, 5, 8, 10, 10, 8, 6, 18, 19, 12, 12, 3, 11, 5, 12, 3, 8, 16, 12, 8, 11, 8, 14, 10, 2, 8, 14, 18, 16, 6, 5, 11, 12, 4 ], [ 17, 9, 7, 3, 5, 7, 4, 8, 18, 18, 10, 0, 8, 7, 5, 9, 3, 12, 4, 20, 9, 5, 12, 7, 11, 8, 15, 20, 12, 11, 16, 3, 10, 16, 17, 10, 4, 20, 13, 13, 9, 16, 3, 12, 14, 4, 16, 10, 11, 21, 15, 3, 13, 10, 21, 9, 7, 3, 13, 17, 12, 13, 13, 16, 12, 13, 20, 19, 14, 3, 9, 11, 16, 15, 13, 3, 20, 6, 15, 19, 7, 20, 20, 11, 7, 16, 11, 9, 4, 5, 5, 13, 15, 12, 12, 3, 8, 14, 6, 16, 17, 18, 14, 9, 15, 6, 9, 12, 4, 17, 16, 3, 17, 13, 9, 3, 10, 3, 13, 10, 15, 8, 12, 2, 4, 13 ], [ 16, 13, 2, 5, 10, 6, 5, 0, 12, 16, 10, 8, 0, 12, 5, 12, 10, 5, 12, 12, 11, 10, 11, 6, 9, 3, 7, 13, 9, 5, 12, 5, 8, 10, 10, 11, 11, 13, 9, 6, 8, 16, 9, 8, 10, 5, 12, 6, 11, 15, 12, 5, 8, 9, 14, 3, 5, 5, 14, 17, 11, 6, 5, 10, 15, 16, 13, 13, 6, 5, 13, 5, 10, 13, 7, 8, 12, 4, 8, 12, 6, 13, 13, 6, 14, 8, 7, 7, 8, 4, 11, 13, 12, 15, 16, 5, 14, 8, 10, 9, 10, 12, 6, 7, 7, 6, 2, 9, 4, 9, 9, 9, 11, 6, 5, 5, 11, 6, 5, 9, 8, 4, 8, 10, 6, 14 ], [ 13, 2, 11, 8, 2, 14, 10, 12, 17, 15, 7, 7, 12, 0, 11, 3, 9, 17, 6, 22, 5, 2, 8, 8, 9, 10, 19, 19, 19, 16, 13, 9, 17, 22, 19, 6, 8, 21, 12, 15, 6, 11, 4, 12, 12, 11, 15, 16, 7, 20, 12, 8, 13, 8, 21, 12, 13, 9, 7, 12, 10, 18, 16, 17, 6, 6, 21, 18, 16, 7, 2, 13, 15, 12, 19, 5, 21, 8, 17, 20, 14, 21, 20, 17, 4, 19, 17, 16, 11, 11, 11, 9, 12, 6, 5, 9, 3, 14, 2, 21, 22, 18, 16, 8, 16, 6, 14, 10, 8, 20, 18, 4, 17, 14, 15, 9, 5, 7, 17, 17, 20, 9, 12, 6, 10, 7 ], [ 19, 13, 4, 4, 9, 2, 1, 5, 16, 19, 12, 5, 5, 11, 0, 12, 6, 8, 9, 17, 12, 9, 14, 8, 12, 7, 10, 18, 7, 6, 16, 3, 6, 12, 15, 13, 8, 18, 13, 11, 10, 18, 8, 12, 14, 1, 16, 6, 13, 19, 16, 3, 12, 11, 19, 7, 2, 3, 16, 19, 14, 8, 9, 14, 16, 17, 18, 18, 11, 5, 13, 9, 14, 16, 8, 7, 17, 6, 13, 17, 2, 17, 18, 6, 12, 12, 6, 5, 3, 0, 7, 15, 16, 16, 16, 3, 12, 13, 9, 12, 13, 16, 11, 9, 12, 7, 5, 12, 5, 13, 13, 7, 16, 11, 4, 3, 12, 4, 9, 6, 11, 7, 12, 7, 1, 16 ], [ 10, 2, 10, 8, 3, 14, 11, 12, 15, 12, 4, 9, 12, 3, 12, 0, 11, 17, 9, 20, 2, 3, 6, 6, 6, 9, 19, 17, 19, 16, 11, 9, 18, 21, 17, 3, 11, 19, 9, 13, 4, 8, 5, 10, 9, 11, 13, 17, 4, 17, 9, 9, 11, 5, 19, 11, 14, 10, 5, 9, 7, 18, 16, 15, 4, 4, 19, 16, 15, 7, 2, 12, 13, 10, 18, 6, 19, 8, 15, 18, 15, 19, 18, 18, 7, 18, 18, 17, 12, 12, 13, 6, 9, 4, 4, 9, 6, 12, 3, 21, 21, 16, 15, 6, 15, 5, 13, 7, 8, 19, 16, 5, 15, 12, 15, 9, 2, 8, 17, 18, 19, 8, 9, 8, 11, 4 ], [ 20, 11, 9, 6, 8, 7, 4, 10, 20, 21, 13, 3, 10, 9, 6, 11, 0, 13, 4, 22, 11, 8, 15, 10, 13, 10, 16, 22, 12, 12, 18, 5, 10, 17, 19, 13, 2, 22, 16, 15, 11, 19, 5, 15, 16, 5, 19, 11, 14, 23, 17, 5, 16, 12, 23, 12, 7, 4, 15, 19, 15, 14, 14, 18, 15, 15, 22, 22, 16, 6, 11, 14, 18, 18, 14, 5, 22, 9, 17, 21, 7, 22, 22, 12, 7, 17, 11, 9, 3, 6, 3, 16, 17, 15, 14, 5, 9, 16, 8, 17, 18, 20, 16, 11, 17, 9, 11, 14, 7, 18, 18, 6, 20, 15, 9, 5, 12, 5, 14, 9, 17, 10, 15, 3, 4, 15 ], [ 19, 18, 6, 10, 15, 7, 9, 5, 13, 19, 15, 12, 5, 17, 8, 17, 13, 0, 16, 10, 15, 15, 15, 11, 13, 8, 3, 14, 6, 2, 15, 9, 7, 5, 9, 16, 15, 12, 13, 8, 13, 20, 14, 11, 13, 8, 14, 3, 16, 16, 16, 10, 10, 13, 14, 6, 7, 9, 18, 21, 15, 2, 3, 10, 20, 21, 13, 15, 6, 10, 18, 7, 12, 16, 2, 13, 12, 9, 8, 12, 8, 12, 13, 3, 18, 5, 4, 7, 11, 7, 14, 17, 16, 19, 21, 9, 19, 10, 15, 4, 5, 12, 6, 11, 7, 11, 3, 13, 9, 6, 8, 13, 12, 8, 4, 9, 16, 10, 2, 9, 4, 9, 11, 14, 9, 19 ], [ 18, 8, 11, 7, 6, 11, 8, 12, 21, 20, 12, 4, 12, 6, 9, 9, 4, 16, 0, 24, 10, 6, 13, 10, 13, 12, 19, 23, 16, 15, 18, 8, 14, 21, 21, 11, 3, 23, 16, 17, 11, 17, 4, 15, 16, 8, 19, 15, 13, 24, 17, 7, 16, 12, 24, 13, 11, 7, 13, 18, 14, 17, 17, 20, 12, 12, 24, 22, 18, 7, 8, 15, 19, 17, 17, 5, 24, 10, 19, 23, 11, 23, 23, 16, 3, 20, 15, 13, 7, 9, 6, 14, 17, 12, 10, 7, 5, 17, 6, 21, 22, 21, 18, 11, 18, 9, 14, 14, 8, 21, 20, 5, 21, 16, 13, 7, 11, 7, 17, 13, 20, 11, 15, 2, 8, 13 ], [ 18, 22, 13, 17, 20, 17, 18, 12, 8, 16, 17, 20, 12, 22, 17, 20, 22, 10, 24, 0, 19, 20, 16, 15, 15, 12, 9, 8, 16, 13, 13, 17, 18, 11, 3, 18, 24, 4, 12, 8, 16, 19, 20, 11, 12, 17, 10, 14, 17, 9, 14, 17, 9, 15, 6, 11, 16, 18, 20, 20, 15, 11, 8, 6, 22, 24, 5, 9, 6, 17, 22, 9, 8, 14, 12, 19, 3, 15, 5, 4, 18, 3, 6, 13, 25, 5, 14, 17, 20, 16, 24, 18, 15, 22, 24, 17, 25, 9, 20, 9, 8, 6, 6, 14, 6, 16, 11, 14, 16, 5, 5, 20, 7, 8, 14, 17, 18, 17, 9, 19, 7, 13, 11, 22, 18, 21 ], [ 9, 3, 9, 8, 4, 14, 11, 11, 13, 10, 3, 9, 11, 5, 12, 2, 11, 15, 10, 19, 0, 4, 4, 5, 4, 8, 18, 15, 18, 16, 9, 9, 17, 20, 15, 2, 11, 17, 8, 11, 3, 7, 6, 8, 7, 11, 11, 16, 3, 15, 7, 8, 10, 3, 17, 9, 13, 9, 4, 8, 5, 17, 14, 13, 4, 6, 17, 14, 13, 7, 3, 10, 11, 8, 17, 6, 17, 6, 14, 16, 14, 17, 16, 17, 9, 16, 17, 16, 12, 11, 14, 4, 7, 4, 6, 9, 7, 10, 4, 19, 20, 14, 13, 5, 13, 4, 12, 5, 7, 18, 14, 6, 13, 10, 14, 9, 1, 7, 15, 18, 18, 7, 8, 9, 11, 4 ], [ 13, 4, 8, 6, 0, 12, 8, 10, 16, 15, 6, 5, 10, 2, 9, 3, 8, 15, 6, 20, 4, 0, 8, 6, 8, 8, 17, 18, 17, 14, 12, 6, 15, 20, 17, 6, 7, 19, 11, 13, 5, 11, 2, 11, 11, 9, 14, 14, 7, 19, 11, 6, 12, 6, 20, 10, 11, 7, 8, 12, 9, 16, 14, 15, 7, 7, 19, 17, 14, 5, 4, 11, 14, 12, 16, 3, 19, 6, 15, 18, 12, 19, 19, 15, 5, 17, 15, 14, 9, 9, 10, 9, 11, 7, 7, 7, 4, 13, 1, 19, 20, 17, 14, 7, 15, 4, 12, 9, 6, 18, 16, 2, 16, 12, 13, 7, 5, 5, 15, 15, 18, 7, 10, 5, 8, 8 ], [ 5, 7, 10, 10, 8, 16, 13, 12, 10, 7, 2, 12, 11, 8, 14, 6, 15, 15, 13, 16, 4, 8, 0, 6, 2, 8, 17, 11, 20, 16, 5, 11, 19, 20, 13, 3, 15, 14, 4, 9, 3, 5, 10, 6, 4, 13, 7, 17, 1, 12, 3, 11, 7, 2, 14, 9, 15, 12, 4, 6, 1, 17, 14, 10, 6, 8, 14, 10, 12, 9, 7, 9, 8, 4, 18, 10, 14, 8, 11, 13, 16, 14, 13, 17, 13, 15, 18, 18, 15, 13, 17, 2, 3, 5, 8, 11, 11, 8, 7, 19, 19, 11, 12, 4, 11, 6, 13, 3, 9, 16, 12, 9, 10, 9, 15, 11, 3, 10, 15, 20, 17, 7, 5, 13, 13, 4 ], [ 11, 8, 5, 5, 6, 10, 8, 6, 10, 11, 4, 7, 6, 8, 8, 6, 10, 11, 10, 15, 5, 6, 6, 0, 4, 3, 13, 12, 14, 11, 8, 5, 13, 15, 11, 5, 11, 13, 6, 7, 3, 10, 6, 5, 6, 8, 9, 11, 5, 13, 8, 6, 6, 3, 14, 4, 9, 6, 8, 11, 6, 12, 9, 9, 9, 11, 14, 12, 9, 4, 8, 6, 8, 8, 12, 6, 14, 2, 9, 13, 11, 13, 13, 12, 11, 12, 12, 12, 10, 8, 12, 7, 8, 9, 10, 6, 10, 7, 5, 14, 15, 11, 9, 1, 9, 2, 7, 4, 4, 13, 10, 6, 10, 6, 10, 6, 5, 5, 10, 14, 13, 2, 5, 9, 8, 9 ], [ 7, 8, 8, 8, 8, 14, 12, 9, 9, 8, 2, 11, 9, 9, 12, 6, 13, 13, 13, 15, 4, 8, 2, 4, 0, 6, 15, 11, 18, 14, 5, 9, 17, 18, 11, 4, 14, 13, 3, 8, 2, 7, 9, 4, 3, 11, 7, 15, 3, 11, 4, 9, 5, 1, 13, 7, 13, 10, 5, 8, 2, 15, 11, 9, 7, 9, 13, 10, 10, 8, 8, 7, 7, 5, 16, 9, 13, 6, 10, 12, 14, 13, 12, 15, 13, 13, 16, 16, 14, 11, 16, 4, 4, 7, 10, 10, 12, 6, 7, 17, 17, 10, 10, 2, 9, 5, 11, 1, 7, 14, 10, 8, 9, 7, 13, 10, 4, 8, 13, 18, 15, 5, 3, 12, 12, 6 ], [ 12, 11, 2, 5, 8, 9, 7, 4, 10, 13, 7, 8, 3, 10, 7, 9, 10, 8, 12, 12, 8, 8, 8, 3, 6, 0, 10, 12, 12, 8, 9, 5, 11, 12, 9, 8, 12, 12, 6, 5, 5, 13, 8, 5, 7, 7, 9, 9, 8, 13, 9, 6, 5, 6, 13, 2, 8, 6, 11, 14, 8, 9, 6, 8, 12, 14, 12, 11, 6, 5, 11, 3, 8, 10, 10, 7, 12, 2, 7, 11, 9, 12, 12, 9, 13, 9, 10, 10, 9, 6, 13, 10, 9, 12, 13, 6, 13, 6, 8, 11, 12, 10, 6, 4, 7, 4, 5, 6, 4, 10, 8, 8, 9, 4, 8, 6, 8, 5, 7, 12, 10, 1, 5, 10, 7, 11 ], [ 21, 20, 9, 12, 17, 10, 11, 7, 13, 20, 17, 15, 7, 19, 10, 19, 16, 3, 19, 9, 18, 17, 17, 13, 15, 10, 0, 15, 7, 4, 16, 12, 9, 3, 9, 18, 18, 12, 14, 8, 15, 21, 17, 12, 15, 11, 15, 5, 18, 16, 17, 12, 11, 15, 14, 8, 9, 12, 20, 23, 16, 2, 4, 11, 22, 23, 12, 15, 7, 13, 20, 8, 12, 17, 3, 15, 11, 11, 8, 12, 10, 11, 13, 5, 21, 4, 6, 9, 13, 10, 17, 19, 18, 22, 23, 12, 21, 11, 17, 2, 3, 12, 7, 13, 8, 13, 6, 15, 12, 4, 8, 16, 13, 9, 7, 12, 18, 13, 2, 11, 2, 11, 13, 17, 12, 21 ], [ 11, 18, 14, 16, 18, 20, 19, 14, 2, 9, 12, 20, 13, 19, 18, 17, 22, 14, 23, 8, 15, 18, 11, 12, 11, 12, 15, 0, 20, 16, 7, 17, 21, 17, 6, 14, 23, 4, 7, 8, 13, 13, 19, 7, 7, 18, 4, 17, 12, 1, 9, 17, 6, 12, 3, 11, 18, 18, 15, 13, 10, 16, 12, 4, 17, 19, 3, 1, 8, 16, 18, 9, 4, 8, 17, 18, 5, 13, 6, 3, 20, 4, 2, 18, 23, 11, 18, 20, 21, 18, 24, 13, 9, 17, 20, 18, 22, 6, 17, 15, 15, 2, 8, 11, 7, 14, 14, 10, 15, 11, 6, 18, 2, 7, 17, 17, 14, 17, 13, 23, 13, 12, 8, 21, 19, 16 ], [ 24, 20, 10, 11, 17, 5, 8, 8, 19, 24, 18, 12, 9, 19, 7, 19, 12, 6, 16, 16, 18, 17, 20, 14, 18, 12, 7, 20, 0, 4, 20, 10, 2, 7, 15, 19, 14, 19, 18, 13, 17, 24, 15, 16, 18, 8, 20, 3, 20, 22, 21, 11, 16, 17, 20, 11, 5, 10, 22, 25, 19, 5, 9, 17, 23, 24, 19, 21, 12, 12, 20, 12, 17, 21, 4, 14, 18, 12, 14, 18, 5, 18, 20, 3, 19, 11, 2, 3, 9, 7, 12, 21, 21, 23, 23, 10, 20, 16, 16, 8, 9, 18, 12, 15, 13, 14, 7, 18, 11, 11, 15, 15, 18, 14, 4, 10, 19, 12, 8, 4, 9, 13, 17, 14, 8, 22 ], [ 20, 18, 6, 9, 14, 5, 7, 5, 15, 20, 15, 11, 5, 16, 6, 16, 12, 2, 15, 13, 16, 14, 16, 11, 14, 8, 4, 16, 4, 0, 16, 8, 5, 6, 12, 16, 14, 15, 14, 9, 13, 21, 13, 12, 15, 7, 16, 1, 16, 18, 17, 9, 12, 14, 16, 7, 5, 8, 19, 22, 16, 2, 5, 12, 20, 21, 15, 17, 8, 9, 18, 8, 13, 17, 2, 12, 14, 9, 10, 14, 6, 14, 16, 1, 17, 7, 2, 4, 9, 6, 12, 18, 17, 20, 21, 8, 18, 12, 14, 6, 7, 14, 8, 12, 9, 11, 4, 14, 9, 8, 11, 13, 14, 10, 2, 8, 16, 9, 4, 7, 6, 9, 13, 13, 7, 19 ], [ 5, 12, 11, 13, 13, 18, 16, 12, 5, 4, 6, 16, 12, 13, 16, 11, 18, 15, 18, 13, 9, 12, 5, 8, 5, 9, 16, 7, 20, 16, 0, 13, 20, 19, 10, 8, 19, 10, 3, 8, 7, 6, 14, 4, 2, 15, 2, 17, 6, 7, 2, 14, 5, 6, 9, 9, 17, 14, 8, 7, 4, 16, 12, 7, 10, 12, 9, 6, 10, 12, 12, 8, 4, 2, 17, 13, 10, 10, 9, 9, 18, 10, 8, 18, 17, 13, 18, 19, 18, 15, 21, 6, 2, 10, 13, 14, 16, 5, 12, 17, 17, 7, 10, 7, 9, 9, 13, 4, 12, 14, 9, 13, 6, 7, 16, 14, 8, 13, 14, 21, 15, 8, 4, 17, 16, 9 ], [ 16, 10, 3, 1, 7, 5, 3, 5, 15, 17, 9, 3, 5, 9, 3, 9, 5, 9, 8, 17, 9, 6, 11, 5, 9, 5, 12, 17, 10, 8, 13, 0, 9, 13, 14, 10, 7, 17, 11, 10, 7, 15, 5, 10, 11, 3, 14, 8, 10, 18, 13, 1, 10, 8, 18, 6, 5, 1, 12, 16, 11, 10, 9, 13, 13, 13, 17, 16, 10, 2, 10, 8, 13, 14, 10, 4, 16, 3, 12, 16, 6, 16, 17, 9, 9, 12, 9, 8, 5, 3, 8, 12, 13, 13, 13, 1, 10, 11, 6, 13, 14, 15, 11, 7, 11, 4, 6, 10, 2, 13, 13, 5, 14, 9, 6, 1, 9, 1, 10, 9, 12, 5, 10, 6, 3, 13 ], [ 24, 19, 9, 10, 15, 4, 7, 8, 20, 24, 18, 10, 8, 17, 6, 18, 10, 7, 14, 18, 17, 15, 19, 13, 17, 11, 9, 21, 2, 5, 20, 9, 0, 9, 17, 19, 12, 20, 18, 14, 16, 24, 13, 16, 18, 6, 20, 4, 19, 23, 20, 9, 16, 17, 21, 11, 4, 8, 21, 25, 19, 7, 10, 17, 22, 22, 20, 21, 13, 11, 19, 13, 18, 21, 6, 12, 19, 11, 15, 19, 3, 19, 21, 4, 17, 12, 4, 1, 7, 6, 9, 21, 21, 22, 22, 9, 18, 16, 15, 10, 11, 19, 13, 15, 14, 13, 8, 17, 10, 13, 16, 13, 19, 14, 4, 9, 18, 10, 9, 2, 11, 12, 17, 12, 7, 22 ], [ 23, 23, 11, 14, 20, 10, 13, 9, 16, 23, 19, 16, 10, 22, 12, 21, 17, 5, 21, 11, 20, 20, 20, 15, 18, 12, 3, 17, 7, 6, 19, 13, 9, 0, 11, 21, 19, 14, 17, 11, 18, 24, 18, 15, 17, 12, 17, 6, 20, 18, 20, 14, 14, 18, 16, 11, 10, 14, 23, 25, 19, 3, 6, 13, 24, 26, 15, 18, 9, 15, 23, 11, 15, 20, 3, 17, 13, 14, 11, 14, 11, 13, 15, 5, 23, 6, 6, 9, 14, 11, 18, 22, 20, 24, 25, 14, 23, 14, 19, 2, 3, 15, 9, 16, 10, 16, 8, 18, 14, 6, 11, 18, 15, 12, 8, 14, 20, 15, 5, 11, 4, 13, 16, 19, 13, 24 ], [ 14, 19, 11, 14, 17, 16, 15, 10, 5, 13, 13, 17, 10, 19, 15, 17, 19, 9, 21, 3, 15, 17, 13, 11, 11, 9, 9, 6, 15, 12, 10, 14, 17, 11, 0, 15, 21, 3, 9, 5, 13, 16, 17, 7, 9, 15, 7, 13, 14, 7, 11, 15, 6, 12, 5, 8, 14, 15, 16, 17, 12, 10, 7, 3, 19, 20, 4, 6, 4, 14, 19, 6, 5, 11, 11, 17, 3, 12, 2, 3, 16, 3, 4, 13, 22, 5, 13, 16, 18, 14, 21, 15, 12, 18, 21, 15, 22, 5, 17, 9, 9, 4, 4, 11, 3, 13, 9, 11, 13, 6, 1, 17, 4, 5, 13, 14, 15, 15, 8, 18, 8, 10, 8, 19, 16, 17 ], [ 7, 4, 10, 9, 6, 15, 12, 12, 12, 9, 2, 10, 11, 6, 13, 3, 13, 16, 11, 18, 2, 6, 3, 5, 4, 8, 18, 14, 19, 16, 8, 10, 19, 21, 15, 0, 13, 16, 7, 11, 3, 6, 8, 7, 6, 12, 10, 17, 1, 14, 6, 10, 9, 3, 16, 10, 14, 11, 3, 7, 4, 17, 14, 12, 4, 6, 16, 13, 13, 8, 4, 10, 10, 7, 18, 8, 17, 7, 13, 15, 15, 16, 15, 17, 10, 16, 18, 17, 14, 12, 15, 3, 6, 4, 6, 10, 9, 10, 5, 20, 20, 13, 13, 5, 13, 5, 13, 4, 8, 18, 14, 7, 12, 10, 15, 10, 1, 9, 16, 19, 18, 7, 7, 11, 12, 3 ], [ 20, 11, 10, 7, 7, 9, 6, 11, 21, 22, 13, 4, 11, 8, 8, 11, 2, 15, 3, 24, 11, 7, 15, 11, 14, 12, 18, 23, 14, 14, 19, 7, 12, 19, 21, 13, 0, 23, 17, 17, 12, 19, 5, 16, 17, 7, 20, 13, 14, 24, 18, 6, 17, 13, 25, 13, 9, 6, 15, 19, 16, 16, 16, 20, 14, 14, 24, 23, 17, 7, 11, 15, 19, 19, 16, 5, 23, 10, 19, 23, 9, 23, 24, 14, 6, 19, 13, 11, 5, 8, 3, 16, 18, 14, 13, 6, 7, 18, 8, 19, 20, 22, 17, 12, 18, 9, 13, 15, 8, 20, 20, 6, 21, 16, 11, 6, 12, 6, 16, 11, 19, 11, 16, 2, 6, 15 ], [ 14, 20, 13, 16, 19, 18, 18, 13, 4, 12, 14, 20, 13, 21, 18, 19, 22, 12, 23, 4, 17, 19, 14, 13, 13, 12, 12, 4, 19, 15, 10, 17, 20, 14, 3, 16, 23, 0, 9, 7, 14, 16, 20, 9, 10, 18, 7, 16, 15, 5, 11, 17, 7, 13, 2, 11, 17, 18, 17, 17, 12, 13, 10, 4, 19, 21, 1, 5, 7, 17, 20, 8, 6, 11, 14, 19, 1, 14, 5, 1, 19, 1, 2, 16, 24, 8, 16, 19, 21, 17, 24, 15, 12, 19, 22, 18, 24, 6, 19, 12, 12, 3, 7, 13, 6, 15, 12, 12, 16, 8, 4, 19, 4, 7, 16, 17, 16, 17, 11, 21, 10, 12, 9, 22, 18, 18 ], [ 7, 11, 9, 10, 11, 15, 13, 10, 5, 6, 5, 13, 9, 12, 13, 9, 16, 13, 16, 12, 8, 11, 4, 6, 3, 6, 14, 7, 18, 14, 3, 11, 18, 17, 9, 7, 17, 9, 0, 6, 6, 8, 12, 2, 1, 13, 3, 15, 5, 8, 3, 11, 3, 4, 9, 7, 14, 12, 8, 9, 3, 14, 10, 6, 10, 12, 9, 6, 8, 10, 11, 6, 4, 3, 15, 11, 10, 7, 7, 9, 15, 10, 8, 15, 16, 11, 16, 17, 16, 13, 18, 6, 4, 10, 13, 12, 15, 3, 10, 15, 15, 7, 8, 4, 7, 7, 10, 2, 9, 12, 8, 11, 6, 5, 14, 11, 7, 11, 12, 19, 13, 6, 1, 15, 14, 9 ], [ 12, 14, 7, 9, 13, 12, 11, 6, 6, 12, 9, 13, 6, 15, 11, 13, 15, 8, 17, 8, 11, 13, 9, 7, 8, 5, 8, 8, 13, 9, 8, 10, 14, 11, 5, 11, 17, 7, 6, 0, 9, 13, 13, 4, 6, 11, 6, 10, 10, 9, 9, 10, 3, 8, 8, 4, 11, 11, 13, 14, 8, 9, 5, 4, 15, 17, 7, 8, 2, 10, 15, 1, 4, 9, 10, 12, 7, 7, 3, 6, 12, 7, 7, 10, 18, 6, 11, 13, 14, 10, 17, 11, 9, 14, 17, 11, 17, 3, 12, 10, 10, 6, 2, 7, 2, 8, 6, 7, 9, 7, 3, 12, 5, 1, 10, 10, 11, 10, 6, 15, 8, 5, 5, 15, 12, 14 ], [ 9, 6, 7, 6, 5, 13, 10, 9, 11, 10, 2, 9, 8, 6, 10, 4, 11, 13, 11, 16, 3, 5, 3, 3, 2, 5, 15, 13, 17, 13, 7, 7, 16, 18, 13, 3, 12, 14, 6, 9, 0, 8, 7, 6, 6, 10, 9, 14, 3, 13, 6, 7, 7, 1, 15, 7, 12, 8, 6, 9, 4, 14, 12, 10, 7, 8, 14, 12, 10, 6, 6, 8, 9, 7, 15, 6, 15, 4, 11, 14, 13, 14, 14, 15, 10, 14, 15, 15, 12, 10, 14, 5, 6, 6, 8, 8, 9, 8, 5, 17, 17, 12, 11, 2, 10, 3, 10, 3, 6, 15, 12, 6, 11, 8, 12, 8, 3, 6, 13, 16, 15, 4, 5, 10, 10, 6 ], [ 2, 9, 15, 14, 11, 20, 18, 16, 12, 5, 6, 16, 16, 11, 18, 8, 19, 20, 17, 19, 7, 11, 5, 10, 7, 13, 21, 13, 24, 21, 6, 15, 24, 24, 16, 6, 19, 16, 8, 13, 8, 0, 13, 9, 7, 18, 9, 21, 5, 13, 5, 15, 10, 7, 15, 13, 20, 16, 4, 1, 5, 21, 18, 13, 6, 8, 16, 12, 15, 14, 9, 13, 11, 5, 22, 14, 17, 12, 15, 15, 21, 16, 15, 22, 16, 19, 22, 22, 20, 18, 21, 3, 4, 6, 9, 16, 14, 11, 11, 23, 23, 13, 15, 9, 15, 11, 17, 7, 14, 20, 15, 13, 12, 12, 20, 16, 6, 14, 19, 24, 21, 12, 9, 17, 18, 4 ], [ 15, 6, 8, 4, 2, 10, 7, 9, 17, 16, 8, 3, 9, 4, 8, 5, 5, 14, 4, 20, 6, 2, 10, 6, 9, 8, 17, 19, 15, 13, 14, 5, 13, 18, 17, 8, 5, 20, 12, 13, 7, 13, 0, 11, 12, 7, 15, 13, 9, 20, 13, 4, 13, 8, 20, 10, 9, 5, 10, 14, 10, 15, 14, 16, 9, 9, 20, 18, 14, 4, 6, 12, 15, 13, 15, 1, 20, 6, 15, 19, 10, 20, 19, 14, 5, 17, 14, 12, 7, 8, 8, 10, 13, 9, 8, 5, 5, 13, 2, 18, 19, 18, 14, 7, 15, 5, 11, 10, 5, 18, 16, 1, 17, 12, 11, 5, 7, 4, 14, 13, 17, 7, 11, 3, 7, 10 ], [ 8, 11, 7, 9, 11, 14, 12, 8, 5, 8, 6, 12, 8, 12, 12, 10, 15, 11, 15, 11, 8, 11, 6, 5, 4, 5, 12, 7, 16, 12, 4, 10, 16, 15, 7, 7, 16, 9, 2, 4, 6, 9, 11, 0, 3, 11, 4, 13, 6, 8, 5, 10, 2, 5, 9, 5, 12, 11, 9, 10, 4, 12, 8, 5, 11, 13, 9, 7, 6, 9, 11, 4, 3, 5, 13, 11, 9, 6, 6, 8, 14, 9, 8, 13, 16, 10, 14, 15, 14, 11, 17, 7, 5, 11, 13, 11, 15, 2, 10, 13, 14, 6, 6, 4, 6, 7, 9, 3, 8, 11, 6, 11, 5, 3, 12, 10, 8, 9, 10, 17, 12, 5, 1, 14, 12, 10 ], [ 6, 11, 9, 11, 11, 16, 14, 10, 6, 6, 5, 14, 10, 12, 14, 9, 16, 13, 16, 12, 7, 11, 4, 6, 3, 7, 15, 7, 18, 15, 2, 11, 18, 17, 9, 6, 17, 10, 1, 6, 6, 7, 12, 3, 0, 13, 3, 15, 5, 8, 2, 12, 3, 4, 10, 7, 15, 12, 8, 8, 3, 15, 11, 6, 10, 12, 10, 7, 8, 10, 11, 6, 4, 3, 16, 12, 10, 8, 8, 9, 16, 10, 9, 16, 16, 12, 16, 17, 16, 13, 19, 6, 3, 9, 12, 12, 15, 4, 10, 16, 16, 7, 9, 5, 8, 8, 11, 2, 10, 13, 8, 11, 6, 5, 14, 12, 7, 11, 12, 19, 14, 6, 2, 15, 14, 8 ], [ 18, 12, 4, 3, 9, 3, 1, 5, 16, 19, 12, 4, 5, 11, 1, 11, 5, 8, 8, 17, 11, 9, 13, 8, 11, 7, 11, 18, 8, 7, 15, 3, 6, 12, 15, 12, 7, 18, 13, 11, 10, 18, 7, 11, 13, 0, 16, 6, 13, 19, 15, 3, 12, 11, 19, 7, 2, 2, 15, 19, 13, 9, 9, 14, 15, 16, 18, 18, 11, 4, 12, 9, 14, 16, 9, 6, 17, 6, 13, 17, 3, 17, 18, 7, 11, 12, 7, 5, 3, 1, 7, 15, 15, 15, 15, 2, 12, 13, 9, 12, 13, 16, 11, 9, 12, 7, 6, 12, 4, 13, 13, 7, 16, 11, 4, 2, 12, 4, 9, 6, 12, 7, 12, 6, 1, 15 ], [ 7, 14, 11, 13, 14, 18, 16, 12, 3, 6, 8, 16, 12, 15, 16, 13, 19, 14, 19, 10, 11, 14, 7, 9, 7, 9, 15, 4, 20, 16, 2, 14, 20, 17, 7, 10, 20, 7, 3, 6, 9, 9, 15, 4, 3, 16, 0, 16, 8, 5, 4, 14, 4, 8, 7, 9, 17, 15, 10, 10, 6, 15, 11, 4, 13, 15, 7, 3, 8, 13, 14, 7, 2, 4, 16, 15, 8, 10, 7, 6, 18, 8, 6, 17, 19, 11, 17, 19, 18, 15, 21, 8, 5, 12, 16, 15, 18, 4, 13, 16, 16, 4, 8, 8, 7, 10, 12, 5, 12, 12, 7, 15, 3, 6, 16, 14, 10, 14, 13, 21, 14, 9, 4, 18, 16, 11 ], [ 21, 18, 7, 9, 14, 4, 7, 5, 16, 21, 16, 10, 6, 16, 6, 17, 11, 3, 15, 14, 16, 14, 17, 11, 15, 9, 5, 17, 3, 1, 17, 8, 4, 6, 13, 17, 13, 16, 15, 10, 14, 21, 13, 13, 15, 6, 16, 0, 17, 19, 18, 9, 13, 14, 17, 8, 4, 8, 19, 22, 16, 3, 6, 13, 20, 21, 16, 18, 9, 9, 18, 9, 14, 18, 3, 12, 15, 9, 11, 15, 5, 15, 17, 1, 17, 8, 1, 3, 8, 6, 12, 18, 18, 20, 21, 8, 18, 13, 14, 7, 8, 15, 9, 12, 10, 11, 4, 15, 9, 9, 12, 13, 15, 11, 2, 8, 16, 9, 5, 6, 7, 10, 13, 13, 7, 20 ], [ 6, 6, 10, 9, 7, 16, 13, 12, 11, 8, 1, 11, 11, 7, 13, 4, 14, 16, 13, 17, 3, 7, 1, 5, 3, 8, 18, 12, 20, 16, 6, 10, 19, 20, 14, 1, 14, 15, 5, 10, 3, 5, 9, 6, 5, 13, 8, 17, 0, 13, 4, 10, 8, 2, 15, 9, 15, 11, 3, 6, 2, 17, 14, 11, 5, 7, 15, 12, 12, 9, 6, 10, 9, 5, 18, 9, 15, 7, 12, 14, 16, 15, 14, 17, 12, 16, 18, 18, 15, 13, 16, 2, 4, 4, 7, 11, 10, 9, 7, 19, 19, 12, 12, 4, 12, 6, 13, 3, 9, 17, 13, 8, 11, 9, 15, 11, 2, 9, 15, 19, 17, 7, 6, 12, 13, 4 ], [ 11, 19, 15, 17, 19, 21, 20, 15, 3, 8, 13, 21, 15, 20, 19, 17, 23, 16, 24, 9, 15, 19, 12, 13, 11, 13, 16, 1, 22, 18, 7, 18, 23, 18, 7, 14, 24, 5, 8, 9, 13, 13, 20, 8, 8, 19, 5, 19, 13, 0, 9, 18, 7, 12, 3, 12, 20, 19, 15, 13, 10, 17, 13, 5, 17, 19, 4, 1, 10, 17, 19, 10, 5, 8, 18, 19, 6, 15, 8, 5, 21, 5, 3, 19, 24, 12, 20, 22, 22, 19, 25, 13, 9, 17, 20, 19, 23, 7, 18, 16, 16, 4, 10, 12, 8, 15, 15, 10, 16, 12, 7, 19, 3, 9, 19, 18, 15, 18, 14, 24, 14, 13, 8, 22, 20, 16 ], [ 4, 10, 11, 12, 11, 18, 15, 13, 7, 4, 5, 15, 12, 12, 16, 9, 17, 16, 17, 14, 7, 11, 3, 8, 4, 9, 17, 9, 21, 17, 2, 13, 20, 20, 11, 6, 18, 11, 3, 9, 6, 5, 13, 5, 2, 15, 4, 18, 4, 9, 0, 13, 6, 5, 11, 10, 17, 14, 6, 6, 2, 17, 13, 8, 8, 11, 11, 8, 11, 12, 10, 9, 6, 1, 18, 12, 12, 10, 10, 11, 18, 12, 10, 18, 16, 14, 19, 19, 17, 15, 20, 4, 1, 8, 11, 14, 15, 6, 11, 18, 18, 9, 11, 6, 10, 9, 13, 3, 11, 15, 11, 12, 8, 8, 17, 13, 7, 12, 15, 21, 16, 8, 4, 16, 16, 7 ], [ 16, 10, 4, 1, 6, 6, 3, 5, 15, 17, 9, 3, 5, 8, 3, 9, 5, 10, 7, 17, 8, 6, 11, 6, 9, 6, 12, 17, 11, 9, 14, 1, 9, 14, 15, 10, 6, 17, 11, 10, 7, 15, 4, 10, 12, 3, 14, 9, 10, 18, 13, 0, 11, 8, 18, 7, 5, 1, 12, 16, 11, 11, 10, 14, 12, 13, 18, 17, 11, 1, 10, 9, 13, 14, 11, 3, 17, 4, 13, 16, 6, 17, 17, 10, 9, 13, 9, 8, 4, 3, 7, 12, 13, 12, 12, 1, 9, 12, 6, 14, 15, 16, 11, 7, 12, 4, 7, 10, 2, 14, 13, 4, 15, 10, 7, 1, 9, 1, 10, 9, 13, 5, 10, 5, 3, 12 ], [ 9, 13, 8, 10, 12, 14, 13, 8, 4, 9, 7, 13, 8, 13, 12, 11, 16, 10, 16, 9, 10, 12, 7, 6, 5, 5, 11, 6, 16, 12, 5, 10, 16, 14, 6, 9, 17, 7, 3, 3, 7, 10, 13, 2, 3, 12, 4, 13, 8, 7, 6, 11, 0, 6, 8, 5, 13, 11, 11, 11, 6, 12, 8, 3, 13, 15, 8, 6, 5, 10, 13, 3, 2, 6, 13, 12, 8, 7, 4, 7, 14, 7, 7, 13, 17, 9, 14, 15, 15, 12, 18, 9, 6, 12, 15, 11, 16, 1, 11, 13, 13, 5, 5, 5, 4, 8, 8, 5, 9, 10, 5, 12, 4, 2, 12, 11, 9, 10, 9, 17, 11, 5, 2, 15, 13, 11 ], [ 7, 7, 8, 7, 7, 13, 11, 9, 10, 9, 1, 10, 9, 8, 11, 5, 12, 13, 12, 15, 3, 6, 2, 3, 1, 6, 15, 12, 17, 14, 6, 8, 17, 18, 12, 3, 13, 13, 4, 8, 1, 7, 8, 5, 4, 11, 8, 14, 2, 12, 5, 8, 6, 0, 14, 7, 13, 9, 5, 8, 3, 15, 12, 10, 7, 8, 14, 11, 10, 7, 7, 7, 8, 6, 15, 8, 14, 5, 10, 13, 14, 14, 13, 15, 12, 14, 15, 15, 13, 11, 15, 4, 5, 6, 9, 9, 10, 7, 6, 17, 17, 11, 10, 2, 10, 4, 10, 2, 7, 15, 11, 7, 10, 7, 13, 9, 3, 8, 13, 17, 15, 5, 4, 11, 11, 6 ], [ 13, 20, 15, 18, 20, 20, 20, 14, 4, 11, 15, 21, 14, 21, 19, 19, 23, 14, 24, 6, 17, 20, 14, 14, 13, 13, 14, 3, 20, 16, 9, 18, 21, 16, 5, 16, 25, 2, 9, 8, 15, 15, 20, 9, 10, 19, 7, 17, 15, 3, 11, 18, 8, 14, 0, 12, 19, 19, 17, 16, 12, 15, 11, 5, 19, 21, 1, 4, 8, 18, 21, 10, 6, 11, 16, 20, 3, 15, 6, 2, 20, 2, 1, 17, 25, 10, 18, 20, 22, 19, 25, 15, 12, 19, 22, 19, 24, 7, 19, 14, 13, 3, 8, 13, 7, 16, 14, 12, 17, 10, 6, 20, 4, 8, 18, 18, 17, 18, 13, 23, 12, 13, 10, 23, 20, 18 ], [ 13, 12, 3, 6, 10, 9, 8, 3, 9, 13, 8, 9, 3, 12, 7, 11, 12, 6, 13, 11, 9, 10, 9, 4, 7, 2, 8, 11, 11, 7, 9, 6, 11, 11, 8, 10, 13, 11, 7, 4, 7, 13, 10, 5, 7, 7, 9, 8, 9, 12, 10, 7, 5, 7, 12, 0, 8, 7, 12, 14, 8, 8, 5, 7, 13, 15, 11, 11, 4, 6, 12, 2, 7, 10, 9, 9, 10, 4, 6, 10, 9, 10, 11, 9, 14, 7, 9, 10, 10, 7, 14, 11, 10, 13, 15, 7, 14, 5, 10, 10, 10, 9, 5, 5, 5, 6, 4, 7, 5, 8, 7, 9, 9, 3, 7, 7, 9, 7, 6, 12, 8, 3, 5, 11, 8, 13 ], [ 20, 15, 5, 6, 11, 1, 3, 5, 17, 20, 14, 7, 5, 13, 2, 14, 7, 7, 11, 16, 13, 11, 15, 9, 13, 8, 9, 18, 5, 5, 17, 5, 4, 10, 14, 14, 9, 17, 14, 11, 12, 20, 9, 12, 15, 2, 17, 4, 15, 20, 17, 5, 13, 13, 19, 8, 0, 4, 17, 21, 15, 7, 8, 15, 17, 18, 18, 18, 11, 6, 15, 10, 15, 17, 7, 8, 17, 7, 13, 17, 1, 17, 18, 5, 13, 11, 5, 3, 4, 2, 8, 17, 17, 17, 18, 5, 14, 13, 11, 11, 12, 16, 11, 11, 12, 9, 5, 13, 6, 12, 13, 9, 16, 11, 2, 5, 14, 6, 8, 5, 10, 8, 13, 9, 3, 17 ], [ 17, 10, 4, 2, 7, 5, 2, 5, 16, 18, 10, 3, 5, 9, 3, 10, 4, 9, 7, 18, 9, 7, 12, 6, 10, 6, 12, 18, 10, 8, 14, 1, 8, 14, 15, 11, 6, 18, 12, 11, 8, 16, 5, 11, 12, 2, 15, 8, 11, 19, 14, 1, 11, 9, 19, 7, 4, 0, 13, 17, 12, 10, 10, 14, 13, 14, 18, 17, 11, 2, 11, 9, 14, 15, 10, 4, 17, 5, 13, 17, 5, 18, 18, 9, 9, 13, 9, 7, 4, 2, 6, 13, 14, 13, 13, 0, 10, 12, 7, 14, 15, 16, 11, 8, 12, 5, 7, 11, 3, 14, 14, 5, 15, 10, 6, 1, 10, 2, 10, 8, 13, 6, 11, 5, 2, 13 ], [ 6, 5, 13, 12, 8, 18, 15, 14, 13, 8, 4, 13, 14, 7, 16, 5, 15, 18, 13, 20, 4, 8, 4, 8, 5, 11, 20, 15, 22, 19, 8, 12, 21, 23, 16, 3, 15, 17, 8, 13, 6, 4, 10, 9, 8, 15, 10, 19, 3, 15, 6, 12, 11, 5, 17, 12, 17, 13, 0, 4, 5, 20, 17, 14, 2, 5, 17, 14, 15, 11, 5, 12, 12, 7, 21, 10, 18, 10, 15, 16, 18, 17, 16, 20, 12, 19, 20, 20, 16, 15, 18, 2, 6, 2, 6, 13, 10, 11, 7, 22, 22, 15, 15, 7, 15, 8, 15, 6, 11, 20, 16, 10, 13, 12, 18, 13, 3, 11, 18, 21, 20, 10, 8, 13, 15, 1 ], [ 3, 10, 16, 15, 12, 21, 19, 17, 12, 5, 7, 17, 17, 12, 19, 9, 19, 21, 18, 20, 8, 12, 6, 11, 8, 14, 23, 13, 25, 22, 7, 16, 25, 25, 17, 7, 19, 17, 9, 14, 9, 1, 14, 10, 8, 19, 10, 22, 6, 13, 6, 16, 11, 8, 16, 14, 21, 17, 4, 0, 6, 22, 19, 14, 6, 8, 17, 12, 16, 15, 10, 14, 12, 6, 23, 14, 18, 13, 16, 16, 22, 17, 15, 23, 16, 20, 23, 23, 20, 19, 22, 4, 5, 6, 9, 17, 14, 12, 12, 24, 24, 14, 17, 10, 16, 12, 18, 8, 15, 21, 16, 14, 13, 13, 21, 17, 7, 15, 20, 25, 22, 13, 10, 17, 19, 5 ], [ 5, 8, 10, 10, 9, 16, 13, 11, 8, 6, 3, 12, 11, 10, 14, 7, 15, 15, 14, 15, 5, 9, 1, 6, 2, 8, 16, 10, 19, 16, 4, 11, 19, 19, 12, 4, 16, 12, 3, 8, 4, 5, 10, 4, 3, 13, 6, 16, 2, 10, 2, 11, 6, 3, 12, 8, 15, 12, 5, 6, 0, 16, 13, 9, 7, 9, 12, 9, 11, 10, 8, 8, 7, 3, 17, 10, 13, 8, 10, 12, 16, 13, 11, 17, 14, 14, 17, 18, 15, 13, 18, 3, 2, 7, 10, 12, 13, 7, 8, 18, 18, 10, 11, 4, 10, 7, 12, 2, 9, 15, 11, 10, 9, 7, 15, 11, 4, 10, 14, 19, 16, 7, 4, 13, 14, 6 ], [ 21, 19, 8, 11, 16, 8, 9, 6, 14, 20, 16, 13, 6, 18, 8, 18, 14, 2, 17, 11, 17, 16, 17, 12, 15, 9, 2, 16, 5, 2, 16, 10, 7, 3, 10, 17, 16, 13, 14, 9, 14, 21, 15, 12, 15, 9, 15, 3, 17, 17, 17, 11, 12, 15, 15, 8, 7, 10, 20, 22, 16, 0, 4, 12, 21, 22, 14, 16, 7, 11, 19, 9, 13, 18, 1, 14, 13, 10, 9, 13, 8, 13, 15, 3, 19, 6, 3, 6, 11, 8, 15, 19, 18, 21, 22, 10, 20, 12, 16, 4, 5, 13, 7, 13, 9, 12, 5, 15, 10, 6, 10, 15, 14, 10, 5, 10, 17, 11, 3, 9, 4, 10, 13, 15, 10, 21 ], [ 17, 17, 6, 10, 15, 9, 10, 5, 10, 16, 13, 13, 5, 16, 9, 16, 14, 3, 17, 8, 14, 14, 14, 9, 11, 6, 4, 12, 9, 5, 12, 9, 10, 6, 7, 14, 16, 10, 10, 5, 12, 18, 14, 8, 11, 9, 11, 6, 14, 13, 13, 10, 8, 12, 11, 5, 8, 10, 17, 19, 13, 4, 0, 8, 18, 20, 10, 12, 3, 10, 17, 5, 9, 14, 5, 13, 9, 8, 5, 9, 10, 9, 11, 6, 19, 3, 7, 9, 12, 9, 16, 15, 14, 18, 20, 10, 19, 8, 14, 5, 6, 9, 3, 10, 5, 10, 3, 11, 9, 4, 6, 13, 10, 6, 7, 10, 14, 10, 2, 12, 3, 7, 9, 15, 10, 17 ], [ 11, 16, 10, 13, 15, 16, 15, 10, 2, 10, 11, 16, 10, 17, 14, 15, 18, 10, 20, 6, 13, 15, 10, 9, 9, 8, 11, 4, 17, 12, 7, 13, 17, 13, 3, 12, 20, 4, 6, 4, 10, 13, 16, 5, 6, 14, 4, 13, 11, 5, 8, 14, 3, 10, 5, 7, 15, 14, 14, 14, 9, 12, 8, 0, 16, 18, 4, 4, 4, 13, 16, 5, 2, 8, 13, 15, 4, 10, 2, 3, 16, 4, 4, 14, 20, 7, 14, 16, 17, 14, 21, 12, 9, 16, 18, 14, 20, 3, 15, 12, 11, 2, 4, 9, 3, 11, 10, 8, 12, 8, 3, 15, 2, 4, 13, 14, 13, 13, 9, 19, 10, 8, 5, 18, 15, 15 ], [ 8, 4, 13, 12, 7, 18, 15, 15, 15, 10, 5, 12, 15, 6, 16, 4, 15, 20, 12, 22, 4, 7, 6, 9, 7, 12, 22, 17, 23, 20, 10, 13, 22, 24, 19, 4, 14, 19, 10, 15, 7, 6, 9, 11, 10, 15, 13, 20, 5, 17, 8, 12, 13, 7, 19, 13, 17, 13, 2, 6, 7, 21, 18, 16, 0, 2, 19, 16, 17, 11, 4, 14, 14, 9, 22, 10, 20, 11, 17, 19, 18, 20, 18, 21, 10, 20, 21, 20, 16, 15, 17, 4, 8, 0, 3, 13, 8, 13, 7, 23, 24, 17, 17, 9, 17, 9, 17, 8, 11, 21, 18, 9, 16, 14, 19, 13, 4, 11, 19, 22, 22, 11, 11, 12, 15, 1 ], [ 10, 4, 15, 13, 7, 19, 16, 16, 17, 12, 7, 13, 16, 6, 17, 4, 15, 21, 12, 24, 6, 7, 8, 11, 9, 14, 23, 19, 24, 21, 12, 13, 22, 26, 20, 6, 14, 21, 12, 17, 8, 8, 9, 13, 12, 16, 15, 21, 7, 19, 11, 13, 15, 8, 21, 15, 18, 14, 5, 8, 9, 22, 20, 18, 2, 0, 22, 18, 19, 12, 3, 16, 16, 11, 23, 10, 22, 12, 19, 21, 19, 22, 21, 22, 9, 22, 22, 21, 17, 16, 17, 6, 10, 2, 1, 14, 7, 15, 7, 25, 25, 19, 19, 10, 18, 10, 18, 10, 12, 23, 19, 9, 18, 16, 20, 14, 6, 12, 21, 22, 23, 12, 12, 12, 16, 4 ], [ 14, 20, 14, 17, 19, 19, 19, 13, 4, 12, 15, 20, 13, 21, 18, 19, 22, 13, 24, 5, 17, 19, 14, 14, 13, 12, 12, 3, 19, 15, 9, 17, 20, 15, 4, 16, 24, 1, 9, 7, 14, 16, 20, 9, 10, 18, 7, 16, 15, 4, 11, 18, 8, 14, 1, 11, 18, 18, 17, 17, 12, 14, 10, 4, 19, 22, 0, 5, 7, 17, 20, 9, 6, 11, 15, 19, 2, 14, 5, 1, 19, 1, 1, 16, 24, 8, 17, 19, 21, 18, 24, 15, 12, 19, 22, 18, 24, 7, 19, 13, 12, 3, 7, 13, 6, 15, 13, 12, 16, 9, 5, 19, 4, 8, 16, 18, 16, 17, 11, 22, 11, 13, 9, 22, 19, 18 ], [ 10, 17, 14, 16, 17, 20, 18, 14, 2, 8, 11, 19, 13, 18, 18, 16, 22, 15, 22, 9, 14, 17, 10, 12, 10, 11, 15, 1, 21, 17, 6, 16, 21, 18, 6, 13, 23, 5, 6, 8, 12, 12, 18, 7, 7, 18, 3, 18, 12, 1, 8, 17, 6, 11, 4, 11, 18, 17, 14, 12, 9, 16, 12, 4, 16, 18, 5, 0, 9, 16, 17, 9, 4, 7, 17, 18, 6, 13, 7, 4, 20, 5, 3, 18, 22, 11, 19, 20, 21, 18, 24, 12, 8, 16, 19, 17, 21, 5, 17, 16, 15, 3, 9, 11, 7, 13, 14, 9, 15, 12, 7, 18, 2, 7, 18, 17, 13, 16, 13, 23, 14, 11, 7, 21, 19, 15 ], [ 14, 16, 7, 10, 14, 12, 12, 6, 7, 14, 11, 14, 6, 16, 11, 15, 16, 6, 18, 6, 13, 14, 12, 9, 10, 6, 7, 8, 12, 8, 10, 10, 13, 9, 4, 13, 17, 7, 8, 2, 10, 15, 14, 6, 8, 11, 8, 9, 12, 10, 11, 11, 5, 10, 8, 4, 11, 11, 15, 16, 11, 7, 3, 4, 17, 19, 7, 9, 0, 11, 16, 3, 6, 11, 8, 13, 6, 8, 2, 6, 12, 6, 8, 9, 19, 4, 10, 12, 14, 10, 18, 13, 11, 17, 19, 11, 19, 5, 14, 8, 8, 6, 0, 8, 1, 10, 6, 9, 10, 5, 3, 14, 6, 3, 9, 11, 13, 11, 5, 14, 6, 7, 7, 16, 12, 16 ], [ 14, 8, 4, 1, 5, 7, 4, 6, 14, 15, 8, 3, 5, 7, 5, 7, 6, 10, 7, 17, 7, 5, 9, 4, 8, 5, 13, 16, 12, 9, 12, 2, 11, 15, 14, 8, 7, 17, 10, 10, 6, 14, 4, 9, 10, 4, 13, 9, 9, 17, 12, 1, 10, 7, 18, 6, 6, 2, 11, 15, 10, 11, 10, 13, 11, 12, 17, 16, 11, 0, 9, 8, 12, 12, 12, 3, 17, 3, 12, 16, 7, 16, 17, 10, 8, 13, 10, 9, 6, 4, 8, 11, 12, 11, 11, 2, 9, 11, 5, 14, 15, 15, 11, 6, 11, 3, 7, 9, 1, 14, 13, 3, 14, 9, 8, 2, 8, 1, 11, 11, 13, 4, 9, 5, 4, 11 ], [ 11, 0, 12, 9, 4, 15, 12, 13, 16, 13, 6, 9, 13, 2, 13, 2, 11, 18, 8, 22, 3, 4, 7, 8, 8, 11, 20, 18, 20, 18, 12, 10, 19, 23, 19, 4, 11, 20, 11, 15, 6, 9, 6, 11, 11, 12, 14, 18, 6, 19, 10, 10, 13, 7, 21, 12, 15, 11, 5, 10, 8, 19, 17, 16, 4, 3, 20, 17, 16, 9, 0, 13, 15, 11, 20, 7, 21, 9, 17, 19, 16, 20, 20, 19, 7, 20, 19, 18, 13, 13, 14, 7, 10, 4, 3, 10, 5, 14, 4, 22, 23, 18, 17, 8, 16, 7, 15, 9, 9, 21, 18, 6, 17, 14, 16, 10, 4, 9, 18, 19, 21, 10, 11, 9, 12, 5 ], [ 12, 13, 5, 8, 12, 11, 10, 5, 7, 12, 9, 11, 5, 13, 9, 12, 14, 7, 15, 9, 10, 11, 9, 6, 7, 3, 8, 9, 12, 8, 8, 8, 13, 11, 6, 10, 15, 8, 6, 1, 8, 13, 12, 4, 6, 9, 7, 9, 10, 10, 9, 9, 3, 7, 10, 2, 10, 9, 12, 14, 8, 9, 5, 5, 14, 16, 9, 9, 3, 8, 13, 0, 5, 9, 9, 11, 8, 6, 4, 8, 11, 8, 9, 10, 16, 6, 10, 12, 12, 9, 16, 11, 9, 14, 16, 9, 16, 4, 11, 10, 10, 7, 3, 6, 3, 7, 5, 7, 7, 8, 5, 11, 7, 1, 9, 9, 10, 9, 6, 14, 8, 4, 5, 13, 10, 13 ], [ 9, 15, 10, 12, 14, 16, 15, 10, 2, 8, 9, 16, 10, 15, 14, 13, 18, 12, 19, 8, 11, 14, 8, 8, 7, 8, 12, 4, 17, 13, 4, 13, 18, 15, 5, 10, 19, 6, 4, 4, 9, 11, 15, 3, 4, 14, 2, 14, 9, 5, 6, 13, 2, 8, 6, 7, 15, 14, 12, 12, 7, 13, 9, 2, 14, 16, 6, 4, 6, 12, 15, 5, 0, 6, 14, 14, 6, 9, 4, 5, 16, 6, 5, 15, 19, 9, 15, 17, 17, 14, 20, 10, 7, 14, 16, 14, 18, 2, 13, 13, 13, 3, 6, 7, 5, 10, 10, 6, 11, 10, 5, 14, 2, 4, 14, 13, 11, 13, 10, 19, 11, 8, 4, 17, 15, 13 ], [ 3, 11, 12, 13, 12, 18, 16, 13, 7, 3, 5, 15, 13, 12, 16, 10, 18, 16, 17, 14, 8, 12, 4, 8, 5, 10, 17, 8, 21, 17, 2, 14, 21, 20, 11, 7, 19, 11, 3, 9, 7, 5, 13, 5, 3, 16, 4, 18, 5, 8, 1, 14, 6, 6, 11, 10, 17, 15, 7, 6, 3, 18, 14, 8, 9, 11, 11, 7, 11, 12, 11, 9, 6, 0, 18, 13, 12, 10, 10, 11, 19, 12, 10, 19, 17, 15, 19, 20, 18, 16, 21, 5, 1, 9, 12, 14, 15, 7, 11, 19, 19, 9, 11, 7, 10, 9, 14, 4, 12, 16, 11, 13, 7, 8, 17, 14, 7, 13, 15, 22, 17, 9, 5, 16, 16, 8 ], [ 22, 20, 8, 11, 17, 7, 9, 6, 15, 21, 17, 13, 7, 19, 8, 18, 14, 2, 17, 12, 17, 16, 18, 12, 16, 10, 3, 17, 4, 2, 17, 10, 6, 3, 11, 18, 16, 14, 15, 10, 15, 22, 15, 13, 16, 9, 16, 3, 18, 18, 18, 11, 13, 15, 16, 9, 7, 10, 21, 23, 17, 1, 5, 13, 22, 23, 15, 17, 8, 12, 20, 9, 14, 18, 0, 14, 14, 11, 10, 14, 7, 14, 16, 2, 19, 7, 3, 6, 11, 8, 14, 19, 18, 21, 22, 10, 20, 13, 16, 4, 5, 14, 8, 13, 10, 13, 5, 15, 11, 7, 11, 15, 15, 11, 4, 10, 18, 12, 4, 8, 4, 11, 14, 15, 9, 21 ], [ 15, 7, 7, 3, 3, 9, 6, 8, 16, 16, 8, 3, 8, 5, 7, 6, 5, 13, 5, 19, 6, 3, 10, 6, 9, 7, 15, 18, 14, 12, 13, 4, 12, 17, 17, 8, 5, 19, 11, 12, 6, 14, 1, 11, 12, 6, 15, 12, 9, 19, 12, 3, 12, 8, 20, 9, 8, 4, 10, 14, 10, 14, 13, 15, 10, 10, 19, 18, 13, 3, 7, 11, 14, 13, 14, 0, 19, 5, 14, 18, 9, 19, 19, 13, 6, 16, 13, 11, 6, 6, 8, 11, 12, 10, 9, 4, 6, 13, 3, 17, 18, 17, 13, 7, 14, 4, 10, 9, 4, 17, 15, 1, 16, 11, 10, 4, 7, 3, 13, 12, 16, 7, 11, 3, 6, 10 ], [ 15, 21, 13, 16, 20, 18, 18, 13, 5, 13, 15, 20, 12, 21, 17, 19, 22, 12, 24, 3, 17, 19, 14, 14, 13, 12, 11, 5, 18, 14, 10, 16, 19, 13, 3, 17, 23, 1, 10, 7, 15, 17, 20, 9, 10, 17, 8, 15, 15, 6, 12, 17, 8, 14, 3, 10, 17, 17, 18, 18, 13, 13, 9, 4, 20, 22, 2, 6, 6, 17, 21, 8, 6, 12, 14, 19, 0, 14, 4, 2, 18, 1, 3, 15, 24, 7, 16, 18, 20, 17, 24, 16, 13, 20, 23, 17, 24, 7, 19, 11, 10, 4, 6, 13, 5, 15, 12, 12, 16, 7, 4, 19, 5, 7, 15, 17, 17, 17, 10, 20, 9, 12, 10, 22, 18, 19 ], [ 13, 9, 3, 3, 6, 8, 6, 4, 11, 13, 6, 6, 4, 8, 6, 8, 9, 9, 10, 15, 6, 6, 8, 2, 6, 2, 11, 13, 12, 9, 10, 3, 11, 14, 12, 7, 10, 14, 7, 7, 4, 12, 6, 6, 8, 6, 10, 9, 7, 15, 10, 4, 7, 5, 15, 4, 7, 5, 10, 13, 8, 10, 8, 10, 11, 12, 14, 13, 8, 3, 9, 6, 9, 10, 11, 5, 14, 0, 10, 13, 8, 14, 14, 10, 11, 11, 10, 10, 8, 6, 11, 9, 10, 11, 12, 4, 10, 8, 6, 13, 14, 12, 8, 3, 9, 2, 6, 6, 2, 12, 10, 5, 11, 7, 8, 4, 7, 3, 9, 12, 12, 2, 6, 8, 6, 10 ], [ 13, 17, 9, 12, 15, 14, 14, 8, 5, 12, 12, 15, 8, 17, 13, 15, 17, 8, 19, 5, 14, 15, 11, 9, 10, 7, 8, 6, 14, 10, 9, 12, 15, 11, 2, 13, 19, 5, 7, 3, 11, 15, 15, 6, 8, 13, 7, 11, 12, 8, 10, 13, 4, 10, 6, 6, 13, 13, 15, 16, 10, 9, 5, 2, 17, 19, 5, 7, 2, 12, 17, 4, 4, 10, 10, 14, 4, 10, 0, 4, 14, 4, 5, 11, 20, 5, 12, 14, 16, 12, 19, 13, 11, 17, 19, 13, 20, 4, 15, 9, 9, 4, 2, 9, 1, 11, 8, 9, 11, 6, 1, 15, 4, 3, 11, 13, 13, 13, 7, 17, 7, 8, 6, 17, 14, 16 ], [ 14, 19, 13, 16, 18, 18, 18, 12, 4, 12, 14, 19, 12, 20, 17, 18, 21, 12, 23, 4, 16, 18, 13, 13, 12, 11, 12, 3, 18, 14, 9, 16, 19, 14, 3, 15, 23, 1, 9, 6, 14, 15, 19, 8, 9, 17, 6, 15, 14, 5, 11, 16, 7, 13, 2, 10, 17, 17, 16, 16, 12, 13, 9, 3, 19, 21, 1, 4, 6, 16, 19, 8, 5, 11, 14, 18, 2, 13, 4, 0, 18, 1, 2, 15, 23, 8, 16, 18, 20, 16, 23, 14, 11, 18, 21, 17, 23, 6, 18, 12, 11, 2, 6, 12, 5, 14, 12, 11, 15, 8, 4, 18, 3, 7, 15, 16, 16, 16, 10, 21, 10, 11, 8, 21, 18, 17 ], [ 21, 15, 7, 7, 12, 0, 3, 6, 18, 22, 15, 7, 6, 14, 2, 15, 7, 8, 11, 18, 14, 12, 16, 11, 14, 9, 10, 20, 5, 6, 18, 6, 3, 11, 16, 15, 9, 19, 15, 12, 13, 21, 10, 14, 16, 3, 18, 5, 16, 21, 18, 6, 14, 14, 20, 9, 1, 5, 18, 22, 16, 8, 10, 16, 18, 19, 19, 20, 12, 7, 16, 11, 16, 19, 7, 9, 18, 8, 14, 18, 0, 19, 20, 6, 13, 12, 5, 3, 4, 3, 7, 18, 18, 18, 18, 5, 14, 15, 12, 11, 13, 18, 12, 12, 13, 10, 7, 15, 7, 13, 15, 10, 18, 13, 3, 5, 15, 7, 9, 3, 11, 10, 14, 9, 3, 18 ], [ 15, 20, 13, 16, 19, 18, 18, 13, 5, 13, 15, 20, 13, 21, 17, 19, 22, 12, 23, 3, 17, 19, 14, 13, 13, 12, 11, 4, 18, 14, 10, 16, 19, 13, 3, 16, 23, 1, 10, 7, 14, 16, 20, 9, 10, 17, 8, 15, 15, 5, 12, 17, 7, 14, 2, 10, 17, 18, 17, 17, 13, 13, 9, 4, 20, 22, 1, 5, 6, 16, 20, 8, 6, 12, 14, 19, 1, 14, 4, 1, 19, 0, 2, 15, 24, 7, 16, 18, 20, 17, 24, 16, 12, 19, 22, 17, 24, 7, 19, 12, 11, 3, 6, 13, 5, 15, 12, 12, 15, 8, 4, 19, 4, 7, 16, 17, 16, 17, 10, 21, 10, 12, 9, 22, 18, 18 ], [ 13, 19, 14, 17, 19, 19, 19, 14, 3, 11, 14, 20, 13, 20, 18, 18, 22, 13, 23, 6, 16, 19, 13, 13, 12, 12, 13, 2, 20, 16, 8, 17, 21, 15, 4, 15, 24, 2, 8, 7, 14, 15, 19, 8, 9, 18, 6, 17, 14, 3, 10, 17, 7, 13, 1, 11, 18, 18, 16, 15, 11, 15, 11, 4, 18, 21, 1, 3, 8, 17, 20, 9, 5, 10, 16, 19, 3, 14, 5, 2, 20, 2, 0, 17, 24, 9, 17, 20, 21, 18, 24, 14, 11, 18, 21, 18, 23, 6, 18, 14, 13, 2, 7, 12, 6, 15, 13, 11, 16, 10, 5, 19, 3, 7, 17, 17, 16, 17, 12, 22, 12, 12, 9, 22, 19, 17 ], [ 22, 19, 7, 10, 15, 5, 8, 6, 16, 22, 16, 11, 6, 17, 6, 18, 12, 3, 16, 13, 17, 15, 17, 12, 15, 9, 5, 18, 3, 1, 18, 9, 4, 5, 13, 17, 14, 16, 15, 10, 15, 22, 14, 13, 16, 7, 17, 1, 17, 19, 18, 10, 13, 15, 17, 9, 5, 9, 20, 23, 17, 3, 6, 14, 21, 22, 16, 18, 9, 10, 19, 10, 15, 19, 2, 13, 15, 10, 11, 15, 6, 15, 17, 0, 18, 8, 1, 4, 9, 7, 12, 19, 19, 21, 22, 9, 19, 13, 15, 6, 7, 15, 9, 13, 11, 12, 5, 15, 10, 9, 12, 14, 16, 11, 3, 9, 17, 10, 5, 6, 6, 10, 14, 14, 8, 21 ], [ 17, 7, 12, 9, 5, 13, 10, 14, 21, 19, 11, 7, 14, 4, 12, 7, 7, 18, 3, 25, 9, 5, 13, 11, 13, 13, 21, 23, 19, 17, 17, 9, 17, 23, 22, 10, 6, 24, 16, 18, 10, 16, 5, 16, 16, 11, 19, 17, 12, 24, 16, 9, 17, 12, 25, 14, 13, 9, 12, 16, 14, 19, 19, 20, 10, 9, 24, 22, 19, 8, 7, 16, 19, 17, 19, 6, 24, 11, 20, 23, 13, 24, 24, 18, 0, 21, 18, 16, 10, 11, 9, 13, 16, 10, 8, 9, 2, 18, 6, 23, 24, 22, 19, 12, 19, 9, 15, 14, 9, 23, 21, 5, 21, 17, 15, 9, 10, 8, 19, 16, 22, 12, 15, 5, 10, 11 ], [ 18, 19, 9, 13, 17, 12, 13, 8, 10, 17, 15, 16, 8, 19, 12, 18, 17, 5, 20, 5, 16, 17, 15, 12, 13, 9, 4, 11, 11, 7, 13, 12, 12, 6, 5, 16, 19, 8, 11, 6, 14, 19, 17, 10, 12, 12, 11, 8, 16, 12, 14, 13, 9, 14, 10, 7, 11, 13, 19, 20, 14, 6, 3, 7, 20, 22, 8, 11, 4, 13, 20, 6, 9, 15, 7, 16, 7, 11, 5, 8, 12, 7, 9, 8, 21, 0, 9, 12, 15, 12, 19, 17, 15, 20, 22, 13, 21, 8, 17, 4, 4, 8, 3, 12, 4, 13, 6, 13, 12, 1, 5, 16, 9, 7, 9, 13, 16, 13, 3, 14, 3, 10, 10, 18, 13, 19 ], [ 22, 19, 8, 10, 15, 5, 7, 6, 17, 22, 17, 11, 7, 17, 6, 18, 11, 4, 15, 14, 17, 15, 18, 12, 16, 10, 6, 18, 2, 2, 18, 9, 4, 6, 13, 18, 13, 16, 16, 11, 15, 22, 14, 14, 16, 7, 17, 1, 18, 20, 19, 9, 14, 15, 18, 9, 5, 9, 20, 23, 17, 3, 7, 14, 21, 22, 17, 19, 10, 10, 19, 10, 15, 19, 3, 13, 16, 10, 12, 16, 5, 16, 17, 1, 18, 9, 0, 3, 9, 6, 12, 19, 19, 21, 22, 9, 19, 14, 15, 7, 8, 16, 10, 13, 11, 12, 5, 16, 10, 9, 12, 13, 16, 12, 3, 9, 17, 10, 6, 5, 7, 11, 14, 13, 8, 21 ], [ 23, 18, 8, 9, 14, 2, 6, 7, 18, 23, 17, 9, 7, 16, 5, 17, 9, 7, 13, 17, 16, 14, 18, 12, 16, 10, 9, 20, 3, 4, 19, 8, 1, 9, 16, 17, 11, 19, 17, 13, 15, 22, 12, 15, 17, 5, 19, 3, 18, 22, 19, 8, 15, 15, 20, 10, 3, 7, 20, 23, 18, 6, 9, 16, 20, 21, 19, 20, 12, 9, 18, 12, 17, 20, 6, 11, 18, 10, 14, 18, 3, 18, 20, 4, 16, 12, 3, 0, 6, 5, 9, 19, 20, 20, 21, 8, 17, 15, 14, 10, 11, 18, 12, 13, 13, 12, 7, 16, 9, 12, 15, 12, 18, 13, 3, 8, 17, 9, 8, 2, 10, 11, 15, 11, 6, 20 ], [ 20, 13, 7, 5, 9, 4, 2, 8, 19, 21, 14, 4, 8, 11, 3, 12, 3, 11, 7, 20, 12, 9, 15, 10, 14, 9, 13, 21, 9, 9, 18, 5, 7, 14, 18, 14, 5, 21, 16, 14, 12, 20, 7, 14, 16, 3, 18, 8, 15, 22, 17, 4, 15, 13, 22, 10, 4, 4, 16, 20, 15, 11, 12, 17, 16, 17, 21, 21, 14, 6, 13, 12, 17, 18, 11, 6, 20, 8, 16, 20, 4, 20, 21, 9, 10, 15, 9, 6, 0, 4, 4, 16, 18, 16, 16, 4, 11, 16, 9, 15, 16, 19, 14, 11, 15, 9, 9, 14, 6, 16, 17, 7, 19, 14, 7, 4, 13, 5, 12, 6, 14, 10, 15, 5, 2, 16 ], [ 18, 13, 4, 4, 9, 3, 1, 4, 16, 19, 12, 5, 4, 11, 0, 12, 6, 7, 9, 16, 11, 9, 13, 8, 11, 6, 10, 18, 7, 6, 15, 3, 6, 11, 14, 12, 8, 17, 13, 10, 10, 18, 8, 11, 13, 1, 15, 6, 13, 19, 15, 3, 12, 11, 19, 7, 2, 2, 15, 19, 13, 8, 9, 14, 15, 16, 18, 18, 10, 4, 13, 9, 14, 16, 8, 6, 17, 6, 12, 16, 3, 17, 18, 7, 11, 12, 6, 5, 4, 0, 7, 15, 15, 15, 16, 3, 12, 12, 9, 12, 13, 16, 11, 9, 11, 7, 5, 12, 4, 13, 13, 7, 15, 10, 4, 3, 12, 4, 8, 6, 11, 7, 12, 7, 2, 15 ], [ 22, 13, 11, 8, 10, 7, 6, 11, 22, 24, 16, 5, 11, 11, 7, 13, 3, 14, 6, 24, 14, 10, 17, 12, 16, 13, 17, 24, 12, 12, 21, 8, 9, 18, 21, 15, 3, 24, 18, 17, 14, 21, 8, 17, 19, 7, 21, 12, 16, 25, 20, 7, 18, 15, 25, 14, 8, 6, 18, 22, 18, 15, 16, 21, 17, 17, 24, 24, 18, 8, 14, 16, 20, 21, 14, 8, 24, 11, 19, 23, 7, 24, 24, 12, 9, 19, 12, 9, 4, 7, 0, 18, 20, 17, 16, 7, 10, 19, 10, 18, 19, 23, 18, 14, 19, 11, 12, 17, 9, 20, 20, 8, 22, 17, 10, 7, 15, 8, 15, 8, 18, 13, 17, 5, 6, 18 ], [ 4, 7, 12, 11, 9, 17, 15, 13, 11, 6, 3, 13, 13, 9, 15, 6, 16, 17, 14, 18, 4, 9, 2, 7, 4, 10, 19, 13, 21, 18, 6, 12, 21, 22, 15, 3, 16, 15, 6, 11, 5, 3, 10, 7, 6, 15, 8, 18, 2, 13, 4, 12, 9, 4, 15, 11, 17, 13, 2, 4, 3, 19, 15, 12, 4, 6, 15, 12, 13, 11, 7, 11, 10, 5, 19, 11, 16, 9, 13, 14, 18, 16, 14, 19, 13, 17, 19, 19, 16, 15, 18, 0, 4, 4, 7, 13, 11, 10, 8, 21, 21, 13, 14, 6, 13, 8, 14, 4, 11, 18, 14, 10, 11, 10, 17, 13, 4, 11, 17, 21, 19, 9, 7, 14, 15, 3 ], [ 3, 10, 12, 12, 11, 18, 16, 13, 8, 4, 5, 15, 12, 12, 16, 9, 17, 16, 17, 15, 7, 11, 3, 8, 4, 9, 18, 9, 21, 17, 2, 13, 21, 20, 12, 6, 18, 12, 4, 9, 6, 4, 13, 5, 3, 15, 5, 18, 4, 9, 1, 13, 6, 5, 12, 10, 17, 14, 6, 5, 2, 18, 14, 9, 8, 10, 12, 8, 11, 12, 10, 9, 7, 1, 18, 12, 13, 10, 11, 11, 18, 12, 11, 19, 16, 15, 19, 20, 18, 15, 20, 4, 0, 8, 11, 14, 15, 7, 11, 19, 19, 9, 11, 6, 11, 9, 14, 3, 11, 16, 11, 12, 8, 8, 17, 14, 6, 12, 15, 21, 17, 9, 5, 16, 16, 7 ], [ 8, 4, 13, 12, 7, 18, 15, 15, 15, 10, 5, 12, 15, 6, 16, 4, 15, 19, 12, 22, 4, 7, 5, 9, 7, 12, 22, 17, 23, 20, 10, 13, 22, 24, 18, 4, 14, 19, 10, 14, 6, 6, 9, 11, 9, 15, 12, 20, 4, 17, 8, 12, 12, 6, 19, 13, 17, 13, 2, 6, 7, 21, 18, 16, 0, 2, 19, 16, 17, 11, 4, 14, 14, 9, 21, 10, 20, 11, 17, 18, 18, 19, 18, 21, 10, 20, 21, 20, 16, 15, 17, 4, 8, 0, 4, 13, 8, 13, 7, 23, 24, 16, 17, 8, 16, 9, 16, 8, 11, 21, 17, 9, 15, 14, 18, 13, 4, 11, 19, 22, 21, 11, 10, 12, 15, 1 ], [ 11, 3, 14, 12, 6, 18, 15, 16, 18, 14, 8, 12, 16, 5, 16, 4, 14, 21, 10, 24, 6, 7, 8, 10, 10, 13, 23, 20, 23, 21, 13, 13, 22, 25, 21, 6, 13, 22, 13, 17, 8, 9, 8, 13, 12, 15, 16, 21, 7, 20, 11, 12, 15, 9, 22, 15, 18, 13, 6, 9, 10, 22, 20, 18, 3, 1, 22, 19, 19, 11, 3, 16, 16, 12, 22, 9, 23, 12, 19, 21, 18, 22, 21, 22, 8, 22, 22, 21, 16, 16, 16, 7, 11, 4, 0, 13, 6, 16, 7, 25, 25, 19, 19, 10, 19, 10, 18, 10, 12, 23, 20, 9, 18, 16, 19, 13, 6, 11, 21, 21, 23, 12, 13, 11, 15, 5 ], [ 17, 10, 4, 2, 7, 5, 2, 5, 16, 17, 10, 3, 5, 9, 3, 9, 5, 9, 7, 17, 9, 7, 11, 6, 10, 6, 12, 18, 10, 8, 14, 1, 9, 14, 15, 10, 6, 18, 12, 11, 8, 16, 5, 11, 12, 2, 15, 8, 11, 19, 14, 1, 11, 9, 19, 7, 5, 0, 13, 17, 12, 10, 10, 14, 13, 14, 18, 17, 11, 2, 10, 9, 14, 14, 10, 4, 17, 4, 13, 17, 5, 17, 18, 9, 9, 13, 9, 8, 4, 3, 7, 13, 14, 13, 13, 0, 10, 12, 6, 14, 15, 16, 11, 8, 12, 5, 7, 10, 2, 14, 14, 5, 15, 10, 6, 0, 10, 2, 10, 9, 13, 6, 11, 5, 2, 13 ], [ 16, 5, 13, 9, 4, 14, 11, 14, 20, 18, 10, 8, 14, 3, 12, 6, 9, 19, 5, 25, 7, 4, 11, 10, 12, 13, 21, 22, 20, 18, 16, 10, 18, 23, 22, 9, 7, 24, 15, 17, 9, 14, 5, 15, 15, 12, 18, 18, 10, 23, 15, 9, 16, 10, 24, 14, 14, 10, 10, 14, 13, 20, 19, 20, 8, 7, 24, 21, 19, 9, 5, 16, 18, 15, 20, 6, 24, 10, 20, 23, 14, 24, 23, 19, 2, 21, 19, 17, 11, 12, 10, 11, 15, 8, 6, 10, 0, 17, 5, 23, 24, 21, 19, 11, 19, 9, 16, 13, 10, 23, 20, 5, 20, 16, 16, 10, 8, 9, 19, 17, 22, 12, 15, 6, 11, 9 ], [ 10, 14, 8, 11, 13, 14, 13, 9, 4, 9, 8, 14, 8, 14, 13, 12, 16, 10, 17, 9, 10, 13, 8, 7, 6, 6, 11, 6, 16, 12, 5, 11, 16, 14, 5, 10, 18, 6, 3, 3, 8, 11, 13, 2, 4, 13, 4, 13, 9, 7, 6, 12, 1, 7, 7, 5, 13, 12, 11, 12, 7, 12, 8, 3, 13, 15, 7, 5, 5, 11, 14, 4, 2, 7, 13, 13, 7, 8, 4, 6, 15, 7, 6, 13, 18, 8, 14, 15, 16, 12, 19, 10, 7, 13, 16, 12, 17, 0, 12, 12, 12, 4, 5, 6, 4, 9, 9, 5, 10, 9, 4, 13, 3, 2, 12, 12, 10, 11, 9, 17, 10, 6, 3, 16, 13, 12 ], [ 12, 4, 8, 5, 1, 12, 9, 10, 15, 14, 6, 6, 10, 2, 9, 3, 8, 15, 6, 20, 4, 1, 7, 5, 7, 8, 17, 17, 16, 14, 12, 6, 15, 19, 17, 5, 8, 19, 10, 12, 5, 11, 2, 10, 10, 9, 13, 14, 7, 18, 11, 6, 11, 6, 19, 10, 11, 7, 7, 12, 8, 16, 14, 15, 7, 7, 19, 17, 14, 5, 4, 11, 13, 11, 16, 3, 19, 6, 15, 18, 12, 19, 18, 15, 6, 17, 15, 14, 9, 9, 10, 8, 11, 7, 7, 6, 5, 12, 0, 19, 19, 16, 14, 6, 14, 4, 11, 8, 5, 18, 15, 2, 15, 12, 13, 6, 5, 5, 15, 15, 17, 7, 10, 6, 8, 7 ], [ 22, 22, 11, 14, 19, 11, 13, 9, 14, 21, 18, 16, 9, 21, 12, 21, 17, 4, 21, 9, 19, 19, 19, 14, 17, 11, 2, 15, 8, 6, 17, 13, 10, 2, 9, 20, 19, 12, 15, 10, 17, 23, 18, 13, 16, 12, 16, 7, 19, 16, 18, 14, 13, 17, 14, 10, 11, 14, 22, 24, 18, 4, 5, 12, 23, 25, 13, 16, 8, 14, 22, 10, 13, 19, 4, 17, 11, 13, 9, 12, 11, 12, 14, 6, 23, 4, 7, 10, 15, 12, 18, 21, 19, 23, 25, 14, 23, 12, 19, 0, 1, 13, 8, 15, 9, 15, 7, 16, 13, 4, 9, 18, 13, 11, 8, 13, 19, 15, 4, 12, 2, 13, 14, 19, 13, 23 ], [ 22, 23, 11, 15, 20, 12, 14, 10, 14, 21, 19, 17, 10, 22, 13, 21, 18, 5, 22, 8, 20, 20, 19, 15, 17, 12, 3, 15, 9, 7, 17, 14, 11, 3, 9, 20, 20, 12, 15, 10, 17, 23, 19, 14, 16, 13, 16, 8, 19, 16, 18, 15, 13, 17, 13, 10, 12, 15, 22, 24, 18, 5, 6, 11, 24, 25, 12, 15, 8, 15, 23, 10, 13, 19, 5, 18, 10, 14, 9, 11, 13, 11, 13, 7, 24, 4, 8, 11, 16, 13, 19, 21, 19, 24, 25, 15, 24, 12, 19, 1, 0, 12, 8, 15, 9, 16, 8, 17, 14, 3, 9, 18, 13, 11, 9, 14, 20, 15, 5, 13, 2, 13, 14, 20, 14, 23 ], [ 12, 18, 12, 15, 17, 17, 17, 12, 2, 10, 12, 18, 12, 18, 16, 16, 20, 12, 21, 6, 14, 17, 11, 11, 10, 10, 12, 2, 18, 14, 7, 15, 19, 15, 4, 13, 22, 3, 7, 6, 12, 13, 18, 6, 7, 16, 4, 15, 12, 4, 9, 16, 5, 11, 3, 9, 16, 16, 15, 14, 10, 13, 9, 2, 17, 19, 3, 3, 6, 15, 18, 7, 3, 9, 14, 17, 4, 12, 4, 2, 18, 3, 2, 15, 22, 8, 16, 18, 19, 16, 23, 13, 9, 16, 19, 16, 21, 4, 16, 13, 12, 0, 6, 10, 5, 13, 11, 9, 14, 9, 4, 17, 1, 6, 15, 15, 14, 15, 11, 20, 11, 10, 7, 20, 17, 16 ], [ 14, 16, 7, 11, 15, 12, 12, 6, 7, 14, 12, 14, 6, 16, 11, 15, 16, 6, 18, 6, 13, 14, 12, 9, 10, 6, 7, 8, 12, 8, 10, 11, 13, 9, 4, 13, 17, 7, 8, 2, 11, 15, 14, 6, 9, 11, 8, 9, 12, 10, 11, 11, 5, 10, 8, 5, 11, 11, 15, 17, 11, 7, 3, 4, 17, 19, 7, 9, 0, 11, 17, 3, 6, 11, 8, 13, 6, 8, 2, 6, 12, 6, 7, 9, 19, 3, 10, 12, 14, 11, 18, 14, 11, 17, 19, 11, 19, 5, 14, 8, 8, 6, 0, 9, 1, 10, 6, 9, 10, 5, 2, 14, 6, 3, 9, 11, 13, 11, 5, 14, 6, 7, 7, 16, 12, 16 ], [ 9, 8, 6, 6, 7, 12, 9, 7, 9, 10, 3, 9, 7, 8, 9, 6, 11, 11, 11, 14, 5, 7, 4, 1, 2, 4, 13, 11, 15, 12, 7, 7, 15, 16, 11, 5, 12, 13, 4, 7, 2, 9, 7, 4, 5, 9, 8, 12, 4, 12, 6, 7, 5, 2, 13, 5, 11, 8, 7, 10, 4, 13, 10, 9, 9, 10, 13, 11, 8, 6, 8, 6, 7, 7, 13, 7, 13, 3, 9, 12, 12, 13, 12, 13, 12, 12, 13, 13, 11, 9, 14, 6, 6, 8, 10, 8, 11, 6, 6, 15, 15, 10, 9, 0, 8, 3, 8, 3, 5, 13, 10, 7, 9, 6, 11, 7, 5, 6, 11, 15, 13, 3, 4, 10, 9, 8 ], [ 14, 16, 8, 11, 15, 13, 13, 7, 6, 13, 11, 15, 7, 16, 12, 15, 17, 7, 18, 6, 13, 15, 11, 9, 9, 7, 8, 7, 13, 9, 9, 11, 14, 10, 3, 13, 18, 6, 7, 2, 10, 15, 15, 6, 8, 12, 7, 10, 12, 8, 10, 12, 4, 10, 7, 5, 12, 12, 15, 16, 10, 9, 5, 3, 17, 18, 6, 7, 1, 11, 16, 3, 5, 10, 10, 14, 5, 9, 1, 5, 13, 5, 6, 11, 19, 4, 11, 13, 15, 11, 19, 13, 11, 16, 19, 12, 19, 4, 14, 9, 9, 5, 1, 8, 0, 10, 7, 9, 10, 5, 1, 14, 5, 3, 11, 12, 13, 12, 6, 16, 7, 7, 6, 17, 13, 16 ], [ 11, 7, 5, 4, 5, 10, 7, 7, 12, 12, 5, 6, 6, 6, 7, 5, 9, 11, 9, 16, 4, 4, 6, 2, 5, 4, 13, 14, 14, 11, 9, 4, 13, 16, 13, 5, 9, 15, 7, 8, 3, 11, 5, 7, 8, 7, 10, 11, 6, 15, 9, 4, 8, 4, 16, 6, 9, 5, 8, 12, 7, 12, 10, 11, 9, 10, 15, 13, 10, 3, 7, 7, 10, 9, 13, 4, 15, 2, 11, 14, 10, 15, 15, 12, 9, 13, 12, 12, 9, 7, 11, 8, 9, 9, 10, 5, 9, 9, 4, 15, 16, 13, 10, 3, 10, 0, 8, 6, 3, 14, 12, 4, 12, 8, 10, 5, 5, 4, 11, 13, 14, 3, 7, 7, 7, 8 ], [ 17, 15, 3, 6, 12, 6, 6, 2, 12, 17, 12, 9, 2, 14, 5, 13, 11, 3, 14, 11, 12, 12, 13, 7, 11, 5, 6, 14, 7, 4, 13, 6, 8, 8, 9, 13, 13, 12, 10, 6, 10, 17, 11, 9, 11, 6, 12, 4, 13, 15, 13, 7, 8, 10, 14, 4, 5, 7, 15, 18, 12, 5, 3, 10, 17, 18, 13, 14, 6, 7, 15, 5, 10, 14, 5, 10, 12, 6, 8, 12, 7, 12, 13, 5, 15, 6, 5, 7, 9, 5, 12, 14, 14, 16, 18, 7, 16, 9, 11, 7, 8, 11, 6, 8, 7, 8, 0, 10, 6, 7, 8, 10, 11, 7, 4, 6, 13, 7, 4, 9, 6, 6, 9, 12, 7, 16 ], [ 6, 9, 8, 9, 9, 14, 12, 10, 8, 7, 3, 12, 9, 10, 12, 7, 14, 13, 14, 14, 5, 9, 3, 4, 1, 6, 15, 10, 18, 14, 4, 10, 17, 18, 11, 4, 15, 12, 2, 7, 3, 7, 10, 3, 2, 12, 5, 15, 3, 10, 3, 10, 5, 2, 12, 7, 13, 11, 6, 8, 2, 15, 11, 8, 8, 10, 12, 9, 9, 9, 9, 7, 6, 4, 15, 9, 12, 6, 9, 11, 15, 12, 11, 15, 14, 13, 16, 16, 14, 12, 17, 4, 3, 8, 10, 10, 13, 5, 8, 16, 17, 9, 9, 3, 9, 6, 10, 0, 8, 14, 10, 9, 8, 6, 14, 10, 5, 9, 13, 18, 14, 5, 3, 13, 12, 7 ], [ 14, 9, 3, 1, 6, 7, 4, 5, 13, 15, 8, 4, 4, 8, 5, 8, 7, 9, 8, 16, 7, 6, 9, 4, 7, 4, 12, 15, 11, 9, 12, 2, 10, 14, 13, 8, 8, 16, 9, 9, 6, 14, 5, 8, 10, 4, 12, 9, 9, 16, 11, 2, 9, 7, 17, 5, 6, 3, 11, 15, 9, 10, 9, 12, 11, 12, 16, 15, 10, 1, 9, 7, 11, 12, 11, 4, 16, 2, 11, 15, 7, 15, 16, 10, 9, 12, 10, 9, 6, 4, 9, 11, 11, 11, 12, 2, 10, 10, 5, 13, 14, 14, 10, 5, 10, 3, 6, 8, 0, 13, 12, 4, 13, 8, 7, 2, 8, 1, 10, 10, 12, 4, 8, 6, 4, 11 ], [ 19, 21, 10, 14, 18, 13, 14, 9, 10, 18, 16, 17, 9, 20, 13, 19, 18, 6, 21, 5, 18, 18, 16, 13, 14, 10, 4, 11, 11, 8, 14, 13, 13, 6, 6, 18, 20, 8, 12, 7, 15, 20, 18, 11, 13, 13, 12, 9, 17, 12, 15, 14, 10, 15, 10, 8, 12, 14, 20, 21, 15, 6, 4, 8, 21, 23, 9, 12, 5, 14, 21, 8, 10, 16, 7, 17, 7, 12, 6, 8, 13, 8, 10, 9, 23, 1, 9, 12, 16, 13, 20, 18, 16, 21, 23, 14, 23, 9, 18, 4, 3, 9, 5, 13, 5, 14, 7, 14, 13, 0, 5, 17, 10, 8, 10, 14, 18, 14, 4, 15, 2, 11, 12, 19, 14, 21 ], [ 14, 17, 9, 13, 16, 14, 14, 9, 5, 13, 12, 16, 9, 18, 13, 16, 18, 8, 20, 5, 14, 16, 12, 10, 10, 8, 8, 6, 15, 11, 9, 13, 16, 11, 1, 14, 20, 4, 8, 3, 12, 15, 16, 6, 8, 13, 7, 12, 13, 7, 11, 13, 5, 11, 6, 7, 13, 14, 16, 16, 11, 10, 6, 3, 18, 19, 5, 7, 3, 13, 18, 5, 5, 11, 11, 15, 4, 10, 1, 4, 15, 4, 5, 12, 21, 5, 12, 15, 17, 13, 20, 14, 11, 17, 20, 14, 20, 4, 15, 9, 9, 4, 2, 10, 1, 12, 8, 10, 12, 5, 0, 15, 4, 4, 12, 13, 14, 13, 7, 17, 7, 9, 7, 18, 14, 16 ], [ 14, 6, 7, 4, 2, 10, 6, 9, 16, 16, 8, 3, 9, 4, 7, 5, 6, 13, 5, 20, 6, 2, 9, 6, 8, 8, 16, 18, 15, 13, 13, 5, 13, 18, 17, 7, 6, 19, 11, 12, 6, 13, 1, 11, 11, 7, 15, 13, 8, 19, 12, 4, 12, 7, 20, 9, 9, 5, 10, 14, 10, 15, 13, 15, 9, 9, 19, 18, 14, 3, 6, 11, 14, 13, 15, 1, 19, 5, 15, 18, 10, 19, 19, 14, 5, 16, 13, 12, 7, 7, 8, 10, 12, 9, 9, 5, 5, 13, 2, 18, 18, 17, 14, 7, 14, 4, 10, 9, 4, 17, 15, 0, 16, 12, 11, 5, 7, 3, 14, 13, 16, 7, 11, 4, 6, 10 ], [ 10, 17, 12, 14, 16, 17, 16, 12, 1, 9, 11, 17, 11, 17, 16, 15, 20, 12, 21, 7, 13, 16, 10, 10, 9, 9, 13, 2, 18, 14, 6, 14, 19, 15, 4, 12, 21, 4, 6, 5, 11, 12, 17, 5, 6, 16, 3, 15, 11, 3, 8, 15, 4, 10, 4, 9, 16, 15, 13, 13, 9, 14, 10, 2, 16, 18, 4, 2, 6, 14, 17, 7, 2, 7, 15, 16, 5, 11, 4, 3, 18, 4, 3, 16, 21, 9, 16, 18, 19, 15, 22, 11, 8, 15, 18, 15, 20, 3, 15, 13, 13, 1, 6, 9, 5, 12, 11, 8, 13, 10, 4, 16, 0, 5, 15, 15, 13, 15, 11, 20, 11, 10, 6, 19, 17, 14 ], [ 11, 14, 6, 9, 12, 12, 11, 7, 5, 11, 8, 13, 6, 14, 11, 12, 15, 8, 16, 8, 10, 12, 9, 6, 7, 4, 9, 7, 14, 10, 7, 9, 14, 12, 5, 10, 16, 7, 5, 1, 8, 12, 12, 3, 5, 11, 6, 11, 9, 9, 8, 10, 2, 7, 8, 3, 11, 10, 12, 13, 7, 10, 6, 4, 14, 16, 8, 7, 3, 9, 14, 1, 4, 8, 11, 11, 7, 7, 3, 7, 13, 7, 7, 11, 17, 7, 12, 13, 14, 10, 17, 10, 8, 14, 16, 10, 16, 2, 12, 11, 11, 6, 3, 6, 3, 8, 7, 6, 8, 8, 4, 12, 5, 0, 10, 10, 10, 10, 7, 15, 9, 5, 4, 14, 12, 13 ], [ 20, 16, 5, 7, 13, 3, 5, 4, 16, 20, 14, 9, 5, 15, 4, 15, 9, 4, 13, 14, 14, 13, 15, 10, 13, 8, 7, 17, 4, 2, 16, 6, 4, 8, 13, 15, 11, 16, 14, 10, 12, 20, 11, 12, 14, 4, 16, 2, 15, 19, 17, 7, 12, 13, 18, 7, 2, 6, 18, 21, 15, 5, 7, 13, 19, 20, 16, 18, 9, 8, 16, 9, 14, 17, 4, 10, 15, 8, 11, 15, 3, 16, 17, 3, 15, 9, 3, 3, 7, 4, 10, 17, 17, 18, 19, 6, 16, 12, 13, 8, 9, 15, 9, 11, 11, 10, 4, 14, 7, 10, 12, 11, 15, 10, 0, 6, 15, 8, 6, 5, 8, 8, 13, 11, 5, 18 ], [ 16, 10, 4, 1, 7, 5, 2, 5, 15, 17, 10, 3, 5, 9, 3, 9, 5, 9, 7, 17, 9, 7, 11, 6, 10, 6, 12, 17, 10, 8, 14, 1, 9, 14, 14, 10, 6, 17, 11, 10, 8, 16, 5, 10, 12, 2, 14, 8, 11, 18, 13, 1, 11, 9, 18, 7, 5, 1, 13, 17, 11, 10, 10, 14, 13, 14, 18, 17, 11, 2, 10, 9, 13, 14, 10, 4, 17, 4, 13, 16, 5, 17, 17, 9, 9, 13, 9, 8, 4, 3, 7, 13, 14, 13, 13, 0, 10, 12, 6, 13, 14, 15, 11, 7, 12, 5, 6, 10, 2, 14, 13, 5, 15, 10, 6, 0, 10, 2, 10, 9, 12, 6, 10, 5, 2, 13 ], [ 8, 4, 10, 8, 5, 15, 12, 11, 12, 10, 2, 10, 11, 5, 12, 2, 12, 16, 11, 18, 1, 5, 3, 5, 4, 8, 18, 14, 19, 16, 8, 9, 18, 20, 15, 1, 12, 16, 7, 11, 3, 6, 7, 8, 7, 12, 10, 16, 2, 15, 7, 9, 9, 3, 17, 9, 14, 10, 3, 7, 4, 17, 14, 13, 4, 6, 16, 13, 13, 8, 4, 10, 11, 7, 18, 7, 17, 7, 13, 16, 15, 16, 16, 17, 10, 16, 17, 17, 13, 12, 15, 4, 6, 4, 6, 10, 8, 10, 5, 19, 20, 14, 13, 5, 13, 5, 13, 5, 8, 18, 14, 7, 13, 10, 15, 10, 0, 8, 15, 18, 18, 7, 7, 10, 12, 4 ], [ 15, 9, 4, 1, 5, 7, 4, 6, 15, 16, 8, 3, 6, 7, 4, 8, 5, 10, 7, 17, 7, 5, 10, 5, 8, 5, 13, 17, 12, 9, 13, 1, 10, 15, 15, 9, 6, 17, 11, 10, 6, 14, 4, 9, 11, 4, 14, 9, 9, 18, 12, 1, 10, 8, 18, 7, 6, 2, 11, 15, 10, 11, 10, 13, 11, 12, 17, 16, 11, 1, 9, 9, 13, 13, 12, 3, 17, 3, 13, 16, 7, 17, 17, 10, 8, 13, 10, 9, 5, 4, 8, 11, 12, 11, 11, 2, 9, 11, 5, 15, 15, 15, 11, 6, 12, 4, 7, 9, 1, 14, 13, 3, 15, 10, 8, 2, 8, 0, 11, 10, 13, 5, 10, 5, 4, 11 ], [ 18, 18, 7, 10, 15, 9, 10, 5, 12, 18, 14, 13, 5, 17, 9, 17, 14, 2, 17, 9, 15, 15, 15, 10, 13, 7, 2, 13, 8, 4, 14, 10, 9, 5, 8, 16, 16, 11, 12, 6, 13, 19, 14, 10, 12, 9, 13, 5, 15, 14, 15, 10, 9, 13, 13, 6, 8, 10, 18, 20, 14, 3, 2, 9, 19, 21, 11, 13, 5, 11, 18, 6, 10, 15, 4, 13, 10, 9, 7, 10, 9, 10, 12, 5, 19, 3, 6, 8, 12, 8, 15, 17, 15, 19, 21, 10, 19, 9, 15, 4, 5, 11, 5, 11, 6, 11, 4, 13, 10, 4, 7, 14, 11, 7, 6, 10, 15, 11, 0, 11, 3, 9, 11, 15, 10, 19 ], [ 24, 19, 10, 10, 15, 4, 7, 9, 21, 25, 18, 10, 9, 17, 6, 18, 9, 9, 13, 19, 18, 15, 20, 14, 18, 12, 11, 23, 4, 7, 21, 9, 2, 11, 18, 19, 11, 21, 19, 15, 16, 24, 13, 17, 19, 6, 21, 6, 19, 24, 21, 9, 17, 17, 23, 12, 5, 8, 21, 25, 19, 9, 12, 19, 22, 22, 22, 23, 14, 11, 19, 14, 19, 22, 8, 12, 20, 12, 17, 21, 3, 21, 22, 6, 16, 14, 5, 2, 6, 6, 8, 21, 21, 22, 21, 9, 17, 17, 15, 12, 13, 20, 14, 15, 16, 13, 9, 18, 10, 15, 17, 13, 20, 15, 5, 9, 18, 10, 11, 0, 12, 13, 17, 11, 6, 22 ], [ 20, 20, 9, 13, 18, 11, 12, 8, 12, 19, 16, 15, 8, 20, 11, 19, 17, 4, 20, 7, 18, 18, 17, 13, 15, 10, 2, 13, 9, 6, 15, 12, 11, 4, 8, 18, 19, 10, 13, 8, 15, 21, 17, 12, 14, 12, 14, 7, 17, 14, 16, 13, 11, 15, 12, 8, 10, 13, 20, 22, 16, 4, 3, 10, 22, 23, 11, 14, 6, 13, 21, 8, 11, 17, 4, 16, 9, 12, 7, 10, 11, 10, 12, 6, 22, 3, 7, 10, 14, 11, 18, 19, 17, 21, 23, 13, 22, 10, 17, 2, 2, 11, 6, 13, 7, 14, 6, 14, 12, 2, 7, 16, 11, 9, 8, 12, 18, 13, 3, 12, 0, 11, 12, 18, 12, 21 ], [ 12, 10, 3, 4, 7, 9, 7, 5, 10, 12, 6, 8, 4, 9, 7, 8, 10, 9, 11, 13, 7, 7, 7, 2, 5, 1, 11, 12, 13, 9, 8, 5, 12, 13, 10, 7, 11, 12, 6, 5, 4, 12, 7, 5, 6, 7, 9, 10, 7, 13, 8, 5, 5, 5, 13, 3, 8, 6, 10, 13, 7, 10, 7, 8, 11, 12, 13, 11, 7, 4, 10, 4, 8, 9, 11, 7, 12, 2, 8, 11, 10, 12, 12, 10, 12, 10, 11, 11, 10, 7, 13, 9, 9, 11, 12, 6, 12, 6, 7, 13, 13, 10, 7, 3, 7, 3, 6, 5, 4, 11, 9, 7, 10, 5, 8, 6, 7, 5, 9, 13, 11, 0, 5, 10, 8, 10 ], [ 8, 11, 8, 9, 10, 14, 12, 9, 6, 8, 5, 12, 8, 12, 12, 9, 15, 11, 15, 11, 8, 10, 5, 5, 3, 5, 13, 8, 17, 13, 4, 10, 17, 16, 8, 7, 16, 9, 1, 5, 5, 9, 11, 1, 2, 12, 4, 13, 6, 8, 4, 10, 2, 4, 10, 5, 13, 11, 8, 10, 4, 13, 9, 5, 11, 12, 9, 7, 7, 9, 11, 5, 4, 5, 14, 11, 10, 6, 6, 8, 14, 9, 9, 14, 15, 10, 14, 15, 15, 12, 17, 7, 5, 10, 13, 11, 15, 3, 10, 14, 14, 7, 7, 4, 6, 7, 9, 3, 8, 12, 7, 11, 6, 4, 13, 10, 7, 10, 11, 17, 12, 5, 0, 14, 12, 9 ], [ 18, 8, 9, 5, 5, 9, 6, 10, 19, 19, 11, 2, 10, 6, 7, 8, 3, 14, 2, 22, 9, 5, 13, 9, 12, 10, 17, 21, 14, 13, 17, 6, 12, 19, 19, 11, 2, 22, 15, 15, 10, 17, 3, 14, 15, 6, 18, 13, 12, 22, 16, 5, 15, 11, 23, 11, 9, 5, 13, 17, 13, 15, 15, 18, 12, 12, 22, 21, 16, 5, 9, 13, 17, 16, 15, 3, 22, 8, 17, 21, 9, 22, 22, 14, 5, 18, 13, 11, 5, 7, 5, 14, 16, 12, 11, 5, 6, 16, 6, 19, 20, 20, 16, 10, 17, 7, 12, 13, 6, 19, 18, 4, 19, 14, 11, 5, 10, 5, 15, 11, 18, 10, 14, 0, 6, 13 ], [ 19, 12, 5, 4, 9, 3, 0, 6, 17, 19, 12, 4, 6, 10, 1, 11, 4, 9, 8, 18, 11, 8, 13, 8, 12, 7, 12, 19, 8, 7, 16, 3, 7, 13, 16, 12, 6, 18, 14, 12, 10, 18, 7, 12, 14, 1, 16, 7, 13, 20, 16, 3, 13, 11, 20, 8, 3, 2, 15, 19, 14, 10, 10, 15, 15, 16, 19, 19, 12, 4, 12, 10, 15, 16, 9, 6, 18, 6, 14, 18, 3, 18, 19, 8, 10, 13, 8, 6, 2, 2, 6, 15, 16, 15, 15, 2, 11, 13, 8, 13, 14, 17, 12, 9, 13, 7, 7, 12, 4, 14, 14, 6, 17, 12, 5, 2, 12, 4, 10, 6, 12, 8, 12, 6, 0, 15 ], [ 7, 5, 13, 12, 8, 18, 15, 15, 14, 9, 4, 13, 14, 7, 16, 4, 15, 19, 13, 21, 4, 8, 4, 9, 6, 11, 21, 16, 22, 19, 9, 13, 22, 24, 17, 3, 15, 18, 9, 14, 6, 4, 10, 10, 8, 15, 11, 20, 4, 16, 7, 12, 11, 6, 18, 13, 17, 13, 1, 5, 6, 21, 17, 15, 1, 4, 18, 15, 16, 11, 5, 13, 13, 8, 21, 10, 19, 10, 16, 17, 18, 18, 17, 21, 11, 19, 21, 20, 16, 15, 18, 3, 7, 1, 5, 13, 9, 12, 7, 23, 23, 16, 16, 8, 16, 8, 16, 7, 11, 21, 16, 10, 14, 13, 18, 13, 4, 11, 19, 22, 21, 10, 9, 13, 15, 0 ] ]
}