{
  "version" : "0.3",
  "id" : 1926048107,
  "name" : "PTP-RAND-2_4_2_16",
  "coordType" : "Eucl",
  "sameVehicleBackward" : false,
  "maxWaitTime" : "00h30",
  "places" : [ {
    "id" : 0,
    "lat" : 4.995326937174866,
    "long" : -0.8438815119636697,
    "category" : 0
  }, {
    "id" : 1,
    "lat" : -11.392586126492175,
    "long" : -4.865190156132744,
    "category" : 0
  }, {
    "id" : 2,
    "lat" : 2.819078320230245,
    "long" : -4.913458314897354,
    "category" : 0
  }, {
    "id" : 3,
    "lat" : -8.872782645497189,
    "long" : -5.144086466843911,
    "category" : 0
  }, {
    "id" : 4,
    "lat" : 1.9696027712967237,
    "long" : 4.402249987453549,
    "category" : 1
  }, {
    "id" : 5,
    "lat" : 12.226441426978726,
    "long" : -3.6015740536796508,
    "category" : 2
  }, {
    "id" : 6,
    "lat" : 8.196297517238676,
    "long" : -0.04109454450662739,
    "category" : 2
  }, {
    "id" : 7,
    "lat" : 1.1137791001557298,
    "long" : -12.177679908386024,
    "category" : 2
  }, {
    "id" : 8,
    "lat" : -2.779418719577584,
    "long" : 10.854313695743606,
    "category" : 2
  }, {
    "id" : 9,
    "lat" : -11.570713174049775,
    "long" : 2.153257587627838,
    "category" : 2
  }, {
    "id" : 10,
    "lat" : 8.548985336412295,
    "long" : 8.135964807234759,
    "category" : 2
  }, {
    "id" : 11,
    "lat" : -8.853926873816611,
    "long" : 1.1909315300560586,
    "category" : 2
  }, {
    "id" : 12,
    "lat" : 4.343287352970202,
    "long" : 3.2572247141809565,
    "category" : 2
  }, {
    "id" : 13,
    "lat" : 8.184907681547902,
    "long" : -9.942257967181103,
    "category" : 2
  }, {
    "id" : 14,
    "lat" : 6.126141658456529,
    "long" : -5.988637069723069,
    "category" : 2
  }, {
    "id" : 15,
    "lat" : -7.8465716949744415,
    "long" : 5.2344609601973575,
    "category" : 2
  }, {
    "id" : 16,
    "lat" : -2.5111745941434886,
    "long" : 10.492101502679095,
    "category" : 2
  }, {
    "id" : 17,
    "lat" : -5.688769704566829,
    "long" : -8.078683025597643,
    "category" : 2
  }, {
    "id" : 18,
    "lat" : 0.8026388097858324,
    "long" : 7.869174592581235,
    "category" : 2
  }, {
    "id" : 19,
    "lat" : -5.559557960310749,
    "long" : -7.844464311674529,
    "category" : 2
  }, {
    "id" : 20,
    "lat" : 4.1083650141029295,
    "long" : -8.016671123822373,
    "category" : 2
  }, {
    "id" : 21,
    "lat" : 5.293250060936194,
    "long" : 0.5200363916253462,
    "category" : 2
  }, {
    "id" : 22,
    "lat" : 1.8983287119265535,
    "long" : -9.975758705763015,
    "category" : 2
  } ],
  "vehicles" : [ {
    "id" : 23,
    "canTake" : [ 0 ],
    "start" : 4,
    "end" : 4,
    "capacity" : 6,
    "availability" : [ "07h00:20h00" ]
  }, {
    "id" : 24,
    "canTake" : [ 0 ],
    "start" : 4,
    "end" : 4,
    "capacity" : 6,
    "availability" : [ "07h00:20h00" ]
  } ],
  "patients" : [ {
    "id" : 25,
    "category" : 0,
    "load" : 2,
    "start" : 5,
    "destination" : 0,
    "end" : 5,
    "rdvTime" : "12h17",
    "rdvDuration" : "01h57",
    "srvDuration" : "00h01"
  }, {
    "id" : 26,
    "category" : 0,
    "load" : 2,
    "start" : 6,
    "destination" : 1,
    "end" : -1,
    "rdvTime" : "15h09",
    "rdvDuration" : "01h49",
    "srvDuration" : "00h01"
  }, {
    "id" : 27,
    "category" : 0,
    "load" : 2,
    "start" : 7,
    "destination" : 2,
    "end" : 7,
    "rdvTime" : "13h31",
    "rdvDuration" : "02h42",
    "srvDuration" : "00h02"
  }, {
    "id" : 28,
    "category" : 0,
    "load" : 2,
    "start" : 8,
    "destination" : 3,
    "end" : 8,
    "rdvTime" : "11h24",
    "rdvDuration" : "00h55",
    "srvDuration" : "00h01"
  }, {
    "id" : 29,
    "category" : 0,
    "load" : 2,
    "start" : 9,
    "destination" : 3,
    "end" : 10,
    "rdvTime" : "12h15",
    "rdvDuration" : "02h32",
    "srvDuration" : "00h01"
  }, {
    "id" : 30,
    "category" : 0,
    "load" : 1,
    "start" : 11,
    "destination" : 3,
    "end" : 11,
    "rdvTime" : "08h28",
    "rdvDuration" : "01h24",
    "srvDuration" : "00h02"
  }, {
    "id" : 31,
    "category" : 0,
    "load" : 2,
    "start" : 12,
    "destination" : 0,
    "end" : 12,
    "rdvTime" : "11h45",
    "rdvDuration" : "01h05",
    "srvDuration" : "00h02"
  }, {
    "id" : 32,
    "category" : 0,
    "load" : 1,
    "start" : 13,
    "destination" : 1,
    "end" : -1,
    "rdvTime" : "13h49",
    "rdvDuration" : "01h05",
    "srvDuration" : "00h01"
  }, {
    "id" : 33,
    "category" : 0,
    "load" : 1,
    "start" : 14,
    "destination" : 0,
    "end" : 14,
    "rdvTime" : "08h40",
    "rdvDuration" : "01h11",
    "srvDuration" : "00h02"
  }, {
    "id" : 34,
    "category" : 0,
    "load" : 1,
    "start" : 15,
    "destination" : 3,
    "end" : 16,
    "rdvTime" : "13h19",
    "rdvDuration" : "01h10",
    "srvDuration" : "00h01"
  }, {
    "id" : 35,
    "category" : 0,
    "load" : 1,
    "start" : 17,
    "destination" : 1,
    "end" : 17,
    "rdvTime" : "08h14",
    "rdvDuration" : "00h30",
    "srvDuration" : "00h01"
  }, {
    "id" : 36,
    "category" : 0,
    "load" : 2,
    "start" : 18,
    "destination" : 1,
    "end" : 18,
    "rdvTime" : "10h35",
    "rdvDuration" : "02h20",
    "srvDuration" : "00h01"
  }, {
    "id" : 37,
    "category" : 0,
    "load" : 1,
    "start" : 19,
    "destination" : 1,
    "end" : 19,
    "rdvTime" : "11h20",
    "rdvDuration" : "01h08",
    "srvDuration" : "00h01"
  }, {
    "id" : 38,
    "category" : 0,
    "load" : 2,
    "start" : 20,
    "destination" : 1,
    "end" : 20,
    "rdvTime" : "10h52",
    "rdvDuration" : "01h31",
    "srvDuration" : "00h01"
  }, {
    "id" : 39,
    "category" : 0,
    "load" : 2,
    "start" : -1,
    "destination" : 3,
    "end" : 21,
    "rdvTime" : "13h56",
    "rdvDuration" : "01h13",
    "srvDuration" : "00h02"
  }, {
    "id" : 40,
    "category" : 0,
    "load" : 2,
    "start" : 22,
    "destination" : 1,
    "end" : 22,
    "rdvTime" : "12h52",
    "rdvDuration" : "01h05",
    "srvDuration" : "00h01"
  } ],
  "distMatrix" : [ [ 0, 17, 5, 15, 6, 8, 3, 12, 14, 17, 10, 14, 4, 10, 5, 14, 14, 13, 10, 13, 7, 1, 10 ], [ 17, 0, 14, 3, 16, 24, 20, 14, 18, 7, 24, 7, 18, 20, 18, 11, 18, 7, 18, 7, 16, 18, 14 ], [ 5, 14, 0, 12, 9, 9, 7, 7, 17, 16, 14, 13, 8, 7, 3, 15, 16, 9, 13, 9, 3, 6, 5 ], [ 15, 3, 12, 0, 14, 21, 18, 12, 17, 8, 22, 6, 16, 18, 15, 10, 17, 4, 16, 4, 13, 15, 12 ], [ 6, 16, 9, 14, 0, 13, 8, 17, 8, 14, 8, 11, 3, 16, 11, 10, 8, 15, 4, 14, 13, 5, 14 ], [ 8, 24, 9, 21, 13, 0, 5, 14, 21, 24, 12, 22, 10, 8, 7, 22, 20, 18, 16, 18, 9, 8, 12 ], [ 3, 20, 7, 18, 8, 5, 0, 14, 15, 20, 8, 17, 5, 10, 6, 17, 15, 16, 11, 16, 9, 3, 12 ], [ 12, 14, 7, 12, 17, 14, 14, 0, 23, 19, 22, 17, 16, 7, 8, 20, 23, 8, 20, 8, 5, 13, 2 ], [ 14, 18, 17, 17, 8, 21, 15, 23, 0, 12, 12, 11, 10, 24, 19, 8, 0, 19, 5, 19, 20, 13, 21 ], [ 17, 7, 16, 8, 14, 24, 20, 19, 12, 0, 21, 3, 16, 23, 19, 5, 12, 12, 14, 12, 19, 17, 18 ], [ 10, 24, 14, 22, 8, 12, 8, 22, 12, 21, 0, 19, 6, 18, 14, 17, 11, 22, 8, 21, 17, 8, 19 ], [ 14, 7, 13, 6, 11, 22, 17, 17, 11, 3, 19, 0, 13, 20, 17, 4, 11, 10, 12, 10, 16, 14, 16 ], [ 4, 18, 8, 16, 3, 10, 5, 16, 10, 16, 6, 13, 0, 14, 9, 12, 10, 15, 6, 15, 11, 3, 13 ], [ 10, 20, 7, 18, 16, 8, 10, 7, 24, 23, 18, 20, 14, 0, 4, 22, 23, 14, 19, 14, 5, 11, 6 ], [ 5, 18, 3, 15, 11, 7, 6, 8, 19, 19, 14, 17, 9, 4, 0, 18, 19, 12, 15, 12, 3, 7, 6 ], [ 14, 11, 15, 10, 10, 22, 17, 20, 8, 5, 17, 4, 12, 22, 18, 0, 7, 13, 9, 13, 18, 14, 18 ], [ 14, 18, 16, 17, 8, 20, 15, 23, 0, 12, 11, 11, 10, 23, 19, 7, 0, 19, 4, 19, 20, 13, 21 ], [ 13, 7, 9, 4, 15, 18, 16, 8, 19, 12, 22, 10, 15, 14, 12, 13, 19, 0, 17, 0, 10, 14, 8 ], [ 10, 18, 13, 16, 4, 16, 11, 20, 5, 14, 8, 12, 6, 19, 15, 9, 4, 17, 0, 17, 16, 9, 18 ], [ 13, 7, 9, 4, 14, 18, 16, 8, 19, 12, 21, 10, 15, 14, 12, 13, 19, 0, 17, 0, 10, 14, 8 ], [ 7, 16, 3, 13, 13, 9, 9, 5, 20, 19, 17, 16, 11, 5, 3, 18, 20, 10, 16, 10, 0, 9, 3 ], [ 1, 18, 6, 15, 5, 8, 3, 13, 13, 17, 8, 14, 3, 11, 7, 14, 13, 14, 9, 14, 9, 0, 11 ], [ 10, 14, 5, 12, 14, 12, 12, 2, 21, 18, 19, 16, 13, 6, 6, 18, 21, 8, 18, 8, 3, 11, 0 ] ]
}