{
  "version" : "0.3",
  "id" : 1093661763,
  "name" : "PTP-RAND-1_8_4_32",
  "coordType" : "Eucl",
  "sameVehicleBackward" : false,
  "maxWaitTime" : "00h30",
  "places" : [ {
    "id" : 0,
    "lat" : -9.264352242519065,
    "long" : -0.5248769076950817,
    "category" : 0
  }, {
    "id" : 1,
    "lat" : -3.2970675789010406,
    "long" : -8.1322943598645,
    "category" : 0
  }, {
    "id" : 2,
    "lat" : -1.6651409621736621,
    "long" : -5.7524391797015,
    "category" : 0
  }, {
    "id" : 3,
    "lat" : 3.541680691312232,
    "long" : 8.641700073517296,
    "category" : 0
  }, {
    "id" : 4,
    "lat" : -0.3346263196193408,
    "long" : -7.135354067974062,
    "category" : 0
  }, {
    "id" : 5,
    "lat" : -2.5524663611825607,
    "long" : 4.708906520521231,
    "category" : 0
  }, {
    "id" : 6,
    "lat" : -5.381768719923415,
    "long" : 2.3535280628888215,
    "category" : 0
  }, {
    "id" : 7,
    "lat" : 6.733176177271215,
    "long" : -1.4657893349555369,
    "category" : 0
  }, {
    "id" : 8,
    "lat" : -0.2552797300898869,
    "long" : 8.125865994657008,
    "category" : 1
  }, {
    "id" : 9,
    "lat" : 0.15190961655023763,
    "long" : 3.187587052193258,
    "category" : 2
  }, {
    "id" : 10,
    "lat" : -4.471277056594469,
    "long" : -8.63024153875049,
    "category" : 2
  }, {
    "id" : 11,
    "lat" : -0.3104582919544318,
    "long" : 0.1710716345441477,
    "category" : 2
  }, {
    "id" : 12,
    "lat" : -4.966046006987584,
    "long" : -0.30883982669569315,
    "category" : 2
  }, {
    "id" : 13,
    "lat" : -5.922260982067052,
    "long" : 2.255177326500533,
    "category" : 2
  }, {
    "id" : 14,
    "lat" : -8.791603453312279,
    "long" : -2.404357267594096,
    "category" : 2
  }, {
    "id" : 15,
    "lat" : -8.465269298463388,
    "long" : -4.685982823430615,
    "category" : 2
  }, {
    "id" : 16,
    "lat" : 6.846439122046703,
    "long" : -6.424301396365251,
    "category" : 2
  }, {
    "id" : 17,
    "lat" : -6.9634062674978905,
    "long" : -1.164314566073171,
    "category" : 2
  }, {
    "id" : 18,
    "lat" : -6.483124981828008,
    "long" : -6.7616584352931,
    "category" : 2
  }, {
    "id" : 19,
    "lat" : -5.939835840417068,
    "long" : 3.40846065395625,
    "category" : 2
  }, {
    "id" : 20,
    "lat" : 4.148951397638732,
    "long" : 6.726458485835566,
    "category" : 2
  }, {
    "id" : 21,
    "lat" : -0.3311592233150043,
    "long" : 2.812711914207175,
    "category" : 2
  }, {
    "id" : 22,
    "lat" : -8.790389169999207,
    "long" : -1.020437003133242,
    "category" : 2
  }, {
    "id" : 23,
    "lat" : 3.383307001165129,
    "long" : -6.718998418327831,
    "category" : 2
  }, {
    "id" : 24,
    "lat" : -4.889495908270699,
    "long" : -7.68020436298595,
    "category" : 2
  }, {
    "id" : 25,
    "lat" : -3.55199774725473,
    "long" : -2.552323827183174,
    "category" : 2
  }, {
    "id" : 26,
    "lat" : -3.510112705915858,
    "long" : 2.8160592328564467,
    "category" : 2
  }, {
    "id" : 27,
    "lat" : -0.2920974773352502,
    "long" : 6.314960782190054,
    "category" : 2
  }, {
    "id" : 28,
    "lat" : -7.689939448073174,
    "long" : -4.536983044982326,
    "category" : 2
  }, {
    "id" : 29,
    "lat" : -3.6118923995621213,
    "long" : 0.9650802826259085,
    "category" : 2
  }, {
    "id" : 30,
    "lat" : -5.16755737247504,
    "long" : -6.063358258898832,
    "category" : 2
  }, {
    "id" : 31,
    "lat" : -6.755080122869818,
    "long" : -3.893492704102478,
    "category" : 2
  }, {
    "id" : 32,
    "lat" : -2.0400427655689946,
    "long" : 7.539078058638818,
    "category" : 2
  }, {
    "id" : 33,
    "lat" : 0.6611964758746547,
    "long" : -3.8007842392950875,
    "category" : 2
  }, {
    "id" : 34,
    "lat" : -8.06575256530258,
    "long" : 1.6346608057962797,
    "category" : 2
  }, {
    "id" : 35,
    "lat" : -1.9972955485269046,
    "long" : -3.097520329814648,
    "category" : 2
  }, {
    "id" : 36,
    "lat" : -0.9539558383349819,
    "long" : -1.09623755968987,
    "category" : 2
  }, {
    "id" : 37,
    "lat" : -3.863071062807907,
    "long" : -5.784199057250013,
    "category" : 2
  }, {
    "id" : 38,
    "lat" : -1.0934369388191627,
    "long" : -1.3124696524709838,
    "category" : 2
  }, {
    "id" : 39,
    "lat" : 4.673936118000814,
    "long" : 2.317440607728061,
    "category" : 2
  }, {
    "id" : 40,
    "lat" : -2.3212741062976923,
    "long" : 5.064219794492359,
    "category" : 2
  }, {
    "id" : 41,
    "lat" : -1.666598115756926,
    "long" : 6.484104080957336,
    "category" : 2
  }, {
    "id" : 42,
    "lat" : -3.3674250199547826,
    "long" : -3.965777047316021,
    "category" : 2
  }, {
    "id" : 43,
    "lat" : -0.05868874107663842,
    "long" : 2.0151619702477834,
    "category" : 2
  } ],
  "vehicles" : [ {
    "id" : 44,
    "canTake" : [ 0 ],
    "start" : 8,
    "end" : 8,
    "capacity" : 6,
    "availability" : [ "07h00:20h00" ]
  }, {
    "id" : 45,
    "canTake" : [ 0 ],
    "start" : 8,
    "end" : 8,
    "capacity" : 6,
    "availability" : [ "07h00:20h00" ]
  }, {
    "id" : 46,
    "canTake" : [ 0 ],
    "start" : 8,
    "end" : 8,
    "capacity" : 6,
    "availability" : [ "07h00:20h00" ]
  }, {
    "id" : 47,
    "canTake" : [ 0 ],
    "start" : 8,
    "end" : 8,
    "capacity" : 6,
    "availability" : [ "07h00:20h00" ]
  } ],
  "patients" : [ {
    "id" : 48,
    "category" : 0,
    "load" : 1,
    "start" : 9,
    "destination" : 0,
    "end" : -1,
    "rdvTime" : "12h01",
    "rdvDuration" : "01h31",
    "srvDuration" : "00h05"
  }, {
    "id" : 49,
    "category" : 0,
    "load" : 2,
    "start" : 10,
    "destination" : 1,
    "end" : -1,
    "rdvTime" : "11h42",
    "rdvDuration" : "00h52",
    "srvDuration" : "00h02"
  }, {
    "id" : 50,
    "category" : 0,
    "load" : 1,
    "start" : 11,
    "destination" : 2,
    "end" : 11,
    "rdvTime" : "08h33",
    "rdvDuration" : "00h21",
    "srvDuration" : "00h03"
  }, {
    "id" : 51,
    "category" : 0,
    "load" : 1,
    "start" : 12,
    "destination" : 3,
    "end" : 12,
    "rdvTime" : "11h29",
    "rdvDuration" : "02h33",
    "srvDuration" : "00h05"
  }, {
    "id" : 52,
    "category" : 0,
    "load" : 2,
    "start" : -1,
    "destination" : 4,
    "end" : 13,
    "rdvTime" : "15h55",
    "rdvDuration" : "01h03",
    "srvDuration" : "00h02"
  }, {
    "id" : 53,
    "category" : 0,
    "load" : 1,
    "start" : 14,
    "destination" : 5,
    "end" : 14,
    "rdvTime" : "12h37",
    "rdvDuration" : "02h56",
    "srvDuration" : "00h01"
  }, {
    "id" : 54,
    "category" : 0,
    "load" : 2,
    "start" : 15,
    "destination" : 6,
    "end" : 15,
    "rdvTime" : "15h54",
    "rdvDuration" : "01h11",
    "srvDuration" : "00h04"
  }, {
    "id" : 55,
    "category" : 0,
    "load" : 1,
    "start" : -1,
    "destination" : 7,
    "end" : 16,
    "rdvTime" : "11h57",
    "rdvDuration" : "02h26",
    "srvDuration" : "00h01"
  }, {
    "id" : 56,
    "category" : 0,
    "load" : 1,
    "start" : 17,
    "destination" : 5,
    "end" : 17,
    "rdvTime" : "11h26",
    "rdvDuration" : "00h29",
    "srvDuration" : "00h02"
  }, {
    "id" : 57,
    "category" : 0,
    "load" : 2,
    "start" : 18,
    "destination" : 2,
    "end" : 18,
    "rdvTime" : "09h34",
    "rdvDuration" : "02h30",
    "srvDuration" : "00h01"
  }, {
    "id" : 58,
    "category" : 0,
    "load" : 1,
    "start" : 19,
    "destination" : 0,
    "end" : 19,
    "rdvTime" : "14h49",
    "rdvDuration" : "00h23",
    "srvDuration" : "00h03"
  }, {
    "id" : 59,
    "category" : 0,
    "load" : 2,
    "start" : 20,
    "destination" : 4,
    "end" : 20,
    "rdvTime" : "10h04",
    "rdvDuration" : "01h25",
    "srvDuration" : "00h01"
  }, {
    "id" : 60,
    "category" : 0,
    "load" : 2,
    "start" : 21,
    "destination" : 5,
    "end" : -1,
    "rdvTime" : "14h17",
    "rdvDuration" : "02h38",
    "srvDuration" : "00h01"
  }, {
    "id" : 61,
    "category" : 0,
    "load" : 1,
    "start" : 22,
    "destination" : 3,
    "end" : 22,
    "rdvTime" : "14h09",
    "rdvDuration" : "02h52",
    "srvDuration" : "00h03"
  }, {
    "id" : 62,
    "category" : 0,
    "load" : 2,
    "start" : 23,
    "destination" : 0,
    "end" : 24,
    "rdvTime" : "09h05",
    "rdvDuration" : "01h23",
    "srvDuration" : "00h03"
  }, {
    "id" : 63,
    "category" : 0,
    "load" : 1,
    "start" : 25,
    "destination" : 3,
    "end" : 25,
    "rdvTime" : "08h10",
    "rdvDuration" : "02h35",
    "srvDuration" : "00h03"
  }, {
    "id" : 64,
    "category" : 0,
    "load" : 1,
    "start" : 26,
    "destination" : 1,
    "end" : 26,
    "rdvTime" : "12h33",
    "rdvDuration" : "01h22",
    "srvDuration" : "00h05"
  }, {
    "id" : 65,
    "category" : 0,
    "load" : 1,
    "start" : 27,
    "destination" : 4,
    "end" : 27,
    "rdvTime" : "08h13",
    "rdvDuration" : "02h05",
    "srvDuration" : "00h03"
  }, {
    "id" : 66,
    "category" : 0,
    "load" : 1,
    "start" : -1,
    "destination" : 2,
    "end" : 28,
    "rdvTime" : "10h09",
    "rdvDuration" : "00h48",
    "srvDuration" : "00h01"
  }, {
    "id" : 67,
    "category" : 0,
    "load" : 2,
    "start" : 29,
    "destination" : 5,
    "end" : 30,
    "rdvTime" : "13h35",
    "rdvDuration" : "02h35",
    "srvDuration" : "00h04"
  }, {
    "id" : 68,
    "category" : 0,
    "load" : 1,
    "start" : 31,
    "destination" : 4,
    "end" : 31,
    "rdvTime" : "15h00",
    "rdvDuration" : "02h19",
    "srvDuration" : "00h01"
  }, {
    "id" : 69,
    "category" : 0,
    "load" : 1,
    "start" : 32,
    "destination" : 4,
    "end" : -1,
    "rdvTime" : "15h39",
    "rdvDuration" : "01h51",
    "srvDuration" : "00h04"
  }, {
    "id" : 70,
    "category" : 0,
    "load" : 2,
    "start" : 33,
    "destination" : 6,
    "end" : -1,
    "rdvTime" : "08h10",
    "rdvDuration" : "02h39",
    "srvDuration" : "00h04"
  }, {
    "id" : 71,
    "category" : 0,
    "load" : 2,
    "start" : 34,
    "destination" : 2,
    "end" : 34,
    "rdvTime" : "08h05",
    "rdvDuration" : "00h34",
    "srvDuration" : "00h01"
  }, {
    "id" : 72,
    "category" : 0,
    "load" : 1,
    "start" : 35,
    "destination" : 1,
    "end" : 35,
    "rdvTime" : "12h54",
    "rdvDuration" : "01h29",
    "srvDuration" : "00h01"
  }, {
    "id" : 73,
    "category" : 0,
    "load" : 1,
    "start" : 36,
    "destination" : 3,
    "end" : 36,
    "rdvTime" : "12h09",
    "rdvDuration" : "01h00",
    "srvDuration" : "00h01"
  }, {
    "id" : 74,
    "category" : 0,
    "load" : 1,
    "start" : 37,
    "destination" : 3,
    "end" : -1,
    "rdvTime" : "11h06",
    "rdvDuration" : "00h44",
    "srvDuration" : "00h02"
  }, {
    "id" : 75,
    "category" : 0,
    "load" : 1,
    "start" : 38,
    "destination" : 2,
    "end" : -1,
    "rdvTime" : "10h38",
    "rdvDuration" : "02h50",
    "srvDuration" : "00h03"
  }, {
    "id" : 76,
    "category" : 0,
    "load" : 1,
    "start" : 39,
    "destination" : 4,
    "end" : 39,
    "rdvTime" : "15h57",
    "rdvDuration" : "02h25",
    "srvDuration" : "00h04"
  }, {
    "id" : 77,
    "category" : 0,
    "load" : 2,
    "start" : 40,
    "destination" : 3,
    "end" : 40,
    "rdvTime" : "09h17",
    "rdvDuration" : "01h38",
    "srvDuration" : "00h05"
  }, {
    "id" : 78,
    "category" : 0,
    "load" : 1,
    "start" : 41,
    "destination" : 5,
    "end" : 42,
    "rdvTime" : "09h00",
    "rdvDuration" : "02h41",
    "srvDuration" : "00h05"
  }, {
    "id" : 79,
    "category" : 0,
    "load" : 1,
    "start" : -1,
    "destination" : 3,
    "end" : 43,
    "rdvTime" : "09h37",
    "rdvDuration" : "02h37",
    "srvDuration" : "00h02"
  } ],
  "distMatrix" : [ [ 0, 10, 9, 16, 11, 9, 5, 16, 12, 10, 9, 9, 4, 4, 2, 4, 17, 2, 7, 5, 15, 10, 1, 14, 8, 6, 7, 11, 4, 6, 7, 4, 11, 10, 2, 8, 8, 8, 8, 14, 9, 10, 7, 10 ], [ 10, 0, 3, 18, 3, 13, 11, 12, 17, 12, 1, 9, 8, 11, 8, 6, 10, 8, 3, 12, 17, 11, 9, 7, 2, 6, 11, 15, 6, 9, 3, 5, 16, 6, 11, 5, 7, 2, 7, 13, 13, 15, 4, 11 ], [ 9, 3, 0, 15, 2, 10, 9, 9, 14, 9, 4, 6, 6, 9, 8, 7, 9, 7, 5, 10, 14, 9, 9, 5, 4, 4, 9, 12, 6, 7, 4, 5, 13, 3, 10, 3, 5, 2, 4, 10, 11, 12, 2, 8 ], [ 16, 18, 15, 0, 16, 7, 11, 11, 4, 6, 19, 9, 12, 11, 17, 18, 15, 14, 18, 11, 2, 7, 16, 15, 18, 13, 9, 4, 17, 10, 17, 16, 6, 13, 14, 13, 11, 16, 11, 6, 7, 6, 14, 8 ], [ 11, 3, 2, 16, 0, 12, 11, 9, 15, 10, 4, 7, 8, 11, 10, 8, 7, 9, 6, 12, 15, 10, 10, 4, 5, 6, 10, 13, 8, 9, 5, 7, 15, 3, 12, 4, 6, 4, 6, 11, 12, 14, 4, 9 ], [ 9, 13, 10, 7, 12, 0, 4, 11, 4, 3, 13, 5, 6, 4, 9, 11, 15, 7, 12, 4, 7, 3, 8, 13, 13, 7, 2, 3, 11, 4, 11, 10, 3, 9, 6, 8, 6, 11, 6, 8, 0, 2, 9, 4 ], [ 5, 11, 9, 11, 11, 4, 0, 13, 8, 6, 11, 6, 3, 1, 6, 8, 15, 4, 9, 1, 10, 5, 5, 13, 10, 5, 2, 6, 7, 2, 8, 6, 6, 9, 3, 6, 6, 8, 6, 10, 4, 6, 7, 5 ], [ 16, 12, 9, 11, 9, 11, 13, 0, 12, 8, 13, 7, 12, 13, 16, 16, 5, 14, 14, 14, 9, 8, 16, 6, 13, 10, 11, 10, 15, 11, 13, 14, 13, 7, 15, 9, 8, 11, 8, 4, 11, 12, 10, 8 ], [ 12, 17, 14, 4, 15, 4, 8, 12, 0, 5, 17, 8, 10, 8, 14, 15, 16, 11, 16, 7, 5, 5, 13, 15, 16, 11, 6, 2, 15, 8, 15, 14, 2, 12, 10, 11, 9, 14, 9, 8, 4, 2, 12, 6 ], [ 10, 12, 9, 6, 10, 3, 6, 8, 5, 0, 13, 3, 6, 6, 11, 12, 12, 8, 12, 6, 5, 1, 10, 10, 12, 7, 4, 3, 11, 4, 11, 10, 5, 7, 8, 7, 4, 10, 5, 5, 3, 4, 8, 1 ], [ 9, 1, 4, 19, 4, 13, 11, 13, 17, 13, 0, 10, 8, 11, 8, 6, 12, 8, 3, 12, 18, 12, 9, 8, 1, 6, 11, 16, 5, 10, 3, 5, 16, 7, 11, 6, 8, 3, 8, 14, 14, 15, 5, 12 ], [ 9, 9, 6, 9, 7, 5, 6, 7, 8, 3, 10, 0, 5, 6, 9, 9, 10, 7, 9, 6, 8, 3, 9, 8, 9, 4, 4, 6, 9, 3, 8, 8, 8, 4, 8, 4, 1, 7, 2, 5, 5, 6, 5, 2 ], [ 4, 8, 6, 12, 8, 6, 3, 12, 10, 6, 8, 5, 0, 3, 4, 6, 13, 2, 7, 4, 12, 6, 4, 11, 7, 3, 3, 8, 5, 2, 6, 4, 8, 7, 4, 4, 4, 6, 4, 10, 6, 8, 4, 5 ], [ 4, 11, 9, 11, 11, 4, 1, 13, 8, 6, 11, 6, 3, 0, 5, 7, 15, 4, 9, 1, 11, 6, 4, 13, 10, 5, 2, 7, 7, 3, 8, 6, 7, 9, 2, 7, 6, 8, 6, 11, 5, 6, 7, 6 ], [ 2, 8, 8, 17, 10, 9, 6, 16, 14, 11, 8, 9, 4, 5, 0, 2, 16, 2, 5, 6, 16, 10, 1, 13, 7, 5, 7, 12, 2, 6, 5, 3, 12, 10, 4, 7, 8, 6, 8, 14, 10, 11, 6, 10 ], [ 4, 6, 7, 18, 8, 11, 8, 16, 15, 12, 6, 9, 6, 7, 2, 0, 15, 4, 3, 8, 17, 11, 4, 12, 5, 5, 9, 14, 1, 7, 4, 2, 14, 9, 6, 7, 8, 5, 8, 15, 12, 13, 5, 11 ], [ 17, 10, 9, 15, 7, 15, 15, 5, 16, 12, 12, 10, 13, 15, 16, 15, 0, 15, 13, 16, 13, 12, 17, 3, 12, 11, 14, 15, 15, 13, 12, 14, 17, 7, 17, 9, 9, 11, 9, 9, 15, 15, 11, 11 ], [ 2, 8, 7, 14, 9, 7, 4, 14, 11, 8, 8, 7, 2, 4, 2, 4, 15, 0, 6, 5, 14, 8, 2, 12, 7, 4, 5, 10, 3, 4, 5, 3, 10, 8, 3, 5, 6, 6, 6, 12, 8, 9, 5, 8 ], [ 7, 3, 5, 18, 6, 12, 9, 14, 16, 12, 3, 9, 7, 9, 5, 3, 13, 6, 0, 10, 17, 11, 6, 10, 2, 5, 10, 14, 3, 8, 1, 3, 15, 8, 9, 6, 8, 3, 8, 14, 13, 14, 4, 11 ], [ 5, 12, 10, 11, 12, 4, 1, 14, 7, 6, 12, 6, 4, 1, 6, 8, 16, 5, 10, 0, 11, 6, 5, 14, 11, 6, 3, 6, 8, 3, 10, 7, 6, 10, 3, 8, 7, 9, 7, 11, 4, 5, 8, 6 ], [ 15, 17, 14, 2, 15, 7, 10, 9, 5, 5, 18, 8, 12, 11, 16, 17, 13, 14, 17, 11, 0, 6, 15, 13, 17, 12, 9, 4, 16, 10, 16, 15, 6, 11, 13, 12, 9, 15, 10, 4, 7, 6, 13, 6 ], [ 10, 11, 9, 7, 10, 3, 5, 8, 5, 1, 12, 3, 6, 6, 10, 11, 12, 8, 11, 6, 6, 0, 9, 10, 11, 6, 3, 4, 10, 4, 10, 9, 5, 7, 8, 6, 4, 9, 4, 5, 3, 4, 7, 1 ], [ 1, 9, 9, 16, 10, 8, 5, 16, 13, 10, 9, 9, 4, 4, 1, 4, 17, 2, 6, 5, 15, 9, 0, 13, 8, 5, 7, 11, 4, 6, 6, 4, 11, 10, 3, 7, 8, 7, 8, 14, 9, 10, 6, 9 ], [ 14, 7, 5, 15, 4, 13, 13, 6, 15, 10, 8, 8, 11, 13, 13, 12, 3, 12, 10, 14, 13, 10, 13, 0, 8, 8, 12, 14, 11, 10, 9, 11, 15, 4, 14, 6, 7, 7, 7, 9, 13, 14, 7, 9 ], [ 8, 2, 4, 18, 5, 13, 10, 13, 16, 12, 1, 9, 7, 10, 7, 5, 12, 7, 2, 11, 17, 11, 8, 8, 0, 5, 11, 15, 4, 9, 2, 4, 15, 7, 10, 5, 8, 2, 7, 14, 13, 15, 4, 11 ], [ 6, 6, 4, 13, 6, 7, 5, 10, 11, 7, 6, 4, 3, 5, 5, 5, 11, 4, 5, 6, 12, 6, 5, 8, 5, 0, 5, 9, 5, 4, 4, 3, 10, 4, 6, 2, 3, 3, 3, 10, 8, 9, 1, 6 ], [ 7, 11, 9, 9, 10, 2, 2, 11, 6, 4, 11, 4, 3, 2, 7, 9, 14, 5, 10, 3, 9, 3, 7, 12, 11, 5, 0, 5, 8, 2, 9, 7, 5, 8, 5, 6, 5, 9, 5, 8, 3, 4, 7, 4 ], [ 11, 15, 12, 4, 13, 3, 6, 10, 2, 3, 16, 6, 8, 7, 12, 14, 15, 10, 14, 6, 4, 4, 11, 14, 15, 9, 5, 0, 13, 6, 13, 12, 2, 10, 9, 10, 7, 13, 8, 6, 2, 1, 11, 4 ], [ 4, 6, 6, 17, 8, 11, 7, 15, 15, 11, 5, 9, 5, 7, 2, 1, 15, 3, 3, 8, 16, 10, 4, 11, 4, 5, 8, 13, 0, 7, 3, 1, 13, 8, 6, 6, 8, 4, 7, 14, 11, 13, 4, 10 ], [ 6, 9, 7, 10, 9, 4, 2, 11, 8, 4, 10, 3, 2, 3, 6, 7, 13, 4, 8, 3, 10, 4, 6, 10, 9, 4, 2, 6, 7, 0, 7, 6, 7, 6, 5, 4, 3, 7, 3, 8, 4, 6, 5, 4 ], [ 7, 3, 4, 17, 5, 11, 8, 13, 15, 11, 3, 8, 6, 8, 5, 4, 12, 5, 1, 10, 16, 10, 6, 9, 2, 4, 9, 13, 3, 7, 0, 3, 14, 6, 8, 4, 7, 1, 6, 13, 11, 13, 3, 10 ], [ 4, 5, 5, 16, 7, 10, 6, 14, 14, 10, 5, 8, 4, 6, 3, 2, 14, 3, 3, 7, 15, 9, 4, 11, 4, 3, 7, 12, 1, 6, 3, 0, 12, 7, 6, 5, 6, 3, 6, 13, 10, 12, 3, 9 ], [ 11, 16, 13, 6, 15, 3, 6, 13, 2, 5, 16, 8, 8, 7, 12, 14, 17, 10, 15, 6, 6, 5, 11, 15, 15, 10, 5, 2, 13, 7, 14, 12, 0, 12, 8, 11, 9, 13, 9, 9, 2, 1, 12, 6 ], [ 10, 6, 3, 13, 3, 9, 9, 7, 12, 7, 7, 4, 7, 9, 10, 9, 7, 8, 8, 10, 11, 7, 10, 4, 7, 4, 8, 10, 8, 6, 6, 7, 12, 0, 10, 3, 3, 5, 3, 7, 9, 11, 4, 6 ], [ 2, 11, 10, 14, 12, 6, 3, 15, 10, 8, 11, 8, 4, 2, 4, 6, 17, 3, 9, 3, 13, 8, 3, 14, 10, 6, 5, 9, 6, 5, 8, 6, 8, 10, 0, 8, 8, 9, 8, 13, 7, 8, 7, 8 ], [ 8, 5, 3, 13, 4, 8, 6, 9, 11, 7, 6, 4, 4, 7, 7, 7, 9, 5, 6, 8, 12, 6, 7, 6, 5, 2, 6, 10, 6, 4, 4, 5, 11, 3, 8, 0, 2, 3, 2, 9, 8, 10, 2, 5 ], [ 8, 7, 5, 11, 6, 6, 6, 8, 9, 4, 8, 1, 4, 6, 8, 8, 9, 6, 8, 7, 9, 4, 8, 7, 8, 3, 5, 7, 8, 3, 7, 6, 9, 3, 8, 2, 0, 6, 0, 7, 6, 8, 4, 3 ], [ 8, 2, 2, 16, 4, 11, 8, 11, 14, 10, 3, 7, 6, 8, 6, 5, 11, 6, 3, 9, 15, 9, 7, 7, 2, 3, 9, 13, 4, 7, 1, 3, 13, 5, 9, 3, 6, 0, 5, 12, 11, 12, 2, 9 ], [ 8, 7, 4, 11, 6, 6, 6, 8, 9, 5, 8, 2, 4, 6, 8, 8, 9, 6, 8, 7, 10, 4, 8, 7, 7, 3, 5, 8, 7, 3, 6, 6, 9, 3, 8, 2, 0, 5, 0, 7, 6, 8, 3, 3 ], [ 14, 13, 10, 6, 11, 8, 10, 4, 8, 5, 14, 5, 10, 11, 14, 15, 9, 12, 14, 11, 4, 5, 14, 9, 14, 10, 8, 6, 14, 8, 13, 13, 9, 7, 13, 9, 7, 12, 7, 0, 8, 8, 10, 5 ], [ 9, 13, 11, 7, 12, 0, 4, 11, 4, 3, 14, 5, 6, 5, 10, 12, 15, 8, 13, 4, 7, 3, 9, 13, 13, 8, 3, 2, 11, 4, 11, 10, 2, 9, 7, 8, 6, 11, 6, 8, 0, 2, 9, 4 ], [ 10, 15, 12, 6, 14, 2, 6, 12, 2, 4, 15, 6, 8, 6, 11, 13, 15, 9, 14, 5, 6, 4, 10, 14, 15, 9, 4, 1, 13, 6, 13, 12, 1, 11, 8, 10, 8, 12, 8, 8, 2, 0, 11, 5 ], [ 7, 4, 2, 14, 4, 9, 7, 10, 12, 8, 5, 5, 4, 7, 6, 5, 11, 5, 4, 8, 13, 7, 6, 7, 4, 1, 7, 11, 4, 5, 3, 3, 12, 4, 7, 2, 4, 2, 3, 10, 9, 11, 0, 7 ], [ 10, 11, 8, 8, 9, 4, 5, 8, 6, 1, 12, 2, 5, 6, 10, 11, 11, 8, 11, 6, 6, 1, 9, 9, 11, 6, 4, 4, 10, 4, 10, 9, 6, 6, 8, 5, 3, 9, 3, 5, 4, 5, 7, 0 ] ]
}