{
  "version" : "0.3",
  "id" : 1719427122,
  "name" : "PTP-RAND-1_20_8_80",
  "coordType" : "Eucl",
  "sameVehicleBackward" : false,
  "maxWaitTime" : "00h30",
  "places" : [ {
    "id" : 0,
    "lat" : 2.076927432473028,
    "long" : -6.152273274448757,
    "category" : 0
  }, {
    "id" : 1,
    "lat" : 6.5452452341610545,
    "long" : 1.4248395905360551,
    "category" : 0
  }, {
    "id" : 2,
    "lat" : 2.980967984318744,
    "long" : 12.197694270818152,
    "category" : 0
  }, {
    "id" : 3,
    "lat" : -8.96364811637061,
    "long" : -6.745153747242674,
    "category" : 0
  }, {
    "id" : 4,
    "lat" : 1.492814671587053,
    "long" : 6.867717471497331,
    "category" : 0
  }, {
    "id" : 5,
    "lat" : -6.14233181069481,
    "long" : -2.474362095281033,
    "category" : 0
  }, {
    "id" : 6,
    "lat" : -8.605895824707302,
    "long" : -8.041247333346366,
    "category" : 0
  }, {
    "id" : 7,
    "lat" : -4.096931388816209,
    "long" : 0.5727818629499646,
    "category" : 0
  }, {
    "id" : 8,
    "lat" : -5.4484781732954355,
    "long" : 8.41974642305757,
    "category" : 0
  }, {
    "id" : 9,
    "lat" : 4.768489484820031,
    "long" : 8.104593681182564,
    "category" : 0
  }, {
    "id" : 10,
    "lat" : -11.607645368978474,
    "long" : 4.704755782974329,
    "category" : 0
  }, {
    "id" : 11,
    "lat" : -3.849934849832687,
    "long" : 4.108436862543905,
    "category" : 0
  }, {
    "id" : 12,
    "lat" : -3.5120831618770505,
    "long" : -8.452521781791322,
    "category" : 0
  }, {
    "id" : 13,
    "lat" : 6.836610359426865,
    "long" : -7.1641504779122025,
    "category" : 0
  }, {
    "id" : 14,
    "lat" : 8.595909046237445,
    "long" : 0.4175354266002126,
    "category" : 0
  }, {
    "id" : 15,
    "lat" : 1.2847829467288379,
    "long" : -9.862445436893582,
    "category" : 0
  }, {
    "id" : 16,
    "lat" : -1.6909668137564864,
    "long" : -5.620106348274615,
    "category" : 0
  }, {
    "id" : 17,
    "lat" : 8.95914388605153,
    "long" : -3.818852220123636,
    "category" : 0
  }, {
    "id" : 18,
    "lat" : -5.062244805988281,
    "long" : 2.3205619367681787,
    "category" : 0
  }, {
    "id" : 19,
    "lat" : -12.07552297368817,
    "long" : -3.645808236583739,
    "category" : 0
  }, {
    "id" : 20,
    "lat" : 8.676602851607392,
    "long" : 3.4185003254701605,
    "category" : 1
  }, {
    "id" : 21,
    "lat" : -9.003198425015068,
    "long" : 4.388185431978845,
    "category" : 2
  }, {
    "id" : 22,
    "lat" : -9.820361657352159,
    "long" : 7.623359043302884,
    "category" : 2
  }, {
    "id" : 23,
    "lat" : 10.04791676849779,
    "long" : 4.273643329326332,
    "category" : 2
  }, {
    "id" : 24,
    "lat" : -4.378217420247989,
    "long" : -7.049146096782622,
    "category" : 2
  }, {
    "id" : 25,
    "lat" : 3.0913731644074596,
    "long" : 3.261702608608776,
    "category" : 2
  }, {
    "id" : 26,
    "lat" : 7.963754072466011,
    "long" : -9.335524195369343,
    "category" : 2
  }, {
    "id" : 27,
    "lat" : -5.3868231501117565,
    "long" : 1.7685159190103243,
    "category" : 2
  }, {
    "id" : 28,
    "lat" : 10.616957673512204,
    "long" : -6.534146536728394,
    "category" : 2
  }, {
    "id" : 29,
    "lat" : -3.4582126715755,
    "long" : 11.9167738492223,
    "category" : 2
  }, {
    "id" : 30,
    "lat" : -9.619039765873934,
    "long" : -2.124359735167361,
    "category" : 2
  }, {
    "id" : 31,
    "lat" : -0.6813540882341087,
    "long" : -0.41194870351852203,
    "category" : 2
  }, {
    "id" : 32,
    "lat" : 7.031607250551799,
    "long" : 6.159389583252198,
    "category" : 2
  }, {
    "id" : 33,
    "lat" : -3.743062522365023,
    "long" : -5.905698645994073,
    "category" : 2
  }, {
    "id" : 34,
    "lat" : -1.6428131969436024,
    "long" : 2.2015563506535565,
    "category" : 2
  }, {
    "id" : 35,
    "lat" : -0.9907479251102909,
    "long" : 7.116858610344003,
    "category" : 2
  }, {
    "id" : 36,
    "lat" : 4.2126164367203875,
    "long" : 5.53331780560567,
    "category" : 2
  }, {
    "id" : 37,
    "lat" : 5.4093887202896935,
    "long" : 7.009625733527485,
    "category" : 2
  }, {
    "id" : 38,
    "lat" : -9.93744670992183,
    "long" : 6.922864300482654,
    "category" : 2
  }, {
    "id" : 39,
    "lat" : -7.746130520712253,
    "long" : 6.597845617734505,
    "category" : 2
  }, {
    "id" : 40,
    "lat" : 3.8740008291355372,
    "long" : -9.60563763166658,
    "category" : 2
  }, {
    "id" : 41,
    "lat" : -4.28222392010137,
    "long" : 4.456386378614249,
    "category" : 2
  }, {
    "id" : 42,
    "lat" : 6.57752185696011,
    "long" : 8.157070138425075,
    "category" : 2
  }, {
    "id" : 43,
    "lat" : -7.396719842762679,
    "long" : -9.806289462785266,
    "category" : 2
  }, {
    "id" : 44,
    "lat" : -1.7323991021317573,
    "long" : -12.738918919372686,
    "category" : 2
  }, {
    "id" : 45,
    "lat" : -2.169594800874155,
    "long" : 9.14475534973329,
    "category" : 2
  }, {
    "id" : 46,
    "lat" : 8.561688130774636,
    "long" : -3.78570226690769,
    "category" : 2
  }, {
    "id" : 47,
    "lat" : 0.33072428766159906,
    "long" : -3.530723819283847,
    "category" : 2
  }, {
    "id" : 48,
    "lat" : -6.901670982828153,
    "long" : 1.1181992180763436,
    "category" : 2
  }, {
    "id" : 49,
    "lat" : 4.466261812150008,
    "long" : 6.555680666142438,
    "category" : 2
  }, {
    "id" : 50,
    "lat" : 8.642052124167849,
    "long" : 8.407452353985004,
    "category" : 2
  }, {
    "id" : 51,
    "lat" : -7.150823606830113,
    "long" : 4.112085656511076,
    "category" : 2
  }, {
    "id" : 52,
    "lat" : -2.668133682733688,
    "long" : -8.25914701284113,
    "category" : 2
  }, {
    "id" : 53,
    "lat" : 11.002863239255577,
    "long" : -1.6584445075212,
    "category" : 2
  }, {
    "id" : 54,
    "lat" : 2.9192251729514775,
    "long" : 4.814505562091647,
    "category" : 2
  }, {
    "id" : 55,
    "lat" : 1.427155414439443,
    "long" : -12.219486671556286,
    "category" : 2
  }, {
    "id" : 56,
    "lat" : -10.698932661553094,
    "long" : -6.689986484993656,
    "category" : 2
  }, {
    "id" : 57,
    "lat" : 0.2832516747511682,
    "long" : -3.6148814524179067,
    "category" : 2
  }, {
    "id" : 58,
    "lat" : 8.264394446198915,
    "long" : -4.370555210602349,
    "category" : 2
  }, {
    "id" : 59,
    "lat" : 8.393741900386813,
    "long" : -0.6825317965955779,
    "category" : 2
  }, {
    "id" : 60,
    "lat" : -2.6348279509429595,
    "long" : 11.342574949764144,
    "category" : 2
  }, {
    "id" : 61,
    "lat" : -8.486563631204119,
    "long" : 4.047058313541491,
    "category" : 2
  }, {
    "id" : 62,
    "lat" : 6.754433379222779,
    "long" : 9.771601608756693,
    "category" : 2
  }, {
    "id" : 63,
    "lat" : 11.179356157979193,
    "long" : -1.3053893122680311,
    "category" : 2
  }, {
    "id" : 64,
    "lat" : 6.610484783896518,
    "long" : -10.23246475331683,
    "category" : 2
  }, {
    "id" : 65,
    "lat" : 3.7880148595046905,
    "long" : -7.512278948160497,
    "category" : 2
  }, {
    "id" : 66,
    "lat" : 11.395980883036307,
    "long" : -2.7997745565584755,
    "category" : 2
  }, {
    "id" : 67,
    "lat" : -9.658199590526975,
    "long" : 0.8200220212355869,
    "category" : 2
  }, {
    "id" : 68,
    "lat" : 7.67088298940486,
    "long" : -6.38122109734302,
    "category" : 2
  }, {
    "id" : 69,
    "lat" : 9.068645777595119,
    "long" : -3.4439673722910764,
    "category" : 2
  }, {
    "id" : 70,
    "lat" : -0.4313502200740215,
    "long" : 12.758321581863461,
    "category" : 2
  }, {
    "id" : 71,
    "lat" : 11.172251667796719,
    "long" : 2.7457720561189802,
    "category" : 2
  }, {
    "id" : 72,
    "lat" : 2.5930362898764536,
    "long" : 9.959314890628104,
    "category" : 2
  }, {
    "id" : 73,
    "lat" : -5.988809791736709,
    "long" : 7.898752242669083,
    "category" : 2
  }, {
    "id" : 74,
    "lat" : -1.3674686711445103,
    "long" : 1.5649783184068427,
    "category" : 2
  }, {
    "id" : 75,
    "lat" : 7.339969287445727,
    "long" : -5.771328458078258,
    "category" : 2
  }, {
    "id" : 76,
    "lat" : -7.663046426732279,
    "long" : -6.23848986974657,
    "category" : 2
  }, {
    "id" : 77,
    "lat" : -5.927380415097342,
    "long" : 1.0045090156436445,
    "category" : 2
  }, {
    "id" : 78,
    "lat" : 7.0305301838204795,
    "long" : -0.3754861245758178,
    "category" : 2
  }, {
    "id" : 79,
    "lat" : 6.385214931034044,
    "long" : 0.9791776677480482,
    "category" : 2
  }, {
    "id" : 80,
    "lat" : 2.745755475662394,
    "long" : 9.425570043584317,
    "category" : 2
  }, {
    "id" : 81,
    "lat" : -4.556761279893622,
    "long" : -2.162899198080747,
    "category" : 2
  }, {
    "id" : 82,
    "lat" : -3.670768715250382,
    "long" : 4.579144950699631,
    "category" : 2
  }, {
    "id" : 83,
    "lat" : -0.6075044899662373,
    "long" : 1.5815865144033554,
    "category" : 2
  }, {
    "id" : 84,
    "lat" : -2.10790507766889,
    "long" : 1.077450908953903,
    "category" : 2
  }, {
    "id" : 85,
    "lat" : -2.35410145609544,
    "long" : 5.329336259519088,
    "category" : 2
  }, {
    "id" : 86,
    "lat" : 5.82536037578228,
    "long" : -6.182114352092425,
    "category" : 2
  }, {
    "id" : 87,
    "lat" : -5.686000407310858,
    "long" : -9.765340506367904,
    "category" : 2
  }, {
    "id" : 88,
    "lat" : 8.282800122625286,
    "long" : 5.288091836396498,
    "category" : 2
  }, {
    "id" : 89,
    "lat" : -10.87845055583978,
    "long" : -6.560070713789515,
    "category" : 2
  }, {
    "id" : 90,
    "lat" : 0.9883354657761958,
    "long" : 6.4303675482277,
    "category" : 2
  }, {
    "id" : 91,
    "lat" : 9.299920237232028,
    "long" : -1.8730624099148103,
    "category" : 2
  }, {
    "id" : 92,
    "lat" : -6.842359055686444,
    "long" : -1.1806583067234586,
    "category" : 2
  }, {
    "id" : 93,
    "lat" : 10.854909214184568,
    "long" : 4.241344624435536,
    "category" : 2
  }, {
    "id" : 94,
    "lat" : -8.975219091345647,
    "long" : 1.049428539710101,
    "category" : 2
  }, {
    "id" : 95,
    "lat" : 7.189868731708432,
    "long" : 1.91843027340037,
    "category" : 2
  }, {
    "id" : 96,
    "lat" : 6.122219722421926,
    "long" : 0.5197146542559196,
    "category" : 2
  }, {
    "id" : 97,
    "lat" : -2.2178105723959334,
    "long" : 7.775610226914688,
    "category" : 2
  }, {
    "id" : 98,
    "lat" : -8.50374296665965,
    "long" : 4.27217156304991,
    "category" : 2
  }, {
    "id" : 99,
    "lat" : 0.4709110736450092,
    "long" : -0.5049335006118691,
    "category" : 2
  }, {
    "id" : 100,
    "lat" : -2.6619106110602577,
    "long" : 11.985455691277663,
    "category" : 2
  }, {
    "id" : 101,
    "lat" : 9.22182316027603,
    "long" : -5.486185057223092,
    "category" : 2
  }, {
    "id" : 102,
    "lat" : -6.457725104932263,
    "long" : -4.025729320435175,
    "category" : 2
  }, {
    "id" : 103,
    "lat" : -7.772274973329127,
    "long" : 5.726245981890907,
    "category" : 2
  }, {
    "id" : 104,
    "lat" : -4.845424153693733,
    "long" : 0.7820766919029034,
    "category" : 2
  }, {
    "id" : 105,
    "lat" : 1.6464629473001322,
    "long" : 3.1475063515579547,
    "category" : 2
  }, {
    "id" : 106,
    "lat" : -4.868841039740197,
    "long" : 5.674085064124851,
    "category" : 2
  } ],
  "vehicles" : [ {
    "id" : 107,
    "canTake" : [ 0 ],
    "start" : 20,
    "end" : 20,
    "capacity" : 5,
    "availability" : [ "07h00:20h00" ]
  }, {
    "id" : 108,
    "canTake" : [ 0 ],
    "start" : 20,
    "end" : 20,
    "capacity" : 5,
    "availability" : [ "07h00:20h00" ]
  }, {
    "id" : 109,
    "canTake" : [ 0 ],
    "start" : 20,
    "end" : 20,
    "capacity" : 5,
    "availability" : [ "07h00:20h00" ]
  }, {
    "id" : 110,
    "canTake" : [ 0 ],
    "start" : 20,
    "end" : 20,
    "capacity" : 5,
    "availability" : [ "07h00:20h00" ]
  }, {
    "id" : 111,
    "canTake" : [ 0 ],
    "start" : 20,
    "end" : 20,
    "capacity" : 5,
    "availability" : [ "07h00:20h00" ]
  }, {
    "id" : 112,
    "canTake" : [ 0 ],
    "start" : 20,
    "end" : 20,
    "capacity" : 5,
    "availability" : [ "07h00:20h00" ]
  }, {
    "id" : 113,
    "canTake" : [ 0 ],
    "start" : 20,
    "end" : 20,
    "capacity" : 5,
    "availability" : [ "07h00:20h00" ]
  }, {
    "id" : 114,
    "canTake" : [ 0 ],
    "start" : 20,
    "end" : 20,
    "capacity" : 5,
    "availability" : [ "07h00:20h00" ]
  } ],
  "patients" : [ {
    "id" : 115,
    "category" : 0,
    "load" : 1,
    "start" : 21,
    "destination" : 0,
    "end" : 22,
    "rdvTime" : "12h36",
    "rdvDuration" : "00h34",
    "srvDuration" : "00h02"
  }, {
    "id" : 116,
    "category" : 0,
    "load" : 2,
    "start" : 23,
    "destination" : 1,
    "end" : 23,
    "rdvTime" : "13h09",
    "rdvDuration" : "02h37",
    "srvDuration" : "00h02"
  }, {
    "id" : 117,
    "category" : 0,
    "load" : 2,
    "start" : 24,
    "destination" : 2,
    "end" : 24,
    "rdvTime" : "12h32",
    "rdvDuration" : "02h23",
    "srvDuration" : "00h02"
  }, {
    "id" : 118,
    "category" : 0,
    "load" : 1,
    "start" : 25,
    "destination" : 3,
    "end" : 25,
    "rdvTime" : "10h05",
    "rdvDuration" : "01h20",
    "srvDuration" : "00h02"
  }, {
    "id" : 119,
    "category" : 0,
    "load" : 1,
    "start" : 26,
    "destination" : 4,
    "end" : 26,
    "rdvTime" : "14h17",
    "rdvDuration" : "02h59",
    "srvDuration" : "00h01"
  }, {
    "id" : 120,
    "category" : 0,
    "load" : 1,
    "start" : 27,
    "destination" : 5,
    "end" : 27,
    "rdvTime" : "09h10",
    "rdvDuration" : "02h25",
    "srvDuration" : "00h01"
  }, {
    "id" : 121,
    "category" : 0,
    "load" : 2,
    "start" : 28,
    "destination" : 6,
    "end" : 28,
    "rdvTime" : "08h29",
    "rdvDuration" : "01h50",
    "srvDuration" : "00h02"
  }, {
    "id" : 122,
    "category" : 0,
    "load" : 2,
    "start" : 29,
    "destination" : 7,
    "end" : 29,
    "rdvTime" : "13h34",
    "rdvDuration" : "01h36",
    "srvDuration" : "00h01"
  }, {
    "id" : 123,
    "category" : 0,
    "load" : 2,
    "start" : 30,
    "destination" : 8,
    "end" : 30,
    "rdvTime" : "12h42",
    "rdvDuration" : "01h33",
    "srvDuration" : "00h01"
  }, {
    "id" : 124,
    "category" : 0,
    "load" : 2,
    "start" : 31,
    "destination" : 9,
    "end" : 31,
    "rdvTime" : "08h18",
    "rdvDuration" : "01h15",
    "srvDuration" : "00h02"
  }, {
    "id" : 125,
    "category" : 0,
    "load" : 2,
    "start" : 32,
    "destination" : 10,
    "end" : 32,
    "rdvTime" : "13h32",
    "rdvDuration" : "02h26",
    "srvDuration" : "00h01"
  }, {
    "id" : 126,
    "category" : 0,
    "load" : 1,
    "start" : 33,
    "destination" : 11,
    "end" : -1,
    "rdvTime" : "12h08",
    "rdvDuration" : "01h50",
    "srvDuration" : "00h01"
  }, {
    "id" : 127,
    "category" : 0,
    "load" : 1,
    "start" : 34,
    "destination" : 12,
    "end" : 34,
    "rdvTime" : "11h10",
    "rdvDuration" : "02h42",
    "srvDuration" : "00h01"
  }, {
    "id" : 128,
    "category" : 0,
    "load" : 2,
    "start" : 35,
    "destination" : 13,
    "end" : 35,
    "rdvTime" : "08h23",
    "rdvDuration" : "00h55",
    "srvDuration" : "00h01"
  }, {
    "id" : 129,
    "category" : 0,
    "load" : 1,
    "start" : 36,
    "destination" : 14,
    "end" : -1,
    "rdvTime" : "14h58",
    "rdvDuration" : "01h42",
    "srvDuration" : "00h01"
  }, {
    "id" : 130,
    "category" : 0,
    "load" : 2,
    "start" : -1,
    "destination" : 15,
    "end" : 37,
    "rdvTime" : "14h49",
    "rdvDuration" : "02h11",
    "srvDuration" : "00h02"
  }, {
    "id" : 131,
    "category" : 0,
    "load" : 1,
    "start" : -1,
    "destination" : 16,
    "end" : 38,
    "rdvTime" : "12h32",
    "rdvDuration" : "01h01",
    "srvDuration" : "00h02"
  }, {
    "id" : 132,
    "category" : 0,
    "load" : 1,
    "start" : 39,
    "destination" : 17,
    "end" : 39,
    "rdvTime" : "15h00",
    "rdvDuration" : "01h30",
    "srvDuration" : "00h01"
  }, {
    "id" : 133,
    "category" : 0,
    "load" : 1,
    "start" : 40,
    "destination" : 18,
    "end" : 40,
    "rdvTime" : "11h43",
    "rdvDuration" : "01h57",
    "srvDuration" : "00h02"
  }, {
    "id" : 134,
    "category" : 0,
    "load" : 1,
    "start" : 41,
    "destination" : 19,
    "end" : 41,
    "rdvTime" : "13h10",
    "rdvDuration" : "01h42",
    "srvDuration" : "00h02"
  }, {
    "id" : 135,
    "category" : 0,
    "load" : 1,
    "start" : 42,
    "destination" : 8,
    "end" : 42,
    "rdvTime" : "12h34",
    "rdvDuration" : "01h52",
    "srvDuration" : "00h01"
  }, {
    "id" : 136,
    "category" : 0,
    "load" : 1,
    "start" : 43,
    "destination" : 16,
    "end" : 43,
    "rdvTime" : "13h23",
    "rdvDuration" : "02h07",
    "srvDuration" : "00h01"
  }, {
    "id" : 137,
    "category" : 0,
    "load" : 2,
    "start" : 44,
    "destination" : 18,
    "end" : 44,
    "rdvTime" : "14h14",
    "rdvDuration" : "00h33",
    "srvDuration" : "00h01"
  }, {
    "id" : 138,
    "category" : 0,
    "load" : 2,
    "start" : 45,
    "destination" : 9,
    "end" : 45,
    "rdvTime" : "11h30",
    "rdvDuration" : "01h53",
    "srvDuration" : "00h01"
  }, {
    "id" : 139,
    "category" : 0,
    "load" : 2,
    "start" : 46,
    "destination" : 6,
    "end" : 46,
    "rdvTime" : "11h31",
    "rdvDuration" : "00h31",
    "srvDuration" : "00h02"
  }, {
    "id" : 140,
    "category" : 0,
    "load" : 1,
    "start" : -1,
    "destination" : 5,
    "end" : 47,
    "rdvTime" : "15h02",
    "rdvDuration" : "02h44",
    "srvDuration" : "00h01"
  }, {
    "id" : 141,
    "category" : 0,
    "load" : 1,
    "start" : 48,
    "destination" : 19,
    "end" : 48,
    "rdvTime" : "12h08",
    "rdvDuration" : "01h24",
    "srvDuration" : "00h02"
  }, {
    "id" : 142,
    "category" : 0,
    "load" : 2,
    "start" : 49,
    "destination" : 14,
    "end" : 49,
    "rdvTime" : "14h14",
    "rdvDuration" : "02h23",
    "srvDuration" : "00h02"
  }, {
    "id" : 143,
    "category" : 0,
    "load" : 1,
    "start" : 50,
    "destination" : 11,
    "end" : 51,
    "rdvTime" : "09h54",
    "rdvDuration" : "02h19",
    "srvDuration" : "00h01"
  }, {
    "id" : 144,
    "category" : 0,
    "load" : 2,
    "start" : 52,
    "destination" : 19,
    "end" : 52,
    "rdvTime" : "15h25",
    "rdvDuration" : "00h29",
    "srvDuration" : "00h01"
  }, {
    "id" : 145,
    "category" : 0,
    "load" : 2,
    "start" : 53,
    "destination" : 16,
    "end" : -1,
    "rdvTime" : "13h25",
    "rdvDuration" : "02h35",
    "srvDuration" : "00h01"
  }, {
    "id" : 146,
    "category" : 0,
    "load" : 1,
    "start" : 54,
    "destination" : 18,
    "end" : 54,
    "rdvTime" : "11h50",
    "rdvDuration" : "02h32",
    "srvDuration" : "00h01"
  }, {
    "id" : 147,
    "category" : 0,
    "load" : 2,
    "start" : 55,
    "destination" : 16,
    "end" : -1,
    "rdvTime" : "09h56",
    "rdvDuration" : "02h55",
    "srvDuration" : "00h02"
  }, {
    "id" : 148,
    "category" : 0,
    "load" : 2,
    "start" : 56,
    "destination" : 7,
    "end" : 56,
    "rdvTime" : "14h45",
    "rdvDuration" : "02h48",
    "srvDuration" : "00h01"
  }, {
    "id" : 149,
    "category" : 0,
    "load" : 2,
    "start" : 57,
    "destination" : 7,
    "end" : 57,
    "rdvTime" : "12h28",
    "rdvDuration" : "01h16",
    "srvDuration" : "00h01"
  }, {
    "id" : 150,
    "category" : 0,
    "load" : 1,
    "start" : 58,
    "destination" : 7,
    "end" : 58,
    "rdvTime" : "12h13",
    "rdvDuration" : "02h35",
    "srvDuration" : "00h01"
  }, {
    "id" : 151,
    "category" : 0,
    "load" : 2,
    "start" : 59,
    "destination" : 9,
    "end" : 59,
    "rdvTime" : "09h32",
    "rdvDuration" : "01h24",
    "srvDuration" : "00h01"
  }, {
    "id" : 152,
    "category" : 0,
    "load" : 1,
    "start" : 60,
    "destination" : 17,
    "end" : -1,
    "rdvTime" : "12h28",
    "rdvDuration" : "01h50",
    "srvDuration" : "00h02"
  }, {
    "id" : 153,
    "category" : 0,
    "load" : 2,
    "start" : -1,
    "destination" : 3,
    "end" : 61,
    "rdvTime" : "13h49",
    "rdvDuration" : "00h22",
    "srvDuration" : "00h01"
  }, {
    "id" : 154,
    "category" : 0,
    "load" : 1,
    "start" : 62,
    "destination" : 9,
    "end" : 63,
    "rdvTime" : "15h33",
    "rdvDuration" : "01h11",
    "srvDuration" : "00h01"
  }, {
    "id" : 155,
    "category" : 0,
    "load" : 1,
    "start" : 64,
    "destination" : 12,
    "end" : 65,
    "rdvTime" : "15h28",
    "rdvDuration" : "00h23",
    "srvDuration" : "00h02"
  }, {
    "id" : 156,
    "category" : 0,
    "load" : 2,
    "start" : -1,
    "destination" : 13,
    "end" : 66,
    "rdvTime" : "12h37",
    "rdvDuration" : "02h55",
    "srvDuration" : "00h02"
  }, {
    "id" : 157,
    "category" : 0,
    "load" : 1,
    "start" : 67,
    "destination" : 8,
    "end" : 67,
    "rdvTime" : "12h34",
    "rdvDuration" : "01h50",
    "srvDuration" : "00h02"
  }, {
    "id" : 158,
    "category" : 0,
    "load" : 2,
    "start" : 68,
    "destination" : 12,
    "end" : 68,
    "rdvTime" : "13h48",
    "rdvDuration" : "02h51",
    "srvDuration" : "00h01"
  }, {
    "id" : 159,
    "category" : 0,
    "load" : 2,
    "start" : -1,
    "destination" : 17,
    "end" : 69,
    "rdvTime" : "09h36",
    "rdvDuration" : "01h21",
    "srvDuration" : "00h01"
  }, {
    "id" : 160,
    "category" : 0,
    "load" : 1,
    "start" : 70,
    "destination" : 6,
    "end" : 70,
    "rdvTime" : "15h12",
    "rdvDuration" : "00h43",
    "srvDuration" : "00h02"
  }, {
    "id" : 161,
    "category" : 0,
    "load" : 1,
    "start" : 71,
    "destination" : 13,
    "end" : 71,
    "rdvTime" : "08h55",
    "rdvDuration" : "02h32",
    "srvDuration" : "00h02"
  }, {
    "id" : 162,
    "category" : 0,
    "load" : 2,
    "start" : 72,
    "destination" : 7,
    "end" : 72,
    "rdvTime" : "11h24",
    "rdvDuration" : "02h25",
    "srvDuration" : "00h01"
  }, {
    "id" : 163,
    "category" : 0,
    "load" : 1,
    "start" : 73,
    "destination" : 11,
    "end" : 73,
    "rdvTime" : "11h57",
    "rdvDuration" : "01h00",
    "srvDuration" : "00h02"
  }, {
    "id" : 164,
    "category" : 0,
    "load" : 1,
    "start" : 74,
    "destination" : 0,
    "end" : 74,
    "rdvTime" : "12h19",
    "rdvDuration" : "00h50",
    "srvDuration" : "00h01"
  }, {
    "id" : 165,
    "category" : 0,
    "load" : 1,
    "start" : 75,
    "destination" : 14,
    "end" : 75,
    "rdvTime" : "14h37",
    "rdvDuration" : "02h03",
    "srvDuration" : "00h01"
  }, {
    "id" : 166,
    "category" : 0,
    "load" : 1,
    "start" : -1,
    "destination" : 4,
    "end" : 76,
    "rdvTime" : "14h05",
    "rdvDuration" : "01h46",
    "srvDuration" : "00h01"
  }, {
    "id" : 167,
    "category" : 0,
    "load" : 1,
    "start" : 77,
    "destination" : 0,
    "end" : 77,
    "rdvTime" : "11h26",
    "rdvDuration" : "01h34",
    "srvDuration" : "00h01"
  }, {
    "id" : 168,
    "category" : 0,
    "load" : 1,
    "start" : 78,
    "destination" : 12,
    "end" : -1,
    "rdvTime" : "10h11",
    "rdvDuration" : "01h02",
    "srvDuration" : "00h01"
  }, {
    "id" : 169,
    "category" : 0,
    "load" : 2,
    "start" : 79,
    "destination" : 5,
    "end" : -1,
    "rdvTime" : "14h10",
    "rdvDuration" : "00h42",
    "srvDuration" : "00h01"
  }, {
    "id" : 170,
    "category" : 0,
    "load" : 2,
    "start" : 80,
    "destination" : 14,
    "end" : 80,
    "rdvTime" : "12h27",
    "rdvDuration" : "01h49",
    "srvDuration" : "00h01"
  }, {
    "id" : 171,
    "category" : 0,
    "load" : 2,
    "start" : 81,
    "destination" : 14,
    "end" : -1,
    "rdvTime" : "11h44",
    "rdvDuration" : "00h34",
    "srvDuration" : "00h02"
  }, {
    "id" : 172,
    "category" : 0,
    "load" : 1,
    "start" : 82,
    "destination" : 6,
    "end" : 82,
    "rdvTime" : "11h45",
    "rdvDuration" : "00h22",
    "srvDuration" : "00h01"
  }, {
    "id" : 173,
    "category" : 0,
    "load" : 1,
    "start" : 83,
    "destination" : 0,
    "end" : 83,
    "rdvTime" : "14h11",
    "rdvDuration" : "01h51",
    "srvDuration" : "00h02"
  }, {
    "id" : 174,
    "category" : 0,
    "load" : 2,
    "start" : 84,
    "destination" : 9,
    "end" : 84,
    "rdvTime" : "11h58",
    "rdvDuration" : "00h47",
    "srvDuration" : "00h01"
  }, {
    "id" : 175,
    "category" : 0,
    "load" : 2,
    "start" : 85,
    "destination" : 19,
    "end" : 85,
    "rdvTime" : "14h18",
    "rdvDuration" : "01h05",
    "srvDuration" : "00h01"
  }, {
    "id" : 176,
    "category" : 0,
    "load" : 2,
    "start" : 86,
    "destination" : 19,
    "end" : 87,
    "rdvTime" : "13h03",
    "rdvDuration" : "00h16",
    "srvDuration" : "00h01"
  }, {
    "id" : 177,
    "category" : 0,
    "load" : 1,
    "start" : -1,
    "destination" : 10,
    "end" : 88,
    "rdvTime" : "12h02",
    "rdvDuration" : "00h26",
    "srvDuration" : "00h02"
  }, {
    "id" : 178,
    "category" : 0,
    "load" : 1,
    "start" : 89,
    "destination" : 3,
    "end" : 90,
    "rdvTime" : "10h29",
    "rdvDuration" : "02h13",
    "srvDuration" : "00h02"
  }, {
    "id" : 179,
    "category" : 0,
    "load" : 2,
    "start" : 91,
    "destination" : 0,
    "end" : 91,
    "rdvTime" : "15h58",
    "rdvDuration" : "02h39",
    "srvDuration" : "00h02"
  }, {
    "id" : 180,
    "category" : 0,
    "load" : 1,
    "start" : 92,
    "destination" : 7,
    "end" : 92,
    "rdvTime" : "14h30",
    "rdvDuration" : "00h21",
    "srvDuration" : "00h02"
  }, {
    "id" : 181,
    "category" : 0,
    "load" : 1,
    "start" : 93,
    "destination" : 14,
    "end" : 93,
    "rdvTime" : "14h37",
    "rdvDuration" : "01h27",
    "srvDuration" : "00h01"
  }, {
    "id" : 182,
    "category" : 0,
    "load" : 1,
    "start" : -1,
    "destination" : 14,
    "end" : 94,
    "rdvTime" : "15h04",
    "rdvDuration" : "00h25",
    "srvDuration" : "00h01"
  }, {
    "id" : 183,
    "category" : 0,
    "load" : 1,
    "start" : 95,
    "destination" : 9,
    "end" : 95,
    "rdvTime" : "11h17",
    "rdvDuration" : "00h25",
    "srvDuration" : "00h01"
  }, {
    "id" : 184,
    "category" : 0,
    "load" : 1,
    "start" : 96,
    "destination" : 11,
    "end" : 96,
    "rdvTime" : "11h29",
    "rdvDuration" : "00h42",
    "srvDuration" : "00h02"
  }, {
    "id" : 185,
    "category" : 0,
    "load" : 2,
    "start" : 97,
    "destination" : 15,
    "end" : 97,
    "rdvTime" : "09h16",
    "rdvDuration" : "02h16",
    "srvDuration" : "00h02"
  }, {
    "id" : 186,
    "category" : 0,
    "load" : 2,
    "start" : 98,
    "destination" : 5,
    "end" : 98,
    "rdvTime" : "09h18",
    "rdvDuration" : "02h18",
    "srvDuration" : "00h01"
  }, {
    "id" : 187,
    "category" : 0,
    "load" : 1,
    "start" : 99,
    "destination" : 2,
    "end" : -1,
    "rdvTime" : "15h21",
    "rdvDuration" : "02h48",
    "srvDuration" : "00h02"
  }, {
    "id" : 188,
    "category" : 0,
    "load" : 1,
    "start" : -1,
    "destination" : 11,
    "end" : 100,
    "rdvTime" : "09h58",
    "rdvDuration" : "01h36",
    "srvDuration" : "00h01"
  }, {
    "id" : 189,
    "category" : 0,
    "load" : 1,
    "start" : 101,
    "destination" : 6,
    "end" : 101,
    "rdvTime" : "12h23",
    "rdvDuration" : "00h24",
    "srvDuration" : "00h01"
  }, {
    "id" : 190,
    "category" : 0,
    "load" : 2,
    "start" : 102,
    "destination" : 3,
    "end" : 102,
    "rdvTime" : "13h54",
    "rdvDuration" : "01h21",
    "srvDuration" : "00h02"
  }, {
    "id" : 191,
    "category" : 0,
    "load" : 1,
    "start" : 103,
    "destination" : 14,
    "end" : 103,
    "rdvTime" : "12h51",
    "rdvDuration" : "01h32",
    "srvDuration" : "00h01"
  }, {
    "id" : 192,
    "category" : 0,
    "load" : 2,
    "start" : 104,
    "destination" : 8,
    "end" : 104,
    "rdvTime" : "10h05",
    "rdvDuration" : "01h56",
    "srvDuration" : "00h02"
  }, {
    "id" : 193,
    "category" : 0,
    "load" : 2,
    "start" : 105,
    "destination" : 8,
    "end" : -1,
    "rdvTime" : "15h29",
    "rdvDuration" : "01h55",
    "srvDuration" : "00h02"
  }, {
    "id" : 194,
    "category" : 0,
    "load" : 1,
    "start" : 106,
    "destination" : 9,
    "end" : 106,
    "rdvTime" : "11h51",
    "rdvDuration" : "00h37",
    "srvDuration" : "00h01"
  } ],
  "distMatrix" : [ [ 0, 9, 18, 11, 13, 9, 11, 9, 16, 15, 17, 12, 6, 5, 9, 4, 4, 7, 11, 14, 12, 15, 18, 13, 7, 9, 7, 11, 9, 19, 12, 6, 13, 6, 9, 14, 12, 14, 18, 16, 4, 12, 15, 10, 8, 16, 7, 3, 12, 13, 16, 14, 5, 10, 11, 6, 13, 3, 6, 8, 18, 15, 17, 10, 6, 2, 10, 14, 6, 7, 19, 13, 16, 16, 8, 5, 10, 11, 8, 8, 16, 8, 12, 8, 8, 12, 4, 9, 13, 13, 13, 8, 10, 14, 13, 10, 8, 15, 15, 6, 19, 7, 9, 15, 10, 9, 14 ], [ 9, 0, 11, 18, 7, 13, 18, 11, 14, 7, 18, 11, 14, 9, 2, 12, 11, 6, 12, 19, 3, 16, 18, 5, 14, 4, 11, 12, 9, 14, 17, 7, 5, 13, 8, 9, 5, 6, 17, 15, 11, 11, 7, 18, 16, 12, 6, 8, 13, 6, 7, 14, 13, 5, 5, 15, 19, 8, 6, 3, 14, 15, 8, 5, 12, 9, 6, 16, 8, 5, 13, 5, 9, 14, 8, 7, 16, 12, 2, 0, 9, 12, 11, 7, 9, 10, 8, 17, 4, 19, 7, 4, 14, 5, 16, 1, 1, 11, 15, 6, 14, 7, 14, 15, 11, 5, 12 ], [ 18, 11, 0, 22, 6, 17, 23, 14, 9, 4, 16, 11, 22, 20, 13, 22, 18, 17, 13, 22, 10, 14, 14, 11, 21, 9, 22, 13, 20, 6, 19, 13, 7, 19, 11, 6, 7, 6, 14, 12, 22, 11, 5, 24, 25, 6, 17, 16, 15, 6, 7, 13, 21, 16, 7, 24, 23, 16, 17, 14, 6, 14, 4, 16, 23, 20, 17, 17, 19, 17, 3, 13, 2, 10, 11, 18, 21, 14, 13, 12, 3, 16, 10, 11, 12, 9, 19, 24, 9, 23, 6, 15, 17, 11, 16, 11, 12, 7, 14, 13, 6, 19, 19, 13, 14, 9, 10 ], [ 11, 18, 22, 0, 17, 5, 1, 9, 16, 20, 12, 12, 6, 16, 19, 11, 7, 18, 10, 4, 20, 11, 14, 22, 5, 16, 17, 9, 20, 19, 5, 10, 21, 5, 12, 16, 18, 20, 14, 13, 13, 12, 22, 3, 9, 17, 18, 10, 8, 19, 23, 11, 6, 21, 17, 12, 2, 10, 17, 18, 19, 11, 23, 21, 16, 13, 21, 8, 17, 18, 21, 22, 20, 15, 11, 16, 1, 8, 17, 17, 20, 6, 13, 12, 10, 14, 15, 4, 21, 2, 17, 19, 6, 23, 8, 18, 17, 16, 11, 11, 20, 18, 4, 13, 9, 15, 13 ], [ 13, 7, 6, 17, 0, 12, 18, 8, 7, 4, 13, 6, 16, 15, 10, 17, 13, 13, 8, 17, 8, 11, 11, 9, 15, 4, 17, 9, 16, 7, 14, 8, 6, 14, 6, 2, 3, 4, 11, 9, 17, 6, 5, 19, 20, 4, 13, 10, 10, 3, 7, 9, 16, 13, 3, 19, 18, 11, 13, 10, 6, 10, 6, 13, 18, 15, 14, 13, 15, 13, 6, 11, 3, 8, 6, 14, 16, 9, 9, 8, 3, 11, 6, 6, 7, 4, 14, 18, 7, 18, 1, 12, 12, 10, 12, 8, 8, 4, 10, 7, 7, 15, 13, 9, 9, 4, 6 ], [ 9, 13, 17, 5, 12, 0, 6, 4, 11, 15, 9, 7, 7, 14, 15, 10, 5, 15, 5, 6, 16, 7, 11, 18, 5, 11, 16, 4, 17, 15, 3, 6, 16, 4, 6, 11, 13, 15, 10, 9, 12, 7, 17, 7, 11, 12, 15, 7, 4, 14, 18, 7, 7, 17, 12, 12, 6, 7, 15, 15, 14, 7, 18, 17, 15, 11, 18, 5, 14, 15, 16, 18, 15, 10, 6, 14, 4, 3, 13, 13, 15, 2, 7, 7, 5, 9, 13, 7, 16, 6, 11, 15, 1, 18, 5, 14, 13, 11, 7, 7, 15, 16, 2, 8, 4, 10, 8 ], [ 11, 18, 23, 1, 18, 6, 0, 10, 17, 21, 13, 13, 5, 15, 19, 10, 7, 18, 11, 6, 21, 12, 16, 22, 4, 16, 17, 10, 19, 21, 6, 11, 21, 5, 12, 17, 19, 21, 15, 15, 13, 13, 22, 2, 8, 18, 18, 10, 9, 20, 24, 12, 6, 21, 17, 11, 2, 10, 17, 19, 20, 12, 24, 21, 15, 12, 21, 9, 16, 18, 22, 23, 21, 16, 12, 16, 2, 9, 17, 17, 21, 7, 14, 13, 11, 15, 15, 3, 22, 3, 17, 19, 7, 23, 9, 19, 17, 17, 12, 12, 21, 18, 5, 14, 10, 15, 14 ], [ 9, 11, 14, 9, 8, 4, 10, 0, 8, 12, 9, 4, 9, 13, 13, 12, 7, 14, 2, 9, 13, 6, 9, 15, 8, 8, 16, 2, 16, 11, 6, 4, 12, 6, 3, 7, 10, 11, 9, 7, 13, 4, 13, 11, 14, 9, 13, 6, 3, 10, 15, 5, 9, 15, 8, 14, 10, 6, 13, 13, 11, 6, 14, 15, 15, 11, 16, 6, 14, 14, 13, 15, 12, 8, 3, 13, 8, 2, 11, 10, 11, 3, 4, 4, 2, 5, 12, 10, 13, 10, 8, 14, 3, 15, 5, 11, 10, 7, 6, 5, 12, 15, 5, 6, 1, 6, 5 ], [ 16, 14, 9, 16, 7, 11, 17, 8, 0, 10, 7, 5, 17, 20, 16, 19, 15, 19, 6, 14, 15, 5, 4, 16, 16, 10, 22, 7, 22, 4, 11, 10, 13, 14, 7, 5, 10, 11, 5, 3, 20, 4, 12, 18, 21, 3, 19, 13, 7, 10, 14, 5, 17, 19, 9, 22, 16, 13, 19, 17, 4, 5, 12, 19, 22, 18, 20, 9, 20, 19, 7, 18, 8, 1, 8, 19, 15, 7, 15, 14, 8, 11, 4, 8, 8, 4, 18, 18, 14, 16, 7, 18, 10, 17, 8, 14, 14, 3, 5, 11, 5, 20, 12, 4, 8, 9, 3 ], [ 15, 7, 4, 20, 4, 15, 21, 12, 10, 0, 17, 9, 19, 15, 9, 18, 15, 13, 11, 21, 6, 14, 15, 7, 18, 5, 18, 12, 16, 9, 18, 10, 3, 16, 9, 6, 3, 1, 15, 13, 18, 10, 2, 22, 22, 7, 12, 12, 14, 2, 4, 13, 18, 12, 4, 21, 21, 13, 13, 10, 8, 14, 3, 11, 18, 16, 13, 16, 15, 12, 7, 8, 3, 11, 9, 14, 19, 13, 9, 7, 2, 14, 9, 8, 10, 8, 14, 21, 5, 21, 4, 11, 15, 7, 15, 7, 8, 7, 14, 10, 8, 14, 17, 13, 12, 6, 10 ], [ 17, 18, 16, 12, 13, 9, 13, 9, 7, 17, 0, 8, 15, 22, 21, 19, 14, 22, 7, 8, 20, 3, 3, 22, 14, 15, 24, 7, 25, 11, 7, 12, 19, 13, 10, 11, 16, 17, 3, 4, 21, 7, 19, 15, 20, 10, 22, 15, 6, 16, 21, 4, 16, 23, 15, 21, 11, 15, 22, 21, 11, 3, 19, 24, 24, 20, 24, 4, 22, 22, 14, 23, 15, 6, 11, 22, 12, 7, 19, 18, 15, 10, 8, 11, 10, 9, 21, 16, 20, 11, 13, 22, 8, 22, 5, 19, 18, 10, 3, 13, 12, 23, 10, 4, 8, 13, 7 ], [ 12, 11, 11, 12, 6, 7, 13, 4, 5, 9, 8, 0, 13, 16, 13, 15, 10, 15, 2, 11, 13, 5, 7, 14, 11, 7, 18, 3, 18, 8, 8, 6, 11, 10, 3, 4, 8, 10, 7, 5, 16, 1, 11, 14, 17, 5, 15, 9, 4, 9, 13, 3, 12, 16, 7, 17, 13, 9, 15, 13, 7, 5, 12, 16, 18, 14, 17, 7, 16, 15, 9, 15, 9, 4, 4, 15, 11, 4, 12, 11, 8, 6, 1, 4, 3, 2, 14, 14, 12, 13, 5, 14, 6, 15, 6, 11, 11, 4, 5, 6, 8, 16, 9, 4, 3, 6, 2 ], [ 6, 14, 22, 6, 16, 7, 5, 9, 17, 19, 15, 13, 0, 10, 15, 5, 3, 13, 11, 10, 17, 14, 17, 19, 2, 13, 12, 10, 14, 20, 9, 9, 18, 3, 11, 16, 16, 18, 17, 16, 7, 13, 19, 4, 5, 18, 13, 6, 10, 17, 21, 13, 1, 16, 15, 6, 7, 6, 12, 14, 20, 13, 21, 16, 10, 7, 16, 11, 11, 14, 21, 18, 19, 17, 10, 11, 5, 10, 13, 14, 19, 6, 13, 10, 10, 14, 10, 3, 18, 8, 16, 14, 8, 19, 11, 15, 13, 16, 14, 9, 20, 13, 5, 15, 9, 13, 14 ], [ 5, 9, 20, 16, 15, 14, 15, 13, 20, 15, 22, 16, 10, 0, 8, 6, 9, 4, 15, 19, 11, 20, 22, 12, 11, 11, 2, 15, 4, 22, 17, 10, 13, 11, 13, 16, 13, 14, 22, 20, 4, 16, 15, 14, 10, 19, 4, 7, 16, 14, 16, 18, 10, 7, 13, 7, 18, 7, 3, 7, 21, 19, 17, 7, 3, 3, 6, 18, 1, 4, 21, 11, 18, 20, 12, 1, 15, 15, 7, 8, 17, 12, 16, 11, 12, 16, 1, 13, 13, 18, 15, 6, 15, 12, 18, 9, 8, 17, 19, 9, 21, 3, 14, 19, 14, 12, 17 ], [ 9, 2, 13, 19, 10, 15, 19, 13, 16, 9, 21, 13, 15, 8, 0, 13, 12, 4, 14, 21, 3, 18, 20, 4, 15, 6, 10, 14, 7, 17, 18, 9, 6, 14, 10, 12, 7, 7, 20, 17, 11, 13, 8, 19, 17, 14, 4, 9, 16, 7, 8, 16, 14, 3, 7, 15, 21, 9, 5, 1, 16, 17, 10, 3, 11, 9, 4, 18, 7, 4, 15, 3, 11, 16, 10, 6, 18, 15, 2, 2, 11, 13, 13, 9, 11, 12, 7, 18, 5, 21, 10, 2, 16, 4, 18, 2, 2, 13, 18, 8, 16, 6, 16, 17, 13, 7, 14 ], [ 4, 12, 22, 11, 17, 10, 10, 12, 19, 18, 19, 15, 5, 6, 13, 0, 5, 10, 14, 15, 15, 18, 21, 17, 6, 13, 7, 13, 10, 22, 13, 10, 17, 6, 12, 17, 16, 17, 20, 19, 3, 15, 19, 9, 4, 19, 9, 6, 14, 17, 20, 16, 4, 13, 15, 2, 12, 6, 9, 12, 22, 17, 20, 13, 5, 3, 12, 15, 7, 10, 23, 16, 20, 19, 12, 7, 10, 13, 11, 12, 19, 10, 15, 12, 11, 16, 6, 7, 17, 13, 16, 11, 12, 17, 15, 13, 11, 18, 17, 9, 22, 9, 10, 18, 12, 13, 17 ], [ 4, 11, 18, 7, 13, 5, 7, 7, 15, 15, 14, 10, 3, 9, 12, 5, 0, 11, 9, 11, 14, 12, 16, 15, 3, 10, 10, 8, 12, 18, 9, 5, 15, 2, 8, 13, 13, 14, 15, 14, 7, 10, 16, 7, 7, 15, 10, 3, 9, 14, 17, 11, 3, 13, 11, 7, 9, 3, 10, 11, 17, 12, 18, 14, 9, 6, 13, 10, 9, 11, 18, 15, 16, 14, 7, 9, 6, 8, 10, 10, 16, 4, 10, 7, 7, 11, 8, 6, 15, 9, 12, 12, 7, 16, 10, 12, 10, 13, 12, 6, 18, 11, 5, 13, 7, 9, 12 ], [ 7, 6, 17, 18, 13, 15, 18, 14, 19, 13, 22, 15, 13, 4, 4, 10, 11, 0, 15, 21, 7, 20, 22, 8, 14, 9, 6, 15, 3, 20, 19, 10, 10, 13, 12, 15, 10, 11, 22, 20, 8, 16, 12, 17, 14, 17, 0, 9, 17, 11, 12, 18, 12, 3, 11, 11, 20, 9, 1, 3, 19, 19, 14, 3, 7, 6, 3, 19, 3, 0, 19, 7, 15, 19, 12, 3, 17, 16, 4, 5, 15, 14, 15, 11, 12, 15, 4, 16, 9, 20, 13, 2, 16, 8, 19, 6, 5, 16, 19, 9, 20, 2, 15, 19, 15, 10, 17 ], [ 11, 12, 13, 10, 8, 5, 11, 2, 6, 11, 7, 2, 11, 15, 14, 14, 9, 15, 0, 9, 14, 4, 7, 15, 9, 8, 17, 1, 18, 10, 6, 5, 13, 8, 3, 6, 10, 11, 7, 5, 15, 2, 13, 12, 15, 7, 15, 8, 2, 10, 15, 3, 11, 17, 8, 16, 11, 8, 15, 14, 9, 4, 14, 17, 17, 13, 17, 5, 15, 15, 11, 16, 11, 6, 4, 15, 9, 2, 12, 12, 11, 5, 3, 5, 3, 4, 14, 12, 14, 11, 7, 15, 4, 16, 4, 12, 11, 6, 4, 6, 10, 16, 6, 4, 2, 7, 3 ], [ 14, 19, 22, 4, 17, 6, 6, 9, 14, 21, 8, 11, 10, 19, 21, 15, 11, 21, 9, 0, 22, 9, 11, 23, 8, 17, 21, 9, 23, 18, 3, 12, 21, 9, 12, 15, 19, 20, 11, 11, 17, 11, 22, 8, 14, 16, 21, 12, 7, 19, 24, 9, 10, 23, 17, 16, 3, 12, 20, 21, 18, 8, 23, 23, 20, 16, 23, 5, 20, 21, 20, 24, 20, 13, 12, 20, 5, 8, 19, 19, 20, 8, 12, 13, 11, 13, 18, 9, 22, 3, 16, 21, 6, 24, 6, 20, 19, 15, 9, 13, 18, 21, 6, 10, 8, 15, 12 ], [ 12, 3, 10, 20, 8, 16, 21, 13, 15, 6, 20, 13, 17, 11, 3, 15, 14, 7, 14, 22, 0, 18, 19, 2, 17, 6, 13, 14, 10, 15, 19, 10, 3, 16, 10, 10, 5, 5, 19, 17, 14, 13, 5, 21, 19, 12, 7, 11, 16, 5, 5, 16, 16, 6, 6, 17, 22, 11, 8, 4, 14, 17, 7, 5, 14, 12, 7, 19, 10, 7, 13, 3, 9, 15, 10, 9, 19, 15, 4, 3, 8, 14, 12, 9, 11, 11, 10, 19, 2, 22, 8, 5, 16, 2, 18, 2, 4, 12, 17, 9, 14, 9, 17, 17, 14, 7, 14 ], [ 15, 16, 14, 11, 11, 7, 12, 6, 5, 14, 3, 5, 14, 20, 18, 18, 12, 20, 4, 9, 18, 0, 3, 19, 12, 12, 22, 4, 22, 9, 7, 10, 16, 12, 8, 8, 13, 15, 3, 3, 19, 5, 16, 14, 19, 8, 19, 12, 4, 14, 18, 2, 14, 21, 12, 20, 11, 12, 19, 18, 9, 1, 17, 21, 21, 17, 22, 4, 20, 20, 12, 20, 13, 5, 8, 19, 11, 5, 17, 16, 13, 8, 5, 9, 8, 7, 18, 15, 17, 11, 10, 19, 6, 20, 3, 16, 16, 8, 1, 11, 10, 21, 9, 2, 6, 11, 4 ], [ 18, 18, 14, 14, 11, 11, 16, 9, 4, 15, 3, 7, 17, 22, 20, 21, 16, 22, 7, 11, 19, 3, 0, 20, 16, 14, 25, 7, 25, 8, 10, 12, 17, 15, 10, 9, 14, 15, 1, 2, 22, 6, 16, 18, 22, 8, 22, 15, 7, 14, 18, 4, 17, 23, 13, 23, 14, 15, 22, 20, 8, 4, 17, 23, 24, 20, 24, 7, 22, 22, 11, 22, 13, 4, 10, 22, 14, 8, 19, 18, 13, 11, 7, 11, 10, 8, 21, 18, 18, 14, 11, 21, 9, 21, 7, 18, 17, 8, 4, 13, 8, 23, 12, 3, 8, 12, 5 ], [ 13, 5, 11, 22, 9, 18, 22, 15, 16, 7, 22, 14, 19, 12, 4, 17, 15, 8, 15, 23, 2, 19, 20, 0, 18, 7, 14, 16, 11, 16, 21, 12, 4, 17, 12, 11, 6, 5, 20, 18, 15, 14, 5, 22, 21, 13, 8, 12, 17, 6, 4, 17, 18, 6, 7, 19, 23, 13, 9, 5, 15, 19, 6, 6, 15, 13, 7, 20, 11, 8, 13, 2, 9, 16, 12, 10, 21, 16, 6, 5, 9, 16, 14, 11, 13, 12, 11, 21, 2, 24, 9, 6, 18, 1, 19, 4, 5, 13, 19, 11, 15, 10, 18, 18, 15, 8, 15 ], [ 7, 14, 21, 5, 15, 5, 4, 8, 16, 18, 14, 11, 2, 11, 15, 6, 3, 14, 9, 8, 17, 12, 16, 18, 0, 13, 13, 9, 15, 19, 7, 8, 17, 1, 10, 15, 15, 17, 15, 14, 9, 12, 19, 4, 6, 16, 13, 6, 9, 16, 20, 12, 2, 16, 14, 8, 6, 6, 13, 14, 18, 12, 20, 17, 11, 8, 16, 9, 12, 14, 20, 18, 18, 15, 9, 12, 3, 8, 13, 13, 18, 5, 12, 9, 8, 13, 10, 3, 18, 7, 15, 15, 6, 19, 9, 15, 13, 15, 12, 8, 19, 14, 4, 13, 8, 12, 13 ], [ 9, 4, 9, 16, 4, 11, 16, 8, 10, 5, 15, 7, 13, 11, 6, 13, 10, 9, 8, 17, 6, 12, 14, 7, 13, 0, 14, 9, 12, 11, 14, 5, 5, 11, 5, 6, 3, 4, 14, 11, 13, 7, 6, 17, 17, 8, 9, 7, 10, 4, 8, 10, 13, 9, 2, 16, 17, 7, 9, 7, 10, 12, 7, 9, 14, 11, 10, 13, 11, 9, 10, 8, 7, 10, 5, 10, 14, 9, 5, 4, 6, 9, 7, 4, 6, 6, 10, 16, 6, 17, 4, 8, 11, 8, 12, 4, 4, 7, 12, 5, 10, 11, 12, 11, 8, 1, 8 ], [ 7, 11, 22, 17, 17, 16, 17, 16, 22, 18, 24, 18, 12, 2, 10, 7, 10, 6, 17, 21, 13, 22, 25, 14, 13, 14, 0, 17, 4, 24, 19, 12, 16, 12, 15, 19, 15, 17, 24, 22, 4, 18, 18, 15, 10, 21, 6, 10, 18, 16, 18, 20, 11, 8, 15, 7, 19, 10, 5, 9, 23, 21, 19, 9, 2, 5, 7, 20, 3, 6, 24, 13, 20, 22, 14, 4, 16, 17, 9, 10, 19, 14, 18, 14, 14, 18, 4, 14, 15, 19, 17, 8, 17, 14, 20, 11, 10, 20, 21, 12, 24, 4, 15, 22, 16, 14, 20 ], [ 11, 12, 13, 9, 9, 4, 10, 2, 7, 12, 7, 3, 10, 15, 14, 13, 8, 15, 1, 9, 14, 4, 7, 16, 9, 9, 17, 0, 18, 10, 6, 5, 13, 8, 4, 7, 10, 12, 7, 5, 15, 3, 14, 12, 15, 8, 15, 8, 2, 11, 16, 3, 10, 17, 9, 16, 10, 8, 15, 14, 10, 4, 15, 17, 17, 13, 17, 4, 15, 15, 12, 17, 11, 6, 4, 15, 8, 1, 13, 12, 11, 4, 3, 5, 3, 5, 14, 12, 14, 10, 8, 15, 3, 16, 4, 13, 12, 7, 4, 6, 11, 16, 6, 5, 1, 7, 4 ], [ 9, 9, 20, 20, 16, 17, 19, 16, 22, 16, 25, 18, 14, 4, 7, 10, 12, 3, 18, 23, 10, 22, 25, 11, 15, 12, 4, 18, 0, 23, 21, 13, 13, 14, 15, 18, 14, 15, 25, 23, 7, 19, 15, 18, 14, 20, 3, 11, 19, 14, 15, 21, 13, 5, 14, 11, 21, 11, 3, 6, 22, 22, 17, 5, 5, 7, 4, 22, 3, 3, 22, 9, 18, 22, 14, 3, 18, 18, 7, 9, 18, 16, 18, 14, 15, 18, 5, 17, 12, 21, 16, 5, 18, 11, 21, 9, 8, 19, 22, 12, 23, 2, 17, 22, 17, 13, 20 ], [ 19, 14, 6, 19, 7, 15, 21, 11, 4, 9, 11, 8, 20, 22, 17, 22, 18, 20, 10, 18, 15, 9, 8, 16, 19, 11, 24, 10, 23, 0, 15, 13, 12, 18, 10, 5, 10, 10, 8, 7, 23, 8, 11, 22, 25, 3, 20, 16, 11, 10, 13, 9, 20, 20, 10, 25, 20, 16, 20, 17, 1, 9, 10, 20, 24, 21, 21, 13, 21, 20, 3, 17, 6, 5, 11, 21, 19, 11, 16, 15, 7, 14, 7, 11, 11, 7, 20, 22, 13, 20, 7, 19, 14, 16, 12, 15, 15, 4, 9, 13, 1, 22, 16, 8, 11, 10, 6 ], [ 12, 17, 19, 5, 14, 3, 6, 6, 11, 18, 7, 8, 9, 17, 18, 13, 9, 19, 6, 3, 19, 7, 10, 21, 7, 14, 19, 6, 21, 15, 0, 9, 19, 7, 9, 13, 16, 18, 9, 9, 15, 8, 19, 8, 13, 14, 18, 10, 4, 17, 21, 7, 9, 21, 14, 15, 5, 10, 18, 18, 15, 6, 20, 21, 18, 14, 21, 3, 18, 19, 17, 21, 17, 11, 9, 17, 5, 5, 17, 16, 17, 5, 9, 10, 8, 10, 16, 9, 19, 5, 14, 19, 3, 21, 3, 17, 16, 12, 6, 10, 16, 19, 4, 8, 6, 12, 9 ], [ 6, 7, 13, 10, 8, 6, 11, 4, 10, 10, 12, 6, 9, 10, 9, 10, 5, 10, 5, 12, 10, 10, 12, 12, 8, 5, 12, 5, 13, 13, 9, 0, 10, 6, 3, 8, 8, 10, 12, 10, 10, 6, 11, 12, 12, 10, 10, 3, 6, 9, 13, 8, 8, 12, 6, 12, 12, 3, 10, 9, 12, 9, 13, 12, 12, 8, 12, 9, 10, 10, 13, 12, 11, 10, 2, 10, 9, 5, 8, 7, 10, 4, 6, 2, 2, 6, 9, 11, 11, 12, 7, 10, 6, 12, 8, 8, 7, 8, 9, 1, 13, 11, 7, 9, 4, 4, 7 ], [ 13, 5, 7, 21, 6, 16, 21, 12, 13, 3, 19, 11, 18, 13, 6, 17, 15, 10, 13, 21, 3, 16, 17, 4, 17, 5, 16, 13, 13, 12, 19, 10, 0, 16, 10, 8, 3, 2, 17, 15, 16, 11, 2, 22, 21, 10, 10, 12, 15, 3, 3, 14, 17, 9, 4, 19, 22, 12, 11, 7, 11, 16, 4, 9, 16, 14, 10, 18, 13, 10, 10, 5, 6, 13, 10, 12, 19, 14, 7, 5, 5, 14, 11, 9, 10, 9, 12, 20, 2, 22, 6, 8, 16, 4, 17, 4, 6, 9, 16, 9, 11, 12, 17, 15, 13, 6, 12 ], [ 6, 13, 19, 5, 14, 4, 5, 6, 14, 16, 13, 10, 3, 11, 14, 6, 2, 13, 8, 9, 16, 12, 15, 17, 1, 11, 12, 8, 14, 18, 7, 6, 16, 0, 8, 13, 14, 16, 14, 13, 8, 10, 17, 5, 7, 15, 12, 5, 8, 15, 19, 11, 3, 15, 13, 8, 7, 5, 12, 13, 17, 11, 19, 16, 11, 8, 15, 9, 11, 13, 19, 17, 17, 14, 8, 11, 4, 7, 12, 12, 17, 4, 10, 8, 7, 11, 10, 4, 16, 7, 13, 14, 6, 18, 9, 13, 12, 14, 11, 7, 18, 13, 3, 12, 7, 11, 12 ], [ 9, 8, 11, 12, 6, 6, 12, 3, 7, 9, 10, 3, 11, 13, 10, 12, 8, 12, 3, 12, 10, 8, 10, 12, 10, 5, 15, 4, 15, 10, 9, 3, 10, 8, 0, 5, 7, 9, 10, 8, 13, 3, 10, 13, 15, 7, 12, 6, 5, 8, 12, 6, 11, 13, 5, 15, 13, 6, 12, 10, 9, 7, 11, 13, 15, 11, 14, 8, 13, 12, 11, 13, 9, 7, 1, 12, 10, 4, 9, 8, 8, 5, 3, 1, 1, 3, 11, 13, 10, 13, 5, 12, 6, 13, 7, 9, 8, 6, 7, 3, 10, 13, 8, 7, 4, 3, 5 ], [ 14, 9, 6, 16, 2, 11, 17, 7, 5, 6, 11, 4, 16, 16, 12, 17, 13, 15, 6, 15, 10, 8, 9, 11, 15, 6, 19, 7, 18, 5, 13, 8, 8, 13, 5, 0, 5, 6, 9, 7, 17, 4, 8, 18, 20, 2, 14, 11, 8, 5, 10, 7, 15, 15, 5, 19, 17, 11, 15, 12, 5, 8, 8, 15, 19, 15, 16, 11, 16, 15, 6, 13, 5, 5, 6, 15, 15, 8, 11, 10, 4, 10, 4, 6, 6, 2, 15, 18, 9, 17, 2, 14, 10, 12, 10, 10, 10, 1, 8, 8, 5, 16, 12, 7, 7, 5, 4 ], [ 12, 5, 7, 18, 3, 13, 19, 10, 10, 3, 16, 8, 16, 13, 7, 16, 13, 10, 10, 19, 5, 13, 14, 6, 15, 3, 15, 10, 14, 10, 16, 8, 3, 14, 7, 5, 0, 2, 14, 12, 15, 9, 4, 19, 19, 7, 10, 10, 12, 1, 5, 11, 15, 10, 1, 18, 19, 10, 11, 7, 9, 13, 5, 10, 16, 13, 11, 15, 12, 10, 9, 7, 5, 10, 7, 12, 17, 11, 7, 5, 4, 12, 8, 6, 8, 7, 12, 18, 4, 19, 3, 9, 13, 7, 14, 5, 5, 7, 13, 7, 9, 12, 14, 12, 10, 4, 9 ], [ 14, 6, 6, 20, 4, 15, 21, 11, 11, 1, 17, 10, 18, 14, 7, 17, 14, 11, 11, 20, 5, 15, 15, 5, 17, 4, 17, 12, 15, 10, 18, 10, 2, 16, 9, 6, 2, 0, 15, 13, 17, 10, 2, 21, 21, 8, 11, 12, 14, 1, 4, 13, 17, 10, 3, 20, 21, 12, 12, 8, 9, 14, 3, 10, 17, 15, 11, 16, 14, 11, 8, 7, 4, 11, 9, 13, 19, 13, 8, 6, 4, 14, 9, 8, 10, 8, 13, 20, 3, 21, 4, 10, 15, 6, 16, 5, 7, 8, 14, 9, 9, 13, 16, 13, 12, 5, 10 ], [ 18, 17, 14, 14, 11, 10, 15, 9, 5, 15, 3, 7, 17, 22, 20, 20, 15, 22, 7, 11, 19, 3, 1, 20, 15, 14, 24, 7, 25, 8, 9, 12, 17, 14, 10, 9, 14, 15, 0, 2, 22, 6, 17, 17, 21, 8, 21, 15, 7, 14, 19, 4, 17, 23, 13, 22, 14, 15, 21, 20, 9, 3, 17, 23, 24, 20, 23, 6, 22, 22, 11, 22, 13, 4, 10, 21, 13, 7, 18, 17, 13, 11, 7, 11, 10, 8, 20, 17, 18, 14, 11, 21, 9, 21, 6, 18, 17, 8, 3, 13, 9, 23, 11, 2, 8, 12, 5 ], [ 16, 15, 12, 13, 9, 9, 15, 7, 3, 13, 4, 5, 16, 20, 17, 19, 14, 20, 5, 11, 17, 3, 2, 18, 14, 11, 22, 5, 23, 7, 9, 10, 15, 13, 8, 7, 12, 13, 2, 0, 20, 4, 14, 16, 20, 6, 19, 13, 6, 12, 16, 3, 16, 20, 11, 21, 14, 13, 19, 18, 7, 3, 15, 21, 22, 18, 21, 6, 20, 20, 10, 19, 11, 2, 8, 20, 13, 6, 16, 15, 11, 9, 5, 9, 8, 6, 19, 16, 16, 14, 9, 19, 8, 19, 6, 16, 15, 6, 2, 11, 7, 21, 11, 1, 6, 10, 3 ], [ 4, 11, 22, 13, 17, 12, 13, 13, 20, 18, 21, 16, 7, 4, 11, 3, 7, 8, 15, 17, 14, 19, 22, 15, 9, 13, 4, 15, 7, 23, 15, 10, 16, 8, 13, 17, 15, 17, 22, 20, 0, 16, 18, 11, 6, 20, 7, 7, 15, 16, 19, 18, 7, 11, 14, 4, 15, 7, 7, 10, 22, 18, 20, 11, 3, 2, 10, 17, 5, 8, 23, 14, 20, 20, 12, 5, 12, 14, 10, 11, 19, 11, 16, 12, 12, 16, 4, 10, 16, 15, 16, 9, 14, 16, 17, 12, 10, 18, 19, 10, 23, 7, 12, 19, 14, 13, 18 ], [ 12, 11, 11, 12, 6, 7, 13, 4, 4, 10, 7, 1, 13, 16, 13, 15, 10, 16, 2, 11, 13, 5, 6, 14, 12, 7, 18, 3, 19, 8, 8, 6, 11, 10, 3, 4, 9, 10, 6, 4, 16, 0, 11, 15, 17, 5, 15, 9, 4, 9, 14, 3, 13, 16, 7, 18, 13, 9, 15, 14, 7, 4, 12, 17, 18, 14, 17, 6, 16, 16, 9, 16, 9, 4, 4, 15, 11, 4, 12, 11, 9, 7, 1, 5, 4, 2, 15, 14, 13, 13, 6, 15, 6, 15, 6, 12, 11, 4, 4, 7, 8, 17, 9, 4, 4, 6, 1 ], [ 15, 7, 5, 22, 5, 17, 22, 13, 12, 2, 19, 11, 19, 15, 8, 19, 16, 12, 13, 22, 5, 16, 16, 5, 19, 6, 18, 14, 15, 11, 19, 11, 2, 17, 10, 8, 4, 2, 17, 14, 18, 11, 0, 23, 22, 9, 12, 13, 15, 3, 2, 14, 19, 11, 5, 21, 23, 13, 13, 9, 10, 16, 2, 11, 18, 16, 12, 18, 15, 12, 8, 7, 4, 13, 10, 14, 20, 14, 9, 7, 4, 15, 11, 10, 11, 9, 14, 22, 3, 23, 6, 10, 16, 6, 17, 6, 8, 9, 16, 11, 10, 14, 18, 15, 14, 7, 12 ], [ 10, 18, 24, 3, 19, 7, 2, 11, 18, 22, 15, 14, 4, 14, 19, 9, 7, 17, 12, 8, 21, 14, 18, 22, 4, 17, 15, 12, 18, 22, 8, 12, 22, 5, 13, 18, 19, 21, 17, 16, 11, 15, 23, 0, 6, 20, 17, 10, 11, 20, 24, 14, 5, 20, 18, 9, 5, 10, 17, 18, 22, 14, 24, 20, 14, 11, 20, 11, 15, 18, 24, 22, 22, 18, 13, 15, 4, 11, 17, 18, 22, 8, 15, 13, 12, 16, 14, 2, 22, 5, 18, 18, 9, 23, 11, 19, 17, 18, 14, 12, 22, 17, 6, 16, 11, 16, 16 ], [ 8, 16, 25, 9, 20, 11, 8, 14, 21, 22, 20, 17, 5, 10, 17, 4, 7, 14, 15, 14, 19, 19, 22, 21, 6, 17, 10, 15, 14, 25, 13, 12, 21, 7, 15, 20, 19, 21, 21, 20, 6, 17, 22, 6, 0, 22, 14, 9, 15, 20, 24, 18, 5, 17, 18, 3, 11, 9, 13, 16, 24, 18, 24, 17, 9, 8, 16, 16, 11, 14, 26, 20, 23, 21, 14, 11, 9, 14, 15, 16, 23, 11, 17, 14, 14, 18, 10, 5, 21, 11, 19, 15, 13, 21, 16, 17, 15, 21, 18, 12, 25, 13, 10, 19, 14, 16, 19 ], [ 16, 12, 6, 17, 4, 12, 18, 9, 3, 7, 10, 5, 18, 19, 14, 19, 15, 17, 7, 16, 12, 8, 8, 13, 16, 8, 21, 8, 20, 3, 14, 10, 10, 15, 7, 2, 7, 8, 8, 6, 20, 5, 9, 20, 22, 0, 17, 13, 9, 7, 11, 7, 17, 17, 7, 22, 18, 13, 17, 14, 2, 8, 9, 17, 21, 18, 18, 11, 18, 17, 4, 15, 5, 4, 8, 18, 16, 9, 13, 12, 5, 12, 5, 8, 8, 4, 17, 19, 11, 18, 4, 16, 11, 14, 11, 12, 12, 1, 8, 10, 3, 19, 14, 7, 9, 7, 4 ], [ 7, 6, 17, 18, 13, 15, 18, 13, 19, 12, 22, 15, 13, 4, 4, 9, 10, 0, 15, 21, 7, 19, 22, 8, 13, 9, 6, 15, 3, 20, 18, 10, 10, 12, 12, 14, 10, 11, 21, 19, 7, 15, 12, 17, 14, 17, 0, 8, 16, 11, 12, 18, 12, 3, 10, 11, 19, 8, 1, 3, 19, 19, 14, 4, 7, 6, 3, 19, 3, 1, 19, 7, 15, 19, 11, 2, 16, 15, 4, 5, 14, 13, 15, 11, 12, 14, 4, 15, 9, 20, 13, 2, 16, 8, 18, 6, 5, 16, 19, 9, 19, 2, 15, 19, 14, 10, 16 ], [ 3, 8, 16, 10, 10, 7, 10, 6, 13, 12, 15, 9, 6, 7, 9, 6, 3, 9, 8, 12, 11, 12, 15, 12, 6, 7, 10, 8, 11, 16, 10, 3, 12, 5, 6, 11, 10, 12, 15, 13, 7, 9, 13, 10, 9, 13, 8, 0, 9, 11, 15, 11, 6, 11, 9, 9, 11, 0, 8, 9, 15, 12, 15, 11, 9, 5, 11, 11, 8, 9, 16, 13, 14, 13, 5, 7, 8, 8, 7, 8, 13, 5, 9, 5, 5, 9, 6, 9, 12, 12, 10, 9, 8, 13, 10, 9, 7, 12, 12, 3, 16, 9, 7, 12, 7, 7, 11 ], [ 12, 13, 15, 8, 10, 4, 9, 3, 7, 14, 6, 4, 10, 16, 16, 14, 9, 17, 2, 7, 16, 4, 7, 17, 9, 10, 18, 2, 19, 11, 4, 6, 15, 8, 5, 8, 12, 14, 7, 6, 15, 4, 15, 11, 15, 9, 16, 9, 0, 13, 17, 3, 10, 18, 10, 16, 9, 9, 16, 15, 11, 3, 16, 18, 18, 14, 19, 3, 16, 17, 13, 18, 13, 7, 6, 16, 7, 1, 14, 13, 13, 4, 5, 6, 5, 6, 15, 11, 16, 9, 10, 16, 2, 18, 2, 14, 13, 8, 4, 8, 12, 17, 5, 5, 2, 9, 5 ], [ 13, 6, 6, 19, 3, 14, 20, 10, 10, 2, 16, 9, 17, 14, 7, 17, 14, 11, 10, 19, 5, 14, 14, 6, 16, 4, 16, 11, 14, 10, 17, 9, 3, 15, 8, 5, 1, 1, 14, 12, 16, 9, 3, 20, 20, 7, 11, 11, 13, 0, 5, 12, 16, 10, 2, 19, 20, 11, 12, 8, 9, 13, 4, 10, 17, 14, 12, 15, 13, 11, 8, 8, 4, 11, 8, 13, 18, 12, 7, 6, 3, 13, 8, 7, 9, 7, 13, 19, 4, 20, 3, 10, 14, 7, 15, 5, 6, 7, 13, 8, 9, 13, 15, 12, 11, 4, 9 ], [ 16, 7, 7, 23, 7, 18, 24, 15, 14, 4, 21, 13, 21, 16, 8, 20, 17, 12, 15, 24, 5, 18, 18, 4, 20, 8, 18, 16, 15, 13, 21, 13, 3, 19, 12, 10, 5, 4, 19, 16, 19, 14, 2, 24, 24, 11, 12, 15, 17, 5, 0, 16, 20, 10, 7, 22, 25, 15, 13, 9, 12, 18, 2, 10, 19, 17, 12, 20, 15, 12, 10, 6, 6, 15, 12, 14, 22, 16, 9, 8, 6, 17, 13, 11, 13, 11, 15, 23, 3, 25, 8, 10, 18, 5, 19, 7, 8, 11, 18, 12, 12, 14, 20, 17, 15, 9, 14 ], [ 14, 14, 13, 11, 9, 7, 12, 5, 5, 13, 4, 3, 13, 18, 16, 16, 11, 18, 3, 9, 16, 2, 4, 17, 12, 10, 20, 3, 21, 9, 7, 8, 14, 11, 6, 7, 11, 13, 4, 3, 18, 3, 14, 14, 18, 7, 18, 11, 3, 12, 16, 0, 13, 19, 10, 18, 11, 11, 18, 16, 9, 1, 15, 19, 20, 16, 20, 4, 18, 18, 11, 18, 11, 4, 6, 18, 10, 3, 15, 14, 11, 7, 4, 7, 6, 5, 17, 14, 15, 11, 8, 18, 5, 18, 4, 15, 14, 6, 1, 9, 9, 19, 8, 2, 4, 9, 3 ], [ 5, 13, 21, 6, 16, 7, 6, 9, 17, 18, 16, 12, 1, 10, 14, 4, 3, 12, 11, 10, 16, 14, 17, 18, 2, 13, 11, 10, 13, 20, 9, 8, 17, 3, 11, 15, 15, 17, 17, 16, 7, 13, 19, 5, 5, 17, 12, 6, 10, 16, 20, 13, 0, 15, 14, 6, 8, 6, 12, 13, 20, 14, 20, 15, 9, 6, 15, 11, 11, 13, 21, 18, 19, 16, 10, 10, 5, 10, 12, 13, 18, 6, 13, 10, 9, 14, 9, 3, 17, 8, 15, 14, 8, 18, 11, 14, 12, 16, 14, 8, 20, 12, 6, 15, 9, 12, 14 ], [ 10, 5, 16, 21, 13, 17, 21, 15, 19, 12, 23, 16, 16, 7, 3, 13, 13, 3, 17, 23, 6, 21, 23, 6, 16, 9, 8, 17, 5, 20, 21, 12, 9, 15, 13, 15, 10, 10, 23, 20, 11, 16, 11, 20, 17, 17, 3, 11, 18, 10, 10, 19, 15, 0, 10, 14, 22, 11, 4, 3, 19, 20, 12, 0, 10, 9, 1, 21, 6, 3, 18, 4, 14, 19, 13, 6, 19, 17, 4, 5, 14, 16, 16, 12, 13, 15, 7, 19, 7, 22, 13, 2, 18, 6, 20, 5, 5, 16, 20, 11, 19, 4, 18, 20, 16, 11, 17 ], [ 11, 5, 7, 17, 3, 12, 17, 8, 9, 4, 15, 7, 15, 13, 7, 15, 11, 11, 8, 17, 6, 12, 13, 7, 14, 2, 15, 9, 14, 10, 14, 6, 4, 13, 5, 5, 1, 3, 13, 11, 14, 7, 5, 18, 18, 7, 10, 9, 10, 2, 7, 10, 14, 10, 0, 17, 18, 9, 11, 8, 9, 11, 6, 10, 15, 12, 11, 13, 12, 10, 9, 9, 5, 9, 5, 11, 15, 10, 7, 5, 5, 10, 7, 5, 6, 5, 11, 17, 5, 18, 3, 9, 11, 8, 12, 5, 5, 6, 11, 6, 9, 12, 13, 11, 9, 2, 8 ], [ 6, 15, 24, 12, 19, 12, 11, 14, 22, 21, 21, 17, 6, 7, 15, 2, 7, 11, 16, 16, 17, 20, 23, 19, 8, 16, 7, 16, 11, 25, 15, 12, 19, 8, 15, 19, 18, 20, 22, 21, 4, 18, 21, 9, 3, 22, 11, 9, 16, 19, 22, 18, 6, 14, 17, 0, 13, 9, 10, 13, 24, 19, 23, 15, 6, 5, 14, 17, 9, 12, 25, 18, 22, 21, 14, 9, 11, 15, 13, 14, 22, 12, 18, 14, 14, 18, 7, 8, 19, 14, 19, 13, 14, 19, 17, 15, 14, 20, 19, 12, 25, 10, 11, 20, 14, 15, 19 ], [ 13, 19, 23, 2, 18, 6, 2, 10, 16, 21, 11, 13, 7, 18, 21, 12, 9, 20, 11, 3, 22, 11, 14, 23, 6, 17, 19, 10, 21, 20, 5, 12, 22, 7, 13, 17, 19, 21, 14, 14, 15, 13, 23, 5, 11, 18, 19, 11, 9, 20, 25, 11, 8, 22, 18, 13, 0, 11, 19, 20, 20, 11, 24, 23, 18, 15, 22, 8, 18, 20, 22, 24, 21, 15, 12, 18, 3, 9, 19, 19, 21, 8, 13, 13, 12, 15, 17, 6, 22, 0, 18, 21, 7, 24, 8, 20, 18, 17, 11, 13, 20, 20, 5, 13, 9, 16, 14 ], [ 3, 8, 16, 10, 11, 7, 10, 6, 13, 13, 15, 9, 6, 7, 9, 6, 3, 9, 8, 12, 11, 12, 15, 13, 6, 7, 10, 8, 11, 16, 10, 3, 12, 5, 6, 11, 10, 12, 15, 13, 7, 9, 13, 10, 9, 13, 8, 0, 9, 11, 15, 11, 6, 11, 9, 9, 11, 0, 8, 9, 15, 12, 15, 11, 9, 5, 11, 11, 8, 9, 16, 13, 14, 13, 5, 7, 8, 8, 7, 8, 13, 5, 9, 5, 5, 9, 6, 9, 12, 12, 10, 9, 8, 13, 10, 9, 7, 12, 12, 3, 16, 9, 7, 12, 7, 7, 11 ], [ 6, 6, 17, 17, 13, 15, 17, 13, 19, 13, 22, 15, 12, 3, 5, 9, 10, 1, 15, 20, 8, 19, 22, 9, 13, 9, 5, 15, 3, 20, 18, 10, 11, 12, 12, 15, 11, 12, 21, 19, 7, 15, 13, 17, 13, 17, 1, 8, 16, 12, 13, 18, 12, 4, 11, 10, 19, 8, 0, 4, 19, 19, 14, 4, 6, 5, 4, 19, 2, 1, 19, 8, 15, 19, 11, 2, 16, 15, 4, 6, 15, 13, 15, 11, 12, 14, 3, 15, 10, 19, 13, 3, 15, 9, 18, 6, 5, 16, 19, 9, 20, 1, 15, 19, 14, 10, 17 ], [ 8, 3, 14, 18, 10, 15, 19, 13, 17, 10, 21, 13, 14, 7, 1, 12, 11, 3, 14, 21, 4, 18, 20, 5, 14, 7, 9, 14, 6, 17, 18, 9, 7, 13, 10, 12, 7, 8, 20, 18, 10, 14, 9, 18, 16, 14, 3, 9, 15, 8, 9, 16, 13, 3, 8, 13, 20, 9, 4, 0, 16, 18, 11, 3, 10, 8, 4, 18, 6, 3, 16, 4, 12, 17, 10, 5, 17, 14, 1, 3, 12, 13, 13, 9, 11, 12, 6, 17, 6, 20, 10, 1, 15, 6, 17, 3, 3, 14, 18, 8, 17, 5, 15, 17, 13, 8, 15 ], [ 18, 14, 6, 19, 6, 14, 20, 11, 4, 8, 11, 7, 20, 21, 16, 22, 17, 19, 9, 18, 14, 9, 8, 15, 18, 10, 23, 10, 22, 1, 15, 12, 11, 17, 9, 5, 9, 9, 9, 7, 22, 7, 10, 22, 24, 2, 19, 15, 11, 9, 12, 9, 20, 19, 9, 24, 20, 15, 19, 16, 0, 9, 10, 19, 23, 20, 20, 13, 21, 19, 3, 16, 5, 5, 10, 20, 18, 11, 15, 14, 6, 14, 7, 10, 10, 6, 19, 21, 12, 20, 6, 18, 13, 15, 12, 14, 14, 4, 9, 12, 1, 21, 16, 8, 11, 9, 6 ], [ 15, 15, 14, 11, 10, 7, 12, 6, 5, 14, 3, 5, 13, 19, 17, 17, 12, 19, 4, 8, 17, 1, 4, 19, 12, 12, 21, 4, 22, 9, 6, 9, 16, 11, 7, 8, 13, 14, 3, 3, 18, 4, 16, 14, 18, 8, 19, 12, 3, 13, 18, 1, 14, 20, 11, 19, 11, 12, 19, 18, 9, 0, 16, 20, 21, 17, 21, 3, 19, 19, 12, 20, 13, 5, 8, 19, 10, 4, 16, 15, 12, 7, 5, 8, 7, 6, 18, 14, 17, 11, 10, 19, 5, 19, 3, 16, 15, 7, 0, 10, 10, 20, 8, 2, 5, 10, 4 ], [ 17, 8, 4, 23, 6, 18, 24, 14, 12, 3, 19, 12, 21, 17, 10, 20, 18, 14, 14, 23, 7, 17, 17, 6, 20, 7, 19, 15, 17, 10, 20, 13, 4, 19, 11, 8, 5, 3, 17, 15, 20, 12, 2, 24, 24, 9, 14, 15, 16, 4, 2, 15, 20, 12, 6, 23, 24, 15, 14, 11, 10, 16, 0, 12, 20, 18, 13, 19, 16, 13, 8, 8, 4, 13, 12, 16, 22, 15, 10, 9, 4, 16, 12, 11, 12, 10, 16, 23, 5, 24, 7, 12, 17, 7, 18, 8, 9, 9, 16, 12, 10, 15, 19, 15, 15, 8, 12 ], [ 10, 5, 16, 21, 13, 17, 21, 15, 19, 11, 24, 16, 16, 7, 3, 13, 14, 3, 17, 23, 5, 21, 23, 6, 17, 9, 9, 17, 5, 20, 21, 12, 9, 16, 13, 15, 10, 10, 23, 21, 11, 17, 11, 20, 17, 17, 4, 11, 18, 10, 10, 19, 15, 0, 10, 15, 23, 11, 4, 3, 19, 20, 12, 0, 10, 10, 2, 21, 6, 3, 18, 4, 14, 19, 13, 6, 19, 17, 4, 5, 14, 16, 16, 12, 13, 15, 7, 19, 7, 23, 13, 2, 18, 6, 20, 5, 5, 16, 20, 11, 19, 5, 18, 20, 16, 11, 18 ], [ 6, 12, 23, 16, 18, 15, 15, 15, 22, 18, 24, 18, 10, 3, 11, 5, 9, 7, 17, 20, 14, 21, 24, 15, 11, 14, 2, 17, 5, 24, 18, 12, 16, 11, 15, 19, 16, 17, 24, 22, 3, 18, 18, 14, 9, 21, 7, 9, 18, 17, 19, 20, 9, 10, 15, 6, 18, 9, 6, 10, 23, 21, 20, 10, 0, 4, 9, 20, 4, 7, 24, 14, 21, 22, 14, 5, 15, 17, 10, 11, 20, 14, 18, 14, 14, 18, 4, 12, 16, 18, 18, 9, 16, 15, 19, 12, 11, 20, 21, 12, 24, 5, 14, 21, 16, 14, 20 ], [ 2, 9, 20, 13, 15, 11, 12, 11, 18, 16, 20, 14, 7, 3, 9, 3, 6, 6, 13, 16, 12, 17, 20, 13, 8, 11, 5, 13, 7, 21, 14, 8, 14, 8, 11, 15, 13, 15, 20, 18, 2, 14, 16, 11, 8, 18, 6, 5, 14, 14, 17, 16, 6, 9, 12, 5, 15, 5, 5, 8, 20, 17, 18, 10, 4, 0, 9, 16, 4, 7, 21, 13, 18, 18, 10, 4, 12, 13, 8, 9, 17, 10, 14, 10, 10, 14, 2, 10, 14, 15, 14, 8, 12, 14, 15, 10, 8, 16, 17, 8, 21, 6, 11, 18, 12, 11, 16 ], [ 10, 6, 17, 21, 14, 18, 21, 16, 20, 13, 24, 17, 16, 6, 4, 12, 13, 3, 17, 23, 7, 22, 24, 7, 16, 10, 7, 17, 4, 21, 21, 12, 10, 15, 14, 16, 11, 11, 23, 21, 10, 17, 12, 20, 16, 18, 3, 11, 19, 12, 12, 20, 15, 1, 11, 14, 22, 11, 4, 4, 20, 21, 13, 2, 9, 9, 0, 21, 5, 2, 20, 6, 16, 20, 13, 5, 19, 18, 5, 6, 15, 16, 17, 13, 14, 16, 7, 18, 9, 23, 14, 2, 18, 7, 21, 6, 6, 17, 21, 11, 20, 3, 18, 21, 17, 11, 18 ], [ 14, 16, 17, 8, 13, 5, 9, 6, 9, 16, 4, 7, 11, 18, 18, 15, 10, 19, 5, 5, 19, 4, 7, 20, 9, 13, 20, 4, 22, 13, 3, 9, 18, 9, 8, 11, 15, 16, 6, 6, 17, 6, 18, 11, 16, 11, 19, 11, 3, 15, 20, 4, 11, 21, 13, 17, 8, 11, 19, 18, 13, 3, 19, 21, 20, 16, 21, 0, 19, 19, 15, 21, 15, 8, 8, 18, 7, 4, 17, 16, 15, 6, 7, 9, 8, 9, 17, 11, 18, 7, 12, 19, 3, 21, 1, 17, 16, 10, 4, 10, 13, 20, 6, 5, 5, 12, 7 ], [ 6, 8, 19, 17, 15, 14, 16, 14, 20, 15, 22, 16, 11, 1, 7, 7, 9, 3, 15, 20, 10, 20, 22, 11, 12, 11, 3, 15, 3, 21, 18, 10, 13, 11, 13, 16, 12, 14, 22, 20, 5, 16, 15, 15, 11, 18, 3, 8, 16, 13, 15, 18, 11, 6, 12, 9, 18, 8, 2, 6, 21, 19, 16, 6, 4, 4, 5, 19, 0, 3, 21, 10, 17, 20, 12, 1, 15, 15, 6, 7, 17, 13, 16, 11, 12, 15, 2, 14, 12, 19, 14, 5, 15, 11, 18, 8, 7, 17, 19, 9, 21, 2, 14, 20, 14, 11, 17 ], [ 7, 5, 17, 18, 13, 15, 18, 14, 19, 12, 22, 15, 14, 4, 4, 10, 11, 0, 15, 21, 7, 20, 22, 8, 14, 9, 6, 15, 3, 20, 19, 10, 10, 13, 12, 15, 10, 11, 22, 20, 8, 16, 12, 18, 14, 17, 1, 9, 17, 11, 12, 18, 13, 3, 10, 12, 20, 9, 1, 3, 19, 19, 13, 3, 7, 7, 2, 19, 3, 0, 19, 7, 15, 19, 12, 3, 17, 16, 4, 5, 14, 14, 15, 11, 12, 14, 4, 16, 9, 20, 13, 2, 16, 8, 19, 6, 5, 16, 19, 9, 19, 2, 16, 19, 15, 10, 17 ], [ 19, 13, 3, 21, 6, 16, 22, 13, 7, 7, 14, 9, 21, 21, 15, 23, 18, 19, 11, 20, 13, 12, 11, 13, 20, 10, 24, 12, 22, 3, 17, 13, 10, 19, 11, 6, 9, 8, 11, 10, 23, 9, 8, 24, 26, 4, 19, 16, 13, 8, 10, 11, 21, 18, 9, 25, 22, 16, 19, 16, 3, 12, 8, 18, 24, 21, 20, 15, 21, 19, 0, 15, 4, 7, 11, 20, 20, 13, 15, 14, 5, 15, 9, 11, 12, 8, 20, 23, 11, 22, 6, 18, 15, 14, 14, 13, 14, 5, 12, 13, 2, 21, 18, 10, 13, 10, 8 ], [ 13, 5, 13, 22, 11, 18, 23, 15, 18, 8, 23, 15, 18, 11, 3, 16, 15, 7, 16, 24, 3, 20, 22, 2, 18, 8, 13, 17, 9, 17, 21, 12, 5, 17, 13, 13, 7, 7, 22, 19, 14, 16, 7, 22, 20, 15, 7, 13, 18, 8, 6, 18, 18, 4, 9, 18, 24, 13, 8, 4, 16, 20, 8, 4, 14, 13, 6, 21, 10, 7, 15, 0, 11, 18, 13, 9, 21, 17, 5, 5, 11, 16, 15, 12, 13, 14, 10, 21, 4, 24, 11, 5, 18, 2, 20, 4, 6, 14, 20, 11, 17, 8, 19, 19, 16, 10, 16 ], [ 16, 9, 2, 20, 3, 15, 21, 12, 8, 3, 15, 9, 19, 18, 11, 20, 16, 15, 11, 20, 9, 13, 13, 9, 18, 7, 20, 11, 18, 6, 17, 11, 6, 17, 9, 5, 5, 4, 13, 11, 20, 9, 4, 22, 23, 5, 15, 14, 13, 4, 6, 11, 19, 14, 5, 22, 21, 14, 15, 12, 5, 13, 4, 14, 21, 18, 16, 15, 17, 15, 4, 11, 0, 9, 9, 16, 19, 12, 11, 10, 1, 14, 8, 9, 10, 7, 16, 21, 7, 21, 4, 14, 15, 10, 15, 9, 10, 5, 12, 11, 6, 17, 17, 11, 12, 7, 9 ], [ 16, 14, 10, 15, 8, 10, 16, 8, 1, 11, 6, 4, 17, 20, 16, 19, 14, 19, 6, 13, 15, 5, 4, 16, 15, 10, 22, 6, 22, 5, 11, 10, 13, 14, 7, 5, 10, 11, 4, 2, 20, 4, 13, 18, 21, 4, 19, 13, 7, 11, 15, 4, 16, 19, 9, 21, 15, 13, 19, 17, 5, 5, 13, 19, 22, 18, 20, 8, 20, 19, 7, 18, 9, 0, 8, 19, 14, 7, 15, 14, 9, 10, 4, 8, 8, 4, 18, 18, 15, 15, 7, 18, 9, 17, 7, 14, 14, 4, 4, 11, 5, 20, 12, 3, 7, 9, 2 ], [ 8, 8, 11, 11, 6, 6, 12, 3, 8, 9, 11, 4, 10, 12, 10, 12, 7, 12, 4, 12, 10, 8, 10, 12, 9, 5, 14, 4, 14, 11, 9, 2, 10, 8, 1, 6, 7, 9, 10, 8, 12, 4, 10, 13, 14, 8, 11, 5, 6, 8, 12, 6, 10, 13, 5, 14, 12, 5, 11, 10, 10, 8, 12, 13, 14, 10, 13, 8, 12, 12, 11, 13, 9, 8, 0, 11, 10, 5, 9, 8, 9, 5, 4, 1, 1, 4, 11, 12, 10, 13, 5, 11, 6, 13, 8, 9, 8, 6, 8, 3, 11, 13, 8, 8, 4, 3, 5 ], [ 5, 7, 18, 16, 14, 14, 16, 13, 19, 14, 22, 15, 11, 1, 6, 7, 9, 3, 15, 20, 9, 19, 22, 10, 12, 10, 4, 15, 3, 21, 17, 10, 12, 11, 12, 15, 12, 13, 21, 20, 5, 15, 14, 15, 11, 18, 2, 7, 16, 13, 14, 18, 10, 6, 11, 9, 18, 7, 2, 5, 20, 19, 16, 6, 5, 4, 5, 18, 1, 3, 20, 9, 16, 19, 11, 0, 15, 15, 5, 7, 16, 12, 15, 11, 12, 15, 2, 14, 11, 18, 14, 4, 15, 11, 18, 8, 6, 17, 19, 9, 20, 2, 14, 19, 14, 11, 17 ], [ 10, 16, 21, 1, 16, 4, 2, 8, 15, 19, 12, 11, 5, 15, 18, 10, 6, 17, 9, 5, 19, 11, 14, 21, 3, 14, 16, 8, 18, 19, 5, 9, 19, 4, 10, 15, 17, 19, 13, 13, 12, 11, 20, 4, 9, 16, 16, 8, 7, 18, 22, 10, 5, 19, 15, 11, 3, 8, 16, 17, 18, 10, 22, 19, 15, 12, 19, 7, 15, 17, 20, 21, 19, 14, 10, 15, 0, 7, 16, 16, 19, 5, 12, 11, 9, 13, 13, 4, 20, 3, 15, 18, 5, 21, 7, 17, 15, 15, 11, 10, 19, 17, 3, 12, 8, 13, 12 ], [ 11, 12, 14, 8, 9, 3, 9, 2, 7, 13, 7, 4, 10, 15, 15, 13, 8, 16, 2, 8, 15, 5, 8, 16, 8, 9, 17, 1, 18, 11, 5, 5, 14, 7, 4, 8, 11, 13, 7, 6, 14, 4, 14, 11, 14, 9, 15, 8, 1, 12, 16, 3, 10, 17, 10, 15, 9, 8, 15, 14, 11, 4, 15, 17, 17, 13, 18, 4, 15, 16, 13, 17, 12, 7, 5, 15, 7, 0, 13, 12, 12, 3, 4, 5, 4, 6, 14, 11, 15, 9, 9, 15, 2, 17, 3, 13, 12, 8, 4, 7, 11, 16, 5, 5, 1, 8, 5 ], [ 8, 2, 13, 17, 9, 13, 17, 11, 15, 9, 19, 12, 13, 7, 2, 11, 10, 4, 12, 19, 4, 17, 19, 6, 13, 5, 9, 13, 7, 16, 17, 8, 7, 12, 9, 11, 7, 8, 18, 16, 10, 12, 9, 17, 15, 13, 4, 7, 14, 7, 9, 15, 12, 4, 7, 13, 19, 7, 4, 1, 15, 16, 10, 4, 10, 8, 5, 17, 6, 4, 15, 5, 11, 15, 9, 5, 16, 13, 0, 2, 11, 12, 12, 8, 9, 11, 6, 16, 6, 19, 9, 3, 14, 6, 16, 2, 1, 12, 16, 7, 16, 6, 14, 16, 12, 6, 13 ], [ 8, 0, 12, 17, 8, 13, 17, 10, 14, 7, 18, 11, 14, 8, 2, 12, 10, 5, 12, 19, 3, 16, 18, 5, 13, 4, 10, 12, 9, 15, 16, 7, 5, 12, 8, 10, 5, 6, 17, 15, 11, 11, 7, 18, 16, 12, 5, 8, 13, 6, 8, 14, 13, 5, 5, 14, 19, 8, 6, 3, 14, 15, 9, 5, 11, 9, 6, 16, 7, 5, 14, 5, 10, 14, 8, 7, 16, 12, 2, 0, 9, 11, 11, 7, 8, 10, 7, 16, 5, 19, 8, 4, 13, 6, 15, 1, 1, 11, 15, 6, 14, 7, 14, 15, 11, 5, 12 ], [ 16, 9, 3, 20, 3, 15, 21, 11, 8, 2, 15, 8, 19, 17, 11, 19, 16, 15, 11, 20, 8, 13, 13, 9, 18, 6, 19, 11, 18, 7, 17, 10, 5, 17, 8, 4, 4, 4, 13, 11, 19, 9, 4, 22, 23, 5, 14, 13, 13, 3, 6, 11, 18, 14, 5, 22, 21, 13, 15, 12, 6, 12, 4, 14, 20, 17, 15, 15, 17, 14, 5, 11, 1, 9, 9, 16, 19, 12, 11, 9, 0, 14, 8, 9, 10, 7, 16, 21, 7, 21, 3, 13, 14, 10, 14, 9, 10, 5, 12, 10, 6, 16, 16, 11, 12, 6, 8 ], [ 8, 12, 16, 6, 11, 2, 7, 3, 11, 14, 10, 6, 6, 12, 13, 10, 4, 14, 5, 8, 14, 8, 11, 16, 5, 9, 14, 4, 16, 14, 5, 4, 14, 4, 5, 10, 12, 14, 11, 9, 11, 7, 15, 8, 11, 12, 13, 5, 4, 13, 17, 7, 6, 16, 10, 12, 8, 5, 13, 13, 14, 7, 16, 16, 14, 10, 16, 6, 13, 14, 15, 16, 14, 10, 5, 12, 5, 3, 12, 11, 14, 0, 7, 5, 4, 8, 11, 8, 15, 8, 10, 14, 2, 17, 5, 12, 11, 10, 8, 5, 14, 14, 3, 9, 3, 8, 8 ], [ 12, 11, 10, 13, 6, 7, 14, 4, 4, 9, 8, 1, 13, 16, 13, 15, 10, 15, 3, 12, 12, 5, 7, 14, 12, 7, 18, 3, 18, 7, 9, 6, 11, 10, 3, 4, 8, 9, 7, 5, 16, 1, 11, 15, 17, 5, 15, 9, 5, 8, 13, 4, 13, 16, 7, 18, 13, 9, 15, 13, 7, 5, 12, 16, 18, 14, 17, 7, 16, 15, 9, 15, 8, 4, 4, 15, 12, 4, 12, 11, 8, 7, 0, 4, 4, 2, 14, 14, 12, 13, 5, 14, 7, 15, 6, 11, 11, 4, 5, 7, 7, 16, 9, 4, 4, 6, 2 ], [ 8, 7, 11, 12, 6, 7, 13, 4, 8, 8, 11, 4, 10, 11, 9, 12, 7, 11, 5, 13, 9, 9, 11, 11, 9, 4, 14, 5, 14, 11, 10, 2, 9, 8, 1, 6, 6, 8, 11, 9, 12, 5, 10, 13, 14, 8, 11, 5, 6, 7, 11, 7, 10, 12, 5, 14, 13, 5, 11, 9, 10, 8, 11, 12, 14, 10, 13, 9, 11, 11, 11, 12, 9, 8, 1, 11, 11, 5, 8, 7, 9, 5, 4, 0, 2, 4, 10, 12, 10, 13, 5, 10, 7, 12, 8, 8, 7, 6, 8, 2, 11, 12, 8, 8, 4, 3, 6 ], [ 8, 9, 12, 10, 7, 5, 11, 2, 8, 10, 10, 3, 10, 12, 11, 11, 7, 12, 3, 11, 11, 8, 10, 13, 8, 6, 14, 3, 15, 11, 8, 2, 10, 7, 1, 6, 8, 10, 10, 8, 12, 4, 11, 12, 14, 8, 12, 5, 5, 9, 13, 6, 9, 13, 6, 14, 12, 5, 12, 11, 10, 7, 12, 13, 14, 10, 14, 8, 12, 12, 12, 13, 10, 8, 1, 12, 9, 4, 9, 8, 10, 4, 4, 2, 0, 4, 11, 11, 11, 12, 6, 12, 5, 13, 7, 9, 8, 7, 7, 3, 11, 13, 7, 7, 3, 4, 5 ], [ 12, 10, 9, 14, 4, 9, 15, 5, 4, 8, 9, 2, 14, 16, 12, 16, 11, 15, 4, 13, 11, 7, 8, 12, 13, 6, 18, 5, 18, 7, 10, 6, 9, 11, 3, 2, 7, 8, 8, 6, 16, 2, 9, 16, 18, 4, 14, 9, 6, 7, 11, 5, 14, 15, 5, 18, 15, 9, 14, 12, 6, 6, 10, 15, 18, 14, 16, 9, 15, 14, 8, 14, 7, 4, 4, 15, 13, 6, 11, 10, 7, 8, 2, 4, 4, 0, 14, 15, 11, 15, 4, 14, 8, 13, 8, 10, 10, 2, 6, 6, 7, 16, 10, 5, 5, 5, 3 ], [ 4, 8, 19, 15, 14, 13, 15, 12, 18, 14, 21, 14, 10, 1, 7, 6, 8, 4, 14, 18, 10, 18, 21, 11, 10, 10, 4, 14, 5, 20, 16, 9, 12, 10, 11, 15, 12, 13, 20, 19, 4, 15, 14, 14, 10, 17, 4, 6, 15, 13, 15, 17, 9, 7, 11, 7, 17, 6, 3, 6, 19, 18, 16, 7, 4, 2, 7, 17, 2, 4, 20, 10, 16, 18, 11, 2, 13, 14, 6, 7, 16, 11, 14, 10, 11, 14, 0, 12, 12, 17, 14, 6, 14, 12, 16, 8, 7, 16, 18, 8, 20, 3, 12, 18, 13, 10, 16 ], [ 9, 17, 24, 4, 18, 7, 3, 10, 18, 21, 16, 14, 3, 13, 18, 7, 6, 16, 12, 9, 19, 15, 18, 21, 3, 16, 14, 12, 17, 22, 9, 11, 20, 4, 13, 18, 18, 20, 17, 16, 10, 14, 22, 2, 5, 19, 15, 9, 11, 19, 23, 14, 3, 19, 17, 8, 6, 9, 15, 17, 21, 14, 23, 19, 12, 10, 18, 11, 14, 16, 23, 21, 21, 18, 12, 14, 4, 11, 16, 16, 21, 8, 14, 12, 11, 15, 12, 0, 21, 6, 18, 17, 9, 22, 11, 17, 16, 18, 14, 11, 22, 16, 6, 16, 11, 15, 15 ], [ 13, 4, 9, 21, 7, 16, 22, 13, 14, 5, 20, 12, 18, 13, 5, 17, 15, 9, 14, 22, 2, 17, 18, 2, 18, 6, 15, 14, 12, 13, 19, 11, 2, 16, 10, 9, 4, 3, 18, 16, 16, 13, 3, 22, 21, 11, 9, 12, 16, 4, 3, 15, 17, 7, 5, 19, 22, 12, 10, 6, 12, 17, 5, 7, 16, 14, 9, 18, 12, 9, 11, 4, 7, 15, 10, 11, 20, 15, 6, 5, 7, 15, 12, 10, 11, 11, 12, 21, 0, 23, 7, 7, 16, 3, 18, 4, 5, 11, 17, 10, 13, 11, 17, 16, 14, 7, 13 ], [ 13, 19, 23, 2, 18, 6, 3, 10, 16, 21, 11, 13, 8, 18, 21, 13, 9, 20, 11, 3, 22, 11, 14, 24, 7, 17, 19, 10, 21, 20, 5, 12, 22, 7, 13, 17, 19, 21, 14, 14, 15, 13, 23, 5, 11, 18, 20, 12, 9, 20, 25, 11, 8, 22, 18, 14, 0, 12, 19, 20, 20, 11, 24, 23, 18, 15, 23, 7, 19, 20, 22, 24, 21, 15, 13, 18, 3, 9, 19, 19, 21, 8, 13, 13, 12, 15, 17, 6, 23, 0, 18, 21, 7, 24, 8, 20, 18, 17, 11, 13, 20, 20, 5, 13, 10, 16, 14 ], [ 13, 7, 6, 17, 1, 11, 17, 8, 7, 4, 13, 5, 16, 15, 10, 16, 12, 13, 7, 16, 8, 10, 11, 9, 15, 4, 17, 8, 16, 7, 14, 7, 6, 13, 5, 2, 3, 4, 11, 9, 16, 6, 6, 18, 19, 4, 13, 10, 10, 3, 8, 8, 15, 13, 3, 19, 18, 10, 13, 10, 6, 10, 7, 13, 18, 14, 14, 12, 14, 13, 6, 11, 4, 7, 5, 14, 15, 9, 9, 8, 3, 10, 5, 5, 6, 4, 14, 18, 7, 18, 0, 12, 11, 10, 11, 8, 8, 3, 10, 7, 7, 14, 13, 9, 8, 3, 6 ], [ 8, 4, 15, 19, 12, 15, 19, 14, 18, 11, 22, 14, 14, 6, 2, 11, 12, 2, 15, 21, 5, 19, 21, 6, 15, 8, 8, 15, 5, 19, 19, 10, 8, 14, 12, 14, 9, 10, 21, 19, 9, 15, 10, 18, 15, 16, 2, 9, 16, 10, 10, 18, 14, 2, 9, 13, 21, 9, 3, 1, 18, 19, 12, 2, 9, 8, 2, 19, 5, 2, 18, 5, 14, 18, 11, 4, 18, 15, 3, 4, 13, 14, 14, 10, 12, 14, 6, 17, 7, 21, 12, 0, 16, 6, 19, 4, 4, 15, 19, 9, 18, 4, 16, 19, 14, 9, 16 ], [ 10, 14, 17, 6, 12, 1, 7, 3, 10, 15, 8, 6, 8, 15, 16, 12, 7, 16, 4, 6, 16, 6, 9, 18, 6, 11, 17, 3, 18, 14, 3, 6, 16, 6, 6, 10, 13, 15, 9, 8, 14, 6, 16, 9, 13, 11, 16, 8, 2, 14, 18, 5, 8, 18, 11, 14, 7, 8, 15, 15, 13, 5, 17, 18, 16, 12, 18, 3, 15, 16, 15, 18, 15, 9, 6, 15, 5, 2, 14, 13, 14, 2, 7, 7, 5, 8, 14, 9, 16, 7, 11, 16, 0, 19, 3, 14, 13, 10, 6, 7, 14, 17, 3, 7, 3, 10, 7 ], [ 14, 5, 11, 23, 10, 18, 23, 15, 17, 7, 22, 15, 19, 12, 4, 17, 16, 8, 16, 24, 2, 20, 21, 1, 19, 8, 14, 16, 11, 16, 21, 12, 4, 18, 13, 12, 7, 6, 21, 19, 16, 15, 6, 23, 21, 14, 8, 13, 18, 7, 5, 18, 18, 6, 8, 19, 24, 13, 9, 6, 15, 19, 7, 6, 15, 14, 7, 21, 11, 8, 14, 2, 10, 17, 13, 11, 21, 17, 6, 6, 10, 17, 15, 12, 13, 13, 12, 22, 3, 24, 10, 6, 19, 0, 20, 4, 6, 14, 19, 11, 16, 10, 19, 19, 16, 9, 16 ], [ 13, 16, 16, 8, 12, 5, 9, 5, 8, 15, 5, 6, 11, 18, 18, 15, 10, 19, 4, 6, 18, 3, 7, 19, 9, 12, 20, 4, 21, 12, 3, 8, 17, 9, 7, 10, 14, 16, 6, 6, 17, 6, 17, 11, 16, 11, 18, 10, 2, 15, 19, 4, 11, 20, 12, 17, 8, 10, 18, 17, 12, 3, 18, 20, 19, 15, 21, 1, 18, 19, 14, 20, 15, 7, 8, 18, 7, 3, 16, 15, 14, 5, 6, 8, 7, 8, 16, 11, 18, 8, 11, 19, 3, 20, 0, 16, 15, 10, 3, 10, 13, 19, 6, 5, 4, 11, 6 ], [ 10, 1, 11, 18, 8, 14, 19, 11, 14, 7, 19, 11, 15, 9, 2, 13, 12, 6, 12, 20, 2, 16, 18, 4, 15, 4, 11, 13, 9, 15, 17, 8, 4, 13, 9, 10, 5, 5, 18, 16, 12, 12, 6, 19, 17, 12, 6, 9, 14, 5, 7, 15, 14, 5, 5, 15, 20, 9, 6, 3, 14, 16, 8, 5, 12, 10, 6, 17, 8, 6, 13, 4, 9, 14, 9, 8, 17, 13, 2, 1, 9, 12, 11, 8, 9, 10, 8, 17, 4, 20, 8, 4, 14, 4, 16, 0, 2, 11, 16, 7, 14, 8, 15, 15, 12, 6, 13 ], [ 8, 1, 12, 17, 8, 13, 17, 10, 14, 8, 18, 11, 13, 8, 2, 11, 10, 5, 11, 19, 4, 16, 17, 5, 13, 4, 10, 12, 8, 15, 16, 7, 6, 12, 8, 10, 5, 7, 17, 15, 10, 11, 8, 17, 15, 12, 5, 7, 13, 6, 8, 14, 12, 5, 5, 14, 18, 7, 5, 3, 14, 15, 9, 5, 11, 8, 6, 16, 7, 5, 14, 6, 10, 14, 8, 6, 15, 12, 1, 1, 10, 11, 11, 7, 8, 10, 7, 16, 5, 18, 8, 4, 13, 6, 15, 2, 0, 11, 15, 6, 14, 7, 13, 15, 11, 5, 12 ], [ 15, 11, 7, 16, 4, 11, 17, 7, 3, 7, 10, 4, 16, 17, 13, 18, 13, 16, 6, 15, 12, 8, 8, 13, 15, 7, 20, 7, 19, 4, 12, 8, 9, 14, 6, 1, 7, 8, 8, 6, 18, 4, 9, 18, 21, 1, 16, 12, 8, 7, 11, 6, 16, 16, 6, 20, 17, 12, 16, 14, 4, 7, 9, 16, 20, 16, 17, 10, 17, 16, 5, 14, 5, 4, 6, 17, 15, 8, 12, 11, 5, 10, 4, 6, 7, 2, 16, 18, 11, 17, 3, 15, 10, 14, 10, 11, 11, 0, 7, 9, 4, 18, 13, 6, 7, 6, 3 ], [ 15, 15, 14, 11, 10, 7, 12, 6, 5, 14, 3, 5, 14, 19, 18, 17, 12, 19, 4, 9, 17, 1, 4, 19, 12, 12, 21, 4, 22, 9, 6, 9, 16, 11, 7, 8, 13, 14, 3, 2, 19, 4, 16, 14, 18, 8, 19, 12, 4, 13, 18, 1, 14, 20, 11, 19, 11, 12, 19, 18, 9, 0, 16, 20, 21, 17, 21, 4, 19, 19, 12, 20, 12, 4, 8, 19, 11, 4, 16, 15, 12, 8, 5, 8, 7, 6, 18, 14, 17, 11, 10, 19, 6, 19, 3, 16, 15, 7, 0, 10, 10, 20, 9, 2, 5, 10, 4 ], [ 6, 6, 13, 11, 7, 7, 12, 5, 11, 10, 13, 6, 9, 9, 8, 9, 6, 9, 6, 13, 9, 11, 13, 11, 8, 5, 12, 6, 12, 13, 10, 1, 9, 7, 3, 8, 7, 9, 13, 11, 10, 7, 11, 12, 12, 10, 9, 3, 8, 8, 12, 9, 8, 11, 6, 12, 13, 3, 9, 8, 12, 10, 12, 11, 12, 8, 11, 10, 9, 9, 13, 11, 11, 11, 3, 9, 10, 7, 7, 6, 10, 5, 7, 2, 3, 6, 8, 11, 10, 13, 7, 9, 7, 11, 10, 7, 6, 9, 10, 0, 13, 10, 8, 10, 5, 4, 8 ], [ 19, 14, 6, 20, 7, 15, 21, 12, 5, 8, 12, 8, 20, 21, 16, 22, 18, 20, 10, 18, 14, 10, 8, 15, 19, 10, 24, 11, 23, 1, 16, 13, 11, 18, 10, 5, 9, 9, 9, 7, 23, 8, 10, 22, 25, 3, 19, 16, 12, 9, 12, 9, 20, 19, 9, 25, 20, 16, 20, 17, 1, 10, 10, 19, 24, 21, 20, 13, 21, 19, 2, 17, 6, 5, 11, 20, 19, 11, 16, 14, 6, 14, 7, 11, 11, 7, 20, 22, 13, 20, 7, 18, 14, 16, 13, 14, 14, 4, 10, 13, 0, 21, 16, 8, 11, 10, 7 ], [ 7, 7, 19, 18, 15, 16, 18, 15, 20, 14, 23, 16, 13, 3, 6, 9, 11, 2, 16, 21, 9, 21, 23, 10, 14, 11, 4, 16, 2, 22, 19, 11, 12, 13, 13, 16, 12, 13, 23, 21, 7, 17, 14, 17, 13, 19, 2, 9, 17, 13, 14, 19, 12, 4, 12, 10, 20, 9, 1, 5, 21, 20, 15, 5, 5, 6, 3, 20, 2, 2, 21, 8, 17, 20, 13, 2, 17, 16, 6, 7, 16, 14, 16, 12, 13, 16, 3, 16, 11, 20, 14, 4, 17, 10, 19, 8, 7, 18, 20, 10, 21, 0, 16, 20, 15, 11, 18 ], [ 9, 14, 19, 4, 13, 2, 5, 5, 12, 17, 10, 9, 5, 14, 16, 10, 5, 15, 6, 6, 17, 9, 12, 18, 4, 12, 15, 6, 17, 16, 4, 7, 17, 3, 8, 12, 14, 16, 11, 11, 12, 9, 18, 6, 10, 14, 15, 7, 5, 15, 20, 8, 6, 18, 13, 11, 5, 7, 15, 15, 16, 8, 19, 18, 14, 11, 18, 6, 14, 16, 18, 19, 17, 12, 8, 14, 3, 5, 14, 14, 16, 3, 9, 8, 7, 10, 12, 6, 17, 5, 13, 16, 3, 19, 6, 15, 13, 13, 9, 8, 16, 16, 0, 10, 5, 11, 10 ], [ 15, 15, 13, 13, 9, 8, 14, 6, 4, 13, 4, 4, 15, 19, 17, 18, 13, 19, 4, 10, 17, 2, 3, 18, 13, 11, 22, 5, 22, 8, 8, 9, 15, 12, 7, 7, 12, 13, 2, 1, 19, 4, 15, 16, 19, 7, 19, 12, 5, 12, 17, 2, 15, 20, 11, 20, 13, 12, 19, 17, 8, 2, 15, 20, 21, 18, 21, 5, 20, 19, 10, 19, 11, 3, 8, 19, 12, 5, 16, 15, 11, 9, 4, 8, 7, 5, 18, 16, 16, 13, 9, 19, 7, 19, 5, 15, 15, 6, 2, 10, 8, 20, 10, 0, 6, 10, 3 ], [ 10, 11, 14, 9, 9, 4, 10, 1, 8, 12, 8, 3, 9, 14, 13, 12, 7, 15, 2, 8, 14, 6, 8, 15, 8, 8, 16, 1, 17, 11, 6, 4, 13, 7, 4, 7, 10, 12, 8, 6, 14, 4, 14, 11, 14, 9, 14, 7, 2, 11, 15, 4, 9, 16, 9, 14, 9, 7, 14, 13, 11, 5, 15, 16, 16, 12, 17, 5, 14, 15, 13, 16, 12, 7, 4, 14, 8, 1, 12, 11, 12, 3, 4, 4, 3, 5, 13, 11, 14, 10, 8, 14, 3, 16, 4, 12, 11, 7, 5, 5, 11, 15, 5, 6, 0, 7, 5 ], [ 9, 5, 9, 15, 4, 10, 15, 6, 9, 6, 13, 6, 13, 12, 7, 13, 9, 10, 7, 15, 7, 11, 12, 8, 12, 1, 14, 7, 13, 10, 12, 4, 6, 11, 3, 5, 4, 5, 12, 10, 13, 6, 7, 16, 16, 7, 10, 7, 9, 4, 9, 9, 12, 11, 2, 15, 16, 7, 10, 8, 9, 10, 8, 11, 14, 11, 11, 12, 11, 10, 10, 10, 7, 9, 3, 11, 13, 8, 6, 5, 6, 8, 6, 3, 4, 5, 10, 15, 7, 16, 3, 9, 10, 9, 11, 6, 5, 6, 10, 4, 10, 11, 11, 10, 7, 0, 7 ], [ 14, 12, 10, 13, 6, 8, 14, 5, 3, 10, 7, 2, 14, 17, 14, 17, 12, 17, 3, 12, 14, 4, 5, 15, 13, 8, 20, 4, 20, 6, 9, 7, 12, 12, 5, 4, 9, 10, 5, 3, 18, 1, 12, 16, 19, 4, 16, 11, 5, 9, 14, 3, 14, 17, 8, 19, 14, 11, 17, 15, 6, 4, 12, 18, 20, 16, 18, 7, 17, 17, 8, 16, 9, 2, 5, 17, 12, 5, 13, 12, 8, 8, 2, 6, 5, 3, 16, 15, 13, 14, 6, 16, 7, 16, 6, 13, 12, 3, 4, 8, 7, 18, 10, 3, 5, 7, 0 ] ]
}