{
  "version" : "0.3",
  "id" : 2045482344,
  "name" : "PTP-RAND-2_24_9_96",
  "coordType" : "Eucl",
  "sameVehicleBackward" : false,
  "maxWaitTime" : "00h30",
  "places" : [ {
    "id" : 0,
    "lat" : 6.287318005691738,
    "long" : -9.555085312348144,
    "category" : 0
  }, {
    "id" : 1,
    "lat" : -7.058622726107902,
    "long" : -6.598358242605731,
    "category" : 0
  }, {
    "id" : 2,
    "lat" : -12.38199915679991,
    "long" : 1.9703854302303112,
    "category" : 0
  }, {
    "id" : 3,
    "lat" : -9.95332726607617,
    "long" : 7.902523749408537,
    "category" : 0
  }, {
    "id" : 4,
    "lat" : 0.28086284493625285,
    "long" : 4.047612038313703,
    "category" : 0
  }, {
    "id" : 5,
    "lat" : -7.223742009008075,
    "long" : -5.923564647141752,
    "category" : 0
  }, {
    "id" : 6,
    "lat" : -0.17419255065187944,
    "long" : -12.770443052909904,
    "category" : 0
  }, {
    "id" : 7,
    "lat" : 3.649849315174653,
    "long" : 1.9275448645828206,
    "category" : 0
  }, {
    "id" : 8,
    "lat" : 4.010409246052716,
    "long" : -7.922532023284419,
    "category" : 0
  }, {
    "id" : 9,
    "lat" : -8.189816597952726,
    "long" : 7.619021502538958,
    "category" : 0
  }, {
    "id" : 10,
    "lat" : -6.468161001833792,
    "long" : -10.664728177918258,
    "category" : 0
  }, {
    "id" : 11,
    "lat" : 1.8099613543018962,
    "long" : -1.2246060219329873,
    "category" : 0
  }, {
    "id" : 12,
    "lat" : 0.986082036838148,
    "long" : 6.778367128107331,
    "category" : 0
  }, {
    "id" : 13,
    "lat" : -7.119800581307287,
    "long" : -9.99720350428189,
    "category" : 0
  }, {
    "id" : 14,
    "lat" : 2.4022936429271793,
    "long" : 5.712044154908207,
    "category" : 0
  }, {
    "id" : 15,
    "lat" : -3.7196967020801526,
    "long" : 6.132126977916,
    "category" : 0
  }, {
    "id" : 16,
    "lat" : 0.44812197649999086,
    "long" : 7.823792871860881,
    "category" : 0
  }, {
    "id" : 17,
    "lat" : 1.7376749508070777,
    "long" : 10.876648499972214,
    "category" : 0
  }, {
    "id" : 18,
    "lat" : 1.259759382359536,
    "long" : 11.741894207905654,
    "category" : 0
  }, {
    "id" : 19,
    "lat" : -7.7077990938526435,
    "long" : -4.203877209922179,
    "category" : 0
  }, {
    "id" : 20,
    "lat" : 10.407116150589378,
    "long" : 5.6359680663148675,
    "category" : 0
  }, {
    "id" : 21,
    "lat" : -2.813515106962614,
    "long" : -3.230479983807578,
    "category" : 0
  }, {
    "id" : 22,
    "lat" : 3.826203426432548,
    "long" : 5.878646936722412,
    "category" : 0
  }, {
    "id" : 23,
    "lat" : -12.904409536971333,
    "long" : -0.3472150664157553,
    "category" : 0
  }, {
    "id" : 24,
    "lat" : -7.152353749684166,
    "long" : 0.8928358834996801,
    "category" : 1
  }, {
    "id" : 25,
    "lat" : -2.6118062828382405,
    "long" : 0.3722552101861534,
    "category" : 2
  }, {
    "id" : 26,
    "lat" : 2.180289147112535,
    "long" : -6.319583073690774,
    "category" : 2
  }, {
    "id" : 27,
    "lat" : -5.241264957974712,
    "long" : -6.7771879059254845,
    "category" : 2
  }, {
    "id" : 28,
    "lat" : -3.1917149416247748,
    "long" : -7.540756916768328,
    "category" : 2
  }, {
    "id" : 29,
    "lat" : 0.8422888156388085,
    "long" : 1.2004036487508094,
    "category" : 2
  }, {
    "id" : 30,
    "lat" : 5.619882247918428,
    "long" : -7.551516084382398,
    "category" : 2
  }, {
    "id" : 31,
    "lat" : -9.911649984724814,
    "long" : -4.275423034074361,
    "category" : 2
  }, {
    "id" : 32,
    "lat" : -9.435119429158798,
    "long" : -7.866691459087551,
    "category" : 2
  }, {
    "id" : 33,
    "lat" : -3.186622058563739,
    "long" : 10.137239552162335,
    "category" : 2
  }, {
    "id" : 34,
    "lat" : -2.060777405621327,
    "long" : -12.063650006140788,
    "category" : 2
  }, {
    "id" : 35,
    "lat" : 0.007817116638445913,
    "long" : -0.06121806425427634,
    "category" : 2
  }, {
    "id" : 36,
    "lat" : 0.7584906553928137,
    "long" : 11.878552242972388,
    "category" : 2
  }, {
    "id" : 37,
    "lat" : -5.768901186924266,
    "long" : -9.019021608499196,
    "category" : 2
  }, {
    "id" : 38,
    "lat" : -7.14149527766204,
    "long" : 0.9348172768245884,
    "category" : 2
  }, {
    "id" : 39,
    "lat" : -5.3629848986717805,
    "long" : 6.718673540451813,
    "category" : 2
  }, {
    "id" : 40,
    "lat" : 1.1945921859963755,
    "long" : -4.949373301797156,
    "category" : 2
  }, {
    "id" : 41,
    "lat" : -0.09149495265851552,
    "long" : 12.90041768203813,
    "category" : 2
  }, {
    "id" : 42,
    "lat" : -9.365864210255463,
    "long" : -4.7735001940546296,
    "category" : 2
  }, {
    "id" : 43,
    "lat" : 6.3705578170084465,
    "long" : -10.837753032740371,
    "category" : 2
  }, {
    "id" : 44,
    "lat" : 0.6490526163118117,
    "long" : -8.425620531873548,
    "category" : 2
  }, {
    "id" : 45,
    "lat" : -1.0275842369761612,
    "long" : 9.604253756374748,
    "category" : 2
  }, {
    "id" : 46,
    "lat" : -1.1876473327624355,
    "long" : 2.86338906868003,
    "category" : 2
  }, {
    "id" : 47,
    "lat" : 2.1346750626617963,
    "long" : 2.5797969893479853,
    "category" : 2
  }, {
    "id" : 48,
    "lat" : -4.7481506665737205,
    "long" : 11.399165563622322,
    "category" : 2
  }, {
    "id" : 49,
    "lat" : 1.897571476763651,
    "long" : -7.960778672160793,
    "category" : 2
  }, {
    "id" : 50,
    "lat" : -0.12855745961343107,
    "long" : 6.404321627639062,
    "category" : 2
  }, {
    "id" : 51,
    "lat" : 2.6520567924404443,
    "long" : 8.921649125850818,
    "category" : 2
  }, {
    "id" : 52,
    "lat" : 2.728622449112626,
    "long" : -10.152449497692126,
    "category" : 2
  }, {
    "id" : 53,
    "lat" : 5.662183740263329,
    "long" : 9.85391627290192,
    "category" : 2
  }, {
    "id" : 54,
    "lat" : -1.767301373826599,
    "long" : 7.63404109014543,
    "category" : 2
  }, {
    "id" : 55,
    "lat" : 6.8105336404987495,
    "long" : -3.926751200992668,
    "category" : 2
  }, {
    "id" : 56,
    "lat" : -5.924396536259831,
    "long" : 4.519760265516902,
    "category" : 2
  }, {
    "id" : 57,
    "lat" : -3.3823777385418183,
    "long" : 9.59524466829947,
    "category" : 2
  }, {
    "id" : 58,
    "lat" : -1.4532218770777163,
    "long" : -7.016306961296742,
    "category" : 2
  }, {
    "id" : 59,
    "lat" : 8.216319103383356,
    "long" : -3.8800541548043164,
    "category" : 2
  }, {
    "id" : 60,
    "lat" : 9.604397129698821,
    "long" : 0.5869659001074634,
    "category" : 2
  }, {
    "id" : 61,
    "lat" : -2.7671553385196965,
    "long" : 1.7271578572932829,
    "category" : 2
  }, {
    "id" : 62,
    "lat" : 1.627979647562157,
    "long" : -7.235661846148071,
    "category" : 2
  }, {
    "id" : 63,
    "lat" : 10.990703888394851,
    "long" : -2.29493146382545,
    "category" : 2
  }, {
    "id" : 64,
    "lat" : -8.369526527520643,
    "long" : -3.9086809589092866,
    "category" : 2
  }, {
    "id" : 65,
    "lat" : 3.8149375352141055,
    "long" : -9.010787101606061,
    "category" : 2
  }, {
    "id" : 66,
    "lat" : -3.8119871622704244,
    "long" : 8.129354547358247,
    "category" : 2
  }, {
    "id" : 67,
    "lat" : 10.789876671976613,
    "long" : -0.12653933066423892,
    "category" : 2
  }, {
    "id" : 68,
    "lat" : -4.696897455925791,
    "long" : 7.77337125516493,
    "category" : 2
  }, {
    "id" : 69,
    "lat" : 3.322520274807444,
    "long" : -3.277662201335709,
    "category" : 2
  }, {
    "id" : 70,
    "lat" : -10.289254931732787,
    "long" : 2.2875719909381966,
    "category" : 2
  }, {
    "id" : 71,
    "lat" : 8.849378187616328,
    "long" : -0.22478763287708292,
    "category" : 2
  }, {
    "id" : 72,
    "lat" : -3.0656819796852512,
    "long" : 12.23692678007808,
    "category" : 2
  }, {
    "id" : 73,
    "lat" : -0.2504525772658729,
    "long" : -9.147223919910232,
    "category" : 2
  }, {
    "id" : 74,
    "lat" : 7.5862803800140375,
    "long" : 9.103908582886104,
    "category" : 2
  }, {
    "id" : 75,
    "lat" : 3.892970985796877,
    "long" : 6.499244439949355,
    "category" : 2
  }, {
    "id" : 76,
    "lat" : -11.158212181743773,
    "long" : -6.040016866251496,
    "category" : 2
  }, {
    "id" : 77,
    "lat" : -9.113223188180113,
    "long" : 4.564101104844563,
    "category" : 2
  }, {
    "id" : 78,
    "lat" : 1.3230973671674897,
    "long" : -6.713873236347942,
    "category" : 2
  }, {
    "id" : 79,
    "lat" : -3.720898073034797,
    "long" : -12.11145223479517,
    "category" : 2
  }, {
    "id" : 80,
    "lat" : -3.258235808944189,
    "long" : 0.5254318687387575,
    "category" : 2
  }, {
    "id" : 81,
    "lat" : -7.37923200858971,
    "long" : 10.66277096246466,
    "category" : 2
  }, {
    "id" : 82,
    "lat" : 1.6106440116592922,
    "long" : 11.218057145206528,
    "category" : 2
  }, {
    "id" : 83,
    "lat" : 8.9299088023773,
    "long" : 3.183790437408838,
    "category" : 2
  }, {
    "id" : 84,
    "lat" : 3.380256531332411,
    "long" : -10.95072918884905,
    "category" : 2
  }, {
    "id" : 85,
    "lat" : -2.265026248775112,
    "long" : 9.764738445061639,
    "category" : 2
  }, {
    "id" : 86,
    "lat" : -2.312075299585553,
    "long" : -4.911358074521594,
    "category" : 2
  }, {
    "id" : 87,
    "lat" : -3.480530428422726,
    "long" : -8.266518472887958,
    "category" : 2
  }, {
    "id" : 88,
    "lat" : 7.447035277035044,
    "long" : 10.032222178287116,
    "category" : 2
  }, {
    "id" : 89,
    "lat" : 4.941845287458249,
    "long" : -11.575566505013738,
    "category" : 2
  }, {
    "id" : 90,
    "lat" : 1.0163249164054868,
    "long" : -12.774624899872457,
    "category" : 2
  }, {
    "id" : 91,
    "lat" : -8.736210648741876,
    "long" : -1.1068422165768914,
    "category" : 2
  }, {
    "id" : 92,
    "lat" : 6.219718744383093,
    "long" : 10.665134510065712,
    "category" : 2
  }, {
    "id" : 93,
    "lat" : 4.257498126797132,
    "long" : -7.688174720977058,
    "category" : 2
  }, {
    "id" : 94,
    "lat" : -6.89706771237791,
    "long" : 5.282586324860963,
    "category" : 2
  }, {
    "id" : 95,
    "lat" : -10.992623587851826,
    "long" : -0.9003263311779234,
    "category" : 2
  }, {
    "id" : 96,
    "lat" : 0.05512478768004234,
    "long" : 4.027281295492029,
    "category" : 2
  }, {
    "id" : 97,
    "lat" : 1.897496915746091,
    "long" : -9.479012758861094,
    "category" : 2
  }, {
    "id" : 98,
    "lat" : -4.374671419885108,
    "long" : -9.03832675230455,
    "category" : 2
  }, {
    "id" : 99,
    "lat" : 7.405311637796501,
    "long" : 4.556769945519249,
    "category" : 2
  }, {
    "id" : 100,
    "lat" : 7.224488525530683,
    "long" : 5.397447820215961,
    "category" : 2
  }, {
    "id" : 101,
    "lat" : 5.007083609180557,
    "long" : 8.410723096304652,
    "category" : 2
  }, {
    "id" : 102,
    "lat" : -0.2319053443762857,
    "long" : -9.3215659065637,
    "category" : 2
  }, {
    "id" : 103,
    "lat" : 4.545542229064989,
    "long" : -3.2350668246785323,
    "category" : 2
  }, {
    "id" : 104,
    "lat" : 0.8491601958846038,
    "long" : 3.381774444987089,
    "category" : 2
  }, {
    "id" : 105,
    "lat" : -7.085844323127951,
    "long" : 5.843252622651164,
    "category" : 2
  }, {
    "id" : 106,
    "lat" : -1.2896705021791135,
    "long" : 12.065752652097773,
    "category" : 2
  }, {
    "id" : 107,
    "lat" : 4.3979347748658775,
    "long" : 5.809785418104869,
    "category" : 2
  }, {
    "id" : 108,
    "lat" : -11.028003075949005,
    "long" : 0.4066123920832415,
    "category" : 2
  }, {
    "id" : 109,
    "lat" : -7.294170568328921,
    "long" : 1.062170299845819,
    "category" : 2
  }, {
    "id" : 110,
    "lat" : 3.413539660599029,
    "long" : 6.348439848267216,
    "category" : 2
  }, {
    "id" : 111,
    "lat" : -5.878010022967426,
    "long" : -2.470899603009348,
    "category" : 2
  }, {
    "id" : 112,
    "lat" : -3.0779612534908516,
    "long" : 9.385173771068438,
    "category" : 2
  }, {
    "id" : 113,
    "lat" : -9.895667731573035,
    "long" : 7.194894186478833,
    "category" : 2
  }, {
    "id" : 114,
    "lat" : -11.162142253074515,
    "long" : 4.240372047414226,
    "category" : 2
  }, {
    "id" : 115,
    "lat" : -5.945666359530288,
    "long" : 6.3268877830294326,
    "category" : 2
  }, {
    "id" : 116,
    "lat" : 11.385835029234828,
    "long" : -3.7971869284165023,
    "category" : 2
  }, {
    "id" : 117,
    "lat" : -7.62438767105645,
    "long" : -2.0501654375270095,
    "category" : 2
  }, {
    "id" : 118,
    "lat" : -11.49940910038917,
    "long" : -0.12537611325098613,
    "category" : 2
  }, {
    "id" : 119,
    "lat" : 1.0238365314261806,
    "long" : -9.022880601853876,
    "category" : 2
  }, {
    "id" : 120,
    "lat" : 8.502494211617357,
    "long" : -7.423087344318003,
    "category" : 2
  }, {
    "id" : 121,
    "lat" : 10.562209916502592,
    "long" : -2.657370044206166,
    "category" : 2
  }, {
    "id" : 122,
    "lat" : 8.077042163102524,
    "long" : 5.82835469709944,
    "category" : 2
  }, {
    "id" : 123,
    "lat" : -1.6164948840740208,
    "long" : 5.965919210752732,
    "category" : 2
  }, {
    "id" : 124,
    "lat" : 7.031850690618862,
    "long" : -5.802183338321655,
    "category" : 2
  }, {
    "id" : 125,
    "lat" : -3.724912162378612,
    "long" : -6.6335534238774985,
    "category" : 2
  }, {
    "id" : 126,
    "lat" : 8.22733083885927,
    "long" : -8.446281914408011,
    "category" : 2
  }, {
    "id" : 127,
    "lat" : 1.9463225463127853,
    "long" : -8.746898355329481,
    "category" : 2
  } ],
  "vehicles" : [ {
    "id" : 128,
    "canTake" : [ 0 ],
    "start" : 24,
    "end" : 24,
    "capacity" : 4,
    "availability" : [ "07h00:20h00" ]
  }, {
    "id" : 129,
    "canTake" : [ 0 ],
    "start" : 24,
    "end" : 24,
    "capacity" : 4,
    "availability" : [ "07h00:20h00" ]
  }, {
    "id" : 130,
    "canTake" : [ 0 ],
    "start" : 24,
    "end" : 24,
    "capacity" : 4,
    "availability" : [ "07h00:20h00" ]
  }, {
    "id" : 131,
    "canTake" : [ 0 ],
    "start" : 24,
    "end" : 24,
    "capacity" : 4,
    "availability" : [ "07h00:20h00" ]
  }, {
    "id" : 132,
    "canTake" : [ 0 ],
    "start" : 24,
    "end" : 24,
    "capacity" : 4,
    "availability" : [ "07h00:20h00" ]
  }, {
    "id" : 133,
    "canTake" : [ 0 ],
    "start" : 24,
    "end" : 24,
    "capacity" : 4,
    "availability" : [ "07h00:20h00" ]
  }, {
    "id" : 134,
    "canTake" : [ 0 ],
    "start" : 24,
    "end" : 24,
    "capacity" : 4,
    "availability" : [ "07h00:20h00" ]
  }, {
    "id" : 135,
    "canTake" : [ 0 ],
    "start" : 24,
    "end" : 24,
    "capacity" : 4,
    "availability" : [ "07h00:20h00" ]
  }, {
    "id" : 136,
    "canTake" : [ 0 ],
    "start" : 24,
    "end" : 24,
    "capacity" : 4,
    "availability" : [ "07h00:20h00" ]
  } ],
  "patients" : [ {
    "id" : 137,
    "category" : 0,
    "load" : 2,
    "start" : 25,
    "destination" : 0,
    "end" : 25,
    "rdvTime" : "09h34",
    "rdvDuration" : "02h12",
    "srvDuration" : "00h01"
  }, {
    "id" : 138,
    "category" : 0,
    "load" : 2,
    "start" : -1,
    "destination" : 1,
    "end" : 26,
    "rdvTime" : "12h45",
    "rdvDuration" : "02h11",
    "srvDuration" : "00h02"
  }, {
    "id" : 139,
    "category" : 0,
    "load" : 2,
    "start" : 27,
    "destination" : 2,
    "end" : 27,
    "rdvTime" : "15h00",
    "rdvDuration" : "00h42",
    "srvDuration" : "00h02"
  }, {
    "id" : 140,
    "category" : 0,
    "load" : 2,
    "start" : 28,
    "destination" : 3,
    "end" : 28,
    "rdvTime" : "15h27",
    "rdvDuration" : "00h20",
    "srvDuration" : "00h01"
  }, {
    "id" : 141,
    "category" : 0,
    "load" : 1,
    "start" : 29,
    "destination" : 4,
    "end" : 29,
    "rdvTime" : "08h20",
    "rdvDuration" : "01h25",
    "srvDuration" : "00h01"
  }, {
    "id" : 142,
    "category" : 0,
    "load" : 1,
    "start" : 30,
    "destination" : 5,
    "end" : 30,
    "rdvTime" : "09h15",
    "rdvDuration" : "01h56",
    "srvDuration" : "00h02"
  }, {
    "id" : 143,
    "category" : 0,
    "load" : 1,
    "start" : -1,
    "destination" : 6,
    "end" : 31,
    "rdvTime" : "10h09",
    "rdvDuration" : "02h04",
    "srvDuration" : "00h01"
  }, {
    "id" : 144,
    "category" : 0,
    "load" : 1,
    "start" : 32,
    "destination" : 7,
    "end" : 32,
    "rdvTime" : "12h19",
    "rdvDuration" : "02h56",
    "srvDuration" : "00h01"
  }, {
    "id" : 145,
    "category" : 0,
    "load" : 1,
    "start" : 33,
    "destination" : 8,
    "end" : 33,
    "rdvTime" : "12h34",
    "rdvDuration" : "00h35",
    "srvDuration" : "00h02"
  }, {
    "id" : 146,
    "category" : 0,
    "load" : 2,
    "start" : 34,
    "destination" : 9,
    "end" : 34,
    "rdvTime" : "08h08",
    "rdvDuration" : "01h02",
    "srvDuration" : "00h02"
  }, {
    "id" : 147,
    "category" : 0,
    "load" : 1,
    "start" : 35,
    "destination" : 10,
    "end" : 35,
    "rdvTime" : "09h37",
    "rdvDuration" : "02h54",
    "srvDuration" : "00h01"
  }, {
    "id" : 148,
    "category" : 0,
    "load" : 1,
    "start" : 36,
    "destination" : 11,
    "end" : -1,
    "rdvTime" : "14h16",
    "rdvDuration" : "00h21",
    "srvDuration" : "00h01"
  }, {
    "id" : 149,
    "category" : 0,
    "load" : 1,
    "start" : 37,
    "destination" : 12,
    "end" : 37,
    "rdvTime" : "12h17",
    "rdvDuration" : "02h28",
    "srvDuration" : "00h01"
  }, {
    "id" : 150,
    "category" : 0,
    "load" : 1,
    "start" : 38,
    "destination" : 13,
    "end" : -1,
    "rdvTime" : "09h56",
    "rdvDuration" : "00h36",
    "srvDuration" : "00h02"
  }, {
    "id" : 151,
    "category" : 0,
    "load" : 1,
    "start" : -1,
    "destination" : 14,
    "end" : 39,
    "rdvTime" : "14h02",
    "rdvDuration" : "00h39",
    "srvDuration" : "00h02"
  }, {
    "id" : 152,
    "category" : 0,
    "load" : 2,
    "start" : 40,
    "destination" : 15,
    "end" : 40,
    "rdvTime" : "12h27",
    "rdvDuration" : "02h18",
    "srvDuration" : "00h01"
  }, {
    "id" : 153,
    "category" : 0,
    "load" : 2,
    "start" : 41,
    "destination" : 16,
    "end" : 41,
    "rdvTime" : "14h21",
    "rdvDuration" : "01h22",
    "srvDuration" : "00h01"
  }, {
    "id" : 154,
    "category" : 0,
    "load" : 2,
    "start" : 42,
    "destination" : 17,
    "end" : 42,
    "rdvTime" : "14h03",
    "rdvDuration" : "02h09",
    "srvDuration" : "00h02"
  }, {
    "id" : 155,
    "category" : 0,
    "load" : 2,
    "start" : 43,
    "destination" : 18,
    "end" : 43,
    "rdvTime" : "13h28",
    "rdvDuration" : "00h30",
    "srvDuration" : "00h02"
  }, {
    "id" : 156,
    "category" : 0,
    "load" : 1,
    "start" : 44,
    "destination" : 19,
    "end" : 44,
    "rdvTime" : "14h52",
    "rdvDuration" : "00h54",
    "srvDuration" : "00h01"
  }, {
    "id" : 157,
    "category" : 0,
    "load" : 2,
    "start" : 45,
    "destination" : 20,
    "end" : -1,
    "rdvTime" : "11h19",
    "rdvDuration" : "02h06",
    "srvDuration" : "00h01"
  }, {
    "id" : 158,
    "category" : 0,
    "load" : 1,
    "start" : 46,
    "destination" : 21,
    "end" : 46,
    "rdvTime" : "11h05",
    "rdvDuration" : "00h15",
    "srvDuration" : "00h02"
  }, {
    "id" : 159,
    "category" : 0,
    "load" : 2,
    "start" : 47,
    "destination" : 22,
    "end" : 47,
    "rdvTime" : "15h53",
    "rdvDuration" : "00h55",
    "srvDuration" : "00h02"
  }, {
    "id" : 160,
    "category" : 0,
    "load" : 2,
    "start" : 48,
    "destination" : 23,
    "end" : 49,
    "rdvTime" : "12h50",
    "rdvDuration" : "01h34",
    "srvDuration" : "00h01"
  }, {
    "id" : 161,
    "category" : 0,
    "load" : 2,
    "start" : 50,
    "destination" : 9,
    "end" : 50,
    "rdvTime" : "10h31",
    "rdvDuration" : "02h13",
    "srvDuration" : "00h01"
  }, {
    "id" : 162,
    "category" : 0,
    "load" : 1,
    "start" : 51,
    "destination" : 17,
    "end" : 51,
    "rdvTime" : "11h16",
    "rdvDuration" : "01h09",
    "srvDuration" : "00h02"
  }, {
    "id" : 163,
    "category" : 0,
    "load" : 2,
    "start" : 52,
    "destination" : 20,
    "end" : 53,
    "rdvTime" : "12h12",
    "rdvDuration" : "02h58",
    "srvDuration" : "00h02"
  }, {
    "id" : 164,
    "category" : 0,
    "load" : 1,
    "start" : 54,
    "destination" : 11,
    "end" : 54,
    "rdvTime" : "15h11",
    "rdvDuration" : "02h29",
    "srvDuration" : "00h01"
  }, {
    "id" : 165,
    "category" : 0,
    "load" : 2,
    "start" : -1,
    "destination" : 5,
    "end" : 55,
    "rdvTime" : "14h11",
    "rdvDuration" : "00h23",
    "srvDuration" : "00h02"
  }, {
    "id" : 166,
    "category" : 0,
    "load" : 2,
    "start" : 56,
    "destination" : 5,
    "end" : 57,
    "rdvTime" : "14h00",
    "rdvDuration" : "01h45",
    "srvDuration" : "00h02"
  }, {
    "id" : 167,
    "category" : 0,
    "load" : 1,
    "start" : 58,
    "destination" : 22,
    "end" : 58,
    "rdvTime" : "12h21",
    "rdvDuration" : "01h11",
    "srvDuration" : "00h01"
  }, {
    "id" : 168,
    "category" : 0,
    "load" : 2,
    "start" : 59,
    "destination" : 0,
    "end" : 60,
    "rdvTime" : "08h02",
    "rdvDuration" : "00h43",
    "srvDuration" : "00h02"
  }, {
    "id" : 169,
    "category" : 0,
    "load" : 1,
    "start" : 61,
    "destination" : 11,
    "end" : 61,
    "rdvTime" : "11h48",
    "rdvDuration" : "00h25",
    "srvDuration" : "00h02"
  }, {
    "id" : 170,
    "category" : 0,
    "load" : 2,
    "start" : 62,
    "destination" : 18,
    "end" : 62,
    "rdvTime" : "12h04",
    "rdvDuration" : "01h25",
    "srvDuration" : "00h02"
  }, {
    "id" : 171,
    "category" : 0,
    "load" : 1,
    "start" : -1,
    "destination" : 6,
    "end" : 63,
    "rdvTime" : "13h10",
    "rdvDuration" : "01h38",
    "srvDuration" : "00h01"
  }, {
    "id" : 172,
    "category" : 0,
    "load" : 1,
    "start" : 64,
    "destination" : 5,
    "end" : 64,
    "rdvTime" : "08h32",
    "rdvDuration" : "02h45",
    "srvDuration" : "00h01"
  }, {
    "id" : 173,
    "category" : 0,
    "load" : 2,
    "start" : 65,
    "destination" : 16,
    "end" : 65,
    "rdvTime" : "12h36",
    "rdvDuration" : "02h33",
    "srvDuration" : "00h01"
  }, {
    "id" : 174,
    "category" : 0,
    "load" : 1,
    "start" : 66,
    "destination" : 18,
    "end" : 66,
    "rdvTime" : "08h13",
    "rdvDuration" : "01h41",
    "srvDuration" : "00h01"
  }, {
    "id" : 175,
    "category" : 0,
    "load" : 2,
    "start" : 67,
    "destination" : 9,
    "end" : 67,
    "rdvTime" : "13h36",
    "rdvDuration" : "01h28",
    "srvDuration" : "00h02"
  }, {
    "id" : 176,
    "category" : 0,
    "load" : 2,
    "start" : 68,
    "destination" : 17,
    "end" : 68,
    "rdvTime" : "08h20",
    "rdvDuration" : "01h29",
    "srvDuration" : "00h01"
  }, {
    "id" : 177,
    "category" : 0,
    "load" : 1,
    "start" : 69,
    "destination" : 3,
    "end" : 69,
    "rdvTime" : "13h23",
    "rdvDuration" : "02h11",
    "srvDuration" : "00h01"
  }, {
    "id" : 178,
    "category" : 0,
    "load" : 2,
    "start" : -1,
    "destination" : 13,
    "end" : 70,
    "rdvTime" : "14h20",
    "rdvDuration" : "00h58",
    "srvDuration" : "00h01"
  }, {
    "id" : 179,
    "category" : 0,
    "load" : 2,
    "start" : 71,
    "destination" : 12,
    "end" : 71,
    "rdvTime" : "11h51",
    "rdvDuration" : "02h11",
    "srvDuration" : "00h01"
  }, {
    "id" : 180,
    "category" : 0,
    "load" : 2,
    "start" : 72,
    "destination" : 16,
    "end" : 72,
    "rdvTime" : "15h22",
    "rdvDuration" : "00h23",
    "srvDuration" : "00h01"
  }, {
    "id" : 181,
    "category" : 0,
    "load" : 1,
    "start" : 73,
    "destination" : 9,
    "end" : 74,
    "rdvTime" : "12h11",
    "rdvDuration" : "01h27",
    "srvDuration" : "00h02"
  }, {
    "id" : 182,
    "category" : 0,
    "load" : 1,
    "start" : 75,
    "destination" : 23,
    "end" : 75,
    "rdvTime" : "09h02",
    "rdvDuration" : "00h38",
    "srvDuration" : "00h02"
  }, {
    "id" : 183,
    "category" : 0,
    "load" : 1,
    "start" : 76,
    "destination" : 4,
    "end" : 76,
    "rdvTime" : "14h46",
    "rdvDuration" : "00h44",
    "srvDuration" : "00h01"
  }, {
    "id" : 184,
    "category" : 0,
    "load" : 1,
    "start" : 77,
    "destination" : 21,
    "end" : 78,
    "rdvTime" : "09h42",
    "rdvDuration" : "00h16",
    "srvDuration" : "00h02"
  }, {
    "id" : 185,
    "category" : 0,
    "load" : 1,
    "start" : 79,
    "destination" : 9,
    "end" : -1,
    "rdvTime" : "14h02",
    "rdvDuration" : "00h40",
    "srvDuration" : "00h02"
  }, {
    "id" : 186,
    "category" : 0,
    "load" : 1,
    "start" : 80,
    "destination" : 16,
    "end" : 80,
    "rdvTime" : "08h57",
    "rdvDuration" : "02h22",
    "srvDuration" : "00h01"
  }, {
    "id" : 187,
    "category" : 0,
    "load" : 2,
    "start" : 81,
    "destination" : 22,
    "end" : 81,
    "rdvTime" : "11h36",
    "rdvDuration" : "01h39",
    "srvDuration" : "00h01"
  }, {
    "id" : 188,
    "category" : 0,
    "load" : 1,
    "start" : 82,
    "destination" : 16,
    "end" : 82,
    "rdvTime" : "11h21",
    "rdvDuration" : "01h22",
    "srvDuration" : "00h02"
  }, {
    "id" : 189,
    "category" : 0,
    "load" : 1,
    "start" : 83,
    "destination" : 7,
    "end" : 83,
    "rdvTime" : "15h31",
    "rdvDuration" : "01h32",
    "srvDuration" : "00h01"
  }, {
    "id" : 190,
    "category" : 0,
    "load" : 1,
    "start" : 84,
    "destination" : 22,
    "end" : 84,
    "rdvTime" : "12h24",
    "rdvDuration" : "02h10",
    "srvDuration" : "00h02"
  }, {
    "id" : 191,
    "category" : 0,
    "load" : 2,
    "start" : 85,
    "destination" : 21,
    "end" : 85,
    "rdvTime" : "11h41",
    "rdvDuration" : "00h59",
    "srvDuration" : "00h02"
  }, {
    "id" : 192,
    "category" : 0,
    "load" : 1,
    "start" : -1,
    "destination" : 0,
    "end" : 86,
    "rdvTime" : "08h58",
    "rdvDuration" : "02h11",
    "srvDuration" : "00h02"
  }, {
    "id" : 193,
    "category" : 0,
    "load" : 2,
    "start" : 87,
    "destination" : 3,
    "end" : 87,
    "rdvTime" : "09h22",
    "rdvDuration" : "01h12",
    "srvDuration" : "00h02"
  }, {
    "id" : 194,
    "category" : 0,
    "load" : 2,
    "start" : 88,
    "destination" : 21,
    "end" : 88,
    "rdvTime" : "13h00",
    "rdvDuration" : "00h26",
    "srvDuration" : "00h01"
  }, {
    "id" : 195,
    "category" : 0,
    "load" : 1,
    "start" : 89,
    "destination" : 13,
    "end" : 89,
    "rdvTime" : "13h21",
    "rdvDuration" : "00h56",
    "srvDuration" : "00h01"
  }, {
    "id" : 196,
    "category" : 0,
    "load" : 2,
    "start" : 90,
    "destination" : 15,
    "end" : 90,
    "rdvTime" : "12h04",
    "rdvDuration" : "00h42",
    "srvDuration" : "00h02"
  }, {
    "id" : 197,
    "category" : 0,
    "load" : 2,
    "start" : 91,
    "destination" : 11,
    "end" : 91,
    "rdvTime" : "13h37",
    "rdvDuration" : "01h45",
    "srvDuration" : "00h01"
  }, {
    "id" : 198,
    "category" : 0,
    "load" : 1,
    "start" : 92,
    "destination" : 21,
    "end" : 92,
    "rdvTime" : "08h00",
    "rdvDuration" : "01h47",
    "srvDuration" : "00h02"
  }, {
    "id" : 199,
    "category" : 0,
    "load" : 2,
    "start" : 93,
    "destination" : 4,
    "end" : 93,
    "rdvTime" : "09h39",
    "rdvDuration" : "02h06",
    "srvDuration" : "00h02"
  }, {
    "id" : 200,
    "category" : 0,
    "load" : 2,
    "start" : 94,
    "destination" : 3,
    "end" : 94,
    "rdvTime" : "11h02",
    "rdvDuration" : "01h32",
    "srvDuration" : "00h01"
  }, {
    "id" : 201,
    "category" : 0,
    "load" : 2,
    "start" : -1,
    "destination" : 0,
    "end" : 95,
    "rdvTime" : "11h20",
    "rdvDuration" : "00h21",
    "srvDuration" : "00h01"
  }, {
    "id" : 202,
    "category" : 0,
    "load" : 2,
    "start" : -1,
    "destination" : 0,
    "end" : 96,
    "rdvTime" : "09h15",
    "rdvDuration" : "00h26",
    "srvDuration" : "00h02"
  }, {
    "id" : 203,
    "category" : 0,
    "load" : 1,
    "start" : 97,
    "destination" : 4,
    "end" : 97,
    "rdvTime" : "09h00",
    "rdvDuration" : "02h58",
    "srvDuration" : "00h01"
  }, {
    "id" : 204,
    "category" : 0,
    "load" : 1,
    "start" : 98,
    "destination" : 7,
    "end" : 98,
    "rdvTime" : "14h05",
    "rdvDuration" : "00h39",
    "srvDuration" : "00h01"
  }, {
    "id" : 205,
    "category" : 0,
    "load" : 1,
    "start" : -1,
    "destination" : 3,
    "end" : 99,
    "rdvTime" : "12h05",
    "rdvDuration" : "02h16",
    "srvDuration" : "00h01"
  }, {
    "id" : 206,
    "category" : 0,
    "load" : 2,
    "start" : 100,
    "destination" : 9,
    "end" : 100,
    "rdvTime" : "11h06",
    "rdvDuration" : "01h21",
    "srvDuration" : "00h01"
  }, {
    "id" : 207,
    "category" : 0,
    "load" : 1,
    "start" : 101,
    "destination" : 11,
    "end" : -1,
    "rdvTime" : "13h11",
    "rdvDuration" : "00h27",
    "srvDuration" : "00h01"
  }, {
    "id" : 208,
    "category" : 0,
    "load" : 1,
    "start" : 102,
    "destination" : 10,
    "end" : 102,
    "rdvTime" : "08h35",
    "rdvDuration" : "02h59",
    "srvDuration" : "00h02"
  }, {
    "id" : 209,
    "category" : 0,
    "load" : 1,
    "start" : 103,
    "destination" : 18,
    "end" : 103,
    "rdvTime" : "09h52",
    "rdvDuration" : "02h45",
    "srvDuration" : "00h02"
  }, {
    "id" : 210,
    "category" : 0,
    "load" : 1,
    "start" : 104,
    "destination" : 2,
    "end" : 104,
    "rdvTime" : "11h18",
    "rdvDuration" : "01h24",
    "srvDuration" : "00h01"
  }, {
    "id" : 211,
    "category" : 0,
    "load" : 1,
    "start" : 105,
    "destination" : 14,
    "end" : 105,
    "rdvTime" : "09h51",
    "rdvDuration" : "02h21",
    "srvDuration" : "00h01"
  }, {
    "id" : 212,
    "category" : 0,
    "load" : 2,
    "start" : 106,
    "destination" : 10,
    "end" : 106,
    "rdvTime" : "13h21",
    "rdvDuration" : "01h09",
    "srvDuration" : "00h02"
  }, {
    "id" : 213,
    "category" : 0,
    "load" : 1,
    "start" : 107,
    "destination" : 17,
    "end" : 107,
    "rdvTime" : "10h46",
    "rdvDuration" : "02h40",
    "srvDuration" : "00h02"
  }, {
    "id" : 214,
    "category" : 0,
    "load" : 1,
    "start" : 108,
    "destination" : 23,
    "end" : 108,
    "rdvTime" : "09h20",
    "rdvDuration" : "01h07",
    "srvDuration" : "00h02"
  }, {
    "id" : 215,
    "category" : 0,
    "load" : 2,
    "start" : 109,
    "destination" : 16,
    "end" : 109,
    "rdvTime" : "11h22",
    "rdvDuration" : "00h47",
    "srvDuration" : "00h01"
  }, {
    "id" : 216,
    "category" : 0,
    "load" : 1,
    "start" : 110,
    "destination" : 19,
    "end" : 110,
    "rdvTime" : "10h23",
    "rdvDuration" : "02h33",
    "srvDuration" : "00h01"
  }, {
    "id" : 217,
    "category" : 0,
    "load" : 2,
    "start" : 111,
    "destination" : 14,
    "end" : 111,
    "rdvTime" : "11h13",
    "rdvDuration" : "01h41",
    "srvDuration" : "00h02"
  }, {
    "id" : 218,
    "category" : 0,
    "load" : 1,
    "start" : 112,
    "destination" : 6,
    "end" : 112,
    "rdvTime" : "10h33",
    "rdvDuration" : "00h26",
    "srvDuration" : "00h01"
  }, {
    "id" : 219,
    "category" : 0,
    "load" : 1,
    "start" : 113,
    "destination" : 5,
    "end" : 113,
    "rdvTime" : "13h56",
    "rdvDuration" : "02h52",
    "srvDuration" : "00h02"
  }, {
    "id" : 220,
    "category" : 0,
    "load" : 2,
    "start" : 114,
    "destination" : 9,
    "end" : 114,
    "rdvTime" : "12h32",
    "rdvDuration" : "01h18",
    "srvDuration" : "00h01"
  }, {
    "id" : 221,
    "category" : 0,
    "load" : 2,
    "start" : 115,
    "destination" : 3,
    "end" : 115,
    "rdvTime" : "08h40",
    "rdvDuration" : "02h46",
    "srvDuration" : "00h01"
  }, {
    "id" : 222,
    "category" : 0,
    "load" : 2,
    "start" : 116,
    "destination" : 1,
    "end" : 116,
    "rdvTime" : "14h40",
    "rdvDuration" : "00h27",
    "srvDuration" : "00h02"
  }, {
    "id" : 223,
    "category" : 0,
    "load" : 2,
    "start" : 117,
    "destination" : 0,
    "end" : 117,
    "rdvTime" : "15h32",
    "rdvDuration" : "00h34",
    "srvDuration" : "00h02"
  }, {
    "id" : 224,
    "category" : 0,
    "load" : 1,
    "start" : 118,
    "destination" : 14,
    "end" : 118,
    "rdvTime" : "08h28",
    "rdvDuration" : "01h03",
    "srvDuration" : "00h01"
  }, {
    "id" : 225,
    "category" : 0,
    "load" : 1,
    "start" : 119,
    "destination" : 2,
    "end" : 119,
    "rdvTime" : "15h45",
    "rdvDuration" : "02h09",
    "srvDuration" : "00h01"
  }, {
    "id" : 226,
    "category" : 0,
    "load" : 2,
    "start" : 120,
    "destination" : 6,
    "end" : 120,
    "rdvTime" : "08h34",
    "rdvDuration" : "01h47",
    "srvDuration" : "00h01"
  }, {
    "id" : 227,
    "category" : 0,
    "load" : 2,
    "start" : 121,
    "destination" : 14,
    "end" : 121,
    "rdvTime" : "14h29",
    "rdvDuration" : "01h37",
    "srvDuration" : "00h01"
  }, {
    "id" : 228,
    "category" : 0,
    "load" : 2,
    "start" : 122,
    "destination" : 18,
    "end" : 122,
    "rdvTime" : "08h45",
    "rdvDuration" : "02h00",
    "srvDuration" : "00h01"
  }, {
    "id" : 229,
    "category" : 0,
    "load" : 2,
    "start" : 123,
    "destination" : 15,
    "end" : 123,
    "rdvTime" : "08h52",
    "rdvDuration" : "02h12",
    "srvDuration" : "00h01"
  }, {
    "id" : 230,
    "category" : 0,
    "load" : 1,
    "start" : 124,
    "destination" : 16,
    "end" : 124,
    "rdvTime" : "13h58",
    "rdvDuration" : "00h18",
    "srvDuration" : "00h02"
  }, {
    "id" : 231,
    "category" : 0,
    "load" : 1,
    "start" : 125,
    "destination" : 20,
    "end" : 125,
    "rdvTime" : "08h58",
    "rdvDuration" : "01h51",
    "srvDuration" : "00h01"
  }, {
    "id" : 232,
    "category" : 0,
    "load" : 2,
    "start" : 126,
    "destination" : 18,
    "end" : 127,
    "rdvTime" : "11h58",
    "rdvDuration" : "00h55",
    "srvDuration" : "00h01"
  } ],
  "distMatrix" : [ [ 0, 14, 22, 24, 15, 14, 7, 12, 3, 22, 13, 9, 17, 13, 16, 19, 18, 21, 22, 15, 16, 11, 16, 21, 17, 13, 5, 12, 10, 12, 2, 17, 16, 22, 9, 11, 22, 12, 17, 20, 7, 23, 16, 1, 6, 21, 14, 13, 24, 5, 17, 19, 4, 19, 19, 6, 19, 21, 8, 6, 11, 14, 5, 9, 16, 3, 20, 10, 21, 7, 20, 10, 24, 7, 19, 16, 18, 21, 6, 10, 14, 24, 21, 13, 3, 21, 10, 10, 20, 2, 6, 17, 20, 3, 20, 19, 15, 4, 11, 14, 15, 18, 7, 7, 14, 20, 23, 15, 20, 17, 16, 14, 21, 23, 22, 20, 8, 16, 20, 5, 3, 8, 15, 17, 4, 10, 2, 4 ], [ 14, 0, 10, 15, 13, 1, 9, 14, 11, 14, 4, 10, 16, 3, 16, 13, 16, 20, 20, 2, 21, 5, 17, 9, 7, 8, 9, 2, 4, 11, 13, 4, 3, 17, 7, 10, 20, 3, 8, 13, 8, 21, 3, 14, 8, 17, 11, 13, 18, 9, 15, 18, 10, 21, 15, 14, 11, 17, 6, 16, 18, 9, 9, 19, 3, 11, 15, 19, 15, 11, 9, 17, 19, 7, 21, 17, 4, 11, 8, 6, 8, 17, 20, 19, 11, 17, 5, 4, 22, 13, 10, 6, 22, 11, 12, 7, 13, 9, 4, 18, 19, 19, 7, 12, 13, 12, 20, 17, 8, 8, 17, 4, 16, 14, 12, 13, 19, 5, 8, 8, 16, 18, 20, 14, 14, 3, 15, 9 ], [ 22, 10, 0, 6, 13, 9, 19, 16, 19, 7, 14, 15, 14, 13, 15, 10, 14, 17, 17, 8, 23, 11, 17, 2, 5, 10, 17, 11, 13, 13, 20, 7, 10, 12, 17, 13, 16, 13, 5, 8, 15, 16, 7, 23, 17, 14, 11, 15, 12, 17, 13, 17, 19, 20, 12, 20, 7, 12, 14, 21, 22, 10, 17, 24, 7, 20, 11, 23, 10, 17, 2, 21, 14, 16, 21, 17, 8, 4, 16, 17, 9, 10, 17, 21, 20, 13, 12, 14, 21, 22, 20, 5, 21, 19, 6, 3, 13, 18, 14, 20, 20, 19, 17, 18, 13, 7, 15, 17, 2, 5, 16, 8, 12, 6, 3, 8, 24, 6, 2, 17, 23, 23, 21, 11, 21, 12, 23, 18 ], [ 24, 15, 6, 0, 11, 14, 23, 15, 21, 2, 19, 15, 11, 18, 13, 6, 10, 12, 12, 12, 20, 13, 14, 9, 8, 11, 19, 15, 17, 13, 22, 12, 16, 7, 21, 13, 11, 17, 8, 5, 17, 11, 13, 25, 19, 9, 10, 13, 6, 20, 10, 13, 22, 16, 8, 21, 5, 7, 17, 22, 21, 9, 19, 23, 12, 22, 6, 22, 5, 17, 6, 20, 8, 20, 18, 14, 14, 3, 18, 21, 10, 4, 12, 19, 23, 8, 15, 17, 18, 25, 23, 9, 16, 21, 4, 9, 11, 21, 18, 18, 17, 15, 20, 18, 12, 4, 10, 15, 8, 7, 13, 11, 7, 1, 4, 4, 24, 10, 8, 20, 24, 23, 18, 9, 22, 16, 24, 20 ], [ 15, 13, 13, 11, 0, 12, 17, 4, 13, 9, 16, 5, 3, 16, 3, 5, 4, 7, 8, 11, 10, 8, 4, 14, 8, 5, 11, 12, 12, 3, 13, 13, 15, 7, 16, 4, 8, 14, 8, 6, 9, 9, 13, 16, 12, 6, 2, 2, 9, 12, 2, 5, 14, 8, 4, 10, 6, 7, 11, 11, 10, 4, 11, 12, 12, 14, 6, 11, 6, 8, 11, 10, 9, 13, 9, 4, 15, 9, 11, 17, 5, 10, 7, 9, 15, 6, 9, 13, 9, 16, 17, 10, 9, 12, 7, 12, 0, 14, 14, 7, 7, 6, 13, 8, 1, 8, 8, 4, 12, 8, 4, 9, 6, 11, 11, 7, 14, 10, 12, 13, 14, 12, 8, 3, 12, 11, 15, 13 ], [ 14, 1, 9, 14, 12, 0, 10, 13, 11, 14, 5, 10, 15, 4, 15, 13, 16, 19, 20, 2, 21, 5, 16, 8, 7, 8, 9, 2, 4, 11, 13, 3, 3, 17, 8, 9, 20, 3, 7, 13, 8, 20, 2, 14, 8, 17, 11, 13, 17, 9, 14, 18, 11, 20, 15, 14, 11, 16, 6, 16, 18, 9, 9, 19, 2, 11, 14, 19, 14, 11, 9, 17, 19, 8, 21, 17, 4, 11, 9, 7, 8, 17, 19, 19, 12, 16, 5, 4, 22, 13, 11, 5, 21, 12, 11, 6, 12, 10, 4, 18, 18, 19, 8, 12, 12, 12, 19, 17, 7, 7, 16, 4, 16, 13, 11, 12, 19, 4, 7, 9, 16, 18, 19, 13, 14, 4, 16, 10 ], [ 7, 9, 19, 23, 17, 10, 0, 15, 6, 22, 7, 12, 20, 7, 19, 19, 21, 24, 25, 11, 21, 10, 19, 18, 15, 13, 7, 8, 6, 14, 8, 13, 10, 23, 2, 13, 25, 7, 15, 20, 8, 26, 12, 7, 4, 22, 16, 16, 25, 5, 19, 22, 4, 23, 20, 11, 18, 23, 6, 12, 17, 15, 6, 15, 12, 5, 21, 17, 21, 10, 18, 15, 25, 4, 23, 20, 13, 20, 6, 4, 14, 25, 24, 18, 4, 23, 8, 6, 24, 5, 1, 14, 24, 7, 19, 16, 17, 4, 6, 19, 20, 22, 3, 11, 16, 20, 25, 19, 17, 16, 19, 12, 22, 22, 20, 20, 15, 13, 17, 4, 10, 15, 20, 19, 10, 7, 9, 5 ], [ 12, 14, 16, 15, 4, 13, 15, 0, 10, 13, 16, 4, 6, 16, 4, 8, 7, 9, 10, 13, 8, 8, 4, 17, 11, 6, 8, 12, 12, 3, 10, 15, 16, 11, 15, 4, 10, 14, 11, 10, 7, 12, 15, 13, 11, 9, 5, 2, 13, 10, 6, 7, 12, 8, 8, 7, 10, 10, 10, 7, 6, 6, 9, 8, 13, 11, 10, 7, 10, 5, 14, 6, 12, 12, 8, 5, 17, 13, 9, 16, 7, 14, 10, 5, 13, 10, 9, 12, 9, 14, 15, 13, 9, 10, 11, 15, 4, 12, 14, 5, 5, 7, 12, 5, 3, 11, 11, 4, 15, 11, 4, 10, 10, 15, 15, 11, 10, 12, 15, 11, 11, 8, 6, 7, 8, 11, 11, 11 ], [ 3, 11, 19, 21, 13, 11, 6, 10, 0, 20, 11, 7, 15, 11, 14, 16, 16, 19, 20, 12, 15, 8, 14, 19, 14, 11, 2, 9, 7, 10, 2, 14, 13, 19, 7, 9, 20, 10, 14, 17, 4, 21, 14, 4, 3, 18, 12, 11, 21, 2, 15, 17, 3, 18, 17, 5, 16, 19, 6, 6, 10, 12, 2, 9, 13, 1, 18, 10, 18, 5, 18, 9, 21, 4, 17, 14, 15, 18, 3, 9, 11, 22, 19, 12, 3, 19, 7, 7, 18, 4, 6, 14, 19, 0, 17, 17, 13, 3, 8, 13, 14, 16, 4, 5, 12, 18, 21, 14, 17, 14, 14, 11, 19, 21, 19, 17, 8, 13, 17, 3, 5, 8, 14, 15, 4, 8, 4, 2 ], [ 22, 14, 7, 2, 9, 14, 22, 13, 20, 0, 18, 13, 9, 18, 11, 5, 9, 10, 10, 12, 19, 12, 12, 9, 7, 9, 17, 15, 16, 11, 21, 12, 16, 6, 21, 11, 10, 17, 7, 3, 16, 10, 12, 24, 18, 7, 8, 11, 5, 19, 8, 11, 21, 14, 6, 19, 4, 5, 16, 20, 19, 8, 18, 22, 12, 21, 4, 20, 3, 16, 6, 19, 7, 19, 16, 12, 14, 3, 17, 20, 9, 3, 10, 18, 22, 6, 14, 17, 16, 23, 22, 9, 15, 20, 3, 9, 9, 20, 17, 16, 16, 13, 19, 17, 10, 2, 8, 13, 8, 7, 12, 10, 5, 2, 4, 3, 23, 10, 8, 19, 22, 21, 16, 7, 20, 15, 23, 19 ], [ 13, 4, 14, 19, 16, 5, 7, 16, 11, 18, 0, 13, 19, 1, 19, 17, 20, 23, 24, 7, 23, 8, 19, 12, 12, 12, 10, 4, 5, 14, 12, 7, 4, 21, 5, 12, 24, 2, 12, 17, 10, 24, 7, 13, 7, 21, 15, 16, 22, 9, 18, 22, 9, 24, 19, 15, 15, 20, 6, 16, 20, 13, 9, 19, 7, 10, 19, 20, 19, 12, 14, 19, 23, 6, 24, 20, 7, 15, 9, 3, 12, 21, 23, 21, 10, 21, 7, 4, 25, 11, 8, 10, 25, 11, 16, 11, 16, 8, 3, 21, 21, 22, 6, 13, 16, 17, 23, 20, 12, 12, 20, 8, 20, 18, 16, 17, 19, 9, 12, 8, 15, 19, 22, 17, 14, 5, 15, 9 ], [ 9, 10, 15, 15, 5, 10, 12, 4, 7, 13, 13, 0, 8, 13, 7, 9, 9, 12, 13, 10, 11, 5, 7, 15, 9, 5, 5, 9, 8, 3, 7, 12, 13, 12, 12, 2, 13, 11, 9, 11, 4, 14, 12, 11, 7, 11, 5, 4, 14, 7, 8, 10, 9, 12, 10, 6, 10, 12, 7, 7, 8, 5, 6, 9, 11, 8, 11, 9, 11, 3, 13, 7, 14, 8, 12, 8, 14, 12, 6, 12, 5, 15, 12, 8, 10, 12, 6, 9, 13, 11, 12, 11, 13, 7, 11, 13, 6, 8, 10, 8, 9, 10, 8, 3, 5, 11, 14, 7, 13, 9, 8, 8, 12, 14, 14, 11, 10, 9, 13, 8, 9, 9, 9, 8, 7, 8, 10, 8 ], [ 17, 16, 14, 11, 3, 15, 20, 6, 15, 9, 19, 8, 0, 19, 2, 5, 1, 4, 5, 14, 9, 11, 3, 16, 10, 7, 13, 15, 15, 6, 15, 16, 18, 5, 19, 7, 5, 17, 10, 6, 12, 6, 16, 18, 15, 3, 4, 4, 7, 15, 1, 3, 17, 6, 3, 12, 7, 5, 14, 13, 11, 6, 14, 14, 14, 16, 5, 12, 6, 10, 12, 11, 7, 16, 7, 3, 18, 10, 13, 19, 8, 9, 4, 9, 18, 4, 12, 16, 7, 19, 20, 13, 7, 15, 8, 14, 3, 16, 17, 7, 6, 4, 16, 11, 3, 8, 6, 4, 14, 10, 2, 12, 5, 11, 12, 7, 15, 12, 14, 16, 16, 13, 7, 3, 14, 14, 17, 16 ], [ 13, 3, 13, 18, 16, 4, 7, 16, 11, 18, 1, 13, 19, 0, 18, 16, 19, 23, 23, 6, 23, 8, 19, 11, 11, 11, 10, 4, 5, 14, 13, 6, 3, 21, 5, 12, 23, 2, 11, 17, 10, 24, 6, 14, 8, 21, 14, 16, 22, 9, 18, 21, 10, 24, 18, 15, 15, 20, 6, 17, 20, 13, 9, 20, 6, 11, 18, 20, 18, 12, 13, 19, 23, 7, 24, 20, 6, 15, 9, 4, 11, 21, 23, 21, 11, 20, 7, 4, 25, 12, 9, 9, 25, 12, 15, 10, 16, 9, 3, 21, 21, 22, 7, 13, 16, 16, 23, 20, 11, 11, 19, 8, 20, 17, 15, 16, 20, 8, 11, 8, 16, 19, 22, 17, 15, 5, 15, 9 ], [ 16, 16, 15, 13, 3, 15, 19, 4, 14, 11, 19, 7, 2, 18, 0, 6, 3, 5, 6, 14, 8, 10, 1, 16, 11, 7, 12, 15, 14, 5, 14, 16, 18, 7, 18, 6, 6, 17, 11, 8, 11, 8, 16, 17, 14, 5, 5, 3, 9, 14, 3, 3, 16, 5, 5, 11, 8, 7, 13, 11, 9, 7, 13, 12, 14, 15, 7, 10, 7, 9, 13, 9, 9, 15, 6, 2, 18, 12, 12, 19, 8, 11, 6, 7, 17, 6, 12, 15, 7, 17, 19, 13, 6, 14, 9, 15, 3, 15, 16, 5, 5, 4, 15, 9, 3, 9, 7, 2, 14, 11, 1, 12, 7, 12, 14, 8, 13, 13, 15, 15, 14, 12, 6, 4, 12, 14, 15, 14 ], [ 19, 13, 10, 6, 5, 13, 19, 8, 16, 5, 17, 9, 5, 16, 6, 0, 4, 7, 8, 11, 14, 9, 8, 11, 6, 6, 14, 13, 14, 7, 17, 12, 15, 4, 18, 7, 7, 15, 6, 2, 12, 8, 12, 20, 15, 4, 4, 7, 5, 15, 4, 7, 18, 10, 2, 15, 3, 3, 13, 16, 14, 5, 14, 17, 11, 17, 2, 16, 2, 12, 8, 14, 6, 16, 12, 8, 14, 6, 14, 18, 6, 6, 7, 13, 18, 4, 11, 14, 12, 20, 19, 9, 11, 16, 3, 10, 4, 17, 15, 11, 11, 9, 16, 12, 5, 3, 6, 8, 9, 6, 7, 9, 3, 6, 8, 2, 18, 9, 10, 16, 18, 17, 12, 2, 16, 13, 19, 16 ], [ 18, 16, 14, 10, 4, 16, 21, 7, 16, 9, 20, 9, 1, 19, 3, 4, 0, 3, 4, 15, 10, 12, 4, 16, 10, 8, 14, 16, 16, 7, 16, 16, 19, 4, 20, 8, 4, 18, 10, 6, 13, 5, 16, 20, 16, 2, 5, 6, 6, 16, 2, 2, 18, 6, 2, 13, 7, 4, 15, 14, 12, 7, 15, 15, 15, 17, 4, 13, 5, 11, 12, 12, 6, 17, 7, 4, 18, 10, 15, 20, 8, 8, 4, 10, 19, 3, 13, 17, 7, 20, 21, 13, 6, 16, 8, 14, 4, 17, 18, 8, 7, 5, 17, 12, 4, 8, 5, 4, 14, 10, 3, 12, 4, 10, 12, 7, 16, 13, 14, 17, 17, 15, 8, 3, 15, 15, 18, 17 ], [ 21, 20, 17, 12, 7, 19, 24, 9, 19, 10, 23, 12, 4, 23, 5, 7, 3, 0, 1, 18, 10, 15, 5, 18, 13, 11, 17, 19, 19, 10, 19, 19, 22, 5, 23, 11, 1, 21, 13, 8, 16, 3, 19, 22, 19, 3, 9, 8, 7, 19, 5, 2, 21, 4, 5, 16, 10, 5, 18, 16, 13, 10, 18, 16, 18, 20, 6, 14, 7, 14, 15, 13, 5, 20, 6, 5, 21, 13, 18, 24, 11, 9, 0, 11, 22, 4, 16, 20, 6, 23, 24, 16, 4, 19, 10, 17, 7, 20, 21, 8, 8, 4, 20, 14, 8, 10, 3, 6, 17, 13, 5, 15, 5, 12, 15, 9, 18, 16, 17, 20, 20, 16, 8, 6, 17, 18, 20, 20 ], [ 22, 20, 17, 12, 8, 20, 25, 10, 20, 10, 24, 13, 5, 23, 6, 8, 4, 1, 0, 18, 11, 16, 6, 19, 14, 12, 18, 20, 20, 11, 20, 20, 22, 5, 24, 12, 1, 22, 14, 8, 17, 2, 20, 23, 20, 3, 9, 9, 6, 20, 6, 3, 22, 5, 5, 17, 10, 5, 19, 17, 14, 11, 19, 17, 18, 21, 6, 15, 7, 15, 15, 14, 4, 21, 7, 6, 22, 13, 18, 24, 12, 9, 1, 11, 23, 4, 17, 21, 6, 24, 25, 16, 5, 20, 10, 18, 8, 21, 22, 9, 9, 5, 21, 15, 8, 10, 3, 7, 17, 14, 6, 16, 5, 12, 15, 9, 19, 16, 17, 21, 20, 17, 9, 6, 18, 19, 21, 21 ], [ 15, 2, 8, 12, 11, 2, 11, 13, 12, 12, 7, 10, 14, 6, 14, 11, 15, 18, 18, 0, 21, 5, 15, 6, 5, 7, 10, 4, 6, 10, 14, 2, 4, 15, 10, 9, 18, 5, 5, 11, 9, 19, 2, 16, 9, 15, 10, 12, 16, 10, 13, 17, 12, 19, 13, 15, 9, 14, 7, 16, 18, 8, 10, 19, 1, 12, 13, 19, 12, 11, 7, 17, 17, 9, 20, 16, 4, 9, 9, 9, 6, 15, 18, 18, 13, 15, 5, 6, 21, 15, 12, 3, 20, 12, 10, 5, 11, 11, 6, 17, 18, 18, 9, 12, 11, 10, 17, 16, 6, 5, 15, 3, 14, 12, 9, 11, 19, 2, 6, 10, 17, 18, 19, 12, 15, 5, 16, 11 ], [ 16, 21, 23, 20, 10, 21, 21, 8, 15, 19, 23, 11, 9, 23, 8, 14, 10, 10, 11, 21, 0, 16, 7, 24, 18, 14, 15, 20, 19, 11, 14, 23, 24, 14, 22, 12, 11, 22, 18, 16, 14, 13, 22, 17, 17, 12, 12, 9, 16, 16, 11, 8, 18, 6, 12, 10, 16, 14, 17, 10, 5, 14, 16, 8, 21, 16, 14, 6, 15, 11, 21, 6, 15, 18, 4, 7, 25, 20, 15, 23, 15, 18, 10, 3, 18, 13, 17, 20, 5, 18, 21, 20, 7, 15, 17, 22, 10, 17, 21, 3, 3, 6, 18, 11, 10, 17, 13, 6, 22, 18, 7, 18, 14, 20, 22, 16, 9, 20, 23, 17, 13, 8, 2, 12, 12, 19, 14, 17 ], [ 11, 5, 11, 13, 8, 5, 10, 8, 8, 12, 8, 5, 11, 8, 10, 9, 12, 15, 16, 5, 16, 0, 11, 10, 6, 4, 6, 4, 4, 6, 9, 7, 8, 13, 9, 4, 16, 6, 6, 10, 4, 16, 7, 12, 6, 13, 6, 8, 15, 7, 10, 13, 9, 16, 11, 10, 8, 13, 4, 11, 13, 5, 6, 14, 6, 9, 11, 14, 11, 6, 9, 12, 15, 6, 16, 12, 9, 10, 5, 9, 4, 15, 15, 13, 10, 13, 2, 5, 17, 11, 10, 6, 17, 8, 9, 9, 8, 8, 6, 13, 13, 14, 7, 7, 8, 10, 15, 12, 9, 6, 11, 3, 13, 13, 11, 10, 14, 5, 9, 7, 12, 13, 14, 9, 10, 4, 12, 7 ], [ 16, 17, 17, 14, 4, 16, 19, 4, 14, 12, 19, 7, 3, 19, 1, 8, 4, 5, 6, 15, 7, 11, 0, 18, 12, 8, 12, 16, 15, 6, 14, 17, 19, 8, 19, 7, 7, 18, 12, 9, 11, 8, 17, 17, 15, 6, 6, 4, 10, 14, 4, 3, 16, 4, 6, 10, 10, 8, 14, 11, 8, 8, 13, 11, 16, 15, 8, 9, 9, 9, 15, 8, 9, 16, 5, 1, 19, 13, 13, 20, 9, 12, 6, 6, 17, 7, 12, 16, 6, 17, 19, 14, 5, 14, 11, 16, 4, 15, 17, 4, 3, 3, 16, 9, 4, 11, 8, 1, 16, 12, 1, 13, 8, 14, 15, 10, 12, 14, 16, 15, 14, 11, 4, 5, 12, 15, 15, 15 ], [ 21, 9, 2, 9, 14, 8, 18, 17, 19, 9, 12, 15, 16, 11, 16, 11, 16, 18, 19, 6, 24, 10, 18, 0, 6, 10, 16, 10, 12, 14, 20, 5, 8, 14, 16, 13, 18, 11, 6, 10, 15, 18, 6, 22, 16, 15, 12, 15, 14, 17, 14, 18, 18, 21, 14, 20, 9, 14, 13, 21, 23, 10, 16, 24, 6, 19, 12, 24, 12, 16, 4, 22, 16, 15, 23, 18, 6, 6, 16, 15, 10, 12, 19, 22, 19, 15, 12, 12, 23, 21, 19, 4, 22, 19, 8, 2, 14, 17, 12, 21, 21, 20, 16, 18, 14, 8, 17, 18, 2, 6, 18, 7, 14, 8, 5, 10, 25, 6, 1, 16, 23, 24, 22, 13, 21, 11, 23, 17 ], [ 17, 7, 5, 8, 8, 7, 15, 11, 14, 7, 12, 9, 10, 11, 11, 6, 10, 13, 14, 5, 18, 6, 12, 6, 0, 5, 12, 8, 9, 8, 15, 6, 9, 10, 14, 7, 14, 10, 0, 6, 10, 14, 6, 18, 12, 11, 6, 9, 11, 13, 9, 13, 15, 16, 9, 15, 4, 9, 10, 16, 17, 4, 12, 18, 5, 15, 8, 18, 7, 11, 3, 16, 12, 12, 17, 12, 8, 4, 11, 13, 4, 10, 14, 16, 16, 10, 8, 10, 17, 17, 16, 3, 17, 14, 4, 4, 8, 14, 10, 15, 15, 14, 12, 12, 8, 5, 13, 13, 4, 0, 12, 4, 9, 7, 5, 6, 19, 3, 4, 13, 18, 18, 16, 8, 16, 8, 18, 13 ], [ 13, 8, 10, 11, 5, 8, 13, 6, 11, 9, 12, 5, 7, 11, 7, 6, 8, 11, 12, 7, 14, 4, 8, 10, 5, 0, 8, 8, 8, 4, 11, 9, 11, 10, 12, 3, 12, 10, 5, 7, 7, 13, 8, 14, 9, 9, 3, 5, 11, 9, 7, 10, 12, 13, 7, 10, 5, 9, 7, 12, 12, 1, 9, 14, 7, 11, 8, 13, 8, 7, 8, 11, 12, 10, 13, 9, 11, 8, 8, 13, 1, 11, 12, 12, 13, 9, 5, 9, 14, 14, 14, 6, 14, 11, 7, 8, 5, 11, 10, 11, 11, 11, 10, 8, 5, 7, 12, 9, 8, 5, 8, 4, 9, 10, 9, 7, 15, 6, 9, 10, 14, 14, 12, 6, 11, 7, 14, 10 ], [ 5, 9, 17, 19, 11, 9, 7, 8, 2, 17, 10, 5, 13, 10, 12, 14, 14, 17, 18, 10, 15, 6, 12, 16, 12, 8, 0, 7, 6, 8, 4, 12, 12, 17, 7, 7, 18, 8, 12, 15, 2, 19, 12, 6, 3, 16, 10, 9, 19, 2, 13, 15, 4, 17, 15, 5, 14, 17, 4, 7, 10, 9, 1, 10, 11, 3, 16, 11, 16, 3, 15, 9, 19, 4, 16, 13, 13, 16, 1, 8, 9, 19, 18, 12, 5, 17, 5, 6, 17, 6, 7, 12, 17, 2, 15, 14, 11, 3, 7, 12, 13, 15, 4, 4, 10, 15, 19, 12, 15, 12, 13, 9, 17, 18, 17, 15, 10, 11, 15, 3, 6, 9, 14, 13, 5, 6, 6, 2 ], [ 12, 2, 11, 15, 12, 2, 8, 12, 9, 15, 4, 9, 15, 4, 15, 13, 16, 19, 20, 4, 20, 4, 16, 10, 8, 8, 7, 0, 2, 10, 11, 5, 4, 17, 6, 9, 20, 2, 8, 13, 7, 20, 5, 12, 6, 17, 10, 12, 18, 7, 14, 18, 9, 20, 15, 12, 11, 16, 4, 14, 17, 9, 7, 17, 4, 9, 15, 17, 15, 9, 10, 16, 19, 6, 20, 16, 6, 12, 7, 6, 8, 18, 19, 17, 10, 17, 3, 2, 21, 11, 9, 7, 21, 10, 12, 8, 12, 8, 2, 17, 17, 18, 6, 10, 12, 13, 19, 16, 9, 8, 16, 4, 16, 15, 13, 13, 17, 5, 9, 7, 14, 16, 18, 13, 12, 2, 14, 7 ], [ 10, 4, 13, 17, 12, 4, 6, 12, 7, 16, 5, 8, 15, 5, 14, 14, 16, 19, 20, 6, 19, 4, 15, 12, 9, 8, 6, 2, 0, 10, 9, 7, 6, 18, 5, 8, 20, 3, 9, 14, 5, 21, 7, 10, 4, 17, 11, 11, 19, 5, 14, 17, 6, 20, 15, 11, 12, 17, 2, 12, 15, 9, 5, 15, 6, 7, 16, 16, 15, 8, 12, 14, 20, 3, 20, 16, 8, 13, 5, 5, 8, 19, 19, 16, 7, 17, 3, 1, 21, 9, 7, 8, 20, 7, 13, 10, 12, 5, 2, 16, 17, 18, 3, 9, 12, 14, 20, 15, 11, 10, 15, 6, 17, 16, 14, 14, 15, 7, 11, 4, 12, 15, 17, 14, 10, 1, 11, 5 ], [ 12, 11, 13, 13, 3, 11, 14, 3, 10, 11, 14, 3, 6, 14, 5, 7, 7, 10, 11, 10, 11, 6, 6, 14, 8, 4, 8, 10, 10, 0, 10, 12, 14, 10, 14, 2, 11, 12, 8, 8, 6, 12, 12, 13, 10, 9, 3, 2, 12, 9, 5, 8, 12, 10, 7, 8, 8, 9, 9, 9, 9, 4, 8, 11, 11, 11, 8, 10, 9, 5, 11, 8, 12, 10, 10, 6, 14, 11, 8, 14, 4, 13, 10, 8, 12, 9, 7, 10, 11, 13, 14, 10, 11, 10, 9, 12, 3, 11, 11, 7, 8, 8, 11, 6, 2, 9, 11, 6, 12, 8, 6, 8, 9, 12, 12, 9, 12, 9, 12, 10, 12, 10, 9, 5, 9, 9, 12, 10 ], [ 2, 13, 20, 22, 13, 13, 8, 10, 2, 21, 12, 7, 15, 13, 14, 17, 16, 19, 20, 14, 14, 9, 14, 20, 15, 11, 4, 11, 9, 10, 0, 16, 15, 20, 9, 9, 20, 11, 15, 18, 5, 21, 15, 3, 5, 18, 12, 11, 22, 4, 15, 17, 4, 17, 17, 4, 17, 19, 7, 4, 9, 13, 4, 8, 14, 2, 18, 9, 18, 5, 19, 8, 22, 6, 17, 14, 17, 19, 4, 10, 12, 22, 19, 11, 4, 19, 8, 9, 18, 4, 7, 16, 18, 1, 18, 18, 13, 4, 10, 12, 13, 16, 6, 4, 12, 18, 21, 13, 18, 16, 14, 13, 19, 21, 21, 18, 7, 14, 19, 5, 3, 7, 14, 15, 2, 9, 3, 4 ], [ 17, 4, 7, 12, 13, 3, 13, 15, 14, 12, 7, 12, 16, 6, 16, 12, 16, 19, 20, 2, 23, 7, 17, 5, 6, 9, 12, 5, 7, 12, 16, 0, 4, 16, 11, 11, 19, 6, 6, 12, 11, 20, 1, 18, 11, 16, 11, 14, 17, 12, 14, 18, 14, 21, 14, 17, 10, 15, 9, 18, 20, 9, 12, 21, 2, 15, 14, 21, 13, 13, 7, 19, 18, 11, 22, 18, 2, 9, 11, 10, 8, 15, 19, 20, 15, 16, 8, 8, 22, 17, 14, 3, 22, 15, 10, 4, 13, 13, 7, 19, 20, 20, 11, 14, 13, 11, 18, 18, 5, 6, 17, 4, 15, 11, 9, 11, 21, 3, 4, 12, 19, 21, 21, 13, 17, 7, 19, 13 ], [ 16, 3, 10, 16, 15, 3, 10, 16, 13, 16, 4, 13, 18, 3, 18, 15, 19, 22, 22, 4, 24, 8, 19, 8, 9, 11, 12, 4, 6, 14, 15, 4, 0, 19, 8, 12, 22, 4, 9, 15, 11, 23, 3, 16, 10, 19, 14, 16, 20, 11, 17, 21, 12, 23, 17, 17, 13, 18, 8, 18, 21, 12, 11, 21, 4, 13, 17, 22, 16, 14, 10, 20, 21, 9, 24, 20, 3, 12, 11, 7, 10, 19, 22, 21, 13, 19, 8, 6, 25, 15, 12, 7, 24, 14, 13, 7, 15, 11, 5, 21, 21, 22, 9, 15, 15, 14, 22, 19, 8, 9, 19, 6, 18, 15, 12, 15, 21, 6, 8, 11, 18, 21, 22, 16, 17, 6, 18, 11 ], [ 22, 17, 12, 7, 7, 17, 23, 11, 19, 6, 21, 12, 5, 21, 7, 4, 4, 5, 5, 15, 14, 13, 8, 14, 10, 10, 17, 17, 18, 10, 20, 16, 19, 0, 22, 11, 4, 19, 10, 4, 16, 4, 16, 23, 19, 2, 8, 9, 2, 19, 5, 6, 21, 9, 3, 17, 6, 1, 17, 18, 16, 8, 18, 19, 15, 20, 2, 17, 3, 15, 11, 16, 2, 20, 11, 8, 18, 8, 17, 22, 10, 4, 5, 14, 22, 1, 15, 18, 11, 23, 23, 13, 9, 19, 6, 14, 7, 20, 19, 12, 11, 8, 20, 15, 8, 6, 3, 9, 12, 10, 8, 13, 1, 7, 10, 5, 20, 13, 13, 20, 21, 19, 12, 4, 19, 17, 22, 20 ], [ 9, 7, 17, 21, 16, 8, 2, 15, 7, 21, 5, 12, 19, 5, 18, 18, 20, 23, 24, 10, 22, 9, 19, 16, 14, 12, 7, 6, 5, 14, 9, 11, 8, 22, 0, 12, 24, 5, 14, 19, 8, 25, 10, 9, 5, 22, 15, 15, 24, 6, 19, 22, 5, 23, 20, 12, 17, 22, 5, 13, 17, 14, 6, 16, 10, 7, 20, 18, 20, 10, 17, 16, 24, 3, 23, 19, 11, 18, 6, 2, 13, 23, 24, 19, 6, 22, 7, 4, 24, 7, 3, 13, 24, 8, 18, 14, 16, 5, 4, 19, 20, 22, 3, 11, 16, 19, 24, 19, 15, 14, 19, 10, 21, 21, 19, 19, 16, 11, 15, 4, 12, 16, 21, 18, 11, 6, 11, 5 ], [ 11, 10, 13, 13, 4, 9, 13, 4, 9, 11, 12, 2, 7, 12, 6, 7, 8, 11, 12, 9, 12, 4, 7, 13, 7, 3, 7, 9, 8, 2, 9, 11, 12, 11, 12, 0, 12, 11, 7, 9, 5, 13, 10, 13, 8, 10, 3, 3, 12, 8, 6, 9, 10, 11, 8, 8, 7, 10, 7, 9, 10, 3, 7, 11, 9, 10, 9, 11, 9, 5, 11, 9, 13, 9, 12, 8, 13, 10, 7, 13, 3, 13, 11, 9, 11, 10, 5, 9, 13, 13, 13, 9, 12, 9, 9, 11, 4, 10, 10, 9, 9, 10, 9, 6, 4, 9, 12, 7, 11, 7, 7, 6, 10, 12, 12, 9, 12, 8, 12, 9, 11, 11, 10, 6, 9, 8, 12, 9 ], [ 22, 20, 16, 11, 8, 20, 25, 10, 20, 10, 24, 13, 5, 23, 6, 7, 4, 1, 1, 18, 11, 16, 7, 18, 14, 12, 18, 20, 20, 11, 20, 19, 22, 4, 24, 12, 0, 22, 13, 8, 17, 1, 19, 23, 20, 3, 9, 9, 6, 20, 6, 4, 22, 5, 5, 17, 10, 5, 19, 17, 14, 11, 19, 17, 18, 21, 6, 16, 7, 15, 15, 15, 4, 21, 7, 6, 22, 12, 19, 24, 12, 8, 1, 12, 23, 4, 17, 21, 7, 24, 25, 16, 6, 20, 10, 17, 8, 21, 22, 10, 9, 5, 21, 16, 8, 10, 2, 7, 16, 13, 6, 16, 5, 12, 14, 9, 19, 16, 17, 21, 21, 18, 9, 6, 19, 19, 22, 21 ], [ 12, 3, 13, 17, 14, 3, 7, 14, 10, 17, 2, 11, 17, 2, 17, 15, 18, 21, 22, 5, 22, 6, 18, 11, 10, 10, 8, 2, 3, 12, 11, 6, 4, 19, 5, 11, 22, 0, 10, 16, 8, 23, 6, 12, 6, 19, 13, 14, 20, 8, 16, 20, 9, 22, 17, 14, 14, 19, 5, 15, 18, 11, 8, 18, 6, 10, 17, 19, 17, 11, 12, 17, 21, 6, 23, 18, 6, 14, 7, 4, 10, 20, 22, 19, 9, 19, 5, 2, 23, 11, 8, 8, 23, 10, 14, 10, 14, 8, 1, 19, 19, 20, 6, 12, 14, 15, 22, 18, 11, 10, 18, 7, 19, 17, 14, 15, 18, 7, 11, 7, 14, 18, 20, 16, 13, 3, 14, 8 ], [ 17, 8, 5, 8, 8, 7, 15, 11, 14, 7, 12, 9, 10, 11, 11, 6, 10, 13, 14, 5, 18, 6, 12, 6, 0, 5, 12, 8, 9, 8, 15, 6, 9, 10, 14, 7, 13, 10, 0, 6, 10, 14, 6, 18, 12, 11, 6, 9, 11, 13, 9, 13, 15, 16, 9, 15, 4, 9, 10, 16, 17, 4, 12, 18, 5, 15, 8, 18, 7, 11, 3, 16, 12, 12, 17, 12, 8, 4, 11, 13, 4, 10, 14, 16, 16, 10, 8, 10, 17, 17, 16, 3, 17, 14, 4, 4, 8, 14, 10, 15, 15, 14, 12, 12, 8, 5, 13, 13, 4, 0, 12, 4, 9, 7, 5, 6, 19, 3, 4, 13, 18, 18, 16, 7, 16, 8, 18, 13 ], [ 20, 13, 8, 5, 6, 13, 20, 10, 17, 3, 17, 11, 6, 17, 8, 2, 6, 8, 8, 11, 16, 10, 9, 10, 6, 7, 15, 13, 14, 8, 18, 12, 15, 4, 19, 9, 8, 16, 6, 0, 13, 8, 12, 21, 16, 5, 6, 9, 5, 16, 5, 8, 19, 11, 4, 16, 2, 3, 14, 17, 16, 6, 16, 19, 11, 18, 2, 18, 1, 13, 7, 16, 6, 17, 13, 9, 14, 4, 15, 19, 7, 4, 8, 15, 20, 4, 12, 15, 13, 21, 21, 9, 12, 17, 2, 9, 6, 18, 16, 13, 13, 11, 17, 14, 7, 2, 7, 10, 8, 6, 9, 9, 4, 5, 6, 1, 20, 9, 9, 17, 20, 18, 13, 4, 18, 13, 20, 17 ], [ 7, 8, 15, 17, 9, 8, 8, 7, 4, 16, 10, 4, 12, 10, 11, 12, 13, 16, 17, 9, 14, 4, 11, 15, 10, 7, 2, 7, 5, 6, 5, 11, 11, 16, 8, 5, 17, 8, 10, 13, 0, 18, 11, 8, 4, 15, 8, 8, 17, 3, 11, 14, 5, 15, 13, 6, 12, 15, 3, 7, 10, 8, 2, 10, 10, 5, 14, 11, 14, 3, 14, 9, 18, 4, 15, 12, 12, 14, 2, 9, 7, 18, 16, 11, 6, 15, 4, 6, 16, 8, 8, 11, 16, 4, 13, 13, 9, 5, 7, 11, 12, 14, 5, 4, 8, 14, 17, 11, 13, 10, 12, 7, 15, 16, 15, 13, 10, 9, 14, 4, 8, 10, 13, 11, 6, 5, 8, 4 ], [ 23, 21, 16, 11, 9, 20, 26, 12, 21, 10, 24, 14, 6, 24, 8, 8, 5, 3, 2, 19, 13, 16, 8, 18, 14, 13, 19, 20, 21, 12, 21, 20, 23, 4, 25, 13, 1, 23, 14, 8, 18, 0, 20, 25, 21, 3, 10, 11, 5, 21, 6, 5, 23, 7, 6, 18, 10, 5, 20, 19, 16, 11, 20, 19, 19, 22, 6, 17, 7, 17, 15, 16, 3, 22, 9, 8, 22, 12, 20, 25, 13, 8, 2, 13, 24, 4, 18, 21, 8, 25, 26, 16, 7, 21, 10, 18, 9, 22, 22, 11, 10, 7, 22, 17, 10, 10, 1, 8, 17, 14, 7, 16, 5, 11, 14, 9, 20, 17, 17, 22, 22, 19, 11, 7, 20, 20, 23, 22 ], [ 16, 3, 7, 13, 13, 2, 12, 15, 14, 12, 7, 12, 16, 6, 16, 12, 16, 19, 20, 2, 22, 7, 17, 6, 6, 8, 12, 5, 7, 12, 15, 1, 3, 16, 10, 10, 19, 6, 6, 12, 11, 20, 0, 17, 11, 17, 11, 14, 17, 12, 15, 18, 13, 21, 15, 16, 10, 16, 8, 18, 20, 9, 11, 21, 1, 14, 14, 21, 13, 13, 7, 19, 18, 10, 22, 17, 2, 9, 11, 9, 8, 16, 19, 20, 14, 16, 7, 7, 22, 16, 13, 4, 22, 14, 10, 4, 13, 12, 7, 19, 19, 20, 10, 14, 13, 11, 19, 17, 5, 6, 17, 4, 15, 12, 9, 12, 21, 3, 5, 11, 18, 20, 20, 13, 16, 6, 18, 12 ], [ 1, 14, 23, 25, 16, 14, 7, 13, 4, 24, 13, 11, 18, 14, 17, 20, 20, 22, 23, 16, 17, 12, 17, 22, 18, 14, 6, 12, 10, 13, 3, 18, 16, 23, 9, 13, 23, 12, 18, 21, 8, 25, 17, 0, 6, 22, 16, 14, 25, 5, 18, 20, 4, 21, 20, 7, 20, 23, 9, 7, 12, 16, 6, 10, 16, 3, 22, 12, 22, 8, 21, 11, 25, 7, 20, 18, 18, 22, 7, 10, 15, 26, 23, 14, 3, 22, 11, 10, 21, 2, 6, 18, 22, 4, 21, 20, 16, 5, 11, 15, 16, 19, 7, 8, 15, 21, 24, 17, 21, 18, 17, 15, 22, 24, 23, 21, 9, 17, 21, 6, 4, 9, 17, 19, 5, 11, 3, 5 ], [ 6, 8, 17, 19, 12, 8, 4, 11, 3, 18, 7, 7, 15, 8, 14, 15, 16, 19, 20, 9, 17, 6, 15, 16, 12, 9, 3, 6, 4, 10, 5, 11, 10, 19, 5, 8, 20, 6, 12, 16, 4, 21, 11, 6, 0, 18, 11, 11, 21, 1, 15, 17, 3, 19, 16, 8, 15, 18, 3, 9, 13, 11, 2, 12, 10, 3, 17, 13, 17, 6, 15, 12, 21, 1, 19, 15, 12, 16, 2, 6, 10, 21, 20, 14, 4, 18, 5, 4, 20, 5, 4, 12, 20, 4, 16, 14, 12, 2, 5, 15, 15, 17, 1, 6, 12, 16, 21, 15, 15, 12, 15, 9, 18, 19, 17, 16, 12, 10, 15, 1, 8, 11, 16, 15, 7, 5, 8, 1 ], [ 21, 17, 14, 9, 6, 17, 22, 9, 18, 7, 21, 11, 3, 21, 5, 4, 2, 3, 3, 15, 12, 13, 6, 15, 11, 9, 16, 17, 17, 9, 18, 16, 19, 2, 22, 10, 3, 19, 11, 5, 15, 3, 17, 22, 18, 0, 7, 8, 4, 18, 3, 4, 20, 7, 2, 16, 7, 2, 17, 16, 14, 8, 17, 17, 15, 19, 3, 15, 4, 14, 12, 14, 3, 19, 9, 6, 19, 10, 16, 22, 9, 6, 3, 12, 21, 1, 15, 18, 8, 22, 22, 13, 7, 18, 7, 14, 6, 19, 19, 10, 9, 6, 19, 14, 6, 7, 2, 7, 14, 11, 6, 13, 2, 9, 11, 6, 18, 13, 14, 19, 20, 17, 10, 4, 17, 16, 20, 19 ], [ 14, 11, 11, 10, 2, 11, 16, 5, 12, 8, 15, 5, 4, 14, 5, 4, 5, 9, 9, 10, 12, 6, 6, 12, 6, 3, 10, 10, 11, 3, 12, 11, 14, 8, 15, 3, 9, 13, 6, 6, 8, 10, 11, 16, 11, 7, 0, 3, 9, 11, 4, 7, 14, 10, 5, 10, 5, 7, 10, 12, 11, 2, 10, 13, 10, 13, 6, 12, 6, 8, 9, 11, 10, 12, 11, 6, 13, 8, 10, 15, 3, 10, 9, 10, 15, 7, 8, 11, 11, 16, 16, 9, 11, 12, 6, 11, 2, 13, 12, 9, 9, 8, 12, 8, 2, 7, 9, 6, 10, 6, 6, 7, 7, 10, 10, 6, 14, 8, 11, 12, 14, 13, 10, 3, 12, 10, 15, 12 ], [ 13, 13, 15, 13, 2, 13, 16, 2, 11, 11, 16, 4, 4, 16, 3, 7, 6, 8, 9, 12, 9, 8, 4, 15, 9, 5, 9, 12, 11, 2, 11, 14, 16, 9, 15, 3, 9, 14, 9, 9, 8, 11, 14, 14, 11, 8, 3, 0, 11, 11, 4, 6, 13, 8, 6, 8, 8, 9, 10, 9, 8, 5, 10, 10, 12, 12, 8, 9, 9, 6, 12, 7, 11, 12, 9, 4, 16, 11, 9, 16, 6, 12, 9, 7, 14, 8, 9, 12, 9, 14, 15, 11, 9, 10, 9, 14, 3, 12, 13, 6, 6, 7, 12, 6, 2, 10, 10, 4, 13, 10, 4, 9, 9, 13, 13, 9, 11, 11, 14, 12, 12, 10, 7, 5, 10, 11, 13, 11 ], [ 24, 18, 12, 6, 9, 17, 25, 13, 21, 5, 22, 14, 7, 22, 9, 5, 6, 7, 6, 16, 16, 15, 10, 14, 11, 11, 19, 18, 19, 12, 22, 17, 20, 2, 24, 12, 6, 20, 11, 5, 17, 5, 17, 25, 21, 4, 9, 11, 0, 20, 7, 8, 23, 11, 5, 19, 7, 2, 19, 20, 18, 10, 20, 21, 16, 22, 3, 19, 4, 17, 11, 18, 2, 21, 13, 10, 19, 8, 19, 24, 11, 3, 6, 16, 24, 3, 16, 20, 12, 25, 25, 13, 11, 21, 6, 14, 9, 22, 20, 14, 13, 10, 21, 17, 10, 6, 4, 11, 13, 11, 10, 14, 3, 7, 10, 5, 22, 14, 13, 21, 23, 21, 14, 6, 21, 18, 24, 21 ], [ 5, 9, 17, 20, 12, 9, 5, 10, 2, 19, 9, 7, 15, 9, 14, 15, 16, 19, 20, 10, 16, 7, 14, 17, 13, 9, 2, 7, 5, 9, 4, 12, 11, 19, 6, 8, 20, 8, 13, 16, 3, 21, 12, 5, 1, 18, 11, 11, 20, 0, 15, 17, 2, 18, 16, 6, 15, 18, 3, 8, 12, 11, 1, 11, 11, 2, 17, 12, 17, 5, 16, 10, 21, 2, 18, 15, 13, 17, 1, 7, 10, 21, 19, 13, 3, 18, 5, 5, 19, 5, 5, 13, 19, 2, 16, 15, 12, 2, 6, 14, 14, 17, 3, 5, 11, 16, 20, 14, 15, 13, 14, 10, 18, 19, 18, 16, 10, 11, 16, 1, 7, 10, 15, 14, 6, 6, 6, 1 ], [ 17, 15, 13, 10, 2, 14, 19, 6, 15, 8, 18, 8, 1, 18, 3, 4, 2, 5, 6, 13, 11, 10, 4, 14, 9, 7, 13, 14, 14, 5, 15, 14, 17, 5, 19, 6, 6, 16, 9, 5, 11, 6, 15, 18, 15, 3, 4, 4, 7, 15, 0, 4, 17, 7, 2, 12, 6, 5, 13, 13, 11, 5, 14, 14, 13, 16, 4, 13, 5, 10, 11, 11, 7, 16, 8, 4, 17, 9, 13, 19, 7, 8, 5, 10, 18, 4, 12, 15, 8, 19, 19, 11, 8, 15, 7, 13, 2, 16, 16, 8, 7, 6, 16, 11, 3, 7, 6, 5, 12, 9, 4, 11, 4, 10, 11, 6, 15, 11, 13, 15, 16, 14, 8, 2, 14, 14, 17, 15 ], [ 19, 18, 17, 13, 5, 18, 22, 7, 17, 11, 22, 10, 3, 21, 3, 7, 2, 2, 3, 17, 8, 13, 3, 18, 13, 10, 15, 18, 17, 8, 17, 18, 21, 6, 22, 9, 4, 20, 13, 8, 14, 5, 18, 20, 17, 4, 7, 6, 8, 17, 4, 0, 19, 3, 5, 14, 10, 6, 16, 14, 11, 9, 16, 14, 17, 18, 7, 12, 7, 12, 15, 11, 7, 18, 5, 3, 20, 13, 16, 22, 10, 10, 3, 9, 20, 5, 15, 18, 5, 21, 22, 15, 4, 17, 10, 17, 6, 18, 19, 6, 6, 2, 18, 12, 6, 10, 5, 4, 16, 13, 3, 14, 6, 13, 15, 9, 15, 15, 17, 18, 17, 14, 6, 5, 15, 17, 18, 18 ], [ 4, 10, 19, 22, 14, 11, 4, 12, 3, 21, 9, 9, 17, 10, 16, 18, 18, 21, 22, 12, 18, 9, 16, 18, 15, 12, 4, 9, 6, 12, 4, 14, 12, 21, 5, 10, 22, 9, 15, 19, 5, 23, 13, 4, 3, 20, 14, 13, 23, 2, 17, 19, 0, 20, 18, 7, 17, 21, 5, 8, 13, 13, 3, 11, 13, 2, 19, 13, 19, 7, 18, 12, 23, 3, 20, 17, 14, 19, 4, 7, 12, 23, 21, 15, 1, 21, 7, 6, 21, 3, 3, 15, 21, 3, 18, 17, 14, 1, 7, 15, 16, 19, 3, 7, 14, 19, 23, 16, 17, 15, 17, 12, 20, 21, 20, 19, 11, 13, 17, 2, 6, 11, 17, 17, 6, 7, 6, 2 ], [ 19, 21, 20, 16, 8, 20, 23, 8, 18, 14, 24, 12, 6, 24, 5, 10, 6, 4, 5, 19, 6, 16, 4, 21, 16, 13, 17, 20, 20, 10, 17, 21, 23, 9, 23, 11, 5, 22, 16, 11, 15, 7, 21, 21, 19, 7, 10, 8, 11, 18, 7, 3, 20, 0, 8, 14, 13, 9, 18, 14, 10, 12, 18, 13, 20, 19, 10, 11, 11, 13, 18, 11, 9, 20, 2, 4, 23, 16, 17, 24, 13, 13, 4, 7, 21, 8, 17, 20, 2, 21, 23, 18, 1, 18, 13, 20, 8, 20, 21, 6, 5, 2, 20, 13, 8, 13, 7, 4, 19, 16, 4, 17, 9, 16, 18, 12, 15, 18, 20, 19, 18, 13, 5, 8, 16, 19, 18, 19 ], [ 19, 15, 12, 8, 4, 15, 20, 8, 17, 6, 19, 10, 3, 18, 5, 2, 2, 5, 5, 13, 12, 11, 6, 14, 9, 7, 15, 15, 15, 7, 17, 14, 17, 3, 20, 8, 5, 17, 9, 4, 13, 6, 15, 20, 16, 2, 5, 6, 5, 16, 2, 5, 18, 8, 0, 14, 5, 3, 15, 15, 13, 6, 15, 16, 13, 18, 2, 15, 3, 12, 10, 13, 5, 17, 9, 6, 17, 8, 15, 20, 7, 6, 5, 12, 19, 2, 13, 16, 10, 20, 21, 11, 9, 16, 6, 13, 4, 18, 17, 10, 9, 7, 17, 13, 5, 6, 4, 6, 12, 9, 5, 11, 2, 8, 10, 4, 17, 11, 12, 17, 18, 16, 10, 2, 16, 14, 19, 17 ], [ 6, 14, 20, 21, 10, 14, 11, 7, 5, 19, 15, 6, 12, 15, 11, 15, 13, 16, 17, 15, 10, 10, 10, 20, 15, 10, 5, 12, 11, 8, 4, 17, 17, 17, 12, 8, 17, 14, 15, 16, 6, 18, 16, 7, 8, 16, 10, 8, 19, 6, 12, 14, 7, 14, 14, 0, 15, 17, 9, 1, 5, 11, 6, 4, 15, 6, 16, 6, 16, 4, 18, 4, 19, 9, 13, 11, 18, 18, 6, 13, 11, 20, 16, 7, 8, 16, 9, 11, 14, 8, 11, 16, 15, 5, 17, 18, 10, 7, 12, 9, 9, 12, 9, 2, 9, 17, 18, 10, 18, 15, 11, 13, 17, 20, 20, 16, 5, 15, 19, 8, 4, 4, 10, 13, 2, 11, 5, 7 ], [ 19, 11, 7, 5, 6, 11, 18, 10, 16, 4, 15, 10, 7, 15, 8, 3, 7, 10, 10, 9, 16, 8, 10, 9, 4, 5, 14, 11, 12, 8, 17, 10, 13, 6, 17, 7, 10, 14, 4, 2, 12, 10, 10, 20, 15, 7, 5, 8, 7, 15, 6, 10, 17, 13, 5, 15, 0, 6, 12, 16, 16, 4, 14, 18, 9, 17, 4, 17, 3, 12, 5, 16, 8, 15, 14, 10, 12, 3, 13, 17, 5, 6, 10, 15, 18, 6, 10, 13, 14, 19, 19, 6, 14, 16, 1, 7, 6, 16, 14, 13, 13, 12, 15, 13, 7, 2, 9, 10, 7, 4, 10, 7, 6, 5, 5, 2, 19, 7, 7, 15, 19, 18, 14, 5, 17, 11, 19, 15 ], [ 21, 17, 12, 7, 7, 16, 23, 10, 19, 5, 20, 12, 5, 20, 7, 3, 4, 5, 5, 14, 14, 13, 8, 14, 9, 9, 17, 16, 17, 9, 19, 15, 18, 1, 22, 10, 5, 19, 9, 3, 15, 5, 16, 23, 18, 2, 7, 9, 2, 18, 5, 6, 21, 9, 3, 17, 6, 0, 17, 18, 16, 8, 18, 19, 14, 20, 2, 17, 2, 15, 10, 16, 3, 19, 11, 8, 17, 8, 17, 22, 9, 4, 5, 14, 22, 1, 15, 18, 11, 23, 23, 12, 10, 19, 6, 13, 7, 20, 19, 12, 11, 8, 19, 15, 8, 5, 3, 9, 12, 9, 8, 12, 0, 7, 9, 4, 20, 12, 13, 19, 21, 19, 12, 4, 19, 16, 21, 19 ], [ 8, 6, 14, 17, 11, 6, 6, 10, 6, 16, 6, 7, 14, 6, 13, 13, 15, 18, 19, 7, 17, 4, 14, 13, 10, 7, 4, 4, 2, 9, 7, 9, 8, 17, 5, 7, 19, 5, 10, 14, 3, 20, 8, 9, 3, 17, 10, 10, 19, 3, 13, 16, 5, 18, 15, 9, 12, 17, 0, 10, 13, 9, 3, 13, 8, 6, 15, 14, 15, 6, 13, 12, 19, 2, 18, 15, 10, 14, 3, 6, 8, 19, 18, 15, 6, 17, 2, 2, 19, 8, 6, 9, 19, 6, 13, 11, 11, 4, 4, 15, 15, 17, 3, 7, 11, 14, 19, 14, 12, 10, 14, 6, 16, 17, 15, 14, 13, 8, 12, 3, 10, 13, 16, 13, 9, 2, 10, 4 ], [ 6, 16, 21, 22, 11, 16, 12, 7, 6, 20, 16, 7, 13, 17, 11, 16, 14, 16, 17, 16, 10, 11, 11, 21, 16, 12, 7, 14, 12, 9, 4, 18, 18, 18, 13, 9, 17, 15, 16, 17, 7, 19, 18, 7, 9, 16, 12, 9, 20, 8, 13, 14, 8, 14, 15, 1, 16, 18, 10, 0, 5, 12, 7, 3, 17, 7, 17, 5, 17, 5, 20, 4, 20, 10, 13, 11, 19, 19, 7, 15, 12, 21, 16, 7, 9, 17, 11, 12, 14, 8, 11, 17, 15, 5, 18, 19, 11, 8, 14, 8, 9, 13, 10, 4, 10, 18, 19, 10, 20, 16, 11, 14, 17, 21, 21, 17, 3, 16, 20, 9, 4, 3, 10, 14, 2, 12, 5, 8 ], [ 11, 18, 22, 21, 10, 18, 17, 6, 10, 19, 20, 8, 11, 20, 9, 14, 12, 13, 14, 18, 5, 13, 8, 23, 17, 12, 10, 17, 15, 9, 9, 20, 21, 16, 17, 10, 14, 18, 17, 16, 10, 16, 20, 12, 13, 14, 11, 8, 18, 12, 11, 11, 13, 10, 13, 5, 16, 16, 13, 5, 0, 12, 11, 3, 19, 11, 15, 1, 16, 7, 20, 1, 17, 14, 9, 8, 22, 19, 11, 18, 13, 20, 13, 3, 13, 15, 13, 16, 10, 13, 16, 18, 11, 10, 17, 21, 10, 13, 17, 5, 5, 9, 14, 6, 9, 17, 16, 7, 21, 17, 8, 16, 15, 21, 21, 17, 5, 17, 21, 13, 8, 3, 5, 12, 7, 15, 9, 12 ], [ 14, 9, 10, 9, 4, 9, 15, 6, 12, 8, 13, 5, 6, 13, 7, 5, 7, 10, 11, 8, 14, 5, 8, 10, 4, 1, 9, 9, 9, 4, 13, 9, 12, 8, 14, 3, 11, 11, 4, 6, 8, 11, 9, 16, 11, 8, 2, 5, 10, 11, 5, 9, 13, 12, 6, 11, 4, 8, 9, 12, 12, 0, 10, 14, 8, 13, 6, 14, 6, 8, 8, 12, 11, 11, 13, 8, 11, 7, 9, 14, 1, 10, 10, 12, 14, 8, 7, 10, 13, 15, 15, 7, 13, 12, 5, 9, 4, 12, 11, 11, 11, 10, 11, 9, 4, 6, 10, 8, 8, 5, 8, 5, 8, 9, 9, 6, 15, 6, 9, 11, 15, 14, 12, 4, 12, 8, 15, 11 ], [ 5, 9, 17, 19, 11, 9, 6, 9, 2, 18, 9, 6, 14, 9, 13, 14, 15, 18, 19, 10, 16, 6, 13, 16, 12, 9, 1, 7, 5, 8, 4, 12, 11, 18, 6, 7, 19, 8, 12, 16, 2, 20, 11, 6, 2, 17, 10, 10, 20, 1, 14, 16, 3, 18, 15, 6, 14, 18, 3, 7, 11, 10, 0, 11, 11, 3, 16, 12, 16, 4, 15, 10, 20, 3, 17, 14, 13, 16, 1, 7, 9, 20, 18, 13, 4, 17, 5, 5, 18, 5, 6, 12, 18, 3, 15, 14, 11, 2, 6, 13, 14, 16, 3, 5, 11, 16, 20, 13, 15, 12, 14, 9, 17, 18, 17, 16, 10, 11, 15, 2, 7, 10, 15, 14, 6, 5, 7, 2 ], [ 9, 19, 24, 23, 12, 19, 15, 8, 9, 22, 19, 9, 14, 20, 12, 17, 15, 16, 17, 19, 8, 14, 11, 24, 18, 14, 10, 17, 15, 11, 8, 21, 21, 19, 16, 11, 17, 18, 18, 19, 10, 19, 21, 10, 12, 17, 13, 10, 21, 11, 14, 14, 11, 13, 16, 4, 18, 19, 13, 3, 3, 14, 11, 0, 19, 10, 18, 2, 19, 8, 22, 3, 20, 13, 12, 11, 22, 21, 11, 18, 15, 22, 16, 6, 12, 18, 14, 16, 13, 11, 14, 20, 14, 9, 19, 22, 13, 12, 17, 8, 9, 12, 13, 7, 12, 20, 19, 10, 22, 19, 11, 17, 18, 23, 23, 19, 2, 19, 23, 12, 6, 1, 9, 15, 5, 15, 7, 11 ], [ 16, 3, 7, 12, 12, 2, 12, 13, 13, 12, 7, 11, 14, 6, 14, 11, 15, 18, 18, 1, 21, 6, 16, 6, 5, 7, 11, 4, 6, 11, 14, 2, 4, 15, 10, 9, 18, 6, 5, 11, 10, 19, 1, 16, 10, 15, 10, 12, 16, 11, 13, 17, 13, 20, 13, 15, 9, 14, 8, 17, 19, 8, 11, 19, 0, 13, 13, 20, 12, 12, 6, 18, 17, 10, 21, 16, 4, 9, 10, 9, 7, 15, 18, 19, 14, 15, 6, 7, 21, 15, 13, 3, 21, 13, 9, 4, 12, 12, 7, 18, 18, 18, 10, 13, 12, 10, 17, 16, 5, 5, 16, 3, 14, 11, 9, 11, 20, 2, 5, 11, 17, 19, 19, 12, 16, 5, 17, 11 ], [ 3, 11, 20, 22, 14, 11, 5, 11, 1, 21, 10, 8, 16, 11, 15, 17, 17, 20, 21, 12, 16, 9, 15, 19, 15, 11, 3, 9, 7, 11, 2, 15, 13, 20, 7, 10, 21, 10, 15, 18, 5, 22, 14, 3, 3, 19, 13, 12, 22, 2, 16, 18, 2, 19, 18, 6, 17, 20, 6, 7, 11, 13, 3, 10, 13, 0, 19, 11, 19, 6, 18, 10, 22, 4, 19, 16, 15, 19, 3, 8, 12, 23, 20, 13, 2, 20, 7, 7, 19, 3, 5, 15, 20, 1, 18, 17, 14, 2, 8, 14, 15, 17, 4, 6, 13, 18, 22, 15, 18, 15, 15, 12, 20, 21, 20, 18, 9, 13, 18, 3, 5, 9, 15, 16, 5, 8, 4, 2 ], [ 20, 15, 11, 6, 6, 14, 21, 10, 18, 4, 19, 11, 5, 18, 7, 2, 4, 6, 6, 13, 14, 11, 8, 12, 8, 8, 16, 15, 16, 8, 18, 14, 17, 2, 20, 9, 6, 17, 8, 2, 14, 6, 14, 22, 17, 3, 6, 8, 3, 17, 4, 7, 19, 10, 2, 16, 4, 2, 15, 17, 15, 6, 16, 18, 13, 19, 0, 17, 1, 13, 9, 15, 4, 18, 11, 8, 16, 6, 16, 20, 8, 4, 6, 14, 20, 2, 13, 16, 11, 22, 21, 10, 10, 18, 4, 12, 6, 19, 17, 12, 11, 9, 18, 14, 7, 4, 5, 9, 11, 8, 7, 11, 1, 6, 8, 3, 19, 11, 11, 18, 20, 18, 12, 3, 18, 15, 20, 18 ], [ 10, 19, 23, 22, 11, 19, 17, 7, 10, 20, 20, 9, 12, 20, 10, 16, 13, 14, 15, 19, 6, 14, 9, 24, 18, 13, 11, 17, 16, 10, 9, 21, 22, 17, 18, 11, 16, 19, 18, 18, 11, 17, 21, 12, 13, 15, 12, 9, 19, 12, 13, 12, 13, 11, 15, 6, 17, 17, 14, 5, 1, 14, 12, 2, 20, 11, 17, 0, 17, 8, 21, 2, 19, 14, 10, 10, 23, 20, 12, 19, 14, 21, 15, 4, 13, 16, 14, 16, 11, 13, 16, 20, 12, 10, 18, 22, 12, 13, 18, 6, 7, 10, 14, 7, 11, 19, 17, 9, 22, 18, 10, 17, 17, 22, 22, 18, 4, 19, 22, 13, 8, 3, 7, 14, 7, 16, 9, 12 ], [ 21, 15, 10, 5, 6, 14, 21, 10, 18, 3, 19, 11, 6, 18, 7, 2, 5, 7, 7, 12, 15, 11, 9, 12, 7, 8, 16, 15, 15, 9, 18, 13, 16, 3, 20, 9, 7, 17, 7, 1, 14, 7, 13, 22, 17, 4, 6, 9, 4, 17, 5, 7, 19, 11, 3, 16, 3, 2, 15, 17, 16, 6, 16, 19, 12, 19, 1, 17, 0, 14, 8, 16, 5, 17, 12, 9, 15, 5, 16, 20, 7, 4, 7, 14, 20, 3, 13, 16, 12, 22, 21, 10, 11, 18, 3, 11, 6, 18, 17, 13, 12, 10, 18, 14, 7, 3, 5, 9, 10, 7, 8, 10, 2, 5, 7, 2, 20, 10, 10, 18, 20, 18, 13, 4, 18, 14, 21, 18 ], [ 7, 11, 17, 17, 8, 11, 10, 5, 5, 16, 12, 3, 10, 12, 9, 12, 11, 14, 15, 11, 11, 6, 9, 16, 11, 7, 3, 9, 8, 5, 5, 13, 14, 15, 10, 5, 15, 11, 11, 13, 3, 17, 13, 8, 6, 14, 8, 6, 17, 5, 10, 12, 7, 13, 12, 4, 12, 15, 6, 5, 7, 8, 4, 8, 12, 6, 13, 8, 14, 0, 15, 6, 17, 7, 13, 10, 15, 15, 4, 11, 8, 18, 15, 9, 8, 14, 6, 8, 14, 8, 10, 12, 14, 5, 13, 15, 8, 6, 10, 9, 10, 12, 7, 1, 7, 14, 16, 9, 15, 11, 10, 9, 14, 17, 16, 13, 8, 11, 15, 6, 7, 7, 10, 10, 4, 8, 7, 6 ], [ 20, 9, 2, 6, 11, 9, 18, 14, 18, 6, 14, 13, 12, 13, 13, 8, 12, 15, 15, 7, 21, 9, 15, 4, 3, 8, 15, 10, 12, 11, 19, 7, 10, 11, 17, 11, 15, 12, 3, 7, 14, 15, 7, 21, 15, 12, 9, 12, 11, 16, 11, 15, 18, 18, 10, 18, 5, 10, 13, 20, 20, 8, 15, 22, 6, 18, 9, 21, 8, 15, 0, 19, 12, 15, 19, 15, 8, 3, 15, 16, 7, 9, 15, 19, 19, 11, 11, 13, 19, 21, 19, 4, 19, 18, 5, 3, 10, 17, 13, 18, 18, 16, 15, 16, 11, 5, 13, 15, 2, 3, 14, 6, 10, 5, 2, 6, 23, 5, 3, 16, 21, 21, 19, 9, 19, 11, 21, 16 ], [ 10, 17, 21, 20, 10, 17, 15, 6, 9, 19, 19, 7, 11, 19, 9, 14, 12, 13, 14, 17, 6, 12, 8, 22, 16, 11, 9, 16, 14, 8, 8, 19, 20, 16, 16, 9, 15, 17, 16, 16, 9, 16, 19, 11, 12, 14, 11, 7, 18, 10, 11, 11, 12, 11, 13, 4, 16, 16, 12, 4, 1, 12, 10, 3, 18, 10, 15, 2, 16, 6, 19, 0, 17, 13, 9, 8, 21, 19, 10, 17, 12, 20, 14, 3, 12, 15, 12, 15, 10, 12, 15, 18, 11, 9, 17, 20, 10, 12, 16, 5, 6, 9, 13, 5, 9, 17, 16, 7, 20, 16, 9, 15, 15, 20, 21, 16, 4, 17, 20, 12, 7, 3, 6, 12, 6, 14, 8, 11 ], [ 24, 19, 14, 8, 9, 19, 25, 12, 21, 7, 23, 14, 7, 23, 9, 6, 6, 5, 4, 17, 15, 15, 9, 16, 12, 12, 19, 19, 20, 12, 22, 18, 21, 2, 24, 13, 4, 21, 12, 6, 18, 3, 18, 25, 21, 3, 10, 11, 2, 21, 7, 7, 23, 9, 5, 19, 8, 3, 19, 20, 17, 11, 20, 20, 17, 22, 4, 19, 5, 17, 12, 17, 0, 22, 11, 9, 20, 10, 19, 24, 12, 5, 5, 15, 24, 3, 17, 21, 11, 25, 25, 14, 9, 21, 8, 15, 9, 22, 21, 13, 12, 9, 22, 17, 10, 8, 2, 10, 14, 12, 9, 15, 3, 8, 11, 7, 22, 15, 15, 22, 23, 20, 13, 6, 21, 19, 24, 22 ], [ 7, 7, 16, 20, 13, 8, 4, 12, 4, 19, 6, 8, 16, 7, 15, 16, 17, 20, 21, 9, 18, 6, 16, 15, 12, 10, 4, 6, 3, 10, 6, 11, 9, 20, 3, 9, 21, 6, 12, 17, 4, 22, 10, 7, 1, 19, 12, 12, 21, 2, 16, 18, 3, 20, 17, 9, 15, 19, 2, 10, 14, 11, 3, 13, 10, 4, 18, 14, 17, 7, 15, 13, 22, 0, 20, 16, 11, 16, 3, 5, 10, 21, 20, 15, 4, 19, 5, 3, 21, 6, 4, 12, 21, 5, 16, 14, 13, 2, 4, 16, 16, 18, 0, 8, 13, 16, 21, 16, 14, 12, 16, 9, 19, 19, 17, 16, 13, 10, 14, 1, 9, 13, 17, 15, 8, 4, 9, 2 ], [ 19, 21, 21, 18, 9, 21, 23, 8, 17, 16, 24, 12, 7, 24, 6, 12, 7, 6, 7, 20, 4, 16, 5, 23, 17, 13, 16, 20, 20, 10, 17, 22, 24, 11, 23, 12, 7, 23, 17, 13, 15, 9, 22, 20, 19, 9, 11, 9, 13, 18, 8, 5, 20, 2, 9, 13, 14, 11, 18, 13, 9, 13, 17, 12, 21, 19, 11, 10, 12, 13, 19, 9, 11, 20, 0, 5, 24, 17, 17, 24, 14, 15, 6, 6, 20, 10, 17, 21, 1, 21, 23, 19, 2, 17, 15, 21, 9, 19, 22, 5, 4, 3, 20, 13, 9, 15, 9, 5, 21, 17, 5, 18, 11, 18, 19, 14, 13, 19, 21, 19, 17, 12, 3, 10, 15, 19, 18, 19 ], [ 16, 17, 17, 14, 4, 17, 20, 5, 14, 12, 20, 8, 3, 20, 2, 8, 4, 5, 6, 16, 7, 12, 1, 18, 12, 9, 13, 16, 16, 6, 14, 18, 20, 8, 19, 8, 6, 18, 12, 9, 12, 8, 17, 18, 15, 6, 6, 4, 10, 15, 4, 3, 17, 4, 6, 11, 10, 8, 15, 11, 8, 8, 14, 11, 16, 16, 8, 10, 9, 10, 15, 8, 9, 16, 5, 0, 20, 13, 13, 20, 9, 12, 5, 6, 17, 7, 13, 17, 5, 18, 19, 15, 5, 14, 11, 17, 5, 16, 18, 4, 4, 2, 16, 10, 4, 11, 8, 1, 16, 12, 1, 13, 8, 14, 15, 10, 13, 14, 17, 16, 15, 11, 4, 6, 13, 15, 16, 15 ], [ 18, 4, 8, 14, 15, 4, 13, 17, 15, 14, 7, 14, 18, 6, 18, 14, 18, 21, 22, 4, 25, 9, 19, 6, 8, 11, 13, 6, 8, 14, 17, 2, 3, 18, 11, 13, 22, 6, 8, 14, 12, 22, 2, 18, 12, 19, 13, 16, 19, 13, 17, 20, 14, 23, 17, 18, 12, 17, 10, 19, 22, 11, 13, 22, 4, 15, 16, 23, 15, 15, 8, 21, 20, 11, 24, 20, 0, 11, 12, 10, 10, 17, 21, 22, 15, 18, 9, 8, 25, 17, 14, 5, 24, 16, 12, 5, 15, 14, 7, 21, 22, 22, 11, 16, 15, 13, 21, 20, 6, 8, 19, 6, 17, 13, 10, 13, 23, 5, 6, 13, 20, 22, 23, 15, 18, 7, 20, 13 ], [ 21, 11, 4, 3, 9, 11, 20, 13, 18, 3, 15, 12, 10, 15, 12, 6, 10, 13, 13, 9, 20, 10, 13, 6, 4, 8, 16, 12, 13, 11, 19, 9, 12, 8, 18, 10, 12, 14, 4, 4, 14, 12, 9, 22, 16, 10, 8, 11, 8, 17, 9, 13, 19, 16, 8, 18, 3, 8, 14, 19, 19, 7, 16, 21, 9, 19, 6, 20, 5, 15, 3, 19, 10, 16, 17, 13, 11, 0, 15, 18, 7, 6, 13, 18, 20, 9, 12, 14, 17, 21, 20, 6, 17, 18, 2, 6, 9, 18, 14, 17, 16, 15, 16, 16, 10, 2, 11, 14, 5, 4, 13, 8, 8, 3, 2, 4, 22, 7, 5, 17, 21, 21, 17, 8, 19, 12, 22, 17 ], [ 6, 8, 16, 18, 11, 9, 6, 9, 3, 17, 9, 6, 13, 9, 12, 14, 15, 18, 18, 9, 15, 5, 13, 16, 11, 8, 1, 7, 5, 8, 4, 11, 11, 17, 6, 7, 19, 7, 11, 15, 2, 20, 11, 7, 2, 16, 10, 9, 19, 1, 13, 16, 4, 17, 15, 6, 13, 17, 3, 7, 11, 9, 1, 11, 10, 3, 16, 12, 16, 4, 15, 10, 19, 3, 17, 13, 12, 15, 0, 7, 9, 19, 18, 12, 5, 17, 4, 5, 18, 6, 6, 12, 18, 3, 15, 14, 11, 3, 6, 13, 13, 16, 3, 5, 10, 15, 19, 13, 14, 12, 13, 8, 17, 18, 17, 15, 10, 10, 14, 2, 7, 10, 14, 13, 6, 5, 7, 2 ], [ 10, 6, 17, 21, 17, 7, 4, 16, 9, 20, 3, 12, 19, 4, 19, 18, 20, 24, 24, 9, 23, 9, 20, 15, 13, 13, 8, 6, 5, 14, 10, 10, 7, 22, 2, 13, 24, 4, 13, 19, 9, 25, 9, 10, 6, 22, 15, 16, 24, 7, 19, 22, 7, 24, 20, 13, 17, 22, 6, 15, 18, 14, 7, 18, 9, 8, 20, 19, 20, 11, 16, 17, 24, 5, 24, 20, 10, 18, 7, 0, 13, 23, 24, 20, 7, 22, 7, 4, 25, 9, 5, 12, 25, 9, 18, 13, 17, 6, 3, 20, 21, 22, 4, 12, 16, 18, 24, 20, 14, 14, 20, 10, 22, 20, 18, 19, 17, 11, 14, 6, 13, 17, 21, 18, 12, 5, 12, 7 ], [ 14, 8, 9, 10, 5, 8, 14, 7, 11, 9, 12, 5, 8, 11, 8, 6, 8, 11, 12, 6, 15, 4, 9, 10, 4, 1, 9, 8, 8, 4, 12, 8, 10, 10, 13, 3, 12, 10, 4, 7, 7, 13, 8, 15, 10, 9, 3, 6, 11, 10, 7, 10, 12, 13, 7, 11, 5, 9, 8, 12, 13, 1, 9, 15, 7, 12, 8, 14, 7, 8, 7, 12, 12, 10, 14, 9, 10, 7, 9, 13, 0, 11, 12, 12, 13, 9, 6, 9, 14, 15, 14, 6, 14, 11, 6, 8, 5, 11, 10, 11, 12, 11, 10, 9, 5, 7, 12, 9, 8, 4, 9, 4, 9, 9, 9, 6, 15, 5, 8, 10, 14, 14, 13, 6, 12, 7, 15, 11 ], [ 24, 17, 10, 4, 10, 17, 25, 14, 22, 3, 21, 15, 9, 21, 11, 6, 8, 9, 9, 15, 18, 15, 12, 12, 10, 11, 19, 18, 19, 13, 22, 15, 19, 4, 23, 13, 8, 20, 10, 4, 18, 8, 16, 26, 21, 6, 10, 12, 3, 21, 8, 10, 23, 13, 6, 20, 6, 4, 19, 21, 20, 10, 20, 22, 15, 23, 4, 21, 4, 18, 9, 20, 5, 21, 15, 12, 17, 6, 19, 23, 11, 0, 9, 18, 24, 5, 16, 19, 15, 25, 25, 12, 14, 22, 5, 12, 10, 22, 20, 16, 16, 13, 21, 18, 11, 5, 6, 13, 11, 10, 12, 13, 4, 4, 7, 5, 24, 13, 12, 21, 24, 22, 16, 7, 22, 18, 25, 22 ], [ 21, 20, 17, 12, 7, 19, 24, 10, 19, 10, 23, 12, 4, 23, 6, 7, 4, 0, 1, 18, 10, 15, 6, 19, 14, 12, 18, 19, 19, 10, 19, 19, 22, 5, 24, 11, 1, 22, 14, 8, 16, 2, 19, 23, 20, 3, 9, 9, 6, 19, 5, 3, 21, 4, 5, 16, 10, 5, 18, 16, 13, 10, 18, 16, 18, 20, 6, 15, 7, 15, 15, 14, 5, 20, 6, 5, 21, 13, 18, 24, 12, 9, 0, 11, 22, 4, 17, 20, 6, 23, 24, 16, 5, 19, 10, 17, 7, 21, 21, 9, 8, 4, 21, 15, 8, 10, 3, 6, 17, 14, 5, 16, 5, 12, 15, 9, 18, 16, 17, 20, 20, 17, 8, 6, 18, 19, 21, 20 ], [ 13, 19, 21, 19, 9, 19, 18, 5, 12, 18, 21, 8, 9, 21, 7, 13, 10, 11, 11, 18, 3, 13, 6, 22, 16, 12, 12, 17, 16, 8, 11, 20, 21, 14, 19, 9, 12, 19, 16, 15, 11, 13, 20, 14, 14, 12, 10, 7, 16, 13, 10, 9, 15, 7, 12, 7, 15, 14, 15, 7, 3, 12, 13, 6, 19, 13, 14, 4, 14, 9, 19, 3, 15, 15, 6, 6, 22, 18, 12, 20, 12, 18, 11, 0, 15, 13, 14, 17, 7, 15, 18, 18, 8, 12, 16, 20, 9, 14, 18, 2, 3, 7, 16, 8, 8, 16, 14, 5, 20, 16, 6, 16, 14, 19, 20, 15, 7, 17, 21, 15, 11, 6, 3, 11, 9, 16, 12, 14 ], [ 3, 11, 20, 23, 15, 12, 4, 13, 3, 22, 10, 10, 18, 11, 17, 18, 19, 22, 23, 13, 18, 10, 17, 19, 16, 13, 5, 10, 7, 12, 4, 15, 13, 22, 6, 11, 23, 9, 16, 20, 6, 24, 14, 3, 4, 21, 15, 14, 24, 3, 18, 20, 1, 21, 19, 8, 18, 22, 6, 9, 13, 14, 4, 12, 14, 2, 20, 13, 20, 8, 19, 12, 24, 4, 20, 17, 15, 20, 5, 7, 13, 24, 22, 15, 0, 21, 8, 7, 21, 2, 3, 16, 22, 3, 19, 18, 15, 2, 8, 16, 17, 19, 4, 8, 15, 20, 23, 17, 18, 16, 17, 13, 21, 22, 21, 20, 11, 14, 18, 3, 6, 11, 17, 18, 6, 8, 5, 3 ], [ 21, 17, 13, 8, 6, 16, 23, 10, 19, 6, 21, 12, 4, 20, 6, 4, 3, 4, 4, 15, 13, 13, 7, 15, 10, 9, 17, 17, 17, 9, 19, 16, 19, 1, 22, 10, 4, 19, 10, 4, 15, 4, 16, 22, 18, 1, 7, 8, 3, 18, 4, 5, 21, 8, 2, 16, 6, 1, 17, 17, 15, 8, 17, 18, 15, 20, 2, 16, 3, 14, 11, 15, 3, 19, 10, 7, 18, 9, 17, 22, 9, 5, 4, 13, 21, 0, 15, 18, 10, 23, 23, 13, 9, 19, 6, 14, 6, 20, 19, 11, 10, 7, 19, 15, 7, 6, 2, 8, 13, 10, 7, 13, 1, 8, 10, 5, 19, 13, 14, 19, 20, 18, 11, 4, 18, 16, 21, 19 ], [ 10, 5, 12, 15, 9, 5, 8, 9, 7, 14, 7, 6, 12, 7, 12, 11, 13, 16, 17, 5, 17, 2, 12, 12, 8, 5, 5, 3, 3, 7, 8, 8, 8, 15, 7, 5, 17, 5, 8, 12, 4, 18, 7, 11, 5, 15, 8, 9, 16, 5, 12, 15, 7, 17, 13, 9, 10, 15, 2, 11, 13, 7, 5, 14, 6, 7, 13, 14, 13, 6, 11, 12, 17, 5, 17, 13, 9, 12, 4, 7, 6, 16, 17, 14, 8, 15, 0, 4, 18, 10, 9, 7, 18, 7, 11, 10, 9, 6, 5, 14, 14, 15, 5, 7, 9, 12, 17, 13, 10, 8, 13, 4, 14, 14, 13, 12, 14, 6, 10, 5, 11, 13, 15, 11, 9, 2, 11, 6 ], [ 10, 4, 14, 17, 13, 4, 6, 12, 7, 17, 4, 9, 16, 4, 15, 14, 17, 20, 21, 6, 20, 5, 16, 12, 10, 9, 6, 2, 1, 10, 9, 8, 6, 18, 4, 9, 21, 2, 10, 15, 6, 21, 7, 10, 4, 18, 11, 12, 20, 5, 15, 18, 6, 20, 16, 11, 13, 18, 2, 12, 16, 10, 5, 16, 7, 7, 16, 16, 16, 8, 13, 15, 21, 3, 21, 17, 8, 14, 5, 4, 9, 19, 20, 17, 7, 18, 4, 0, 21, 9, 6, 9, 21, 8, 14, 11, 13, 6, 1, 17, 17, 19, 3, 9, 12, 15, 20, 16, 11, 10, 16, 6, 18, 17, 15, 15, 16, 7, 11, 5, 12, 15, 18, 14, 11, 2, 12, 5 ], [ 20, 22, 21, 18, 9, 22, 24, 9, 18, 16, 25, 13, 7, 25, 7, 12, 7, 6, 6, 21, 5, 17, 6, 23, 17, 14, 17, 21, 21, 11, 18, 22, 25, 11, 24, 13, 7, 23, 17, 13, 16, 8, 22, 21, 20, 8, 11, 9, 12, 19, 8, 5, 21, 2, 10, 14, 14, 11, 19, 14, 10, 13, 18, 13, 21, 19, 11, 11, 12, 14, 19, 10, 11, 21, 1, 5, 25, 17, 18, 25, 14, 15, 6, 7, 21, 10, 18, 21, 0, 22, 24, 20, 1, 18, 15, 21, 10, 20, 22, 5, 5, 3, 21, 14, 9, 15, 9, 5, 21, 17, 5, 18, 11, 18, 19, 14, 14, 19, 21, 20, 17, 13, 4, 10, 16, 20, 18, 20 ], [ 2, 13, 22, 25, 16, 13, 5, 14, 4, 23, 11, 11, 19, 12, 17, 20, 20, 23, 24, 15, 18, 11, 17, 21, 17, 14, 6, 11, 9, 13, 4, 17, 15, 23, 7, 13, 24, 11, 17, 21, 8, 25, 16, 2, 5, 22, 16, 14, 25, 5, 19, 21, 3, 21, 20, 8, 19, 23, 8, 8, 13, 15, 5, 11, 15, 3, 22, 13, 22, 8, 21, 12, 25, 6, 21, 18, 17, 21, 6, 9, 15, 25, 23, 15, 2, 23, 10, 9, 22, 0, 4, 17, 22, 4, 21, 19, 16, 4, 10, 16, 17, 20, 6, 8, 16, 21, 24, 17, 20, 18, 18, 14, 22, 24, 23, 21, 10, 16, 20, 5, 5, 11, 18, 19, 6, 10, 5, 4 ], [ 6, 10, 20, 23, 17, 11, 1, 15, 6, 22, 8, 12, 20, 9, 19, 19, 21, 24, 25, 12, 21, 10, 19, 19, 16, 14, 7, 9, 7, 14, 7, 14, 12, 23, 3, 13, 25, 8, 16, 21, 8, 26, 13, 6, 4, 22, 16, 15, 25, 5, 19, 22, 3, 23, 21, 11, 19, 23, 6, 11, 16, 15, 6, 14, 13, 5, 21, 16, 21, 10, 19, 15, 25, 4, 23, 19, 14, 20, 6, 5, 14, 25, 24, 18, 3, 23, 9, 6, 24, 4, 0, 15, 24, 6, 20, 17, 17, 3, 7, 18, 19, 22, 4, 10, 16, 20, 25, 19, 18, 16, 19, 12, 23, 23, 21, 20, 14, 14, 18, 4, 9, 14, 20, 19, 9, 8, 8, 4 ], [ 17, 6, 5, 9, 10, 5, 14, 13, 14, 9, 10, 11, 13, 9, 13, 9, 13, 16, 16, 3, 20, 6, 14, 4, 3, 6, 12, 7, 8, 10, 16, 3, 7, 13, 13, 9, 16, 8, 3, 9, 11, 16, 4, 18, 12, 13, 9, 11, 13, 13, 11, 15, 15, 18, 11, 16, 6, 12, 9, 17, 18, 7, 12, 20, 3, 15, 10, 20, 10, 12, 4, 18, 14, 12, 19, 15, 5, 6, 12, 12, 6, 12, 16, 18, 16, 13, 7, 9, 20, 17, 15, 0, 19, 15, 7, 2, 10, 14, 9, 17, 17, 17, 12, 13, 11, 7, 15, 15, 3, 3, 14, 3, 12, 8, 6, 8, 20, 1, 3, 13, 18, 19, 18, 10, 16, 7, 18, 13 ], [ 20, 22, 21, 16, 9, 21, 24, 9, 19, 15, 25, 13, 7, 25, 6, 11, 6, 4, 5, 20, 7, 17, 5, 22, 17, 14, 17, 21, 20, 11, 18, 22, 24, 9, 24, 12, 6, 23, 17, 12, 16, 7, 22, 22, 20, 7, 11, 9, 11, 19, 8, 4, 21, 1, 9, 15, 14, 10, 19, 15, 11, 13, 18, 14, 21, 20, 10, 12, 11, 14, 19, 11, 9, 21, 2, 5, 24, 17, 18, 25, 14, 14, 5, 8, 22, 9, 18, 21, 1, 22, 24, 19, 0, 18, 14, 21, 9, 21, 22, 6, 5, 3, 21, 14, 9, 14, 8, 5, 20, 17, 5, 18, 9, 16, 19, 13, 15, 19, 21, 20, 18, 14, 5, 9, 16, 20, 19, 20 ], [ 3, 11, 19, 21, 12, 12, 7, 10, 0, 20, 11, 7, 15, 12, 14, 16, 16, 19, 20, 12, 15, 8, 14, 19, 14, 11, 2, 10, 7, 10, 1, 15, 14, 19, 8, 9, 20, 10, 14, 17, 4, 21, 14, 4, 4, 18, 12, 10, 21, 2, 15, 17, 3, 18, 16, 5, 16, 19, 6, 5, 10, 12, 3, 9, 13, 1, 18, 10, 18, 5, 18, 9, 21, 5, 17, 14, 16, 18, 3, 9, 11, 22, 19, 12, 3, 19, 7, 8, 18, 4, 6, 15, 18, 0, 17, 17, 12, 3, 9, 13, 13, 16, 5, 4, 12, 18, 21, 13, 17, 14, 14, 11, 19, 21, 19, 17, 8, 13, 17, 3, 4, 8, 14, 15, 3, 8, 4, 3 ], [ 20, 12, 6, 4, 7, 11, 19, 11, 17, 3, 16, 11, 8, 15, 9, 3, 8, 10, 10, 10, 17, 9, 11, 8, 4, 7, 15, 12, 13, 9, 18, 10, 13, 6, 18, 9, 10, 14, 4, 2, 13, 10, 10, 21, 16, 7, 6, 9, 6, 16, 7, 10, 18, 13, 6, 17, 1, 6, 13, 18, 17, 5, 15, 19, 9, 18, 4, 18, 3, 13, 5, 17, 8, 16, 15, 11, 12, 2, 15, 18, 6, 5, 10, 16, 19, 6, 11, 14, 15, 21, 20, 7, 14, 17, 0, 7, 7, 17, 15, 14, 14, 12, 16, 14, 8, 1, 9, 11, 6, 4, 10, 8, 6, 4, 4, 1, 20, 7, 7, 16, 20, 19, 15, 5, 18, 12, 20, 17 ], [ 19, 7, 3, 9, 12, 6, 16, 15, 17, 9, 11, 13, 14, 10, 15, 10, 14, 17, 18, 5, 22, 9, 16, 2, 4, 8, 14, 8, 10, 12, 18, 4, 7, 14, 14, 11, 17, 10, 4, 9, 13, 18, 4, 20, 14, 14, 11, 14, 14, 15, 13, 17, 17, 20, 13, 18, 7, 13, 11, 19, 21, 9, 14, 22, 4, 17, 12, 22, 11, 15, 3, 20, 15, 14, 21, 17, 5, 6, 14, 13, 8, 12, 17, 20, 18, 14, 10, 11, 21, 19, 17, 2, 21, 17, 7, 0, 12, 15, 10, 19, 19, 19, 14, 16, 13, 8, 16, 17, 1, 4, 16, 5, 13, 8, 5, 9, 23, 4, 1, 15, 21, 22, 20, 12, 19, 9, 21, 15 ], [ 15, 13, 13, 11, 0, 12, 17, 4, 13, 9, 16, 6, 3, 16, 3, 4, 4, 7, 8, 11, 10, 8, 4, 14, 8, 5, 11, 12, 12, 3, 13, 13, 15, 7, 16, 4, 8, 14, 8, 6, 9, 9, 13, 16, 12, 6, 2, 3, 9, 12, 2, 6, 14, 8, 4, 10, 6, 7, 11, 11, 10, 4, 11, 13, 12, 14, 6, 12, 6, 8, 10, 10, 9, 13, 9, 5, 15, 9, 11, 17, 5, 10, 7, 9, 15, 6, 9, 13, 10, 16, 17, 10, 9, 12, 7, 12, 0, 14, 14, 7, 7, 7, 13, 9, 1, 7, 8, 5, 12, 8, 4, 9, 6, 10, 11, 6, 14, 10, 12, 13, 14, 12, 8, 3, 12, 11, 15, 13 ], [ 4, 9, 18, 21, 14, 10, 4, 12, 3, 20, 8, 8, 16, 9, 15, 17, 17, 20, 21, 11, 17, 8, 15, 17, 14, 11, 3, 8, 5, 11, 4, 13, 11, 20, 5, 10, 21, 8, 14, 18, 5, 22, 12, 5, 2, 19, 13, 12, 22, 2, 16, 18, 1, 20, 18, 7, 16, 20, 4, 8, 13, 12, 2, 12, 12, 2, 19, 13, 18, 6, 17, 12, 22, 2, 19, 16, 14, 18, 3, 6, 11, 22, 21, 14, 2, 20, 6, 6, 20, 4, 3, 14, 21, 3, 17, 15, 14, 0, 6, 15, 16, 18, 2, 7, 13, 18, 22, 15, 16, 14, 16, 10, 20, 20, 19, 18, 11, 12, 16, 1, 7, 11, 17, 16, 6, 6, 6, 1 ], [ 11, 4, 14, 18, 14, 4, 6, 14, 8, 17, 3, 10, 17, 3, 16, 15, 18, 21, 22, 6, 21, 6, 17, 12, 10, 10, 7, 2, 2, 11, 10, 7, 5, 19, 4, 10, 22, 1, 10, 16, 7, 22, 7, 11, 5, 19, 12, 13, 20, 6, 16, 19, 7, 21, 17, 12, 14, 19, 4, 14, 17, 11, 6, 17, 7, 8, 17, 18, 17, 10, 13, 16, 21, 4, 22, 18, 7, 14, 6, 3, 10, 20, 21, 18, 8, 19, 5, 1, 22, 10, 7, 9, 22, 9, 15, 10, 14, 6, 0, 18, 19, 20, 4, 11, 13, 15, 21, 17, 12, 11, 17, 7, 18, 17, 15, 15, 17, 8, 11, 5, 13, 16, 19, 15, 12, 2, 13, 6 ], [ 14, 18, 20, 18, 7, 18, 19, 5, 13, 16, 21, 8, 7, 21, 5, 11, 8, 8, 9, 17, 3, 13, 4, 21, 15, 11, 12, 17, 16, 7, 12, 19, 21, 12, 19, 9, 10, 19, 15, 13, 11, 11, 19, 15, 15, 10, 9, 6, 14, 14, 8, 6, 15, 6, 10, 9, 13, 12, 15, 8, 5, 11, 13, 8, 18, 14, 12, 6, 13, 9, 18, 5, 13, 16, 5, 4, 21, 17, 13, 20, 11, 16, 9, 2, 16, 11, 14, 17, 5, 16, 18, 17, 6, 13, 14, 19, 7, 15, 18, 0, 1, 5, 16, 8, 7, 15, 11, 3, 19, 15, 4, 15, 12, 18, 19, 13, 9, 16, 19, 15, 12, 8, 1, 9, 10, 16, 13, 14 ], [ 15, 19, 20, 17, 7, 18, 20, 5, 14, 16, 21, 9, 6, 21, 5, 11, 7, 8, 9, 18, 3, 13, 3, 21, 15, 11, 13, 17, 17, 8, 13, 20, 21, 11, 20, 9, 9, 19, 15, 13, 12, 10, 19, 16, 15, 9, 9, 6, 13, 14, 7, 6, 16, 5, 9, 9, 13, 11, 15, 9, 5, 11, 14, 9, 18, 15, 11, 7, 12, 10, 18, 6, 12, 16, 4, 4, 22, 16, 13, 21, 12, 16, 8, 3, 17, 10, 14, 17, 5, 17, 19, 17, 5, 13, 14, 19, 7, 16, 19, 1, 0, 4, 16, 9, 7, 14, 11, 3, 19, 15, 4, 15, 11, 17, 18, 13, 10, 17, 20, 16, 13, 9, 1, 9, 11, 16, 14, 15 ], [ 18, 19, 19, 15, 6, 19, 22, 7, 16, 13, 22, 10, 4, 22, 4, 9, 5, 4, 5, 18, 6, 14, 3, 20, 14, 11, 15, 18, 18, 8, 16, 20, 22, 8, 22, 10, 5, 20, 14, 11, 14, 7, 20, 19, 17, 6, 8, 7, 10, 17, 6, 2, 19, 2, 7, 12, 12, 8, 17, 13, 9, 10, 16, 12, 18, 17, 9, 10, 10, 12, 16, 9, 9, 18, 3, 2, 22, 15, 16, 22, 11, 13, 4, 7, 19, 7, 15, 19, 3, 20, 22, 17, 3, 16, 12, 19, 7, 18, 20, 5, 4, 0, 18, 12, 7, 12, 7, 3, 18, 14, 3, 15, 8, 15, 17, 11, 14, 16, 19, 18, 16, 12, 4, 7, 14, 17, 17, 17 ], [ 7, 7, 17, 20, 13, 8, 3, 12, 4, 19, 6, 8, 16, 7, 15, 16, 17, 20, 21, 9, 18, 7, 16, 16, 12, 10, 4, 6, 3, 11, 6, 11, 9, 20, 3, 9, 21, 6, 12, 17, 5, 22, 10, 7, 1, 19, 12, 12, 21, 3, 16, 18, 3, 20, 17, 9, 15, 19, 3, 10, 14, 11, 3, 13, 10, 4, 18, 14, 18, 7, 15, 13, 22, 0, 20, 16, 11, 16, 3, 4, 10, 21, 21, 16, 4, 19, 5, 3, 21, 6, 4, 12, 21, 5, 16, 14, 13, 2, 4, 16, 16, 18, 0, 8, 13, 17, 21, 16, 15, 13, 16, 9, 19, 19, 17, 17, 13, 10, 15, 1, 9, 13, 17, 15, 8, 4, 9, 2 ], [ 7, 12, 18, 18, 8, 12, 11, 5, 5, 17, 13, 3, 11, 13, 9, 12, 12, 14, 15, 12, 11, 7, 9, 18, 12, 8, 4, 10, 9, 6, 4, 14, 15, 15, 11, 6, 16, 12, 12, 14, 4, 17, 14, 8, 6, 14, 8, 6, 17, 5, 11, 12, 7, 13, 13, 2, 13, 15, 7, 4, 6, 9, 5, 7, 13, 6, 14, 7, 14, 1, 16, 5, 17, 8, 13, 10, 16, 16, 5, 12, 9, 18, 15, 8, 8, 15, 7, 9, 14, 8, 10, 13, 14, 4, 14, 16, 9, 7, 11, 8, 9, 12, 8, 0, 8, 15, 16, 9, 16, 13, 10, 10, 15, 18, 17, 14, 7, 12, 16, 7, 6, 6, 10, 11, 4, 9, 6, 6 ], [ 14, 13, 13, 12, 1, 12, 16, 3, 12, 10, 16, 5, 3, 16, 3, 5, 4, 8, 8, 11, 10, 8, 4, 14, 8, 5, 10, 12, 12, 2, 12, 13, 15, 8, 16, 4, 8, 14, 8, 7, 8, 10, 13, 15, 12, 6, 2, 2, 10, 11, 3, 6, 14, 8, 5, 9, 7, 8, 11, 10, 9, 4, 11, 12, 12, 13, 7, 11, 7, 7, 11, 9, 10, 13, 9, 4, 15, 10, 10, 16, 5, 11, 8, 8, 15, 7, 9, 12, 9, 16, 16, 11, 9, 12, 8, 13, 1, 13, 13, 7, 7, 7, 13, 8, 0, 8, 9, 4, 12, 8, 4, 9, 7, 11, 12, 7, 13, 10, 13, 12, 13, 11, 8, 4, 11, 11, 14, 12 ], [ 20, 12, 7, 4, 8, 12, 20, 11, 18, 2, 17, 11, 8, 16, 9, 3, 8, 10, 10, 10, 17, 10, 11, 8, 5, 7, 15, 13, 14, 9, 18, 11, 14, 6, 19, 9, 10, 15, 5, 2, 14, 10, 11, 21, 16, 7, 7, 10, 6, 16, 7, 10, 19, 13, 6, 17, 2, 5, 14, 18, 17, 6, 16, 20, 10, 18, 4, 19, 3, 14, 5, 17, 8, 16, 15, 11, 13, 2, 15, 18, 7, 5, 10, 16, 20, 6, 12, 15, 15, 21, 20, 7, 14, 18, 1, 8, 7, 18, 15, 15, 14, 12, 17, 15, 8, 0, 9, 11, 7, 5, 11, 8, 5, 3, 4, 1, 21, 8, 7, 17, 20, 20, 15, 5, 18, 13, 21, 17 ], [ 23, 20, 15, 10, 8, 19, 25, 11, 21, 8, 23, 14, 6, 23, 7, 6, 5, 3, 3, 17, 13, 15, 8, 17, 13, 12, 19, 19, 20, 11, 21, 18, 22, 3, 24, 12, 2, 22, 13, 7, 17, 1, 19, 24, 21, 2, 9, 10, 4, 20, 6, 5, 23, 7, 4, 18, 9, 3, 19, 19, 16, 10, 20, 19, 17, 22, 5, 17, 5, 16, 13, 16, 2, 21, 9, 8, 21, 11, 19, 24, 12, 6, 3, 14, 23, 2, 17, 20, 9, 24, 25, 15, 8, 21, 9, 16, 8, 22, 21, 11, 11, 7, 21, 16, 9, 9, 0, 8, 15, 13, 7, 15, 3, 10, 13, 7, 20, 15, 16, 21, 22, 19, 11, 6, 20, 19, 23, 21 ], [ 15, 17, 17, 15, 4, 17, 19, 4, 14, 13, 20, 7, 4, 20, 2, 8, 4, 6, 7, 16, 6, 12, 1, 18, 13, 9, 12, 16, 15, 6, 13, 18, 19, 9, 19, 7, 7, 18, 13, 10, 11, 8, 17, 17, 15, 7, 6, 4, 11, 14, 5, 4, 16, 4, 6, 10, 10, 9, 14, 10, 7, 8, 13, 10, 16, 15, 9, 9, 9, 9, 15, 7, 10, 16, 5, 1, 20, 14, 13, 20, 9, 13, 6, 5, 17, 8, 13, 16, 5, 17, 19, 15, 5, 13, 11, 17, 5, 15, 17, 3, 3, 3, 16, 9, 4, 11, 8, 0, 16, 13, 1, 13, 8, 14, 16, 10, 12, 14, 17, 15, 14, 10, 4, 6, 12, 15, 15, 15 ], [ 20, 8, 2, 8, 12, 7, 17, 15, 17, 8, 12, 13, 14, 11, 14, 9, 14, 17, 17, 6, 22, 9, 16, 2, 4, 8, 15, 9, 11, 12, 18, 5, 8, 12, 15, 11, 16, 11, 4, 8, 13, 17, 5, 21, 15, 14, 10, 13, 13, 15, 12, 16, 17, 19, 12, 18, 7, 12, 12, 20, 21, 8, 15, 22, 5, 18, 11, 22, 10, 15, 2, 20, 14, 14, 21, 16, 6, 5, 14, 14, 8, 11, 17, 20, 18, 13, 10, 11, 21, 20, 18, 3, 20, 17, 6, 1, 12, 16, 12, 19, 19, 18, 15, 16, 12, 7, 15, 16, 0, 4, 16, 6, 12, 7, 4, 8, 23, 4, 1, 15, 21, 22, 20, 11, 19, 10, 21, 16 ], [ 17, 8, 5, 7, 8, 7, 16, 11, 14, 7, 12, 9, 10, 11, 11, 6, 10, 13, 14, 5, 18, 6, 12, 6, 0, 5, 12, 8, 10, 8, 16, 6, 9, 10, 14, 7, 13, 10, 0, 6, 10, 14, 6, 18, 12, 11, 6, 10, 11, 13, 9, 13, 15, 16, 9, 15, 4, 9, 10, 16, 17, 5, 12, 19, 5, 15, 8, 18, 7, 11, 3, 16, 12, 12, 17, 12, 8, 4, 12, 14, 4, 10, 14, 16, 16, 10, 8, 10, 17, 18, 16, 3, 17, 14, 4, 4, 8, 14, 11, 15, 15, 14, 13, 13, 8, 5, 13, 13, 4, 0, 12, 4, 9, 7, 5, 5, 19, 3, 4, 13, 18, 18, 16, 8, 16, 8, 18, 13 ], [ 16, 17, 16, 13, 4, 16, 19, 4, 14, 12, 20, 8, 2, 19, 1, 7, 3, 5, 6, 15, 7, 11, 1, 18, 12, 8, 13, 16, 15, 6, 14, 17, 19, 8, 19, 7, 6, 18, 12, 9, 12, 7, 17, 17, 15, 6, 6, 4, 10, 14, 4, 3, 17, 4, 5, 11, 10, 8, 14, 11, 8, 8, 14, 11, 16, 15, 7, 10, 8, 10, 14, 9, 9, 16, 5, 1, 19, 13, 13, 20, 9, 12, 5, 6, 17, 7, 13, 16, 5, 18, 19, 14, 5, 14, 10, 16, 4, 16, 17, 4, 4, 3, 16, 10, 4, 11, 7, 1, 16, 12, 0, 13, 7, 13, 15, 9, 13, 14, 16, 16, 15, 11, 5, 5, 13, 15, 16, 15 ], [ 14, 4, 8, 11, 9, 4, 12, 10, 11, 10, 8, 8, 12, 8, 12, 9, 12, 15, 16, 3, 18, 3, 13, 7, 4, 4, 9, 4, 6, 8, 13, 4, 6, 13, 10, 6, 16, 7, 4, 9, 7, 16, 4, 15, 9, 13, 7, 9, 14, 10, 11, 14, 12, 17, 11, 13, 7, 12, 6, 14, 16, 5, 9, 17, 3, 12, 11, 17, 10, 9, 6, 15, 15, 9, 18, 13, 6, 8, 8, 10, 4, 13, 16, 16, 13, 13, 4, 6, 18, 14, 12, 3, 18, 11, 8, 5, 9, 10, 7, 15, 15, 15, 9, 10, 9, 8, 15, 13, 6, 4, 13, 0, 12, 10, 9, 9, 17, 2, 6, 10, 15, 16, 16, 9, 13, 5, 15, 10 ], [ 21, 16, 12, 7, 6, 16, 22, 10, 19, 5, 20, 12, 5, 20, 7, 3, 4, 5, 5, 14, 14, 13, 8, 14, 9, 9, 17, 16, 17, 9, 19, 15, 18, 1, 21, 10, 5, 19, 9, 4, 15, 5, 15, 22, 18, 2, 7, 9, 3, 18, 4, 6, 20, 9, 2, 17, 6, 0, 16, 17, 15, 8, 17, 18, 14, 20, 1, 17, 2, 14, 10, 15, 3, 19, 11, 8, 17, 8, 17, 22, 9, 4, 5, 14, 21, 1, 14, 18, 11, 22, 23, 12, 9, 19, 6, 13, 6, 20, 18, 12, 11, 8, 19, 15, 7, 5, 3, 8, 12, 9, 7, 12, 0, 7, 10, 4, 20, 12, 13, 19, 20, 18, 12, 4, 18, 16, 21, 19 ], [ 23, 14, 6, 1, 11, 13, 22, 15, 21, 2, 18, 14, 11, 17, 12, 6, 10, 12, 12, 12, 20, 13, 14, 8, 7, 10, 18, 15, 16, 12, 21, 11, 15, 7, 21, 12, 12, 17, 7, 5, 16, 11, 12, 24, 19, 9, 10, 13, 7, 19, 10, 13, 21, 16, 8, 20, 5, 7, 17, 21, 21, 9, 18, 23, 11, 21, 6, 22, 5, 17, 5, 20, 8, 19, 18, 14, 13, 3, 18, 20, 9, 4, 12, 19, 22, 8, 14, 17, 18, 24, 23, 8, 16, 21, 4, 8, 10, 20, 17, 18, 17, 15, 19, 18, 11, 3, 10, 14, 7, 7, 13, 10, 7, 0, 3, 4, 24, 10, 7, 20, 23, 23, 18, 8, 21, 15, 24, 20 ], [ 22, 12, 3, 4, 11, 11, 20, 15, 19, 4, 16, 14, 12, 15, 14, 8, 12, 15, 15, 9, 22, 11, 15, 5, 5, 9, 17, 13, 14, 12, 21, 9, 12, 10, 19, 12, 14, 14, 5, 6, 15, 14, 9, 23, 17, 11, 10, 13, 10, 18, 11, 15, 20, 18, 10, 20, 5, 9, 15, 21, 21, 9, 17, 23, 9, 20, 8, 22, 7, 16, 2, 21, 11, 17, 19, 15, 10, 2, 17, 18, 9, 7, 15, 20, 21, 10, 13, 15, 19, 23, 21, 6, 19, 19, 4, 5, 11, 19, 15, 19, 18, 17, 17, 17, 12, 4, 13, 16, 4, 5, 15, 9, 10, 3, 0, 6, 24, 7, 4, 18, 23, 23, 19, 10, 21, 13, 23, 18 ], [ 20, 13, 8, 4, 7, 12, 20, 11, 17, 3, 17, 11, 7, 16, 8, 2, 7, 9, 9, 11, 16, 10, 10, 10, 6, 7, 15, 13, 14, 9, 18, 11, 15, 5, 19, 9, 9, 15, 6, 1, 13, 9, 12, 21, 16, 6, 6, 9, 5, 16, 6, 9, 19, 12, 4, 16, 2, 4, 14, 17, 17, 6, 16, 19, 11, 18, 3, 18, 2, 13, 6, 16, 7, 16, 14, 10, 13, 4, 15, 19, 6, 5, 9, 15, 20, 5, 12, 15, 14, 21, 20, 8, 13, 17, 1, 9, 6, 18, 15, 13, 13, 11, 17, 14, 7, 1, 7, 10, 8, 5, 9, 9, 4, 4, 6, 0, 20, 9, 9, 17, 20, 19, 14, 4, 18, 13, 20, 17 ], [ 8, 19, 24, 24, 14, 19, 15, 10, 8, 23, 19, 10, 15, 20, 13, 18, 16, 18, 19, 19, 9, 14, 12, 25, 19, 15, 10, 17, 15, 12, 7, 21, 21, 20, 16, 12, 19, 18, 19, 20, 10, 20, 21, 9, 12, 18, 14, 11, 22, 10, 15, 15, 11, 15, 17, 5, 19, 20, 13, 3, 5, 15, 10, 2, 20, 9, 19, 4, 20, 8, 23, 4, 22, 13, 13, 13, 23, 22, 10, 17, 15, 24, 18, 7, 11, 19, 14, 16, 14, 10, 14, 20, 15, 8, 20, 23, 14, 11, 17, 9, 10, 14, 13, 7, 13, 21, 20, 12, 23, 19, 13, 17, 20, 24, 24, 20, 0, 19, 23, 12, 5, 1, 10, 16, 5, 15, 6, 11 ], [ 16, 5, 6, 10, 10, 4, 13, 12, 13, 10, 9, 9, 12, 8, 13, 9, 13, 16, 16, 2, 20, 5, 14, 6, 3, 6, 11, 5, 7, 9, 14, 3, 6, 13, 11, 8, 16, 7, 3, 9, 9, 17, 3, 17, 10, 13, 8, 11, 14, 11, 11, 15, 13, 18, 11, 15, 7, 12, 8, 16, 17, 6, 11, 19, 2, 13, 11, 19, 10, 11, 5, 17, 15, 10, 19, 14, 5, 7, 10, 11, 5, 13, 16, 17, 14, 13, 6, 7, 19, 16, 14, 1, 19, 13, 7, 4, 10, 12, 8, 16, 17, 16, 10, 12, 10, 8, 15, 14, 4, 3, 14, 2, 12, 10, 7, 9, 19, 0, 4, 11, 17, 18, 18, 10, 15, 6, 17, 12 ], [ 20, 8, 2, 8, 12, 7, 17, 15, 17, 8, 12, 13, 14, 11, 15, 10, 14, 17, 17, 6, 23, 9, 16, 1, 4, 9, 15, 9, 11, 12, 19, 4, 8, 13, 15, 12, 17, 11, 4, 9, 14, 17, 5, 21, 15, 14, 11, 14, 13, 16, 13, 17, 17, 20, 12, 19, 7, 13, 12, 20, 21, 9, 15, 23, 5, 18, 11, 22, 10, 15, 3, 20, 15, 14, 21, 17, 6, 5, 14, 14, 8, 12, 17, 21, 18, 14, 10, 11, 21, 20, 18, 3, 21, 17, 7, 1, 12, 16, 11, 19, 20, 19, 15, 16, 13, 7, 16, 17, 1, 4, 16, 6, 13, 7, 4, 9, 23, 4, 0, 15, 21, 22, 20, 12, 19, 10, 21, 16 ], [ 5, 8, 17, 20, 13, 9, 4, 11, 3, 19, 8, 8, 16, 8, 15, 16, 17, 20, 21, 10, 17, 7, 15, 16, 13, 10, 3, 7, 4, 10, 5, 12, 11, 20, 4, 9, 21, 7, 13, 17, 4, 22, 11, 6, 1, 19, 12, 12, 21, 1, 15, 18, 2, 19, 17, 8, 15, 19, 3, 9, 13, 11, 2, 12, 11, 3, 18, 13, 18, 6, 16, 12, 22, 1, 19, 16, 13, 17, 2, 6, 10, 21, 20, 15, 3, 19, 5, 5, 20, 5, 4, 13, 20, 3, 16, 15, 13, 1, 5, 15, 16, 18, 1, 7, 12, 17, 21, 15, 15, 13, 16, 10, 19, 20, 18, 17, 12, 11, 15, 0, 8, 11, 16, 15, 7, 5, 7, 1 ], [ 3, 16, 23, 24, 14, 16, 10, 11, 5, 22, 15, 9, 16, 16, 14, 18, 17, 20, 20, 17, 13, 12, 14, 23, 18, 14, 6, 14, 12, 12, 3, 19, 18, 21, 12, 11, 21, 14, 18, 20, 8, 22, 18, 4, 8, 20, 14, 12, 23, 7, 16, 17, 6, 18, 18, 4, 19, 21, 10, 4, 8, 15, 7, 6, 17, 5, 20, 8, 20, 7, 21, 7, 23, 9, 17, 15, 20, 21, 7, 13, 14, 24, 20, 11, 6, 20, 11, 12, 17, 5, 9, 18, 18, 4, 20, 21, 14, 7, 13, 12, 13, 16, 9, 6, 13, 20, 22, 14, 21, 18, 15, 15, 20, 23, 23, 20, 5, 17, 21, 8, 0, 5, 13, 17, 2, 12, 1, 7 ], [ 8, 18, 23, 23, 12, 18, 15, 8, 8, 21, 19, 9, 13, 19, 12, 17, 15, 16, 17, 18, 8, 13, 11, 24, 18, 14, 9, 16, 15, 10, 7, 21, 21, 19, 16, 11, 18, 18, 18, 18, 10, 19, 20, 9, 11, 17, 13, 10, 21, 10, 14, 14, 11, 13, 16, 4, 18, 19, 13, 3, 3, 14, 10, 1, 19, 9, 18, 3, 18, 7, 21, 3, 20, 13, 12, 11, 22, 21, 10, 17, 14, 22, 17, 6, 11, 18, 13, 15, 13, 11, 14, 19, 14, 8, 19, 22, 12, 11, 16, 8, 9, 12, 13, 6, 11, 20, 19, 10, 22, 18, 11, 16, 18, 23, 23, 19, 1, 18, 22, 11, 5, 0, 9, 15, 5, 15, 6, 11 ], [ 15, 20, 21, 18, 8, 19, 20, 6, 14, 16, 22, 9, 7, 22, 6, 12, 8, 8, 9, 19, 2, 14, 4, 22, 16, 12, 14, 18, 17, 9, 14, 21, 22, 12, 21, 10, 9, 20, 16, 13, 13, 11, 20, 17, 16, 10, 10, 7, 14, 15, 8, 6, 17, 5, 10, 10, 14, 12, 16, 10, 5, 12, 15, 9, 19, 15, 12, 7, 13, 10, 19, 6, 13, 17, 3, 4, 23, 17, 14, 21, 13, 16, 8, 3, 17, 11, 15, 18, 4, 18, 20, 18, 5, 14, 15, 20, 8, 17, 19, 1, 1, 4, 17, 10, 8, 15, 11, 4, 20, 16, 5, 16, 12, 18, 19, 14, 10, 18, 20, 16, 13, 9, 0, 10, 12, 17, 14, 16 ], [ 17, 14, 11, 9, 3, 13, 19, 7, 15, 7, 17, 8, 3, 17, 4, 2, 3, 6, 6, 12, 12, 9, 5, 13, 8, 6, 13, 13, 14, 5, 15, 13, 16, 4, 18, 6, 6, 16, 7, 4, 11, 7, 13, 19, 15, 4, 3, 5, 6, 14, 2, 5, 17, 8, 2, 13, 5, 4, 13, 14, 12, 4, 14, 15, 12, 16, 3, 14, 4, 10, 9, 12, 6, 15, 10, 6, 15, 8, 13, 18, 6, 7, 6, 11, 18, 4, 11, 14, 10, 19, 19, 10, 9, 15, 5, 12, 3, 16, 15, 9, 9, 7, 15, 11, 4, 5, 6, 6, 11, 8, 5, 9, 4, 8, 10, 4, 16, 10, 12, 15, 17, 15, 10, 0, 15, 13, 17, 15 ], [ 4, 14, 21, 22, 12, 14, 10, 8, 4, 20, 14, 7, 14, 15, 12, 16, 15, 17, 18, 15, 12, 10, 12, 21, 16, 11, 5, 12, 10, 9, 2, 17, 17, 19, 11, 9, 19, 13, 16, 18, 6, 20, 16, 5, 7, 17, 12, 10, 21, 6, 14, 15, 6, 16, 16, 2, 17, 19, 9, 2, 7, 12, 6, 5, 16, 5, 18, 7, 18, 4, 19, 6, 21, 8, 15, 13, 18, 19, 6, 12, 12, 22, 18, 9, 6, 18, 9, 11, 16, 6, 9, 16, 16, 3, 18, 19, 12, 6, 12, 10, 11, 14, 8, 4, 11, 18, 20, 12, 19, 16, 13, 13, 18, 21, 21, 18, 5, 15, 19, 7, 2, 5, 12, 15, 0, 11, 3, 6 ], [ 10, 3, 12, 16, 11, 4, 7, 11, 8, 15, 5, 8, 14, 5, 14, 13, 15, 18, 19, 5, 19, 4, 15, 11, 8, 7, 6, 2, 1, 9, 9, 7, 6, 17, 6, 8, 19, 3, 8, 13, 5, 20, 6, 11, 5, 16, 10, 11, 18, 6, 14, 17, 7, 19, 14, 11, 11, 16, 2, 12, 15, 8, 5, 15, 5, 8, 15, 16, 14, 8, 11, 14, 19, 4, 19, 15, 7, 12, 5, 5, 7, 18, 19, 16, 8, 16, 2, 2, 20, 10, 8, 7, 20, 8, 12, 9, 11, 6, 2, 16, 16, 17, 4, 9, 11, 13, 19, 15, 10, 8, 15, 5, 16, 15, 13, 13, 15, 6, 10, 5, 12, 15, 17, 13, 11, 0, 12, 6 ], [ 2, 15, 23, 24, 15, 16, 9, 11, 4, 23, 15, 10, 17, 15, 15, 19, 18, 20, 21, 16, 14, 12, 15, 23, 18, 14, 6, 14, 11, 12, 3, 19, 18, 22, 11, 12, 22, 14, 18, 20, 8, 23, 18, 3, 8, 20, 15, 13, 24, 6, 17, 18, 6, 18, 19, 5, 19, 21, 10, 5, 9, 15, 7, 7, 17, 4, 20, 9, 21, 7, 21, 8, 24, 9, 18, 16, 20, 22, 7, 12, 15, 25, 21, 12, 5, 21, 11, 12, 18, 5, 8, 18, 19, 4, 20, 21, 15, 6, 13, 13, 14, 17, 9, 6, 14, 21, 23, 15, 21, 18, 16, 15, 21, 24, 23, 20, 6, 17, 21, 7, 1, 6, 14, 17, 3, 12, 0, 6 ], [ 4, 9, 18, 20, 13, 10, 5, 11, 2, 19, 9, 8, 16, 9, 14, 16, 17, 20, 21, 11, 17, 7, 15, 17, 13, 10, 2, 7, 5, 10, 4, 13, 11, 20, 5, 9, 21, 8, 13, 17, 4, 22, 12, 5, 1, 19, 12, 11, 21, 1, 15, 18, 2, 19, 17, 7, 15, 19, 4, 8, 12, 11, 2, 11, 11, 2, 18, 12, 18, 6, 16, 11, 22, 2, 19, 15, 13, 17, 2, 7, 11, 22, 20, 14, 3, 19, 6, 5, 20, 4, 4, 13, 20, 3, 17, 15, 13, 1, 6, 14, 15, 17, 2, 6, 12, 17, 21, 15, 16, 13, 15, 10, 19, 20, 18, 17, 11, 12, 16, 1, 7, 11, 16, 15, 6, 6, 6, 0 ] ]
}