{
  "version" : "0.3",
  "id" : 1788580755,
  "name" : "PTP-RAND-2_20_8_80",
  "coordType" : "Eucl",
  "sameVehicleBackward" : false,
  "maxWaitTime" : "00h30",
  "places" : [ {
    "id" : 0,
    "lat" : 7.413954254713758,
    "long" : 3.607552911493603,
    "category" : 0
  }, {
    "id" : 1,
    "lat" : -12.132437518394696,
    "long" : 2.745598582764153,
    "category" : 0
  }, {
    "id" : 2,
    "lat" : 5.728291128236217,
    "long" : 9.061136942734205,
    "category" : 0
  }, {
    "id" : 3,
    "lat" : 4.598782840409765,
    "long" : 10.87050720724618,
    "category" : 0
  }, {
    "id" : 4,
    "lat" : -4.5194876721539545,
    "long" : 9.11911078564058,
    "category" : 0
  }, {
    "id" : 5,
    "lat" : -1.552710652067101,
    "long" : 7.536811194509956,
    "category" : 0
  }, {
    "id" : 6,
    "lat" : -3.586799816436546,
    "long" : 4.24247705796432,
    "category" : 0
  }, {
    "id" : 7,
    "lat" : -10.12256999514519,
    "long" : -4.607854833688193,
    "category" : 0
  }, {
    "id" : 8,
    "lat" : 5.170166143371654,
    "long" : 11.349838747788251,
    "category" : 0
  }, {
    "id" : 9,
    "lat" : -5.739293663628326,
    "long" : -1.432344676440714,
    "category" : 0
  }, {
    "id" : 10,
    "lat" : -9.466457852543353,
    "long" : -0.6774289453025496,
    "category" : 0
  }, {
    "id" : 11,
    "lat" : -7.221199970115588,
    "long" : -9.576635439464683,
    "category" : 0
  }, {
    "id" : 12,
    "lat" : 6.545730632200908,
    "long" : -4.242223237455592,
    "category" : 0
  }, {
    "id" : 13,
    "lat" : -10.376335173848936,
    "long" : 2.7939630054096147,
    "category" : 0
  }, {
    "id" : 14,
    "lat" : -8.713255754562566,
    "long" : 7.726230794866007,
    "category" : 0
  }, {
    "id" : 15,
    "lat" : 2.064914159372021,
    "long" : -10.423614250612268,
    "category" : 0
  }, {
    "id" : 16,
    "lat" : -0.9132132017213244,
    "long" : 3.259888653931197,
    "category" : 0
  }, {
    "id" : 17,
    "lat" : -7.99922658563961,
    "long" : 5.097449550281948,
    "category" : 0
  }, {
    "id" : 18,
    "lat" : 3.508825233557226,
    "long" : 4.517675374657344,
    "category" : 0
  }, {
    "id" : 19,
    "lat" : 3.304321008315375,
    "long" : -8.579261599835089,
    "category" : 0
  }, {
    "id" : 20,
    "lat" : -4.463570085527221,
    "long" : -5.989683275040618,
    "category" : 1
  }, {
    "id" : 21,
    "lat" : 4.767366981803703,
    "long" : -1.9034752169384443,
    "category" : 2
  }, {
    "id" : 22,
    "lat" : -9.549264499614587,
    "long" : 4.234377740984837,
    "category" : 2
  }, {
    "id" : 23,
    "lat" : -7.511388470166972,
    "long" : 0.8775072532634418,
    "category" : 2
  }, {
    "id" : 24,
    "lat" : 7.493837768365186,
    "long" : 9.695479468773854,
    "category" : 2
  }, {
    "id" : 25,
    "lat" : 5.173938923306609,
    "long" : -0.5862328593011603,
    "category" : 2
  }, {
    "id" : 26,
    "lat" : 8.299048385032293,
    "long" : -4.74196541883055,
    "category" : 2
  }, {
    "id" : 27,
    "lat" : -4.817212639250615,
    "long" : 6.174105444181067,
    "category" : 2
  }, {
    "id" : 28,
    "lat" : 4.107078049887805,
    "long" : -11.036923498895563,
    "category" : 2
  }, {
    "id" : 29,
    "lat" : 11.094778533829485,
    "long" : 4.068755324540655,
    "category" : 2
  }, {
    "id" : 30,
    "lat" : 2.075233874866383,
    "long" : 3.799708984867167,
    "category" : 2
  }, {
    "id" : 31,
    "lat" : -9.843315550885274,
    "long" : 3.1659044399120733,
    "category" : 2
  }, {
    "id" : 32,
    "lat" : -12.57485846402307,
    "long" : -3.1115199169062016,
    "category" : 2
  }, {
    "id" : 33,
    "lat" : 1.4417863553679664,
    "long" : -2.059084405500659,
    "category" : 2
  }, {
    "id" : 34,
    "lat" : -7.1420653288121585,
    "long" : 2.364078931384366,
    "category" : 2
  }, {
    "id" : 35,
    "lat" : -11.433968811755149,
    "long" : 4.753976966040248,
    "category" : 2
  }, {
    "id" : 36,
    "lat" : -4.472360003788371,
    "long" : -8.926491379280161,
    "category" : 2
  }, {
    "id" : 37,
    "lat" : -3.3032208365447953,
    "long" : 7.02813832685283,
    "category" : 2
  }, {
    "id" : 38,
    "lat" : 8.633725685102878,
    "long" : 4.0462759246754425,
    "category" : 2
  }, {
    "id" : 39,
    "lat" : -2.9048870269349565,
    "long" : 4.02143390898029,
    "category" : 2
  }, {
    "id" : 40,
    "lat" : 5.553242068895948,
    "long" : 7.270468532943084,
    "category" : 2
  }, {
    "id" : 41,
    "lat" : 0.6532433525333229,
    "long" : 4.899018771426908,
    "category" : 2
  }, {
    "id" : 42,
    "lat" : 1.9476517761568242,
    "long" : -12.625668914879665,
    "category" : 2
  }, {
    "id" : 43,
    "lat" : 5.395093005820824,
    "long" : -6.820629806877092,
    "category" : 2
  }, {
    "id" : 44,
    "lat" : -2.9974223222488123,
    "long" : 3.230120772413371,
    "category" : 2
  }, {
    "id" : 45,
    "lat" : -7.239502584519531,
    "long" : -3.875619295907326,
    "category" : 2
  }, {
    "id" : 46,
    "lat" : -0.8988231177604553,
    "long" : 12.142400049321967,
    "category" : 2
  }, {
    "id" : 47,
    "lat" : -6.933090173800525,
    "long" : 7.9296119082060015,
    "category" : 2
  }, {
    "id" : 48,
    "lat" : 1.0598184758254525,
    "long" : 1.0118254445616974,
    "category" : 2
  }, {
    "id" : 49,
    "lat" : -0.7925543790027422,
    "long" : -12.875005923949361,
    "category" : 2
  }, {
    "id" : 50,
    "lat" : -6.450826576167557,
    "long" : 6.157741771053284,
    "category" : 2
  }, {
    "id" : 51,
    "lat" : 0.1252078773009852,
    "long" : 4.171449185477759,
    "category" : 2
  }, {
    "id" : 52,
    "lat" : 6.397286394634994,
    "long" : -5.502842261669428,
    "category" : 2
  }, {
    "id" : 53,
    "lat" : 10.633182741787033,
    "long" : -3.1949014279417076,
    "category" : 2
  }, {
    "id" : 54,
    "lat" : -0.8279011037502011,
    "long" : -8.12259049645581,
    "category" : 2
  }, {
    "id" : 55,
    "lat" : -9.976918333285349,
    "long" : -3.6320650044674383,
    "category" : 2
  }, {
    "id" : 56,
    "lat" : -0.9193352294794986,
    "long" : 0.35695177563859826,
    "category" : 2
  }, {
    "id" : 57,
    "lat" : -1.4840690373570933,
    "long" : -9.951793849247718,
    "category" : 2
  }, {
    "id" : 58,
    "lat" : -7.481406443583521,
    "long" : -5.45241086043907,
    "category" : 2
  }, {
    "id" : 59,
    "lat" : -4.628309952501901,
    "long" : -4.0932709703541,
    "category" : 2
  }, {
    "id" : 60,
    "lat" : 0.030758692277182236,
    "long" : 9.41725749078571,
    "category" : 2
  }, {
    "id" : 61,
    "lat" : -5.9237523833298855,
    "long" : -6.499707676226466,
    "category" : 2
  }, {
    "id" : 62,
    "lat" : 10.727601547135308,
    "long" : -5.191847008187405,
    "category" : 2
  }, {
    "id" : 63,
    "lat" : -5.431252708710664,
    "long" : 8.044324951302686,
    "category" : 2
  }, {
    "id" : 64,
    "lat" : -7.368961731970651,
    "long" : -3.037137142954636,
    "category" : 2
  }, {
    "id" : 65,
    "lat" : 0.12327983425212155,
    "long" : -8.801447047018424,
    "category" : 2
  }, {
    "id" : 66,
    "lat" : 3.8986766505783605,
    "long" : -2.440463845249431,
    "category" : 2
  }, {
    "id" : 67,
    "lat" : -8.787055173618139,
    "long" : 9.132152208245643,
    "category" : 2
  }, {
    "id" : 68,
    "lat" : 5.52437982047749,
    "long" : 2.9870293920997137,
    "category" : 2
  }, {
    "id" : 69,
    "lat" : 9.611786493168303,
    "long" : -3.8136308733183237,
    "category" : 2
  }, {
    "id" : 70,
    "lat" : 10.6797868501595,
    "long" : 7.1742928924391265,
    "category" : 2
  }, {
    "id" : 71,
    "lat" : -5.055238638992579,
    "long" : -9.568943525858932,
    "category" : 2
  }, {
    "id" : 72,
    "lat" : -1.3093437004388206,
    "long" : 6.427023975998929,
    "category" : 2
  }, {
    "id" : 73,
    "lat" : -0.10171772475880342,
    "long" : -11.666748103733637,
    "category" : 2
  }, {
    "id" : 74,
    "lat" : 5.366822758891966,
    "long" : -3.8631924210401882,
    "category" : 2
  }, {
    "id" : 75,
    "lat" : 8.13978436550956,
    "long" : 4.177745343339123,
    "category" : 2
  }, {
    "id" : 76,
    "lat" : 10.395652873499223,
    "long" : -2.3081602849706444,
    "category" : 2
  }, {
    "id" : 77,
    "lat" : -5.842167186084228,
    "long" : 2.0241610548779354,
    "category" : 2
  }, {
    "id" : 78,
    "lat" : 7.801521905753295,
    "long" : -10.127885082327493,
    "category" : 2
  }, {
    "id" : 79,
    "lat" : 7.038910664332308,
    "long" : -5.641733286630954,
    "category" : 2
  }, {
    "id" : 80,
    "lat" : 7.359341368338438,
    "long" : 7.533125348342561,
    "category" : 2
  }, {
    "id" : 81,
    "lat" : 4.424335855715621,
    "long" : -2.32314011432378,
    "category" : 2
  }, {
    "id" : 82,
    "lat" : 6.69975692872925,
    "long" : -6.837940431663212,
    "category" : 2
  }, {
    "id" : 83,
    "lat" : 1.2463551431499946,
    "long" : 1.9758187803207368,
    "category" : 2
  }, {
    "id" : 84,
    "lat" : -7.506432135701183,
    "long" : -1.1905913905807117,
    "category" : 2
  }, {
    "id" : 85,
    "lat" : -7.67405720881603,
    "long" : 6.799824343426345,
    "category" : 2
  }, {
    "id" : 86,
    "lat" : 1.5682047296148187,
    "long" : 11.765775974614547,
    "category" : 2
  }, {
    "id" : 87,
    "lat" : -6.627907521050071,
    "long" : -9.313224983157257,
    "category" : 2
  }, {
    "id" : 88,
    "lat" : 5.6128704911151965,
    "long" : 0.6085581659490439,
    "category" : 2
  }, {
    "id" : 89,
    "lat" : -2.592659158207303,
    "long" : 10.445169251347457,
    "category" : 2
  }, {
    "id" : 90,
    "lat" : -6.092951557060979,
    "long" : -5.330623002611169,
    "category" : 2
  }, {
    "id" : 91,
    "lat" : -8.950317878949082,
    "long" : -0.2607184200999962,
    "category" : 2
  }, {
    "id" : 92,
    "lat" : 8.538962458192216,
    "long" : -9.123284786351416,
    "category" : 2
  }, {
    "id" : 93,
    "lat" : -3.7016143082119126,
    "long" : 2.1734246815387177,
    "category" : 2
  }, {
    "id" : 94,
    "lat" : -2.0144690313766094,
    "long" : 8.544393804271621,
    "category" : 2
  }, {
    "id" : 95,
    "lat" : 3.8948972563365585,
    "long" : 2.8966746595910227,
    "category" : 2
  }, {
    "id" : 96,
    "lat" : 6.648349652293031,
    "long" : 3.3482732876269186,
    "category" : 2
  }, {
    "id" : 97,
    "lat" : -5.618181177083857,
    "long" : 8.181325116330072,
    "category" : 2
  }, {
    "id" : 98,
    "lat" : -7.4031081358158595,
    "long" : 9.732251536872283,
    "category" : 2
  }, {
    "id" : 99,
    "lat" : -6.171196001324596,
    "long" : 10.881831783918699,
    "category" : 2
  }, {
    "id" : 100,
    "lat" : 10.893253216303833,
    "long" : 1.40618403555847,
    "category" : 2
  }, {
    "id" : 101,
    "lat" : 4.178235542559312,
    "long" : 7.716452383047073,
    "category" : 2
  }, {
    "id" : 102,
    "lat" : -4.1402476082859545,
    "long" : -11.513193174717593,
    "category" : 2
  }, {
    "id" : 103,
    "lat" : 7.047087946106673,
    "long" : -1.7937813834391403,
    "category" : 2
  }, {
    "id" : 104,
    "lat" : -4.605695341919945,
    "long" : 11.849884277920818,
    "category" : 2
  }, {
    "id" : 105,
    "lat" : 12.80811861677805,
    "long" : 1.7234580414201235,
    "category" : 2
  } ],
  "vehicles" : [ {
    "id" : 106,
    "canTake" : [ 0 ],
    "start" : 20,
    "end" : 20,
    "capacity" : 4,
    "availability" : [ "07h00:20h00" ]
  }, {
    "id" : 107,
    "canTake" : [ 0 ],
    "start" : 20,
    "end" : 20,
    "capacity" : 4,
    "availability" : [ "07h00:20h00" ]
  }, {
    "id" : 108,
    "canTake" : [ 0 ],
    "start" : 20,
    "end" : 20,
    "capacity" : 4,
    "availability" : [ "07h00:20h00" ]
  }, {
    "id" : 109,
    "canTake" : [ 0 ],
    "start" : 20,
    "end" : 20,
    "capacity" : 4,
    "availability" : [ "07h00:20h00" ]
  }, {
    "id" : 110,
    "canTake" : [ 0 ],
    "start" : 20,
    "end" : 20,
    "capacity" : 4,
    "availability" : [ "07h00:20h00" ]
  }, {
    "id" : 111,
    "canTake" : [ 0 ],
    "start" : 20,
    "end" : 20,
    "capacity" : 4,
    "availability" : [ "07h00:20h00" ]
  }, {
    "id" : 112,
    "canTake" : [ 0 ],
    "start" : 20,
    "end" : 20,
    "capacity" : 4,
    "availability" : [ "07h00:20h00" ]
  }, {
    "id" : 113,
    "canTake" : [ 0 ],
    "start" : 20,
    "end" : 20,
    "capacity" : 4,
    "availability" : [ "07h00:20h00" ]
  } ],
  "patients" : [ {
    "id" : 114,
    "category" : 0,
    "load" : 2,
    "start" : 21,
    "destination" : 0,
    "end" : 21,
    "rdvTime" : "11h19",
    "rdvDuration" : "02h41",
    "srvDuration" : "00h01"
  }, {
    "id" : 115,
    "category" : 0,
    "load" : 2,
    "start" : 22,
    "destination" : 1,
    "end" : 22,
    "rdvTime" : "11h49",
    "rdvDuration" : "02h09",
    "srvDuration" : "00h02"
  }, {
    "id" : 116,
    "category" : 0,
    "load" : 2,
    "start" : 23,
    "destination" : 2,
    "end" : 23,
    "rdvTime" : "14h21",
    "rdvDuration" : "02h05",
    "srvDuration" : "00h01"
  }, {
    "id" : 117,
    "category" : 0,
    "load" : 1,
    "start" : -1,
    "destination" : 3,
    "end" : 24,
    "rdvTime" : "10h20",
    "rdvDuration" : "01h33",
    "srvDuration" : "00h02"
  }, {
    "id" : 118,
    "category" : 0,
    "load" : 1,
    "start" : 25,
    "destination" : 4,
    "end" : 25,
    "rdvTime" : "11h03",
    "rdvDuration" : "00h27",
    "srvDuration" : "00h02"
  }, {
    "id" : 119,
    "category" : 0,
    "load" : 2,
    "start" : 26,
    "destination" : 5,
    "end" : 26,
    "rdvTime" : "12h52",
    "rdvDuration" : "00h34",
    "srvDuration" : "00h01"
  }, {
    "id" : 120,
    "category" : 0,
    "load" : 1,
    "start" : 27,
    "destination" : 6,
    "end" : 27,
    "rdvTime" : "09h15",
    "rdvDuration" : "02h05",
    "srvDuration" : "00h02"
  }, {
    "id" : 121,
    "category" : 0,
    "load" : 1,
    "start" : -1,
    "destination" : 7,
    "end" : 28,
    "rdvTime" : "12h25",
    "rdvDuration" : "01h09",
    "srvDuration" : "00h02"
  }, {
    "id" : 122,
    "category" : 0,
    "load" : 1,
    "start" : 29,
    "destination" : 8,
    "end" : 29,
    "rdvTime" : "15h35",
    "rdvDuration" : "01h41",
    "srvDuration" : "00h02"
  }, {
    "id" : 123,
    "category" : 0,
    "load" : 1,
    "start" : -1,
    "destination" : 9,
    "end" : 30,
    "rdvTime" : "11h58",
    "rdvDuration" : "01h20",
    "srvDuration" : "00h02"
  }, {
    "id" : 124,
    "category" : 0,
    "load" : 1,
    "start" : 31,
    "destination" : 10,
    "end" : -1,
    "rdvTime" : "10h51",
    "rdvDuration" : "00h42",
    "srvDuration" : "00h01"
  }, {
    "id" : 125,
    "category" : 0,
    "load" : 2,
    "start" : 32,
    "destination" : 11,
    "end" : 32,
    "rdvTime" : "09h43",
    "rdvDuration" : "01h08",
    "srvDuration" : "00h02"
  }, {
    "id" : 126,
    "category" : 0,
    "load" : 1,
    "start" : -1,
    "destination" : 12,
    "end" : 33,
    "rdvTime" : "13h04",
    "rdvDuration" : "00h40",
    "srvDuration" : "00h02"
  }, {
    "id" : 127,
    "category" : 0,
    "load" : 1,
    "start" : 34,
    "destination" : 13,
    "end" : 34,
    "rdvTime" : "08h07",
    "rdvDuration" : "00h34",
    "srvDuration" : "00h01"
  }, {
    "id" : 128,
    "category" : 0,
    "load" : 1,
    "start" : 35,
    "destination" : 14,
    "end" : 35,
    "rdvTime" : "14h03",
    "rdvDuration" : "01h51",
    "srvDuration" : "00h02"
  }, {
    "id" : 129,
    "category" : 0,
    "load" : 1,
    "start" : 36,
    "destination" : 15,
    "end" : 36,
    "rdvTime" : "09h50",
    "rdvDuration" : "00h31",
    "srvDuration" : "00h02"
  }, {
    "id" : 130,
    "category" : 0,
    "load" : 1,
    "start" : 37,
    "destination" : 16,
    "end" : 37,
    "rdvTime" : "13h22",
    "rdvDuration" : "02h11",
    "srvDuration" : "00h01"
  }, {
    "id" : 131,
    "category" : 0,
    "load" : 2,
    "start" : -1,
    "destination" : 17,
    "end" : 38,
    "rdvTime" : "09h02",
    "rdvDuration" : "02h18",
    "srvDuration" : "00h01"
  }, {
    "id" : 132,
    "category" : 0,
    "load" : 2,
    "start" : -1,
    "destination" : 18,
    "end" : 39,
    "rdvTime" : "15h00",
    "rdvDuration" : "01h05",
    "srvDuration" : "00h01"
  }, {
    "id" : 133,
    "category" : 0,
    "load" : 2,
    "start" : 40,
    "destination" : 19,
    "end" : 41,
    "rdvTime" : "08h14",
    "rdvDuration" : "02h35",
    "srvDuration" : "00h02"
  }, {
    "id" : 134,
    "category" : 0,
    "load" : 1,
    "start" : 42,
    "destination" : 4,
    "end" : 42,
    "rdvTime" : "13h02",
    "rdvDuration" : "01h39",
    "srvDuration" : "00h01"
  }, {
    "id" : 135,
    "category" : 0,
    "load" : 1,
    "start" : 43,
    "destination" : 3,
    "end" : 43,
    "rdvTime" : "10h36",
    "rdvDuration" : "01h40",
    "srvDuration" : "00h01"
  }, {
    "id" : 136,
    "category" : 0,
    "load" : 2,
    "start" : 44,
    "destination" : 19,
    "end" : 44,
    "rdvTime" : "10h11",
    "rdvDuration" : "02h03",
    "srvDuration" : "00h02"
  }, {
    "id" : 137,
    "category" : 0,
    "load" : 1,
    "start" : 45,
    "destination" : 4,
    "end" : 45,
    "rdvTime" : "09h40",
    "rdvDuration" : "00h51",
    "srvDuration" : "00h02"
  }, {
    "id" : 138,
    "category" : 0,
    "load" : 2,
    "start" : -1,
    "destination" : 13,
    "end" : 46,
    "rdvTime" : "09h02",
    "rdvDuration" : "02h30",
    "srvDuration" : "00h01"
  }, {
    "id" : 139,
    "category" : 0,
    "load" : 2,
    "start" : 47,
    "destination" : 13,
    "end" : 47,
    "rdvTime" : "15h58",
    "rdvDuration" : "01h43",
    "srvDuration" : "00h01"
  }, {
    "id" : 140,
    "category" : 0,
    "load" : 2,
    "start" : 48,
    "destination" : 17,
    "end" : 49,
    "rdvTime" : "11h52",
    "rdvDuration" : "02h50",
    "srvDuration" : "00h02"
  }, {
    "id" : 141,
    "category" : 0,
    "load" : 2,
    "start" : 50,
    "destination" : 11,
    "end" : 50,
    "rdvTime" : "10h02",
    "rdvDuration" : "02h46",
    "srvDuration" : "00h02"
  }, {
    "id" : 142,
    "category" : 0,
    "load" : 2,
    "start" : 51,
    "destination" : 17,
    "end" : 51,
    "rdvTime" : "14h49",
    "rdvDuration" : "01h31",
    "srvDuration" : "00h02"
  }, {
    "id" : 143,
    "category" : 0,
    "load" : 2,
    "start" : 52,
    "destination" : 8,
    "end" : 52,
    "rdvTime" : "10h01",
    "rdvDuration" : "00h48",
    "srvDuration" : "00h02"
  }, {
    "id" : 144,
    "category" : 0,
    "load" : 1,
    "start" : 53,
    "destination" : 11,
    "end" : 53,
    "rdvTime" : "12h18",
    "rdvDuration" : "00h42",
    "srvDuration" : "00h02"
  }, {
    "id" : 145,
    "category" : 0,
    "load" : 1,
    "start" : 54,
    "destination" : 5,
    "end" : 54,
    "rdvTime" : "11h50",
    "rdvDuration" : "00h51",
    "srvDuration" : "00h01"
  }, {
    "id" : 146,
    "category" : 0,
    "load" : 1,
    "start" : 55,
    "destination" : 1,
    "end" : 56,
    "rdvTime" : "14h49",
    "rdvDuration" : "02h25",
    "srvDuration" : "00h01"
  }, {
    "id" : 147,
    "category" : 0,
    "load" : 1,
    "start" : 57,
    "destination" : 11,
    "end" : -1,
    "rdvTime" : "08h26",
    "rdvDuration" : "02h09",
    "srvDuration" : "00h02"
  }, {
    "id" : 148,
    "category" : 0,
    "load" : 2,
    "start" : 58,
    "destination" : 18,
    "end" : 58,
    "rdvTime" : "15h20",
    "rdvDuration" : "01h37",
    "srvDuration" : "00h01"
  }, {
    "id" : 149,
    "category" : 0,
    "load" : 2,
    "start" : 59,
    "destination" : 12,
    "end" : 59,
    "rdvTime" : "15h06",
    "rdvDuration" : "02h35",
    "srvDuration" : "00h02"
  }, {
    "id" : 150,
    "category" : 0,
    "load" : 1,
    "start" : 60,
    "destination" : 13,
    "end" : 60,
    "rdvTime" : "15h53",
    "rdvDuration" : "02h24",
    "srvDuration" : "00h02"
  }, {
    "id" : 151,
    "category" : 0,
    "load" : 2,
    "start" : -1,
    "destination" : 10,
    "end" : 61,
    "rdvTime" : "10h35",
    "rdvDuration" : "02h29",
    "srvDuration" : "00h02"
  }, {
    "id" : 152,
    "category" : 0,
    "load" : 2,
    "start" : 62,
    "destination" : 5,
    "end" : 62,
    "rdvTime" : "14h17",
    "rdvDuration" : "00h45",
    "srvDuration" : "00h02"
  }, {
    "id" : 153,
    "category" : 0,
    "load" : 2,
    "start" : 63,
    "destination" : 7,
    "end" : 63,
    "rdvTime" : "09h55",
    "rdvDuration" : "02h26",
    "srvDuration" : "00h02"
  }, {
    "id" : 154,
    "category" : 0,
    "load" : 2,
    "start" : 64,
    "destination" : 13,
    "end" : 64,
    "rdvTime" : "16h00",
    "rdvDuration" : "00h39",
    "srvDuration" : "00h02"
  }, {
    "id" : 155,
    "category" : 0,
    "load" : 2,
    "start" : 65,
    "destination" : 8,
    "end" : 65,
    "rdvTime" : "13h49",
    "rdvDuration" : "00h22",
    "srvDuration" : "00h02"
  }, {
    "id" : 156,
    "category" : 0,
    "load" : 1,
    "start" : 66,
    "destination" : 13,
    "end" : 66,
    "rdvTime" : "10h40",
    "rdvDuration" : "02h39",
    "srvDuration" : "00h01"
  }, {
    "id" : 157,
    "category" : 0,
    "load" : 2,
    "start" : 67,
    "destination" : 11,
    "end" : 67,
    "rdvTime" : "12h51",
    "rdvDuration" : "00h28",
    "srvDuration" : "00h02"
  }, {
    "id" : 158,
    "category" : 0,
    "load" : 1,
    "start" : 68,
    "destination" : 17,
    "end" : 68,
    "rdvTime" : "13h17",
    "rdvDuration" : "02h49",
    "srvDuration" : "00h01"
  }, {
    "id" : 159,
    "category" : 0,
    "load" : 2,
    "start" : 69,
    "destination" : 18,
    "end" : 70,
    "rdvTime" : "14h38",
    "rdvDuration" : "01h01",
    "srvDuration" : "00h01"
  }, {
    "id" : 160,
    "category" : 0,
    "load" : 1,
    "start" : 71,
    "destination" : 11,
    "end" : 71,
    "rdvTime" : "11h57",
    "rdvDuration" : "02h20",
    "srvDuration" : "00h01"
  }, {
    "id" : 161,
    "category" : 0,
    "load" : 1,
    "start" : 72,
    "destination" : 1,
    "end" : 72,
    "rdvTime" : "14h35",
    "rdvDuration" : "00h22",
    "srvDuration" : "00h01"
  }, {
    "id" : 162,
    "category" : 0,
    "load" : 1,
    "start" : 73,
    "destination" : 9,
    "end" : 73,
    "rdvTime" : "09h35",
    "rdvDuration" : "01h23",
    "srvDuration" : "00h01"
  }, {
    "id" : 163,
    "category" : 0,
    "load" : 1,
    "start" : 74,
    "destination" : 1,
    "end" : 75,
    "rdvTime" : "13h49",
    "rdvDuration" : "01h59",
    "srvDuration" : "00h01"
  }, {
    "id" : 164,
    "category" : 0,
    "load" : 1,
    "start" : 76,
    "destination" : 12,
    "end" : 76,
    "rdvTime" : "14h30",
    "rdvDuration" : "00h39",
    "srvDuration" : "00h02"
  }, {
    "id" : 165,
    "category" : 0,
    "load" : 1,
    "start" : 77,
    "destination" : 17,
    "end" : 77,
    "rdvTime" : "15h52",
    "rdvDuration" : "02h41",
    "srvDuration" : "00h02"
  }, {
    "id" : 166,
    "category" : 0,
    "load" : 1,
    "start" : 78,
    "destination" : 18,
    "end" : 78,
    "rdvTime" : "11h13",
    "rdvDuration" : "01h29",
    "srvDuration" : "00h01"
  }, {
    "id" : 167,
    "category" : 0,
    "load" : 1,
    "start" : 79,
    "destination" : 14,
    "end" : 79,
    "rdvTime" : "11h19",
    "rdvDuration" : "02h45",
    "srvDuration" : "00h01"
  }, {
    "id" : 168,
    "category" : 0,
    "load" : 2,
    "start" : 80,
    "destination" : 8,
    "end" : 80,
    "rdvTime" : "14h21",
    "rdvDuration" : "00h28",
    "srvDuration" : "00h02"
  }, {
    "id" : 169,
    "category" : 0,
    "load" : 2,
    "start" : 81,
    "destination" : 3,
    "end" : 81,
    "rdvTime" : "08h07",
    "rdvDuration" : "00h51",
    "srvDuration" : "00h01"
  }, {
    "id" : 170,
    "category" : 0,
    "load" : 1,
    "start" : 82,
    "destination" : 0,
    "end" : 82,
    "rdvTime" : "14h54",
    "rdvDuration" : "02h42",
    "srvDuration" : "00h01"
  }, {
    "id" : 171,
    "category" : 0,
    "load" : 1,
    "start" : 83,
    "destination" : 13,
    "end" : -1,
    "rdvTime" : "09h42",
    "rdvDuration" : "02h10",
    "srvDuration" : "00h01"
  }, {
    "id" : 172,
    "category" : 0,
    "load" : 1,
    "start" : 84,
    "destination" : 2,
    "end" : 84,
    "rdvTime" : "11h18",
    "rdvDuration" : "02h49",
    "srvDuration" : "00h01"
  }, {
    "id" : 173,
    "category" : 0,
    "load" : 1,
    "start" : -1,
    "destination" : 9,
    "end" : 85,
    "rdvTime" : "12h25",
    "rdvDuration" : "00h57",
    "srvDuration" : "00h02"
  }, {
    "id" : 174,
    "category" : 0,
    "load" : 1,
    "start" : 86,
    "destination" : 16,
    "end" : 86,
    "rdvTime" : "13h42",
    "rdvDuration" : "01h34",
    "srvDuration" : "00h01"
  }, {
    "id" : 175,
    "category" : 0,
    "load" : 2,
    "start" : 87,
    "destination" : 3,
    "end" : 87,
    "rdvTime" : "15h32",
    "rdvDuration" : "01h17",
    "srvDuration" : "00h01"
  }, {
    "id" : 176,
    "category" : 0,
    "load" : 2,
    "start" : 88,
    "destination" : 3,
    "end" : 88,
    "rdvTime" : "14h09",
    "rdvDuration" : "00h36",
    "srvDuration" : "00h01"
  }, {
    "id" : 177,
    "category" : 0,
    "load" : 1,
    "start" : 89,
    "destination" : 7,
    "end" : 89,
    "rdvTime" : "13h43",
    "rdvDuration" : "01h30",
    "srvDuration" : "00h02"
  }, {
    "id" : 178,
    "category" : 0,
    "load" : 2,
    "start" : 90,
    "destination" : 6,
    "end" : 90,
    "rdvTime" : "10h02",
    "rdvDuration" : "00h20",
    "srvDuration" : "00h02"
  }, {
    "id" : 179,
    "category" : 0,
    "load" : 2,
    "start" : -1,
    "destination" : 16,
    "end" : 91,
    "rdvTime" : "09h20",
    "rdvDuration" : "00h15",
    "srvDuration" : "00h01"
  }, {
    "id" : 180,
    "category" : 0,
    "load" : 1,
    "start" : 92,
    "destination" : 5,
    "end" : 92,
    "rdvTime" : "12h16",
    "rdvDuration" : "00h40",
    "srvDuration" : "00h02"
  }, {
    "id" : 181,
    "category" : 0,
    "load" : 2,
    "start" : 93,
    "destination" : 3,
    "end" : 93,
    "rdvTime" : "14h36",
    "rdvDuration" : "02h04",
    "srvDuration" : "00h02"
  }, {
    "id" : 182,
    "category" : 0,
    "load" : 2,
    "start" : 94,
    "destination" : 8,
    "end" : 94,
    "rdvTime" : "14h19",
    "rdvDuration" : "02h04",
    "srvDuration" : "00h02"
  }, {
    "id" : 183,
    "category" : 0,
    "load" : 2,
    "start" : 95,
    "destination" : 12,
    "end" : 95,
    "rdvTime" : "09h59",
    "rdvDuration" : "01h52",
    "srvDuration" : "00h02"
  }, {
    "id" : 184,
    "category" : 0,
    "load" : 2,
    "start" : 96,
    "destination" : 14,
    "end" : 96,
    "rdvTime" : "10h54",
    "rdvDuration" : "02h10",
    "srvDuration" : "00h01"
  }, {
    "id" : 185,
    "category" : 0,
    "load" : 1,
    "start" : 97,
    "destination" : 17,
    "end" : 97,
    "rdvTime" : "09h27",
    "rdvDuration" : "02h58",
    "srvDuration" : "00h01"
  }, {
    "id" : 186,
    "category" : 0,
    "load" : 2,
    "start" : 98,
    "destination" : 6,
    "end" : 98,
    "rdvTime" : "13h27",
    "rdvDuration" : "00h34",
    "srvDuration" : "00h02"
  }, {
    "id" : 187,
    "category" : 0,
    "load" : 2,
    "start" : 99,
    "destination" : 19,
    "end" : 99,
    "rdvTime" : "11h17",
    "rdvDuration" : "01h45",
    "srvDuration" : "00h01"
  }, {
    "id" : 188,
    "category" : 0,
    "load" : 1,
    "start" : 100,
    "destination" : 9,
    "end" : 100,
    "rdvTime" : "09h06",
    "rdvDuration" : "01h17",
    "srvDuration" : "00h01"
  }, {
    "id" : 189,
    "category" : 0,
    "load" : 1,
    "start" : 101,
    "destination" : 18,
    "end" : 101,
    "rdvTime" : "15h09",
    "rdvDuration" : "00h33",
    "srvDuration" : "00h02"
  }, {
    "id" : 190,
    "category" : 0,
    "load" : 1,
    "start" : 102,
    "destination" : 0,
    "end" : 102,
    "rdvTime" : "09h14",
    "rdvDuration" : "01h34",
    "srvDuration" : "00h01"
  }, {
    "id" : 191,
    "category" : 0,
    "load" : 2,
    "start" : 103,
    "destination" : 2,
    "end" : 103,
    "rdvTime" : "11h56",
    "rdvDuration" : "02h17",
    "srvDuration" : "00h01"
  }, {
    "id" : 192,
    "category" : 0,
    "load" : 2,
    "start" : 104,
    "destination" : 2,
    "end" : -1,
    "rdvTime" : "15h44",
    "rdvDuration" : "00h43",
    "srvDuration" : "00h02"
  }, {
    "id" : 193,
    "category" : 0,
    "load" : 1,
    "start" : 105,
    "destination" : 17,
    "end" : 105,
    "rdvTime" : "11h46",
    "rdvDuration" : "02h02",
    "srvDuration" : "00h02"
  } ],
  "distMatrix" : [ [ 0, 20, 6, 8, 13, 10, 11, 19, 8, 14, 17, 20, 8, 18, 17, 15, 8, 15, 4, 13, 15, 6, 17, 15, 6, 5, 8, 12, 15, 4, 5, 17, 21, 8, 15, 19, 17, 11, 1, 10, 4, 7, 17, 11, 10, 16, 12, 15, 7, 18, 14, 7, 9, 8, 14, 19, 9, 16, 17, 14, 9, 17, 9, 14, 16, 14, 7, 17, 2, 8, 5, 18, 9, 17, 8, 1, 7, 13, 14, 9, 4, 7, 10, 6, 16, 15, 10, 19, 3, 12, 16, 17, 13, 11, 11, 4, 1, 14, 16, 15, 4, 5, 19, 5, 15, 6 ], [ 20, 0, 19, 19, 10, 12, 9, 8, 19, 8, 4, 13, 20, 2, 6, 19, 11, 5, 16, 19, 12, 18, 3, 5, 21, 18, 22, 8, 21, 23, 14, 2, 6, 14, 5, 2, 14, 10, 21, 9, 18, 13, 21, 20, 9, 8, 15, 7, 13, 19, 7, 12, 20, 24, 16, 7, 11, 17, 9, 10, 14, 11, 24, 9, 7, 17, 17, 7, 18, 23, 23, 14, 11, 19, 19, 20, 23, 6, 24, 21, 20, 17, 21, 13, 6, 6, 16, 13, 18, 12, 10, 4, 24, 8, 12, 16, 19, 8, 8, 10, 23, 17, 16, 20, 12, 25 ], [ 6, 19, 0, 2, 10, 7, 10, 21, 2, 16, 18, 23, 13, 17, 15, 20, 9, 14, 5, 18, 18, 11, 16, 16, 2, 10, 14, 11, 20, 7, 6, 17, 22, 12, 15, 18, 21, 9, 6, 10, 2, 7, 22, 16, 10, 18, 7, 13, 9, 23, 13, 7, 15, 13, 18, 20, 11, 20, 20, 17, 6, 19, 15, 11, 18, 19, 12, 15, 6, 13, 5, 22, 8, 22, 13, 5, 12, 14, 19, 15, 2, 11, 16, 8, 17, 14, 5, 22, 8, 8, 19, 17, 18, 12, 8, 6, 6, 11, 13, 12, 9, 2, 23, 11, 11, 10 ], [ 8, 19, 2, 0, 9, 7, 11, 21, 1, 16, 18, 24, 15, 17, 14, 21, 9, 14, 6, 19, 19, 13, 16, 16, 3, 11, 16, 11, 22, 9, 8, 16, 22, 13, 14, 17, 22, 9, 8, 10, 4, 7, 24, 18, 11, 19, 6, 12, 10, 24, 12, 8, 16, 15, 20, 21, 12, 22, 20, 18, 5, 20, 17, 10, 18, 20, 13, 13, 8, 16, 7, 23, 7, 23, 15, 8, 14, 14, 21, 17, 4, 13, 18, 10, 17, 13, 3, 23, 10, 7, 19, 18, 20, 12, 7, 8, 8, 11, 12, 11, 11, 3, 24, 13, 9, 12 ], [ 13, 10, 10, 9, 0, 3, 5, 15, 10, 11, 11, 19, 17, 9, 4, 21, 7, 5, 9, 19, 15, 14, 7, 9, 12, 14, 19, 3, 22, 16, 8, 8, 15, 13, 7, 8, 18, 2, 14, 5, 10, 7, 23, 19, 6, 13, 5, 3, 10, 22, 4, 7, 18, 20, 18, 14, 9, 19, 15, 13, 5, 16, 21, 1, 12, 19, 14, 4, 12, 19, 15, 19, 4, 21, 16, 14, 19, 7, 23, 19, 12, 15, 20, 9, 11, 4, 7, 19, 13, 2, 15, 10, 22, 7, 3, 10, 13, 1, 3, 2, 17, 9, 21, 16, 3, 19 ], [ 10, 12, 7, 7, 3, 0, 4, 15, 8, 10, 11, 18, 14, 10, 7, 18, 4, 7, 6, 17, 14, 11, 9, 9, 9, 11, 16, 4, 19, 13, 5, 9, 15, 10, 8, 10, 17, 2, 11, 4, 7, 3, 20, 16, 5, 13, 5, 5, 7, 20, 5, 4, 15, 16, 16, 14, 7, 17, 14, 12, 2, 15, 18, 4, 12, 16, 11, 7, 8, 16, 12, 17, 1, 19, 13, 10, 15, 7, 20, 16, 9, 12, 17, 6, 11, 6, 5, 18, 10, 3, 14, 11, 19, 6, 1, 7, 9, 4, 6, 6, 14, 6, 19, 13, 5, 15 ], [ 11, 9, 10, 11, 5, 4, 0, 11, 11, 6, 8, 14, 13, 7, 6, 16, 3, 4, 7, 15, 10, 10, 6, 5, 12, 10, 15, 2, 17, 15, 6, 6, 12, 8, 4, 8, 13, 3, 12, 1, 10, 4, 18, 14, 1, 9, 8, 5, 6, 17, 3, 4, 14, 16, 13, 10, 5, 14, 10, 8, 6, 11, 17, 4, 8, 14, 10, 7, 9, 15, 15, 14, 3, 16, 12, 12, 15, 3, 18, 15, 11, 10, 15, 5, 7, 5, 9, 14, 10, 6, 10, 7, 18, 2, 5, 8, 10, 4, 7, 7, 15, 9, 16, 12, 8, 17 ], [ 19, 8, 21, 21, 15, 15, 11, 0, 22, 5, 4, 6, 17, 7, 12, 14, 12, 10, 16, 14, 6, 15, 9, 6, 23, 16, 18, 12, 16, 23, 15, 8, 3, 12, 8, 9, 7, 13, 21, 11, 20, 14, 14, 16, 11, 3, 19, 13, 13, 12, 11, 13, 17, 21, 10, 1, 10, 10, 3, 6, 17, 5, 21, 13, 3, 11, 14, 14, 17, 20, 24, 7, 14, 12, 16, 20, 21, 8, 19, 17, 21, 15, 17, 13, 4, 12, 20, 6, 17, 17, 4, 5, 19, 9, 15, 16, 19, 14, 15, 16, 22, 19, 9, 17, 17, 24 ], [ 8, 19, 2, 1, 10, 8, 11, 22, 0, 17, 19, 24, 16, 18, 14, 22, 10, 15, 7, 20, 20, 13, 16, 16, 3, 12, 16, 11, 22, 9, 8, 17, 23, 14, 15, 18, 22, 10, 8, 11, 4, 8, 24, 18, 12, 20, 6, 13, 11, 25, 13, 9, 17, 16, 20, 21, 13, 22, 21, 18, 5, 21, 17, 11, 19, 21, 14, 14, 8, 16, 7, 23, 8, 24, 15, 8, 15, 14, 22, 17, 4, 14, 18, 10, 18, 14, 4, 24, 11, 8, 20, 18, 21, 13, 8, 9, 8, 11, 13, 11, 11, 4, 25, 13, 10, 12 ], [ 14, 8, 16, 16, 11, 10, 6, 5, 17, 0, 4, 8, 13, 6, 10, 12, 7, 7, 11, 12, 5, 11, 7, 3, 17, 11, 14, 8, 14, 18, 9, 6, 7, 7, 4, 8, 8, 9, 15, 6, 14, 9, 14, 12, 5, 3, 14, 9, 7, 12, 8, 8, 13, 16, 8, 5, 5, 10, 4, 3, 12, 5, 17, 9, 2, 9, 10, 11, 12, 16, 19, 8, 9, 12, 11, 15, 16, 3, 16, 13, 16, 10, 14, 8, 2, 8, 15, 8, 12, 12, 4, 3, 16, 4, 11, 11, 13, 10, 11, 12, 17, 13, 10, 13, 13, 19 ], [ 17, 4, 18, 18, 11, 11, 8, 4, 19, 4, 0, 9, 16, 4, 8, 15, 9, 6, 14, 15, 7, 14, 5, 2, 20, 15, 18, 8, 17, 21, 12, 4, 4, 11, 4, 6, 10, 10, 19, 8, 17, 12, 17, 16, 8, 4, 15, 9, 11, 15, 7, 11, 17, 20, 11, 3, 9, 12, 5, 6, 14, 7, 21, 10, 3, 13, 13, 10, 15, 19, 22, 10, 11, 14, 15, 18, 20, 5, 20, 17, 19, 14, 17, 11, 2, 8, 17, 9, 15, 13, 6, 1, 20, 6, 12, 14, 17, 10, 11, 12, 20, 16, 12, 17, 13, 22 ], [ 20, 13, 23, 24, 19, 18, 14, 6, 24, 8, 9, 0, 15, 13, 17, 9, 14, 15, 18, 11, 5, 14, 14, 10, 24, 15, 16, 16, 11, 23, 16, 13, 8, 11, 12, 15, 3, 17, 21, 14, 21, 16, 10, 13, 13, 6, 23, 18, 13, 7, 16, 16, 14, 19, 7, 7, 12, 6, 4, 6, 20, 3, 18, 18, 7, 7, 13, 19, 18, 18, 25, 2, 17, 7, 14, 21, 19, 12, 15, 15, 22, 14, 14, 14, 8, 16, 23, 1, 16, 21, 4, 9, 16, 12, 19, 17, 19, 18, 19, 20, 21, 21, 4, 16, 22, 23 ], [ 8, 20, 13, 15, 17, 14, 13, 17, 16, 13, 16, 15, 0, 18, 19, 8, 11, 17, 9, 5, 11, 3, 18, 15, 14, 4, 2, 15, 7, 9, 9, 18, 19, 6, 15, 20, 12, 15, 9, 13, 12, 11, 10, 3, 12, 14, 18, 18, 8, 11, 17, 11, 1, 4, 8, 17, 9, 10, 14, 11, 15, 13, 4, 17, 14, 8, 3, 20, 7, 3, 12, 13, 13, 10, 1, 9, 4, 14, 6, 1, 12, 3, 3, 8, 14, 18, 17, 14, 5, 17, 13, 16, 5, 12, 15, 8, 8, 17, 20, 20, 7, 12, 13, 2, 20, 9 ], [ 18, 2, 17, 17, 9, 10, 7, 7, 18, 6, 4, 13, 18, 0, 5, 18, 9, 3, 14, 18, 11, 16, 2, 3, 19, 16, 20, 7, 20, 22, 12, 1, 6, 13, 3, 2, 13, 8, 19, 8, 17, 11, 20, 18, 7, 7, 13, 6, 12, 18, 5, 11, 19, 22, 15, 6, 10, 16, 9, 9, 12, 10, 23, 7, 7, 16, 15, 7, 16, 21, 22, 13, 10, 18, 17, 19, 21, 5, 22, 19, 18, 16, 20, 12, 5, 5, 15, 13, 16, 11, 9, 3, 22, 7, 10, 14, 17, 7, 8, 9, 21, 15, 16, 18, 11, 23 ], [ 17, 6, 15, 14, 4, 7, 6, 12, 14, 10, 8, 17, 19, 5, 0, 21, 9, 3, 13, 20, 14, 17, 4, 7, 16, 16, 21, 4, 23, 20, 11, 5, 12, 14, 6, 4, 17, 5, 18, 7, 14, 10, 23, 20, 7, 12, 9, 2, 12, 22, 3, 10, 20, 22, 18, 11, 11, 19, 13, 13, 9, 14, 23, 3, 11, 19, 16, 1, 15, 22, 19, 18, 8, 21, 18, 17, 22, 6, 24, 21, 16, 17, 21, 12, 9, 1, 11, 17, 16, 7, 13, 8, 24, 7, 7, 14, 16, 3, 2, 4, 21, 13, 20, 18, 6, 22 ], [ 15, 19, 20, 21, 21, 18, 16, 14, 22, 12, 15, 9, 8, 18, 21, 0, 14, 18, 15, 2, 8, 9, 19, 15, 21, 10, 8, 18, 2, 17, 14, 18, 16, 8, 16, 20, 7, 18, 16, 15, 18, 15, 2, 5, 15, 11, 23, 20, 11, 4, 19, 15, 7, 11, 4, 14, 11, 4, 11, 9, 20, 9, 10, 20, 12, 3, 8, 22, 14, 10, 20, 7, 17, 2, 7, 16, 12, 15, 6, 7, 19, 8, 6, 12, 13, 20, 22, 9, 12, 21, 10, 15, 7, 14, 19, 13, 15, 20, 22, 23, 15, 18, 6, 10, 23, 16 ], [ 8, 11, 9, 9, 7, 4, 3, 12, 10, 7, 9, 14, 11, 9, 9, 14, 0, 7, 5, 13, 10, 8, 9, 7, 11, 7, 12, 5, 15, 12, 3, 9, 13, 6, 6, 11, 13, 4, 10, 2, 8, 2, 16, 12, 2, 10, 9, 8, 3, 16, 6, 1, 11, 13, 11, 11, 3, 13, 11, 8, 6, 11, 14, 7, 9, 12, 7, 10, 6, 13, 12, 13, 3, 15, 9, 9, 13, 5, 16, 12, 9, 8, 13, 3, 8, 8, 9, 14, 7, 7, 10, 9, 16, 3, 5, 5, 8, 7, 9, 9, 12, 7, 15, 9, 9, 14 ], [ 15, 5, 14, 14, 5, 7, 4, 10, 15, 7, 6, 15, 17, 3, 3, 18, 7, 0, 12, 18, 12, 15, 2, 4, 16, 14, 19, 3, 20, 19, 10, 3, 9, 12, 3, 3, 14, 5, 17, 5, 14, 9, 20, 18, 5, 9, 10, 3, 10, 19, 2, 8, 18, 20, 15, 9, 9, 16, 11, 10, 9, 12, 21, 4, 8, 16, 14, 4, 14, 20, 19, 15, 7, 19, 16, 16, 20, 4, 22, 18, 16, 14, 19, 10, 6, 2, 12, 14, 14, 8, 11, 5, 22, 5, 7, 12, 15, 4, 5, 6, 19, 12, 17, 17, 8, 21 ], [ 4, 16, 5, 6, 9, 6, 7, 16, 7, 11, 14, 18, 9, 14, 13, 15, 5, 12, 0, 13, 13, 7, 13, 12, 7, 5, 10, 8, 16, 8, 2, 13, 18, 7, 11, 15, 16, 7, 5, 6, 3, 3, 17, 11, 7, 14, 9, 11, 4, 18, 10, 3, 10, 10, 13, 16, 6, 15, 15, 12, 6, 15, 12, 10, 13, 14, 7, 13, 3, 10, 8, 16, 5, 17, 9, 5, 10, 10, 15, 11, 5, 7, 12, 3, 12, 11, 8, 17, 4, 9, 14, 13, 15, 8, 7, 2, 3, 10, 12, 12, 8, 3, 18, 7, 11, 10 ], [ 13, 19, 18, 19, 19, 17, 15, 14, 20, 12, 15, 11, 5, 18, 20, 2, 13, 18, 13, 0, 8, 7, 18, 14, 19, 8, 6, 17, 3, 15, 12, 18, 17, 7, 15, 20, 8, 17, 14, 14, 16, 14, 4, 3, 13, 12, 21, 19, 10, 6, 18, 13, 4, 9, 4, 14, 10, 5, 11, 9, 18, 9, 8, 19, 12, 3, 6, 21, 12, 8, 17, 8, 16, 5, 5, 14, 9, 14, 5, 5, 17, 6, 4, 11, 13, 19, 20, 10, 9, 20, 10, 15, 5, 13, 18, 11, 12, 19, 21, 22, 13, 16, 8, 8, 22, 14 ], [ 15, 12, 18, 19, 15, 14, 10, 6, 20, 5, 7, 5, 11, 11, 14, 8, 10, 12, 13, 8, 0, 10, 11, 8, 20, 11, 13, 12, 10, 19, 12, 11, 9, 7, 9, 13, 3, 13, 17, 10, 17, 12, 9, 10, 9, 3, 18, 14, 9, 8, 12, 11, 11, 15, 4, 6, 7, 5, 3, 2, 16, 2, 15, 14, 4, 5, 9, 16, 13, 14, 20, 4, 13, 7, 10, 16, 15, 8, 13, 12, 18, 10, 11, 10, 6, 13, 19, 4, 12, 17, 2, 7, 13, 8, 15, 12, 15, 14, 16, 17, 17, 16, 6, 12, 18, 19 ], [ 6, 18, 11, 13, 14, 11, 10, 15, 13, 11, 14, 14, 3, 16, 17, 9, 8, 15, 7, 7, 10, 0, 16, 13, 12, 1, 5, 13, 9, 9, 6, 15, 17, 3, 13, 18, 12, 12, 7, 10, 9, 8, 11, 5, 9, 12, 15, 15, 5, 12, 14, 8, 4, 6, 8, 15, 6, 10, 13, 10, 12, 12, 7, 14, 12, 8, 1, 17, 5, 5, 11, 12, 10, 11, 2, 7, 6, 11, 9, 4, 10, 1, 5, 5, 12, 15, 14, 14, 3, 14, 11, 14, 8, 9, 12, 5, 6, 14, 17, 17, 7, 10, 13, 2, 17, 9 ], [ 17, 3, 16, 16, 7, 9, 6, 9, 16, 7, 5, 14, 18, 2, 4, 19, 9, 2, 13, 18, 11, 16, 0, 4, 18, 15, 20, 5, 20, 21, 12, 1, 8, 13, 3, 2, 14, 7, 18, 7, 15, 10, 20, 19, 7, 8, 12, 5, 11, 19, 4, 10, 19, 22, 15, 8, 9, 16, 10, 10, 11, 11, 22, 6, 8, 16, 15, 5, 15, 21, 20, 15, 9, 18, 17, 18, 21, 4, 23, 19, 17, 15, 20, 11, 6, 3, 13, 14, 16, 9, 10, 5, 22, 6, 9, 14, 16, 6, 6, 7, 21, 14, 17, 18, 9, 22 ], [ 15, 5, 16, 16, 9, 9, 5, 6, 16, 3, 2, 10, 15, 3, 7, 15, 7, 4, 12, 14, 8, 13, 4, 0, 17, 13, 17, 6, 17, 19, 10, 3, 6, 9, 2, 6, 10, 7, 16, 6, 15, 9, 16, 15, 5, 5, 13, 7, 9, 15, 5, 8, 15, 19, 11, 5, 7, 12, 6, 6, 11, 8, 19, 7, 4, 12, 12, 8, 13, 18, 19, 11, 8, 15, 14, 16, 18, 2, 19, 16, 16, 12, 16, 9, 2, 6, 14, 10, 13, 11, 6, 2, 19, 4, 9, 12, 14, 8, 9, 10, 18, 14, 13, 15, 11, 20 ], [ 6, 21, 2, 3, 12, 9, 12, 23, 3, 17, 20, 24, 14, 19, 16, 21, 11, 16, 7, 19, 20, 12, 18, 17, 0, 11, 14, 13, 21, 7, 8, 19, 24, 13, 16, 20, 22, 11, 6, 12, 3, 8, 23, 17, 12, 20, 9, 15, 11, 24, 14, 9, 15, 13, 20, 22, 13, 22, 21, 18, 7, 21, 15, 13, 20, 20, 13, 16, 7, 14, 4, 23, 9, 23, 14, 6, 12, 15, 20, 15, 2, 12, 17, 10, 19, 15, 6, 24, 9, 10, 20, 19, 19, 13, 10, 8, 6, 13, 15, 14, 9, 4, 24, 11, 12, 10 ], [ 5, 18, 10, 11, 14, 11, 10, 16, 12, 11, 15, 15, 4, 16, 16, 10, 7, 14, 5, 8, 11, 1, 15, 13, 11, 0, 5, 12, 11, 8, 5, 15, 18, 4, 13, 17, 13, 11, 6, 9, 8, 7, 12, 6, 9, 13, 14, 15, 4, 14, 13, 7, 5, 6, 10, 15, 6, 11, 14, 10, 11, 13, 7, 14, 13, 10, 2, 17, 4, 5, 10, 14, 10, 12, 3, 6, 5, 11, 10, 5, 8, 2, 6, 5, 13, 15, 13, 15, 1, 13, 12, 14, 9, 9, 12, 4, 4, 14, 16, 16, 6, 8, 14, 2, 16, 8 ], [ 8, 22, 14, 16, 19, 16, 15, 18, 16, 14, 18, 16, 2, 20, 21, 8, 12, 19, 10, 6, 13, 5, 20, 17, 14, 5, 0, 17, 8, 9, 11, 20, 21, 7, 17, 22, 13, 17, 9, 14, 12, 12, 10, 4, 14, 16, 19, 20, 9, 12, 18, 12, 2, 3, 10, 18, 11, 11, 16, 13, 16, 14, 2, 19, 16, 9, 5, 22, 8, 2, 12, 14, 15, 11, 3, 9, 3, 16, 5, 2, 12, 5, 3, 10, 16, 20, 18, 16, 6, 19, 14, 18, 4, 14, 17, 9, 8, 19, 21, 21, 7, 13, 14, 3, 21, 8 ], [ 12, 8, 11, 11, 3, 4, 2, 12, 11, 8, 8, 16, 15, 7, 4, 18, 5, 3, 8, 17, 12, 13, 5, 6, 13, 12, 17, 0, 19, 16, 7, 6, 12, 10, 4, 7, 15, 2, 14, 3, 10, 6, 20, 17, 3, 10, 7, 3, 8, 19, 2, 5, 16, 18, 15, 11, 7, 16, 12, 10, 6, 13, 19, 2, 10, 16, 12, 5, 11, 18, 16, 16, 4, 18, 14, 13, 17, 4, 21, 17, 12, 13, 17, 7, 8, 3, 8, 16, 12, 5, 12, 8, 20, 4, 4, 9, 12, 2, 4, 5, 16, 9, 18, 14, 6, 18 ], [ 15, 21, 20, 22, 22, 19, 17, 16, 22, 14, 17, 11, 7, 20, 23, 2, 15, 20, 16, 3, 10, 9, 20, 17, 21, 11, 8, 19, 0, 17, 15, 20, 18, 9, 17, 22, 9, 20, 16, 17, 18, 16, 3, 4, 16, 13, 24, 22, 12, 5, 20, 16, 6, 10, 6, 16, 12, 6, 13, 11, 21, 11, 9, 21, 14, 5, 9, 24, 14, 9, 19, 9, 18, 4, 7, 16, 11, 16, 4, 6, 19, 9, 5, 13, 15, 21, 23, 11, 12, 23, 12, 17, 5, 15, 21, 14, 15, 22, 24, 24, 14, 19, 8, 10, 24, 15 ], [ 4, 23, 7, 9, 16, 13, 15, 23, 9, 18, 21, 23, 9, 22, 20, 17, 12, 19, 8, 15, 19, 9, 21, 19, 7, 8, 9, 16, 17, 0, 9, 21, 25, 11, 18, 23, 20, 15, 2, 14, 6, 10, 19, 12, 14, 20, 14, 18, 10, 21, 18, 11, 11, 7, 17, 22, 13, 19, 21, 18, 12, 20, 9, 17, 20, 17, 10, 21, 6, 8, 3, 21, 13, 19, 10, 3, 6, 17, 15, 11, 5, 9, 12, 10, 19, 19, 12, 22, 6, 15, 20, 21, 13, 15, 14, 7, 5, 17, 19, 19, 3, 8, 22, 7, 18, 3 ], [ 5, 14, 6, 8, 8, 5, 6, 15, 8, 9, 12, 16, 9, 12, 11, 14, 3, 10, 2, 12, 12, 6, 12, 10, 8, 5, 11, 7, 15, 9, 0, 12, 16, 6, 9, 14, 14, 6, 7, 5, 5, 2, 16, 11, 5, 12, 9, 10, 3, 17, 9, 2, 10, 11, 12, 14, 5, 14, 13, 10, 6, 13, 12, 9, 12, 13, 7, 12, 4, 11, 9, 15, 4, 16, 8, 6, 10, 8, 15, 11, 6, 7, 12, 2, 11, 10, 8, 16, 5, 8, 12, 12, 14, 6, 6, 2, 5, 9, 11, 11, 9, 4, 17, 7, 10, 11 ], [ 17, 2, 17, 16, 8, 9, 6, 8, 17, 6, 4, 13, 18, 1, 5, 18, 9, 3, 13, 18, 11, 15, 1, 3, 19, 15, 20, 6, 20, 21, 12, 0, 7, 12, 3, 2, 13, 8, 18, 7, 16, 11, 20, 18, 7, 8, 13, 6, 11, 18, 5, 10, 18, 21, 14, 7, 9, 16, 9, 9, 12, 10, 22, 7, 7, 16, 15, 6, 15, 21, 21, 14, 9, 18, 17, 18, 21, 4, 22, 19, 18, 15, 19, 11, 5, 4, 14, 13, 16, 10, 9, 4, 22, 6, 9, 14, 16, 7, 7, 9, 21, 15, 16, 18, 10, 23 ], [ 21, 6, 22, 22, 15, 15, 12, 3, 23, 7, 4, 8, 19, 6, 12, 16, 13, 9, 18, 17, 9, 17, 8, 6, 24, 18, 21, 12, 18, 25, 16, 7, 0, 14, 8, 8, 10, 14, 22, 12, 21, 15, 17, 18, 11, 5, 19, 12, 14, 15, 11, 15, 19, 23, 13, 3, 12, 13, 6, 8, 18, 7, 23, 13, 5, 14, 16, 13, 19, 22, 25, 10, 15, 15, 18, 22, 23, 8, 22, 20, 23, 17, 20, 15, 5, 11, 21, 9, 19, 17, 7, 5, 22, 10, 16, 18, 20, 13, 14, 15, 24, 20, 12, 20, 17, 26 ], [ 8, 14, 12, 13, 13, 10, 8, 12, 14, 7, 11, 11, 6, 13, 14, 8, 6, 12, 7, 7, 7, 3, 13, 9, 13, 4, 7, 10, 9, 11, 6, 12, 14, 0, 10, 15, 9, 10, 9, 7, 10, 7, 11, 6, 7, 9, 14, 13, 3, 11, 11, 6, 6, 9, 6, 12, 3, 8, 10, 6, 12, 9, 10, 12, 9, 7, 2, 15, 6, 8, 13, 10, 9, 10, 4, 9, 9, 8, 10, 7, 11, 3, 7, 4, 9, 13, 14, 11, 5, 13, 8, 11, 10, 7, 11, 6, 8, 12, 15, 15, 10, 10, 11, 6, 15, 12 ], [ 15, 5, 15, 14, 7, 8, 4, 8, 15, 4, 4, 12, 15, 3, 6, 16, 6, 3, 11, 15, 9, 13, 3, 2, 16, 13, 17, 4, 17, 18, 9, 3, 8, 10, 0, 5, 12, 6, 16, 5, 14, 8, 18, 16, 4, 6, 12, 6, 8, 17, 4, 7, 16, 19, 12, 7, 7, 14, 8, 7, 10, 9, 19, 6, 5, 13, 12, 7, 13, 18, 18, 12, 7, 16, 14, 15, 18, 1, 19, 16, 15, 12, 17, 8, 4, 4, 13, 12, 13, 9, 8, 3, 19, 3, 8, 11, 14, 6, 7, 9, 18, 13, 14, 15, 10, 20 ], [ 19, 2, 18, 17, 8, 10, 8, 9, 18, 8, 6, 15, 20, 2, 4, 20, 11, 3, 15, 20, 13, 18, 2, 6, 20, 17, 22, 7, 22, 23, 14, 2, 8, 15, 5, 0, 15, 8, 20, 9, 17, 12, 22, 20, 9, 10, 13, 6, 13, 21, 5, 12, 21, 23, 17, 9, 11, 18, 11, 11, 12, 13, 24, 7, 9, 18, 17, 5, 17, 23, 22, 16, 10, 20, 19, 20, 23, 6, 24, 21, 19, 17, 22, 13, 7, 4, 15, 15, 18, 11, 11, 6, 24, 8, 10, 15, 18, 7, 6, 8, 23, 16, 18, 20, 10, 24 ], [ 17, 14, 21, 22, 18, 17, 13, 7, 22, 8, 10, 3, 12, 13, 17, 7, 13, 14, 16, 8, 3, 12, 14, 10, 22, 13, 13, 15, 9, 20, 14, 13, 10, 9, 12, 15, 0, 16, 18, 13, 19, 15, 7, 10, 12, 6, 21, 17, 11, 5, 15, 14, 11, 16, 4, 8, 10, 3, 5, 5, 19, 3, 16, 17, 7, 5, 11, 19, 16, 15, 22, 1, 16, 5, 11, 18, 16, 11, 12, 12, 20, 11, 11, 12, 8, 16, 22, 2, 14, 19, 4, 10, 13, 11, 18, 14, 17, 17, 19, 20, 19, 19, 3, 14, 21, 20 ], [ 11, 10, 9, 9, 2, 2, 3, 13, 10, 9, 10, 17, 15, 8, 5, 18, 4, 5, 7, 17, 13, 12, 7, 7, 11, 11, 17, 2, 20, 15, 6, 8, 14, 10, 6, 8, 16, 0, 12, 3, 9, 4, 20, 16, 4, 12, 6, 4, 7, 20, 3, 4, 16, 17, 15, 13, 7, 17, 13, 11, 4, 14, 19, 2, 11, 16, 12, 6, 10, 17, 14, 17, 2, 19, 14, 12, 17, 6, 20, 16, 11, 12, 17, 7, 9, 4, 7, 17, 11, 3, 13, 9, 20, 5, 2, 8, 11, 3, 5, 5, 15, 8, 19, 14, 5, 17 ], [ 1, 21, 6, 8, 14, 11, 12, 21, 8, 15, 19, 21, 9, 19, 18, 16, 10, 17, 5, 14, 17, 7, 18, 16, 6, 6, 9, 14, 16, 2, 7, 18, 22, 9, 16, 20, 18, 12, 0, 12, 4, 8, 18, 11, 12, 18, 13, 16, 8, 19, 15, 9, 10, 8, 15, 20, 10, 17, 19, 16, 10, 18, 9, 15, 18, 15, 8, 18, 3, 8, 4, 19, 10, 18, 9, 1, 7, 15, 14, 10, 4, 8, 11, 8, 17, 17, 10, 20, 5, 13, 17, 18, 13, 12, 12, 5, 2, 15, 17, 16, 3, 6, 20, 6, 15, 5 ], [ 10, 9, 10, 10, 5, 4, 1, 11, 11, 6, 8, 14, 13, 8, 7, 15, 2, 5, 6, 14, 10, 10, 7, 6, 12, 9, 14, 3, 17, 14, 5, 7, 12, 7, 5, 9, 13, 3, 12, 0, 9, 4, 17, 14, 1, 9, 8, 6, 5, 17, 4, 3, 13, 15, 12, 10, 4, 14, 11, 8, 6, 11, 16, 5, 8, 13, 9, 8, 8, 15, 14, 14, 3, 16, 11, 11, 15, 4, 18, 14, 11, 10, 14, 5, 7, 6, 9, 14, 9, 6, 10, 7, 17, 2, 5, 7, 10, 5, 7, 8, 14, 8, 16, 12, 8, 16 ], [ 4, 18, 2, 4, 10, 7, 10, 20, 4, 14, 17, 21, 12, 17, 14, 18, 8, 14, 3, 16, 17, 9, 15, 15, 3, 8, 12, 10, 18, 6, 5, 16, 21, 10, 14, 17, 19, 9, 4, 9, 0, 5, 20, 14, 9, 17, 8, 13, 8, 21, 12, 6, 13, 12, 17, 19, 9, 19, 18, 15, 6, 18, 13, 11, 17, 17, 10, 14, 4, 12, 5, 20, 7, 20, 11, 4, 11, 13, 18, 13, 2, 10, 14, 7, 16, 13, 6, 21, 7, 9, 17, 16, 17, 11, 8, 5, 4, 11, 13, 12, 8, 1, 21, 9, 11, 9 ], [ 7, 13, 7, 7, 7, 3, 4, 14, 8, 9, 12, 16, 11, 11, 10, 15, 2, 9, 3, 14, 12, 8, 10, 9, 8, 7, 12, 6, 16, 10, 2, 11, 15, 7, 8, 12, 15, 4, 8, 4, 5, 0, 18, 13, 4, 12, 7, 8, 4, 18, 7, 1, 12, 13, 13, 14, 5, 15, 13, 10, 5, 13, 14, 7, 11, 14, 8, 10, 5, 12, 10, 16, 2, 17, 10, 8, 12, 7, 17, 12, 7, 8, 13, 3, 10, 9, 7, 16, 7, 6, 12, 11, 16, 5, 5, 4, 6, 7, 9, 9, 11, 5, 17, 9, 9, 13 ], [ 17, 21, 22, 24, 23, 20, 18, 14, 24, 14, 17, 10, 10, 20, 23, 2, 16, 20, 17, 4, 9, 11, 20, 16, 23, 12, 10, 20, 3, 19, 16, 20, 17, 11, 18, 22, 7, 20, 18, 17, 20, 18, 0, 7, 17, 13, 25, 22, 14, 3, 21, 17, 8, 13, 5, 15, 13, 4, 12, 11, 22, 10, 12, 22, 13, 4, 10, 24, 16, 12, 22, 8, 19, 2, 9, 18, 13, 17, 6, 9, 21, 11, 7, 15, 15, 22, 24, 9, 14, 24, 11, 16, 7, 16, 22, 16, 17, 22, 24, 25, 17, 20, 6, 12, 25, 18 ], [ 11, 20, 16, 18, 19, 16, 14, 16, 18, 12, 16, 13, 3, 18, 20, 5, 12, 18, 11, 3, 10, 5, 19, 15, 17, 6, 4, 17, 4, 12, 11, 18, 18, 6, 16, 20, 10, 16, 11, 14, 14, 13, 7, 0, 13, 13, 20, 19, 9, 9, 18, 12, 2, 6, 6, 16, 10, 8, 13, 10, 17, 11, 6, 18, 13, 6, 5, 21, 10, 5, 15, 11, 15, 7, 3, 11, 7, 14, 4, 2, 14, 5, 1, 10, 14, 19, 19, 12, 7, 19, 12, 16, 4, 13, 17, 10, 10, 19, 21, 21, 10, 15, 11, 5, 21, 11 ], [ 10, 9, 10, 11, 6, 5, 1, 11, 12, 5, 8, 13, 12, 7, 7, 15, 2, 5, 7, 13, 9, 9, 7, 5, 12, 9, 14, 3, 16, 14, 5, 7, 11, 7, 4, 9, 12, 4, 12, 1, 9, 4, 17, 13, 0, 8, 9, 6, 5, 16, 5, 3, 13, 15, 12, 10, 4, 13, 10, 8, 7, 10, 16, 5, 8, 12, 9, 8, 9, 14, 14, 13, 4, 15, 11, 11, 14, 3, 17, 13, 11, 9, 14, 4, 6, 6, 10, 13, 9, 7, 9, 7, 17, 1, 5, 7, 10, 6, 8, 8, 14, 8, 15, 11, 9, 16 ], [ 16, 8, 18, 19, 13, 13, 9, 3, 20, 3, 4, 6, 14, 7, 12, 11, 10, 9, 14, 12, 3, 12, 8, 5, 20, 13, 16, 10, 13, 20, 12, 8, 5, 9, 6, 10, 6, 12, 18, 9, 17, 12, 13, 13, 8, 0, 17, 12, 10, 11, 10, 11, 14, 18, 8, 3, 8, 8, 2, 3, 15, 3, 18, 12, 1, 9, 11, 13, 14, 17, 21, 6, 12, 11, 13, 17, 18, 6, 16, 14, 19, 12, 14, 10, 3, 11, 18, 5, 14, 15, 2, 4, 17, 7, 13, 13, 16, 12, 14, 15, 19, 16, 8, 14, 16, 21 ], [ 12, 15, 7, 6, 5, 5, 8, 19, 6, 14, 15, 23, 18, 13, 9, 23, 9, 10, 9, 21, 18, 15, 12, 13, 9, 14, 19, 7, 24, 14, 9, 13, 19, 14, 12, 13, 21, 6, 13, 8, 8, 7, 25, 20, 9, 17, 0, 7, 11, 25, 8, 8, 19, 19, 20, 18, 12, 22, 19, 17, 3, 19, 21, 6, 17, 21, 15, 8, 11, 19, 13, 22, 6, 24, 17, 12, 18, 11, 24, 19, 9, 15, 20, 10, 15, 9, 2, 22, 13, 2, 18, 15, 23, 10, 4, 10, 12, 6, 7, 5, 16, 7, 24, 16, 4, 17 ], [ 15, 7, 13, 12, 3, 5, 5, 13, 13, 9, 9, 18, 18, 6, 2, 20, 8, 3, 11, 19, 14, 15, 5, 7, 15, 15, 20, 3, 22, 18, 10, 6, 12, 13, 6, 6, 17, 4, 16, 6, 13, 8, 22, 19, 6, 12, 7, 0, 11, 22, 2, 8, 19, 21, 17, 12, 10, 19, 13, 12, 7, 14, 22, 2, 11, 18, 15, 2, 13, 20, 18, 18, 6, 21, 17, 16, 20, 6, 23, 19, 14, 15, 20, 10, 9, 1, 9, 17, 15, 5, 13, 8, 23, 7, 5, 12, 14, 1, 2, 3, 19, 11, 20, 17, 5, 21 ], [ 7, 13, 9, 10, 10, 7, 6, 13, 11, 7, 11, 13, 8, 12, 12, 11, 3, 10, 4, 10, 9, 5, 11, 9, 11, 4, 9, 8, 12, 10, 3, 11, 14, 3, 8, 13, 11, 7, 8, 5, 8, 4, 14, 9, 5, 10, 11, 11, 0, 14, 9, 3, 8, 10, 9, 12, 2, 11, 11, 8, 8, 10, 11, 10, 9, 10, 4, 13, 5, 10, 11, 12, 6, 13, 7, 8, 10, 7, 13, 9, 9, 5, 10, 1, 9, 10, 11, 13, 5, 10, 10, 10, 13, 5, 8, 3, 6, 10, 12, 12, 10, 7, 14, 7, 12, 12 ], [ 18, 19, 23, 24, 22, 20, 17, 12, 25, 12, 15, 7, 11, 18, 22, 4, 16, 19, 18, 6, 8, 12, 19, 15, 24, 14, 12, 19, 5, 21, 17, 18, 15, 11, 17, 21, 5, 20, 19, 17, 21, 18, 3, 9, 16, 11, 25, 22, 14, 0, 20, 17, 10, 15, 5, 13, 13, 3, 10, 10, 22, 8, 14, 21, 12, 4, 11, 23, 17, 14, 23, 5, 19, 1, 11, 19, 15, 16, 9, 11, 22, 12, 10, 15, 13, 21, 25, 7, 15, 23, 9, 15, 10, 15, 21, 16, 18, 22, 24, 24, 18, 21, 4, 14, 25, 20 ], [ 14, 7, 13, 12, 4, 5, 3, 11, 13, 8, 7, 16, 17, 5, 3, 19, 6, 2, 10, 18, 12, 14, 4, 5, 14, 13, 18, 2, 20, 18, 9, 5, 11, 11, 4, 5, 15, 3, 15, 4, 12, 7, 21, 18, 5, 10, 8, 2, 9, 20, 0, 7, 17, 19, 15, 10, 8, 17, 12, 10, 7, 13, 21, 2, 9, 16, 13, 4, 12, 19, 17, 16, 5, 19, 15, 15, 19, 4, 22, 18, 14, 14, 18, 9, 7, 1, 10, 15, 13, 6, 11, 7, 21, 5, 5, 11, 13, 2, 4, 5, 18, 11, 18, 16, 6, 20 ], [ 7, 12, 7, 8, 7, 4, 4, 13, 9, 8, 11, 16, 11, 11, 10, 15, 1, 8, 3, 13, 11, 8, 10, 8, 9, 7, 12, 5, 16, 11, 2, 10, 15, 6, 7, 12, 14, 4, 9, 3, 6, 1, 17, 12, 3, 11, 8, 8, 3, 17, 7, 0, 12, 13, 12, 13, 4, 14, 12, 10, 5, 12, 14, 7, 10, 13, 8, 10, 6, 12, 11, 15, 3, 16, 10, 8, 12, 6, 16, 12, 8, 8, 13, 2, 9, 8, 8, 15, 7, 7, 11, 10, 16, 4, 5, 4, 7, 7, 9, 9, 11, 5, 16, 9, 9, 13 ], [ 9, 20, 15, 16, 18, 15, 14, 17, 17, 13, 17, 14, 1, 19, 20, 7, 11, 18, 10, 4, 11, 4, 19, 15, 15, 5, 2, 16, 6, 11, 10, 18, 19, 6, 16, 21, 11, 16, 10, 13, 13, 12, 8, 2, 13, 14, 19, 19, 8, 10, 17, 12, 0, 5, 8, 16, 9, 9, 14, 11, 16, 12, 4, 18, 14, 7, 4, 21, 9, 4, 13, 12, 14, 9, 2, 10, 5, 14, 5, 1, 13, 4, 1, 9, 15, 19, 18, 14, 6, 18, 12, 16, 4, 13, 16, 9, 9, 18, 21, 21, 8, 13, 12, 4, 21, 10 ], [ 8, 24, 13, 15, 20, 16, 16, 21, 16, 16, 20, 19, 4, 22, 22, 11, 13, 20, 10, 9, 15, 6, 22, 19, 13, 6, 3, 18, 10, 7, 11, 21, 23, 9, 19, 23, 16, 17, 8, 15, 12, 13, 13, 6, 15, 18, 19, 21, 10, 15, 19, 13, 5, 0, 12, 21, 12, 14, 18, 15, 16, 17, 2, 20, 18, 12, 7, 23, 8, 1, 10, 17, 15, 14, 5, 8, 1, 17, 7, 4, 11, 6, 5, 11, 18, 21, 17, 18, 6, 19, 17, 20, 6, 15, 17, 9, 8, 20, 22, 22, 5, 13, 17, 4, 21, 5 ], [ 14, 16, 18, 20, 18, 16, 13, 10, 20, 8, 11, 7, 8, 15, 18, 4, 11, 15, 13, 4, 4, 8, 15, 11, 20, 10, 10, 15, 6, 17, 12, 14, 13, 6, 12, 17, 4, 15, 15, 12, 17, 13, 5, 6, 12, 8, 20, 17, 9, 5, 15, 12, 8, 12, 0, 10, 8, 2, 7, 6, 18, 5, 12, 17, 8, 1, 7, 19, 13, 11, 19, 4, 15, 4, 8, 15, 13, 11, 9, 8, 18, 8, 8, 10, 10, 16, 20, 6, 11, 19, 6, 11, 9, 11, 17, 12, 14, 17, 19, 20, 15, 17, 5, 10, 20, 17 ], [ 19, 7, 20, 21, 14, 14, 10, 1, 21, 5, 3, 7, 17, 6, 11, 14, 11, 9, 16, 14, 6, 15, 8, 5, 22, 15, 18, 11, 16, 22, 14, 7, 3, 12, 7, 9, 8, 13, 20, 10, 19, 14, 15, 16, 10, 3, 18, 12, 12, 13, 10, 13, 16, 21, 10, 0, 10, 11, 3, 5, 16, 5, 21, 13, 3, 11, 14, 13, 17, 20, 23, 8, 13, 13, 15, 20, 20, 7, 19, 17, 21, 14, 17, 13, 3, 11, 19, 7, 16, 16, 4, 4, 19, 9, 15, 15, 18, 13, 14, 15, 21, 18, 10, 17, 16, 23 ], [ 9, 11, 11, 12, 9, 7, 5, 10, 13, 5, 9, 12, 9, 10, 11, 11, 3, 9, 6, 10, 7, 6, 9, 7, 13, 6, 11, 7, 12, 13, 5, 9, 12, 3, 7, 11, 10, 7, 10, 4, 9, 5, 13, 10, 4, 8, 12, 10, 2, 13, 8, 4, 9, 12, 8, 10, 0, 10, 9, 6, 9, 8, 13, 9, 7, 9, 6, 12, 7, 11, 13, 11, 6, 12, 8, 10, 12, 5, 14, 10, 11, 6, 10, 3, 7, 9, 12, 11, 7, 10, 8, 8, 13, 3, 8, 5, 8, 9, 11, 12, 12, 9, 12, 8, 12, 14 ], [ 16, 17, 20, 22, 19, 17, 14, 10, 22, 10, 12, 6, 10, 16, 19, 4, 13, 16, 15, 5, 5, 10, 16, 12, 22, 11, 11, 16, 6, 19, 14, 16, 13, 8, 14, 18, 3, 17, 17, 14, 19, 15, 4, 8, 13, 8, 22, 19, 11, 3, 17, 14, 9, 14, 2, 11, 10, 0, 7, 7, 19, 6, 13, 18, 9, 2, 9, 20, 15, 13, 21, 4, 16, 2, 9, 17, 14, 13, 9, 10, 20, 10, 9, 12, 11, 18, 22, 5, 13, 20, 7, 12, 10, 12, 19, 14, 16, 19, 21, 21, 17, 19, 3, 12, 22, 18 ], [ 17, 9, 20, 20, 15, 14, 10, 3, 21, 4, 5, 4, 14, 9, 13, 11, 11, 11, 15, 11, 3, 13, 10, 6, 21, 14, 16, 12, 13, 21, 13, 9, 6, 10, 8, 11, 5, 13, 19, 11, 18, 13, 12, 13, 10, 2, 19, 13, 11, 10, 12, 12, 14, 18, 7, 3, 9, 7, 0, 3, 17, 2, 18, 14, 2, 8, 12, 15, 16, 17, 22, 5, 13, 10, 13, 18, 18, 8, 16, 15, 20, 12, 14, 11, 4, 12, 19, 4, 14, 17, 1, 5, 16, 9, 15, 14, 17, 14, 15, 16, 20, 18, 7, 15, 18, 22 ], [ 14, 10, 17, 18, 13, 12, 8, 6, 18, 3, 6, 6, 11, 9, 13, 9, 8, 10, 12, 9, 2, 10, 10, 6, 18, 10, 13, 10, 11, 18, 10, 9, 8, 6, 7, 11, 5, 11, 16, 8, 15, 10, 11, 10, 8, 3, 17, 12, 8, 10, 10, 10, 11, 15, 6, 5, 6, 7, 3, 0, 14, 3, 15, 12, 3, 7, 9, 14, 12, 14, 19, 5, 11, 9, 10, 15, 15, 6, 14, 12, 17, 9, 12, 8, 4, 11, 17, 6, 11, 15, 2, 6, 14, 6, 13, 11, 14, 12, 14, 15, 16, 15, 7, 12, 16, 18 ], [ 9, 14, 6, 5, 5, 2, 6, 17, 5, 12, 14, 20, 15, 12, 9, 20, 6, 9, 6, 18, 16, 12, 11, 11, 7, 11, 16, 6, 21, 12, 6, 12, 18, 12, 10, 12, 19, 4, 10, 6, 6, 5, 22, 17, 7, 15, 3, 7, 8, 22, 7, 5, 16, 16, 18, 16, 9, 19, 17, 14, 0, 17, 18, 6, 14, 18, 12, 9, 8, 16, 11, 20, 3, 21, 14, 10, 16, 9, 21, 17, 8, 13, 18, 8, 13, 8, 3, 20, 10, 3, 16, 13, 20, 8, 2, 8, 9, 6, 7, 6, 13, 4, 21, 13, 5, 15 ], [ 17, 11, 19, 20, 16, 15, 11, 5, 21, 5, 7, 3, 13, 10, 14, 9, 11, 12, 15, 9, 2, 12, 11, 8, 21, 13, 14, 13, 11, 20, 13, 10, 7, 9, 9, 13, 3, 14, 18, 11, 18, 13, 10, 11, 10, 3, 19, 14, 10, 8, 13, 12, 12, 17, 5, 5, 8, 6, 2, 3, 17, 0, 17, 15, 4, 6, 11, 16, 15, 16, 22, 3, 14, 8, 12, 18, 17, 9, 14, 13, 19, 11, 13, 11, 6, 13, 20, 3, 14, 17, 1, 7, 15, 9, 16, 14, 16, 15, 16, 17, 19, 17, 5, 14, 18, 20 ], [ 9, 24, 15, 17, 21, 18, 17, 21, 17, 17, 21, 18, 4, 23, 23, 10, 14, 21, 12, 8, 15, 7, 22, 19, 15, 7, 2, 19, 9, 9, 12, 22, 23, 10, 19, 24, 16, 19, 9, 16, 13, 14, 12, 6, 16, 18, 21, 22, 11, 14, 21, 14, 4, 2, 12, 21, 13, 13, 18, 15, 18, 17, 0, 21, 18, 11, 7, 24, 10, 2, 12, 16, 17, 13, 6, 10, 3, 18, 6, 4, 13, 7, 4, 12, 19, 22, 19, 18, 8, 21, 17, 20, 4, 16, 19, 11, 9, 21, 23, 23, 7, 14, 16, 5, 23, 7 ], [ 14, 9, 11, 10, 1, 4, 4, 13, 11, 9, 10, 18, 17, 7, 3, 20, 7, 4, 10, 19, 14, 14, 6, 7, 13, 14, 19, 2, 21, 17, 9, 7, 13, 12, 6, 7, 17, 2, 15, 5, 11, 7, 22, 18, 5, 12, 6, 2, 10, 21, 2, 7, 18, 20, 17, 13, 9, 18, 14, 12, 6, 15, 21, 0, 11, 18, 14, 4, 12, 19, 16, 18, 4, 20, 16, 14, 19, 6, 22, 19, 13, 14, 19, 9, 9, 3, 8, 17, 13, 4, 13, 9, 22, 6, 3, 11, 13, 0, 3, 3, 18, 10, 20, 16, 4, 19 ], [ 16, 7, 18, 18, 12, 12, 8, 3, 19, 2, 3, 7, 14, 7, 11, 12, 9, 8, 13, 12, 4, 12, 8, 4, 20, 13, 16, 10, 14, 20, 12, 7, 5, 9, 5, 9, 7, 11, 18, 8, 17, 11, 13, 13, 8, 1, 17, 11, 9, 12, 9, 10, 14, 18, 8, 3, 7, 9, 2, 3, 14, 4, 18, 11, 0, 9, 11, 12, 14, 17, 21, 7, 11, 11, 13, 17, 18, 5, 17, 15, 18, 12, 15, 10, 2, 10, 17, 6, 13, 14, 3, 3, 17, 6, 13, 13, 15, 11, 13, 14, 19, 16, 9, 14, 15, 21 ], [ 14, 17, 19, 20, 19, 16, 14, 11, 21, 9, 13, 7, 8, 16, 19, 3, 12, 16, 14, 3, 5, 8, 16, 12, 20, 10, 9, 16, 5, 17, 13, 16, 14, 7, 13, 18, 5, 16, 15, 13, 17, 14, 4, 6, 12, 9, 21, 18, 10, 4, 16, 13, 7, 12, 1, 11, 9, 2, 8, 7, 18, 6, 11, 18, 9, 0, 7, 20, 13, 11, 19, 5, 15, 3, 7, 15, 12, 12, 8, 8, 18, 8, 7, 11, 11, 17, 21, 7, 11, 19, 7, 12, 8, 12, 17, 12, 14, 18, 20, 21, 15, 17, 5, 10, 21, 16 ], [ 7, 17, 12, 13, 14, 11, 10, 14, 14, 10, 13, 13, 3, 15, 16, 8, 7, 14, 7, 6, 9, 1, 15, 12, 13, 2, 5, 12, 9, 10, 7, 15, 16, 2, 12, 17, 11, 12, 8, 9, 10, 8, 10, 5, 9, 11, 15, 15, 4, 11, 13, 8, 4, 7, 7, 14, 6, 9, 12, 9, 12, 11, 7, 14, 11, 7, 0, 17, 6, 6, 12, 11, 10, 10, 2, 8, 6, 11, 9, 4, 11, 1, 5, 5, 11, 15, 14, 13, 3, 14, 10, 13, 8, 9, 12, 5, 6, 14, 17, 17, 8, 10, 12, 3, 17, 10 ], [ 17, 7, 15, 13, 4, 7, 7, 14, 14, 11, 10, 19, 20, 7, 1, 22, 10, 4, 13, 21, 16, 17, 5, 8, 16, 17, 22, 5, 24, 21, 12, 6, 13, 15, 7, 5, 19, 6, 18, 8, 14, 10, 24, 21, 8, 13, 8, 2, 13, 23, 4, 10, 21, 23, 19, 13, 12, 20, 15, 14, 9, 16, 24, 4, 12, 20, 17, 0, 16, 22, 20, 19, 8, 23, 19, 18, 22, 8, 25, 22, 16, 17, 22, 12, 10, 3, 11, 19, 17, 6, 15, 9, 25, 9, 7, 14, 16, 3, 2, 3, 21, 13, 21, 19, 5, 23 ], [ 2, 18, 6, 8, 12, 8, 9, 17, 8, 12, 15, 18, 7, 16, 15, 14, 6, 14, 3, 12, 13, 5, 15, 13, 7, 4, 8, 11, 14, 6, 4, 15, 19, 6, 13, 17, 16, 10, 3, 8, 4, 5, 16, 10, 9, 14, 11, 13, 5, 17, 12, 6, 9, 8, 13, 17, 7, 15, 16, 12, 8, 15, 10, 12, 14, 13, 6, 16, 0, 8, 7, 16, 8, 16, 7, 3, 7, 11, 13, 9, 5, 5, 10, 4, 14, 14, 10, 17, 2, 11, 14, 15, 12, 9, 9, 2, 1, 12, 15, 14, 6, 5, 17, 5, 13, 7 ], [ 8, 23, 13, 16, 19, 16, 15, 20, 16, 16, 19, 18, 3, 21, 22, 10, 13, 20, 10, 8, 14, 5, 21, 18, 14, 5, 2, 18, 9, 8, 11, 21, 22, 8, 18, 23, 15, 17, 8, 15, 12, 12, 12, 5, 14, 17, 19, 20, 10, 14, 19, 12, 4, 1, 11, 20, 11, 13, 17, 14, 16, 16, 2, 19, 17, 11, 6, 22, 8, 0, 11, 16, 15, 12, 4, 8, 2, 17, 7, 3, 12, 5, 4, 10, 17, 20, 18, 17, 6, 19, 16, 19, 5, 15, 17, 9, 8, 19, 22, 22, 5, 13, 16, 3, 21, 6 ], [ 5, 23, 5, 7, 15, 12, 15, 24, 7, 19, 22, 25, 12, 22, 19, 20, 12, 19, 8, 17, 20, 11, 20, 19, 4, 10, 12, 16, 19, 3, 9, 21, 25, 13, 18, 22, 22, 14, 4, 14, 5, 10, 22, 15, 14, 21, 13, 18, 11, 23, 17, 11, 13, 10, 19, 23, 13, 21, 22, 19, 11, 22, 12, 16, 21, 19, 12, 20, 7, 11, 0, 23, 12, 22, 12, 4, 9, 17, 18, 13, 3, 11, 15, 11, 20, 18, 10, 24, 8, 14, 21, 21, 16, 15, 13, 8, 6, 16, 18, 17, 6, 7, 24, 10, 16, 6 ], [ 18, 14, 22, 23, 19, 17, 14, 7, 23, 8, 10, 2, 13, 13, 18, 7, 13, 15, 16, 8, 4, 12, 15, 11, 23, 14, 14, 16, 9, 21, 15, 14, 10, 10, 12, 16, 1, 17, 19, 14, 20, 16, 8, 11, 13, 6, 22, 18, 12, 5, 16, 15, 12, 17, 4, 8, 11, 4, 5, 5, 20, 3, 16, 18, 7, 5, 11, 19, 16, 16, 23, 0, 16, 5, 12, 19, 17, 12, 13, 13, 21, 12, 12, 13, 9, 17, 22, 2, 15, 20, 4, 10, 14, 12, 18, 15, 17, 18, 19, 20, 19, 20, 2, 14, 21, 21 ], [ 9, 11, 8, 7, 4, 1, 3, 14, 8, 9, 11, 17, 13, 10, 8, 17, 3, 7, 5, 16, 13, 10, 9, 8, 9, 10, 15, 4, 18, 13, 4, 9, 15, 9, 7, 10, 16, 2, 10, 3, 7, 2, 19, 15, 4, 12, 6, 6, 6, 19, 5, 3, 14, 15, 15, 13, 6, 16, 13, 11, 3, 14, 17, 4, 11, 15, 10, 8, 8, 15, 12, 16, 0, 18, 12, 10, 15, 6, 19, 15, 9, 10, 15, 5, 10, 6, 6, 17, 9, 4, 13, 10, 18, 5, 2, 6, 9, 5, 7, 7, 13, 6, 18, 12, 6, 15 ], [ 17, 19, 22, 23, 21, 19, 16, 12, 24, 12, 14, 7, 10, 18, 21, 2, 15, 19, 17, 5, 7, 11, 18, 15, 23, 12, 11, 18, 4, 19, 16, 18, 15, 10, 16, 20, 5, 19, 18, 16, 20, 17, 2, 7, 15, 11, 24, 21, 13, 1, 19, 16, 9, 14, 4, 13, 12, 2, 10, 9, 21, 8, 13, 20, 11, 3, 10, 23, 16, 12, 22, 5, 18, 0, 10, 18, 14, 15, 8, 9, 21, 10, 8, 14, 13, 20, 23, 7, 14, 22, 9, 14, 9, 14, 20, 15, 16, 21, 23, 23, 17, 20, 4, 12, 24, 19 ], [ 8, 19, 13, 15, 16, 13, 12, 16, 15, 11, 15, 14, 1, 17, 18, 7, 9, 16, 9, 5, 10, 2, 17, 14, 14, 3, 3, 14, 7, 10, 8, 17, 18, 4, 14, 19, 11, 14, 9, 11, 11, 10, 9, 3, 11, 13, 17, 17, 7, 11, 15, 10, 2, 5, 8, 15, 8, 9, 13, 10, 14, 12, 6, 16, 13, 7, 2, 19, 7, 4, 12, 12, 12, 10, 0, 9, 5, 13, 7, 2, 12, 2, 3, 7, 13, 17, 16, 13, 4, 16, 12, 15, 6, 11, 14, 7, 7, 16, 19, 19, 8, 12, 12, 3, 19, 9 ], [ 1, 20, 5, 8, 14, 10, 12, 20, 8, 15, 18, 21, 9, 19, 17, 16, 9, 16, 5, 14, 16, 7, 18, 16, 6, 6, 9, 13, 16, 3, 6, 18, 22, 9, 15, 20, 18, 12, 1, 11, 4, 8, 18, 11, 11, 17, 12, 16, 8, 19, 15, 8, 10, 8, 15, 20, 10, 17, 18, 15, 10, 18, 10, 14, 17, 15, 8, 18, 3, 8, 4, 19, 10, 18, 9, 0, 7, 14, 14, 10, 3, 7, 11, 7, 17, 16, 10, 20, 4, 12, 17, 18, 13, 12, 11, 4, 2, 14, 17, 16, 4, 5, 20, 6, 15, 5 ], [ 7, 23, 12, 14, 19, 15, 15, 21, 15, 16, 20, 19, 4, 21, 22, 12, 13, 20, 10, 9, 15, 6, 21, 18, 12, 5, 3, 17, 11, 6, 10, 21, 23, 9, 18, 23, 16, 17, 7, 15, 11, 12, 13, 7, 14, 18, 18, 20, 10, 15, 19, 12, 5, 1, 13, 20, 12, 14, 18, 15, 16, 17, 3, 19, 18, 12, 6, 22, 7, 2, 9, 17, 15, 14, 5, 7, 0, 17, 8, 5, 10, 6, 6, 10, 18, 20, 17, 18, 6, 18, 17, 19, 7, 15, 16, 8, 7, 19, 21, 21, 4, 12, 17, 3, 21, 5 ], [ 13, 6, 14, 14, 7, 7, 3, 8, 14, 3, 5, 12, 14, 5, 6, 15, 5, 4, 10, 14, 8, 11, 4, 2, 15, 11, 16, 4, 16, 17, 8, 4, 8, 8, 1, 6, 11, 6, 15, 4, 13, 7, 17, 14, 3, 6, 11, 6, 7, 16, 4, 6, 14, 17, 11, 7, 5, 13, 8, 6, 9, 9, 18, 6, 5, 12, 11, 8, 11, 17, 17, 12, 6, 15, 13, 14, 17, 0, 18, 15, 14, 11, 15, 7, 4, 5, 12, 11, 12, 9, 7, 4, 18, 2, 8, 10, 13, 6, 8, 9, 17, 12, 14, 13, 10, 19 ], [ 14, 24, 19, 21, 23, 20, 18, 19, 22, 16, 20, 15, 6, 22, 24, 6, 16, 22, 15, 5, 13, 9, 23, 19, 20, 10, 5, 21, 4, 15, 15, 22, 22, 10, 19, 24, 12, 20, 14, 18, 18, 17, 6, 4, 17, 16, 24, 23, 13, 9, 22, 16, 5, 7, 9, 19, 14, 9, 16, 14, 21, 14, 6, 22, 17, 8, 9, 25, 13, 7, 18, 13, 19, 8, 7, 14, 8, 18, 0, 5, 18, 9, 3, 14, 18, 23, 23, 14, 11, 23, 15, 19, 1, 17, 21, 14, 14, 23, 25, 25, 12, 18, 12, 8, 25, 13 ], [ 9, 21, 15, 17, 19, 16, 15, 17, 17, 13, 17, 15, 1, 19, 21, 7, 12, 18, 11, 5, 12, 4, 19, 16, 15, 5, 2, 17, 6, 11, 11, 19, 20, 7, 16, 21, 12, 16, 10, 14, 13, 12, 9, 2, 13, 14, 19, 19, 9, 11, 18, 12, 1, 4, 8, 17, 10, 10, 15, 12, 17, 13, 4, 19, 15, 8, 4, 22, 9, 3, 13, 13, 15, 9, 2, 10, 5, 15, 5, 0, 13, 4, 1, 10, 15, 19, 18, 14, 6, 19, 13, 17, 4, 13, 17, 9, 9, 19, 21, 21, 8, 14, 13, 4, 21, 9 ], [ 4, 20, 2, 4, 12, 9, 11, 21, 4, 16, 19, 22, 12, 18, 16, 19, 9, 16, 5, 17, 18, 10, 17, 16, 2, 8, 12, 12, 19, 5, 6, 18, 23, 11, 15, 19, 20, 11, 4, 11, 2, 7, 21, 14, 11, 19, 9, 14, 9, 22, 14, 8, 13, 11, 18, 21, 11, 20, 20, 17, 8, 19, 13, 13, 18, 18, 11, 16, 5, 12, 3, 21, 9, 21, 12, 3, 10, 14, 18, 13, 0, 10, 14, 8, 17, 15, 7, 22, 7, 10, 19, 18, 17, 12, 9, 6, 4, 13, 15, 14, 7, 3, 22, 9, 13, 8 ], [ 7, 17, 11, 13, 15, 12, 10, 15, 14, 10, 14, 14, 3, 16, 17, 8, 8, 14, 7, 6, 10, 1, 15, 12, 12, 2, 5, 13, 9, 9, 7, 15, 17, 3, 12, 17, 11, 12, 8, 10, 10, 8, 11, 5, 9, 12, 15, 15, 5, 12, 14, 8, 4, 6, 8, 14, 6, 10, 12, 9, 13, 11, 7, 14, 12, 8, 1, 17, 5, 5, 11, 12, 10, 10, 2, 7, 6, 11, 9, 4, 10, 0, 5, 5, 12, 15, 14, 13, 3, 15, 11, 14, 8, 9, 13, 5, 6, 15, 17, 17, 7, 10, 13, 3, 17, 9 ], [ 10, 21, 16, 18, 20, 17, 15, 17, 18, 14, 17, 14, 3, 20, 21, 6, 13, 19, 12, 4, 11, 5, 20, 16, 17, 6, 3, 17, 5, 12, 12, 19, 20, 7, 17, 22, 11, 17, 11, 14, 14, 13, 7, 1, 14, 14, 20, 20, 10, 10, 18, 13, 1, 5, 8, 17, 10, 9, 14, 12, 18, 13, 4, 19, 15, 7, 5, 22, 10, 4, 15, 12, 15, 8, 3, 11, 6, 15, 3, 1, 14, 5, 0, 10, 15, 20, 19, 14, 8, 20, 13, 17, 3, 14, 18, 10, 10, 19, 22, 22, 9, 15, 12, 5, 22, 11 ], [ 6, 13, 8, 10, 9, 6, 5, 13, 10, 8, 11, 14, 8, 12, 12, 12, 3, 10, 3, 11, 10, 5, 11, 9, 10, 5, 10, 7, 13, 10, 2, 11, 15, 4, 8, 13, 12, 7, 8, 5, 7, 3, 15, 10, 4, 10, 10, 10, 1, 15, 9, 2, 9, 11, 10, 13, 3, 12, 11, 8, 8, 11, 12, 9, 10, 11, 5, 12, 4, 10, 11, 13, 5, 14, 7, 7, 10, 7, 14, 10, 8, 5, 10, 0, 9, 10, 10, 14, 5, 9, 10, 10, 13, 5, 7, 3, 6, 9, 12, 12, 10, 6, 15, 7, 11, 12 ], [ 16, 6, 17, 17, 11, 11, 7, 4, 18, 2, 2, 8, 14, 5, 9, 13, 8, 6, 12, 13, 6, 12, 6, 2, 19, 13, 16, 8, 15, 19, 11, 5, 5, 9, 4, 7, 8, 9, 17, 7, 16, 10, 15, 14, 6, 3, 15, 9, 9, 13, 7, 9, 15, 18, 10, 3, 7, 11, 4, 4, 13, 6, 19, 9, 2, 11, 11, 10, 14, 17, 20, 9, 10, 13, 13, 17, 18, 4, 18, 15, 17, 12, 15, 9, 0, 8, 16, 8, 13, 13, 4, 2, 18, 5, 11, 12, 15, 10, 11, 12, 19, 15, 11, 15, 13, 21 ], [ 15, 6, 14, 13, 4, 6, 5, 12, 14, 8, 8, 16, 18, 5, 1, 20, 8, 2, 11, 19, 13, 15, 3, 6, 15, 15, 20, 3, 21, 19, 10, 4, 11, 13, 4, 4, 16, 4, 17, 6, 13, 9, 22, 19, 6, 11, 9, 1, 10, 21, 1, 8, 19, 21, 16, 11, 9, 18, 12, 11, 8, 13, 22, 3, 10, 17, 15, 3, 14, 20, 18, 17, 6, 20, 17, 16, 20, 5, 23, 19, 15, 15, 20, 10, 8, 0, 10, 16, 15, 6, 12, 7, 23, 6, 6, 12, 15, 2, 3, 4, 19, 12, 19, 17, 6, 21 ], [ 10, 16, 5, 3, 7, 5, 9, 20, 4, 15, 17, 23, 17, 15, 11, 22, 9, 12, 8, 20, 19, 14, 13, 14, 6, 13, 18, 8, 23, 12, 8, 14, 21, 14, 13, 15, 22, 7, 10, 9, 6, 7, 24, 19, 10, 18, 2, 9, 11, 25, 10, 8, 18, 17, 20, 19, 12, 22, 19, 17, 3, 20, 19, 8, 17, 21, 14, 11, 10, 18, 10, 22, 6, 23, 16, 10, 17, 12, 23, 18, 7, 14, 19, 10, 16, 10, 0, 23, 12, 4, 19, 16, 22, 11, 5, 9, 10, 8, 9, 8, 14, 5, 24, 15, 6, 15 ], [ 19, 13, 22, 23, 19, 18, 14, 6, 24, 8, 9, 1, 14, 13, 17, 9, 14, 14, 17, 10, 4, 14, 14, 10, 24, 15, 16, 16, 11, 22, 16, 13, 9, 11, 12, 15, 2, 17, 20, 14, 21, 16, 9, 12, 13, 5, 22, 17, 13, 7, 15, 15, 14, 18, 6, 7, 11, 5, 4, 6, 20, 3, 18, 17, 6, 7, 13, 19, 17, 17, 24, 2, 17, 7, 13, 20, 18, 11, 14, 14, 22, 13, 14, 14, 8, 16, 23, 0, 16, 20, 4, 9, 15, 12, 18, 16, 18, 18, 19, 20, 21, 20, 3, 16, 21, 22 ], [ 3, 18, 8, 10, 13, 10, 10, 17, 11, 12, 15, 16, 5, 16, 16, 12, 7, 14, 4, 9, 12, 3, 16, 13, 9, 1, 6, 12, 12, 6, 5, 16, 19, 5, 13, 18, 14, 11, 5, 9, 7, 7, 14, 7, 9, 14, 13, 15, 5, 15, 13, 7, 6, 6, 11, 16, 7, 13, 14, 11, 10, 14, 8, 13, 13, 11, 3, 17, 2, 6, 8, 15, 9, 14, 4, 4, 6, 12, 11, 6, 7, 3, 8, 5, 13, 15, 12, 16, 0, 13, 13, 15, 10, 9, 11, 3, 3, 14, 16, 16, 5, 7, 16, 3, 15, 7 ], [ 12, 12, 8, 7, 2, 3, 6, 17, 8, 12, 13, 21, 17, 11, 7, 21, 7, 8, 9, 20, 17, 14, 9, 11, 10, 13, 19, 5, 23, 15, 8, 10, 17, 13, 9, 11, 19, 3, 13, 6, 9, 6, 24, 19, 7, 15, 2, 5, 10, 23, 6, 7, 18, 19, 19, 16, 10, 20, 17, 15, 3, 17, 21, 4, 14, 19, 14, 6, 11, 19, 14, 20, 4, 22, 16, 12, 18, 9, 23, 19, 10, 15, 20, 9, 13, 6, 4, 20, 13, 0, 16, 12, 23, 8, 2, 10, 12, 4, 5, 4, 16, 7, 22, 16, 2, 18 ], [ 16, 10, 19, 19, 15, 14, 10, 4, 20, 4, 6, 4, 13, 9, 13, 10, 10, 11, 14, 10, 2, 11, 10, 6, 20, 12, 14, 12, 12, 20, 12, 9, 7, 8, 8, 11, 4, 13, 17, 10, 17, 12, 11, 12, 9, 2, 18, 13, 10, 9, 11, 11, 12, 17, 6, 4, 8, 7, 1, 2, 16, 1, 17, 13, 3, 7, 10, 15, 14, 16, 21, 4, 13, 9, 12, 17, 17, 7, 15, 13, 19, 11, 13, 10, 4, 12, 19, 4, 13, 16, 0, 6, 15, 8, 14, 13, 15, 14, 15, 16, 18, 17, 6, 14, 17, 20 ], [ 17, 4, 17, 18, 10, 11, 7, 5, 18, 3, 1, 9, 16, 3, 8, 15, 9, 5, 13, 15, 7, 14, 5, 2, 19, 14, 18, 8, 17, 21, 12, 4, 5, 11, 3, 6, 10, 9, 18, 7, 16, 11, 16, 16, 7, 4, 15, 8, 10, 15, 7, 10, 16, 20, 11, 4, 8, 12, 5, 6, 13, 7, 20, 9, 3, 12, 13, 9, 15, 19, 21, 10, 10, 14, 15, 18, 19, 4, 19, 17, 18, 14, 17, 10, 2, 7, 16, 9, 15, 12, 6, 0, 20, 6, 11, 13, 16, 9, 10, 11, 20, 15, 12, 16, 13, 22 ], [ 13, 24, 18, 20, 22, 19, 18, 19, 21, 16, 20, 16, 5, 22, 24, 7, 16, 22, 15, 5, 13, 8, 22, 19, 19, 9, 4, 20, 5, 13, 14, 22, 22, 10, 19, 24, 13, 20, 13, 17, 17, 16, 7, 4, 17, 17, 23, 23, 13, 10, 21, 16, 4, 6, 9, 19, 13, 10, 16, 14, 20, 15, 4, 22, 17, 8, 8, 25, 12, 5, 16, 14, 18, 9, 6, 13, 7, 18, 1, 4, 17, 8, 3, 13, 18, 23, 22, 15, 10, 23, 15, 20, 0, 17, 21, 13, 13, 22, 25, 25, 11, 17, 13, 7, 25, 12 ], [ 11, 8, 12, 12, 7, 6, 2, 9, 13, 4, 6, 12, 12, 7, 7, 14, 3, 5, 8, 13, 8, 9, 6, 4, 13, 9, 14, 4, 15, 15, 6, 6, 10, 7, 3, 8, 11, 5, 12, 2, 11, 5, 16, 13, 1, 7, 10, 7, 5, 15, 5, 4, 13, 15, 11, 9, 3, 12, 9, 6, 8, 9, 16, 6, 6, 12, 9, 9, 9, 15, 15, 12, 5, 14, 11, 12, 15, 2, 17, 13, 12, 9, 14, 5, 5, 6, 11, 12, 9, 8, 8, 6, 17, 0, 7, 8, 10, 6, 8, 9, 15, 10, 14, 11, 10, 17 ], [ 11, 12, 8, 7, 3, 1, 5, 15, 8, 11, 12, 19, 15, 10, 7, 19, 5, 7, 7, 18, 15, 12, 9, 9, 10, 12, 17, 4, 21, 14, 6, 9, 16, 11, 8, 10, 18, 2, 12, 5, 8, 5, 22, 17, 5, 13, 4, 5, 8, 21, 5, 5, 16, 17, 17, 15, 8, 19, 15, 13, 2, 16, 19, 3, 13, 17, 12, 7, 9, 17, 13, 18, 2, 20, 14, 11, 16, 8, 21, 17, 9, 13, 18, 7, 11, 6, 5, 18, 11, 2, 14, 11, 21, 7, 0, 8, 10, 4, 6, 5, 15, 6, 20, 14, 4, 16 ], [ 4, 16, 6, 8, 10, 7, 8, 16, 9, 11, 14, 17, 8, 14, 14, 13, 5, 12, 2, 11, 12, 5, 14, 12, 8, 4, 9, 9, 14, 7, 2, 14, 18, 6, 11, 15, 14, 8, 5, 7, 5, 4, 16, 10, 7, 13, 10, 12, 3, 16, 11, 4, 9, 9, 12, 15, 5, 14, 14, 11, 8, 14, 11, 11, 13, 12, 5, 14, 2, 9, 8, 15, 6, 15, 7, 4, 8, 10, 14, 9, 6, 5, 10, 3, 12, 12, 9, 16, 3, 10, 13, 13, 13, 8, 8, 0, 3, 11, 13, 13, 7, 5, 16, 6, 12, 9 ], [ 1, 19, 6, 8, 13, 9, 10, 19, 8, 13, 17, 19, 8, 17, 16, 15, 8, 15, 3, 12, 15, 6, 16, 14, 6, 4, 8, 12, 15, 5, 5, 16, 20, 8, 14, 18, 17, 11, 2, 10, 4, 6, 17, 10, 10, 16, 12, 14, 6, 18, 13, 7, 9, 8, 14, 18, 8, 16, 17, 14, 9, 16, 9, 13, 15, 14, 6, 16, 1, 8, 6, 17, 9, 16, 7, 2, 7, 13, 14, 9, 4, 6, 10, 6, 15, 15, 10, 18, 3, 12, 15, 16, 13, 10, 10, 3, 0, 13, 15, 15, 5, 5, 18, 5, 14, 6 ], [ 14, 8, 11, 11, 1, 4, 4, 14, 11, 10, 10, 18, 17, 7, 3, 20, 7, 4, 10, 19, 14, 14, 6, 8, 13, 14, 19, 2, 22, 17, 9, 7, 13, 12, 6, 7, 17, 3, 15, 5, 11, 7, 22, 19, 6, 12, 6, 1, 10, 22, 2, 7, 18, 20, 17, 13, 9, 19, 14, 12, 6, 15, 21, 0, 11, 18, 14, 3, 12, 19, 16, 18, 5, 21, 16, 14, 19, 6, 23, 19, 13, 15, 19, 9, 10, 2, 8, 18, 14, 4, 14, 9, 22, 6, 4, 11, 13, 0, 2, 3, 18, 10, 20, 16, 4, 20 ], [ 16, 8, 13, 12, 3, 6, 7, 15, 13, 11, 11, 19, 20, 8, 2, 22, 9, 5, 12, 21, 16, 17, 6, 9, 15, 16, 21, 4, 24, 19, 11, 7, 14, 15, 7, 6, 19, 5, 17, 7, 13, 9, 24, 21, 8, 14, 7, 2, 12, 24, 4, 9, 21, 22, 19, 14, 11, 21, 15, 14, 7, 16, 23, 3, 13, 20, 17, 2, 15, 22, 18, 19, 7, 23, 19, 17, 21, 8, 25, 21, 15, 17, 22, 12, 11, 3, 9, 19, 16, 5, 15, 10, 25, 8, 6, 13, 15, 2, 0, 2, 20, 12, 21, 18, 4, 22 ], [ 15, 10, 12, 11, 2, 6, 7, 16, 11, 12, 12, 20, 20, 9, 4, 23, 9, 6, 12, 22, 17, 17, 7, 10, 14, 16, 21, 5, 24, 19, 11, 9, 15, 15, 9, 8, 20, 5, 16, 8, 12, 9, 25, 21, 8, 15, 5, 3, 12, 24, 5, 9, 21, 22, 20, 15, 12, 21, 16, 15, 6, 17, 23, 3, 14, 21, 17, 3, 14, 22, 17, 20, 7, 23, 19, 16, 21, 9, 25, 21, 14, 17, 22, 12, 12, 4, 8, 20, 16, 4, 16, 11, 25, 9, 5, 13, 15, 3, 2, 0, 20, 11, 22, 18, 2, 21 ], [ 4, 23, 9, 11, 17, 14, 15, 22, 11, 17, 20, 21, 7, 21, 21, 15, 12, 19, 8, 13, 17, 7, 21, 18, 9, 6, 7, 16, 14, 3, 9, 21, 24, 10, 18, 23, 19, 15, 3, 14, 8, 11, 17, 10, 14, 19, 16, 19, 10, 18, 18, 11, 8, 5, 15, 21, 12, 17, 20, 16, 13, 19, 7, 18, 19, 15, 8, 21, 6, 5, 6, 19, 13, 17, 8, 4, 4, 17, 12, 8, 7, 7, 9, 10, 19, 19, 14, 21, 5, 16, 18, 20, 11, 15, 15, 7, 5, 18, 20, 20, 0, 9, 20, 5, 19, 2 ], [ 5, 17, 2, 3, 9, 6, 9, 19, 4, 13, 16, 21, 12, 15, 13, 18, 7, 12, 3, 16, 16, 10, 14, 14, 4, 8, 13, 9, 19, 8, 4, 15, 20, 10, 13, 16, 19, 8, 6, 8, 1, 5, 20, 15, 8, 16, 7, 11, 7, 21, 11, 5, 13, 13, 17, 18, 9, 19, 18, 15, 4, 17, 14, 10, 16, 17, 10, 13, 5, 13, 7, 20, 6, 20, 12, 5, 12, 12, 18, 14, 3, 10, 15, 6, 15, 12, 5, 20, 7, 7, 17, 15, 17, 10, 6, 5, 5, 10, 12, 11, 9, 0, 21, 10, 10, 11 ], [ 19, 16, 23, 24, 21, 19, 16, 9, 25, 10, 12, 4, 13, 16, 20, 6, 15, 17, 18, 8, 6, 13, 17, 13, 24, 14, 14, 18, 8, 22, 17, 16, 12, 11, 14, 18, 3, 19, 20, 16, 21, 17, 6, 11, 15, 8, 24, 20, 14, 4, 18, 16, 12, 17, 5, 10, 12, 3, 7, 7, 21, 5, 16, 20, 9, 5, 12, 21, 17, 16, 24, 2, 18, 4, 12, 20, 17, 14, 12, 13, 22, 13, 12, 15, 11, 19, 24, 3, 16, 22, 6, 12, 13, 14, 20, 16, 18, 20, 21, 22, 20, 21, 0, 15, 23, 22 ], [ 5, 20, 11, 13, 16, 13, 12, 17, 13, 13, 17, 16, 2, 18, 18, 10, 9, 17, 7, 8, 12, 2, 18, 15, 11, 2, 3, 14, 10, 7, 7, 18, 20, 6, 15, 20, 14, 14, 6, 12, 9, 9, 12, 5, 11, 14, 16, 17, 7, 14, 16, 9, 4, 4, 10, 17, 8, 12, 15, 12, 13, 14, 5, 16, 14, 10, 3, 19, 5, 3, 10, 14, 12, 12, 3, 6, 3, 13, 8, 4, 9, 3, 5, 7, 15, 17, 15, 16, 3, 16, 14, 16, 7, 11, 14, 6, 5, 16, 18, 18, 5, 10, 15, 0, 18, 7 ], [ 15, 12, 11, 9, 3, 5, 8, 17, 10, 13, 13, 22, 20, 11, 6, 23, 9, 8, 11, 22, 18, 17, 9, 11, 12, 16, 21, 6, 24, 18, 10, 10, 17, 15, 10, 10, 21, 5, 15, 8, 11, 9, 25, 21, 9, 16, 4, 5, 12, 25, 6, 9, 21, 21, 20, 16, 12, 22, 18, 16, 5, 18, 23, 4, 15, 21, 17, 5, 13, 21, 16, 21, 6, 24, 19, 15, 21, 10, 25, 21, 13, 17, 22, 11, 13, 6, 6, 21, 15, 2, 17, 13, 25, 10, 4, 12, 14, 4, 4, 2, 19, 10, 23, 18, 0, 20 ], [ 6, 25, 10, 12, 19, 15, 17, 24, 12, 19, 22, 23, 9, 23, 22, 16, 14, 21, 10, 14, 19, 9, 22, 20, 10, 8, 8, 18, 15, 3, 11, 23, 26, 12, 20, 24, 20, 17, 5, 16, 9, 13, 18, 11, 16, 21, 17, 21, 12, 20, 20, 13, 10, 5, 17, 23, 14, 18, 22, 18, 15, 20, 7, 19, 21, 16, 10, 23, 7, 6, 6, 21, 15, 19, 9, 5, 5, 19, 13, 9, 8, 9, 11, 12, 21, 21, 15, 22, 7, 18, 20, 22, 12, 17, 16, 9, 6, 20, 22, 21, 2, 11, 22, 7, 20, 0 ] ]
}