{
  "version" : "0.3",
  "id" : 273584537,
  "name" : "PTP-RAND-2_16_6_64",
  "coordType" : "Eucl",
  "sameVehicleBackward" : false,
  "maxWaitTime" : "00h30",
  "places" : [ {
    "id" : 0,
    "lat" : 4.491604369178566,
    "long" : -11.861494759420536,
    "category" : 0
  }, {
    "id" : 1,
    "lat" : -7.73894249371403,
    "long" : 4.67311180529809,
    "category" : 0
  }, {
    "id" : 2,
    "lat" : 4.446260298432975,
    "long" : 1.5469107840438672,
    "category" : 0
  }, {
    "id" : 3,
    "lat" : 3.43889377257976,
    "long" : 5.380707191628245,
    "category" : 0
  }, {
    "id" : 4,
    "lat" : 0.8411717364390533,
    "long" : -4.902791486624002,
    "category" : 0
  }, {
    "id" : 5,
    "lat" : 7.421360741848996,
    "long" : 6.741693879524898,
    "category" : 0
  }, {
    "id" : 6,
    "lat" : -0.6134459802923735,
    "long" : 4.531977850113308,
    "category" : 0
  }, {
    "id" : 7,
    "lat" : 3.0251103906019576,
    "long" : 7.177172697009434,
    "category" : 0
  }, {
    "id" : 8,
    "lat" : 1.8487985582057134,
    "long" : -0.9384560509719596,
    "category" : 0
  }, {
    "id" : 9,
    "lat" : 8.121149914428331,
    "long" : 0.24169067510157452,
    "category" : 0
  }, {
    "id" : 10,
    "lat" : -9.744556766844761,
    "long" : -4.193220014715867,
    "category" : 0
  }, {
    "id" : 11,
    "lat" : 8.637917011616858,
    "long" : 7.22968576648693,
    "category" : 0
  }, {
    "id" : 12,
    "lat" : -4.8080637758088,
    "long" : 7.83253569921383,
    "category" : 0
  }, {
    "id" : 13,
    "lat" : 3.2794609027503934,
    "long" : -5.953752209644696,
    "category" : 0
  }, {
    "id" : 14,
    "lat" : -10.499248270620603,
    "long" : 6.917904917197583,
    "category" : 0
  }, {
    "id" : 15,
    "lat" : 2.7490404113899745,
    "long" : 4.915474444107005,
    "category" : 0
  }, {
    "id" : 16,
    "lat" : -7.9788167020983485,
    "long" : 0.4682115320073855,
    "category" : 1
  }, {
    "id" : 17,
    "lat" : 7.392835320793714,
    "long" : -9.384054562557173,
    "category" : 2
  }, {
    "id" : 18,
    "lat" : -9.30207912419001,
    "long" : 4.920402919790864,
    "category" : 2
  }, {
    "id" : 19,
    "lat" : 2.3154799067352925,
    "long" : -2.548182591124968,
    "category" : 2
  }, {
    "id" : 20,
    "lat" : 11.270870572140106,
    "long" : 2.5908756648451474,
    "category" : 2
  }, {
    "id" : 21,
    "lat" : -2.596704901090915,
    "long" : 8.312828032287056,
    "category" : 2
  }, {
    "id" : 22,
    "lat" : 8.11971789629658,
    "long" : -8.926868057543958,
    "category" : 2
  }, {
    "id" : 23,
    "lat" : -9.440310630165552,
    "long" : 0.0376029696893415,
    "category" : 2
  }, {
    "id" : 24,
    "lat" : 8.504893934659792,
    "long" : -2.220270441487166,
    "category" : 2
  }, {
    "id" : 25,
    "lat" : 1.0557043758479363,
    "long" : 9.667042087151561,
    "category" : 2
  }, {
    "id" : 26,
    "lat" : 6.464155377346327,
    "long" : -0.11336317361355615,
    "category" : 2
  }, {
    "id" : 27,
    "lat" : -2.2426152140374183,
    "long" : 11.001497054615731,
    "category" : 2
  }, {
    "id" : 28,
    "lat" : -11.083116852830447,
    "long" : 4.811388926291884,
    "category" : 2
  }, {
    "id" : 29,
    "lat" : 9.730906645124664,
    "long" : -5.82349575414094,
    "category" : 2
  }, {
    "id" : 30,
    "lat" : -9.944453124252533,
    "long" : -0.7766235302460834,
    "category" : 2
  }, {
    "id" : 31,
    "lat" : 12.145132828769096,
    "long" : 3.6651359530956755,
    "category" : 2
  }, {
    "id" : 32,
    "lat" : -7.340168549733886,
    "long" : -7.686788366928821,
    "category" : 2
  }, {
    "id" : 33,
    "lat" : -4.950749474099319,
    "long" : 6.757796633151874,
    "category" : 2
  }, {
    "id" : 34,
    "lat" : -2.03093520248807,
    "long" : -2.335706076174436,
    "category" : 2
  }, {
    "id" : 35,
    "lat" : -0.6732789568212844,
    "long" : -4.44487082264026,
    "category" : 2
  }, {
    "id" : 36,
    "lat" : -0.35739379501514174,
    "long" : 8.666883278507797,
    "category" : 2
  }, {
    "id" : 37,
    "lat" : 0.5573567186534015,
    "long" : 9.029150227360452,
    "category" : 2
  }, {
    "id" : 38,
    "lat" : 9.203849043087368,
    "long" : -9.079050334090157,
    "category" : 2
  }, {
    "id" : 39,
    "lat" : -11.38251284291307,
    "long" : 4.676504663283739,
    "category" : 2
  }, {
    "id" : 40,
    "lat" : 6.793219096157812,
    "long" : -5.171039805805436,
    "category" : 2
  }, {
    "id" : 41,
    "lat" : -7.264413443070763,
    "long" : -0.7160261369292499,
    "category" : 2
  }, {
    "id" : 42,
    "lat" : -2.955245141156221,
    "long" : 8.820556782012808,
    "category" : 2
  }, {
    "id" : 43,
    "lat" : 11.52059368840923,
    "long" : -0.5975792604899649,
    "category" : 2
  }, {
    "id" : 44,
    "lat" : 10.35816877677439,
    "long" : -5.263430090809707,
    "category" : 2
  }, {
    "id" : 45,
    "lat" : -11.021577427104612,
    "long" : 1.5282539481421176,
    "category" : 2
  }, {
    "id" : 46,
    "lat" : -7.090738698489627,
    "long" : 8.904869536142114,
    "category" : 2
  }, {
    "id" : 47,
    "lat" : 4.5164183274968295,
    "long" : 1.1057164002119424,
    "category" : 2
  }, {
    "id" : 48,
    "lat" : -12.249160056806874,
    "long" : 4.041659335862011,
    "category" : 2
  }, {
    "id" : 49,
    "lat" : -2.5000675703929653,
    "long" : -2.1153668384488467,
    "category" : 2
  }, {
    "id" : 50,
    "lat" : -2.3262019173822046,
    "long" : -7.576511581070496,
    "category" : 2
  }, {
    "id" : 51,
    "lat" : 2.743283528314448,
    "long" : -12.196382550060648,
    "category" : 2
  }, {
    "id" : 52,
    "lat" : 4.46938071950686,
    "long" : 7.8746896000620925,
    "category" : 2
  }, {
    "id" : 53,
    "lat" : -1.9436630805566368,
    "long" : 1.9872766544680043,
    "category" : 2
  }, {
    "id" : 54,
    "lat" : 3.5415270330056114,
    "long" : 10.652721114173252,
    "category" : 2
  }, {
    "id" : 55,
    "lat" : -1.671517949799027,
    "long" : 10.70810202845091,
    "category" : 2
  }, {
    "id" : 56,
    "lat" : 8.567330985699337,
    "long" : 9.596620070674003,
    "category" : 2
  }, {
    "id" : 57,
    "lat" : -4.8914725029429045,
    "long" : -0.2509782657374799,
    "category" : 2
  }, {
    "id" : 58,
    "lat" : -5.133761476773622,
    "long" : -6.104358219477134,
    "category" : 2
  }, {
    "id" : 59,
    "lat" : -3.877224024139736,
    "long" : 11.856054192927358,
    "category" : 2
  }, {
    "id" : 60,
    "lat" : -3.063942246958384,
    "long" : 7.7587332137006975,
    "category" : 2
  }, {
    "id" : 61,
    "lat" : 9.561098014860768,
    "long" : 5.940156393977327,
    "category" : 2
  }, {
    "id" : 62,
    "lat" : -1.7615337684872387,
    "long" : -8.238935893368373,
    "category" : 2
  }, {
    "id" : 63,
    "lat" : -3.1826304711800746,
    "long" : -11.413384687901072,
    "category" : 2
  }, {
    "id" : 64,
    "lat" : 10.845606493131287,
    "long" : -1.1954649783764943,
    "category" : 2
  }, {
    "id" : 65,
    "lat" : 2.045986557664549,
    "long" : 11.518801877270585,
    "category" : 2
  }, {
    "id" : 66,
    "lat" : 12.662115329666639,
    "long" : -1.1042743658888299,
    "category" : 2
  }, {
    "id" : 67,
    "lat" : -1.4467701764410303,
    "long" : 7.7509333367068525,
    "category" : 2
  }, {
    "id" : 68,
    "lat" : 0.17079219799711087,
    "long" : 10.410680810706022,
    "category" : 2
  }, {
    "id" : 69,
    "lat" : -4.190915264517798,
    "long" : 2.28791548157551,
    "category" : 2
  }, {
    "id" : 70,
    "lat" : 9.147043131492794,
    "long" : -8.043621573243367,
    "category" : 2
  }, {
    "id" : 71,
    "lat" : -6.0030218671689095,
    "long" : -2.841157374685721,
    "category" : 2
  }, {
    "id" : 72,
    "lat" : 7.276365109956386,
    "long" : -1.2488492426340627,
    "category" : 2
  }, {
    "id" : 73,
    "lat" : -10.47910720218742,
    "long" : 6.402915055250168,
    "category" : 2
  }, {
    "id" : 74,
    "lat" : 0.8037940295886034,
    "long" : 4.1940512027236885,
    "category" : 2
  }, {
    "id" : 75,
    "lat" : 12.750747801288506,
    "long" : 0.6654960253913244,
    "category" : 2
  }, {
    "id" : 76,
    "lat" : -10.014026965202087,
    "long" : 4.499480972822271,
    "category" : 2
  }, {
    "id" : 77,
    "lat" : 5.265848129196965,
    "long" : 1.2732147291596891,
    "category" : 2
  }, {
    "id" : 78,
    "lat" : -7.760404121669984,
    "long" : -5.60744341182182,
    "category" : 2
  }, {
    "id" : 79,
    "lat" : 0.7207280227350386,
    "long" : 9.267037861944548,
    "category" : 2
  }, {
    "id" : 80,
    "lat" : -6.785246092273231,
    "long" : 7.955636768084133,
    "category" : 2
  }, {
    "id" : 81,
    "lat" : 0.18939812414413465,
    "long" : 2.084200996976746,
    "category" : 2
  }, {
    "id" : 82,
    "lat" : -2.608151345449556,
    "long" : 8.495799593317326,
    "category" : 2
  }, {
    "id" : 83,
    "lat" : 5.013066548784291,
    "long" : -4.970092638592799,
    "category" : 2
  }, {
    "id" : 84,
    "lat" : 0.5102788464909207,
    "long" : -5.7779132207953845,
    "category" : 2
  }, {
    "id" : 85,
    "lat" : 6.3659244855585335,
    "long" : -5.029684041968114,
    "category" : 2
  }, {
    "id" : 86,
    "lat" : -6.7041304039220515,
    "long" : 9.809092541972031,
    "category" : 2
  } ],
  "vehicles" : [ {
    "id" : 87,
    "canTake" : [ 0 ],
    "start" : 16,
    "end" : 16,
    "capacity" : 4,
    "availability" : [ "07h00:20h00" ]
  }, {
    "id" : 88,
    "canTake" : [ 0 ],
    "start" : 16,
    "end" : 16,
    "capacity" : 4,
    "availability" : [ "07h00:20h00" ]
  }, {
    "id" : 89,
    "canTake" : [ 0 ],
    "start" : 16,
    "end" : 16,
    "capacity" : 4,
    "availability" : [ "07h00:20h00" ]
  }, {
    "id" : 90,
    "canTake" : [ 0 ],
    "start" : 16,
    "end" : 16,
    "capacity" : 4,
    "availability" : [ "07h00:20h00" ]
  }, {
    "id" : 91,
    "canTake" : [ 0 ],
    "start" : 16,
    "end" : 16,
    "capacity" : 4,
    "availability" : [ "07h00:20h00" ]
  }, {
    "id" : 92,
    "canTake" : [ 0 ],
    "start" : 16,
    "end" : 16,
    "capacity" : 4,
    "availability" : [ "07h00:20h00" ]
  } ],
  "patients" : [ {
    "id" : 93,
    "category" : 0,
    "load" : 2,
    "start" : 17,
    "destination" : 0,
    "end" : 17,
    "rdvTime" : "14h50",
    "rdvDuration" : "02h12",
    "srvDuration" : "00h02"
  }, {
    "id" : 94,
    "category" : 0,
    "load" : 1,
    "start" : 18,
    "destination" : 1,
    "end" : 18,
    "rdvTime" : "08h58",
    "rdvDuration" : "02h08",
    "srvDuration" : "00h02"
  }, {
    "id" : 95,
    "category" : 0,
    "load" : 1,
    "start" : 19,
    "destination" : 2,
    "end" : 19,
    "rdvTime" : "10h06",
    "rdvDuration" : "00h20",
    "srvDuration" : "00h02"
  }, {
    "id" : 96,
    "category" : 0,
    "load" : 1,
    "start" : 20,
    "destination" : 3,
    "end" : 20,
    "rdvTime" : "09h28",
    "rdvDuration" : "01h43",
    "srvDuration" : "00h01"
  }, {
    "id" : 97,
    "category" : 0,
    "load" : 1,
    "start" : -1,
    "destination" : 4,
    "end" : 21,
    "rdvTime" : "12h42",
    "rdvDuration" : "01h05",
    "srvDuration" : "00h02"
  }, {
    "id" : 98,
    "category" : 0,
    "load" : 1,
    "start" : 22,
    "destination" : 5,
    "end" : 22,
    "rdvTime" : "09h39",
    "rdvDuration" : "02h19",
    "srvDuration" : "00h01"
  }, {
    "id" : 99,
    "category" : 0,
    "load" : 1,
    "start" : 23,
    "destination" : 6,
    "end" : 23,
    "rdvTime" : "14h01",
    "rdvDuration" : "02h31",
    "srvDuration" : "00h01"
  }, {
    "id" : 100,
    "category" : 0,
    "load" : 2,
    "start" : 24,
    "destination" : 7,
    "end" : -1,
    "rdvTime" : "11h26",
    "rdvDuration" : "02h22",
    "srvDuration" : "00h01"
  }, {
    "id" : 101,
    "category" : 0,
    "load" : 1,
    "start" : -1,
    "destination" : 8,
    "end" : 25,
    "rdvTime" : "12h38",
    "rdvDuration" : "00h25",
    "srvDuration" : "00h02"
  }, {
    "id" : 102,
    "category" : 0,
    "load" : 2,
    "start" : 26,
    "destination" : 9,
    "end" : 26,
    "rdvTime" : "13h57",
    "rdvDuration" : "02h58",
    "srvDuration" : "00h02"
  }, {
    "id" : 103,
    "category" : 0,
    "load" : 1,
    "start" : 27,
    "destination" : 10,
    "end" : 27,
    "rdvTime" : "12h37",
    "rdvDuration" : "01h44",
    "srvDuration" : "00h02"
  }, {
    "id" : 104,
    "category" : 0,
    "load" : 2,
    "start" : 28,
    "destination" : 11,
    "end" : 28,
    "rdvTime" : "15h31",
    "rdvDuration" : "02h23",
    "srvDuration" : "00h01"
  }, {
    "id" : 105,
    "category" : 0,
    "load" : 2,
    "start" : 29,
    "destination" : 12,
    "end" : 29,
    "rdvTime" : "14h53",
    "rdvDuration" : "02h03",
    "srvDuration" : "00h01"
  }, {
    "id" : 106,
    "category" : 0,
    "load" : 2,
    "start" : -1,
    "destination" : 13,
    "end" : 30,
    "rdvTime" : "08h57",
    "rdvDuration" : "01h43",
    "srvDuration" : "00h01"
  }, {
    "id" : 107,
    "category" : 0,
    "load" : 2,
    "start" : 31,
    "destination" : 14,
    "end" : 32,
    "rdvTime" : "09h42",
    "rdvDuration" : "01h38",
    "srvDuration" : "00h01"
  }, {
    "id" : 108,
    "category" : 0,
    "load" : 1,
    "start" : 33,
    "destination" : 15,
    "end" : 34,
    "rdvTime" : "15h50",
    "rdvDuration" : "00h37",
    "srvDuration" : "00h02"
  }, {
    "id" : 109,
    "category" : 0,
    "load" : 2,
    "start" : -1,
    "destination" : 7,
    "end" : 35,
    "rdvTime" : "10h00",
    "rdvDuration" : "00h33",
    "srvDuration" : "00h01"
  }, {
    "id" : 110,
    "category" : 0,
    "load" : 1,
    "start" : 36,
    "destination" : 15,
    "end" : 36,
    "rdvTime" : "15h47",
    "rdvDuration" : "00h53",
    "srvDuration" : "00h02"
  }, {
    "id" : 111,
    "category" : 0,
    "load" : 2,
    "start" : 37,
    "destination" : 15,
    "end" : 37,
    "rdvTime" : "09h44",
    "rdvDuration" : "00h44",
    "srvDuration" : "00h02"
  }, {
    "id" : 112,
    "category" : 0,
    "load" : 1,
    "start" : 38,
    "destination" : 8,
    "end" : 38,
    "rdvTime" : "12h05",
    "rdvDuration" : "02h04",
    "srvDuration" : "00h02"
  }, {
    "id" : 113,
    "category" : 0,
    "load" : 1,
    "start" : 39,
    "destination" : 11,
    "end" : -1,
    "rdvTime" : "14h47",
    "rdvDuration" : "00h56",
    "srvDuration" : "00h01"
  }, {
    "id" : 114,
    "category" : 0,
    "load" : 1,
    "start" : 40,
    "destination" : 8,
    "end" : 41,
    "rdvTime" : "11h29",
    "rdvDuration" : "01h06",
    "srvDuration" : "00h01"
  }, {
    "id" : 115,
    "category" : 0,
    "load" : 1,
    "start" : 42,
    "destination" : 12,
    "end" : 42,
    "rdvTime" : "13h18",
    "rdvDuration" : "02h41",
    "srvDuration" : "00h01"
  }, {
    "id" : 116,
    "category" : 0,
    "load" : 2,
    "start" : 43,
    "destination" : 3,
    "end" : 43,
    "rdvTime" : "08h58",
    "rdvDuration" : "02h48",
    "srvDuration" : "00h01"
  }, {
    "id" : 117,
    "category" : 0,
    "load" : 2,
    "start" : 44,
    "destination" : 3,
    "end" : 44,
    "rdvTime" : "08h43",
    "rdvDuration" : "02h41",
    "srvDuration" : "00h02"
  }, {
    "id" : 118,
    "category" : 0,
    "load" : 1,
    "start" : 45,
    "destination" : 8,
    "end" : 45,
    "rdvTime" : "10h50",
    "rdvDuration" : "01h42",
    "srvDuration" : "00h01"
  }, {
    "id" : 119,
    "category" : 0,
    "load" : 1,
    "start" : 46,
    "destination" : 0,
    "end" : 46,
    "rdvTime" : "12h40",
    "rdvDuration" : "01h53",
    "srvDuration" : "00h01"
  }, {
    "id" : 120,
    "category" : 0,
    "load" : 1,
    "start" : 47,
    "destination" : 7,
    "end" : 48,
    "rdvTime" : "15h50",
    "rdvDuration" : "02h32",
    "srvDuration" : "00h02"
  }, {
    "id" : 121,
    "category" : 0,
    "load" : 1,
    "start" : 49,
    "destination" : 12,
    "end" : 49,
    "rdvTime" : "08h19",
    "rdvDuration" : "03h00",
    "srvDuration" : "00h01"
  }, {
    "id" : 122,
    "category" : 0,
    "load" : 2,
    "start" : 50,
    "destination" : 9,
    "end" : -1,
    "rdvTime" : "14h40",
    "rdvDuration" : "00h49",
    "srvDuration" : "00h02"
  }, {
    "id" : 123,
    "category" : 0,
    "load" : 1,
    "start" : 51,
    "destination" : 0,
    "end" : 51,
    "rdvTime" : "09h32",
    "rdvDuration" : "00h22",
    "srvDuration" : "00h02"
  }, {
    "id" : 124,
    "category" : 0,
    "load" : 1,
    "start" : 52,
    "destination" : 8,
    "end" : -1,
    "rdvTime" : "13h12",
    "rdvDuration" : "02h09",
    "srvDuration" : "00h01"
  }, {
    "id" : 125,
    "category" : 0,
    "load" : 2,
    "start" : 53,
    "destination" : 4,
    "end" : 53,
    "rdvTime" : "15h09",
    "rdvDuration" : "01h39",
    "srvDuration" : "00h01"
  }, {
    "id" : 126,
    "category" : 0,
    "load" : 1,
    "start" : -1,
    "destination" : 15,
    "end" : 54,
    "rdvTime" : "10h14",
    "rdvDuration" : "01h19",
    "srvDuration" : "00h02"
  }, {
    "id" : 127,
    "category" : 0,
    "load" : 1,
    "start" : 55,
    "destination" : 3,
    "end" : 55,
    "rdvTime" : "09h09",
    "rdvDuration" : "00h57",
    "srvDuration" : "00h02"
  }, {
    "id" : 128,
    "category" : 0,
    "load" : 1,
    "start" : 56,
    "destination" : 11,
    "end" : 56,
    "rdvTime" : "14h22",
    "rdvDuration" : "02h53",
    "srvDuration" : "00h02"
  }, {
    "id" : 129,
    "category" : 0,
    "load" : 1,
    "start" : 57,
    "destination" : 7,
    "end" : 57,
    "rdvTime" : "13h47",
    "rdvDuration" : "02h22",
    "srvDuration" : "00h01"
  }, {
    "id" : 130,
    "category" : 0,
    "load" : 1,
    "start" : 58,
    "destination" : 14,
    "end" : 58,
    "rdvTime" : "14h03",
    "rdvDuration" : "01h43",
    "srvDuration" : "00h01"
  }, {
    "id" : 131,
    "category" : 0,
    "load" : 1,
    "start" : 59,
    "destination" : 11,
    "end" : 59,
    "rdvTime" : "09h38",
    "rdvDuration" : "00h32",
    "srvDuration" : "00h02"
  }, {
    "id" : 132,
    "category" : 0,
    "load" : 1,
    "start" : 60,
    "destination" : 2,
    "end" : 60,
    "rdvTime" : "11h08",
    "rdvDuration" : "00h25",
    "srvDuration" : "00h02"
  }, {
    "id" : 133,
    "category" : 0,
    "load" : 2,
    "start" : 61,
    "destination" : 12,
    "end" : 61,
    "rdvTime" : "10h39",
    "rdvDuration" : "02h06",
    "srvDuration" : "00h02"
  }, {
    "id" : 134,
    "category" : 0,
    "load" : 2,
    "start" : 62,
    "destination" : 0,
    "end" : -1,
    "rdvTime" : "10h26",
    "rdvDuration" : "02h00",
    "srvDuration" : "00h01"
  }, {
    "id" : 135,
    "category" : 0,
    "load" : 1,
    "start" : -1,
    "destination" : 0,
    "end" : 63,
    "rdvTime" : "12h26",
    "rdvDuration" : "02h21",
    "srvDuration" : "00h02"
  }, {
    "id" : 136,
    "category" : 0,
    "load" : 2,
    "start" : 64,
    "destination" : 6,
    "end" : 64,
    "rdvTime" : "14h45",
    "rdvDuration" : "02h16",
    "srvDuration" : "00h02"
  }, {
    "id" : 137,
    "category" : 0,
    "load" : 1,
    "start" : 65,
    "destination" : 0,
    "end" : 65,
    "rdvTime" : "13h01",
    "rdvDuration" : "01h26",
    "srvDuration" : "00h01"
  }, {
    "id" : 138,
    "category" : 0,
    "load" : 2,
    "start" : 66,
    "destination" : 15,
    "end" : 66,
    "rdvTime" : "12h55",
    "rdvDuration" : "00h36",
    "srvDuration" : "00h02"
  }, {
    "id" : 139,
    "category" : 0,
    "load" : 2,
    "start" : 67,
    "destination" : 14,
    "end" : 67,
    "rdvTime" : "13h40",
    "rdvDuration" : "01h58",
    "srvDuration" : "00h02"
  }, {
    "id" : 140,
    "category" : 0,
    "load" : 1,
    "start" : 68,
    "destination" : 10,
    "end" : -1,
    "rdvTime" : "12h09",
    "rdvDuration" : "01h35",
    "srvDuration" : "00h01"
  }, {
    "id" : 141,
    "category" : 0,
    "load" : 2,
    "start" : 69,
    "destination" : 2,
    "end" : 69,
    "rdvTime" : "09h03",
    "rdvDuration" : "02h16",
    "srvDuration" : "00h02"
  }, {
    "id" : 142,
    "category" : 0,
    "load" : 2,
    "start" : 70,
    "destination" : 13,
    "end" : 70,
    "rdvTime" : "12h56",
    "rdvDuration" : "00h49",
    "srvDuration" : "00h01"
  }, {
    "id" : 143,
    "category" : 0,
    "load" : 2,
    "start" : -1,
    "destination" : 1,
    "end" : 71,
    "rdvTime" : "10h38",
    "rdvDuration" : "02h45",
    "srvDuration" : "00h01"
  }, {
    "id" : 144,
    "category" : 0,
    "load" : 1,
    "start" : 72,
    "destination" : 14,
    "end" : 72,
    "rdvTime" : "09h49",
    "rdvDuration" : "00h40",
    "srvDuration" : "00h02"
  }, {
    "id" : 145,
    "category" : 0,
    "load" : 2,
    "start" : 73,
    "destination" : 8,
    "end" : 73,
    "rdvTime" : "14h46",
    "rdvDuration" : "02h19",
    "srvDuration" : "00h01"
  }, {
    "id" : 146,
    "category" : 0,
    "load" : 2,
    "start" : 74,
    "destination" : 12,
    "end" : 75,
    "rdvTime" : "14h48",
    "rdvDuration" : "00h28",
    "srvDuration" : "00h02"
  }, {
    "id" : 147,
    "category" : 0,
    "load" : 2,
    "start" : 76,
    "destination" : 14,
    "end" : 76,
    "rdvTime" : "09h57",
    "rdvDuration" : "00h35",
    "srvDuration" : "00h02"
  }, {
    "id" : 148,
    "category" : 0,
    "load" : 2,
    "start" : -1,
    "destination" : 11,
    "end" : 77,
    "rdvTime" : "14h51",
    "rdvDuration" : "01h07",
    "srvDuration" : "00h02"
  }, {
    "id" : 149,
    "category" : 0,
    "load" : 2,
    "start" : 78,
    "destination" : 9,
    "end" : 78,
    "rdvTime" : "13h53",
    "rdvDuration" : "00h38",
    "srvDuration" : "00h02"
  }, {
    "id" : 150,
    "category" : 0,
    "load" : 1,
    "start" : 79,
    "destination" : 14,
    "end" : 79,
    "rdvTime" : "09h49",
    "rdvDuration" : "01h10",
    "srvDuration" : "00h01"
  }, {
    "id" : 151,
    "category" : 0,
    "load" : 2,
    "start" : 80,
    "destination" : 8,
    "end" : 80,
    "rdvTime" : "10h48",
    "rdvDuration" : "01h13",
    "srvDuration" : "00h02"
  }, {
    "id" : 152,
    "category" : 0,
    "load" : 2,
    "start" : 81,
    "destination" : 8,
    "end" : 81,
    "rdvTime" : "15h40",
    "rdvDuration" : "02h34",
    "srvDuration" : "00h01"
  }, {
    "id" : 153,
    "category" : 0,
    "load" : 1,
    "start" : 82,
    "destination" : 14,
    "end" : 82,
    "rdvTime" : "13h35",
    "rdvDuration" : "02h29",
    "srvDuration" : "00h02"
  }, {
    "id" : 154,
    "category" : 0,
    "load" : 2,
    "start" : -1,
    "destination" : 4,
    "end" : 83,
    "rdvTime" : "14h15",
    "rdvDuration" : "01h45",
    "srvDuration" : "00h02"
  }, {
    "id" : 155,
    "category" : 0,
    "load" : 2,
    "start" : 84,
    "destination" : 10,
    "end" : 84,
    "rdvTime" : "09h00",
    "rdvDuration" : "01h48",
    "srvDuration" : "00h01"
  }, {
    "id" : 156,
    "category" : 0,
    "load" : 2,
    "start" : 85,
    "destination" : 1,
    "end" : 86,
    "rdvTime" : "09h12",
    "rdvDuration" : "01h46",
    "srvDuration" : "00h02"
  } ],
  "distMatrix" : [ [ 0, 21, 13, 17, 8, 19, 17, 19, 11, 13, 16, 20, 22, 6, 24, 17, 18, 4, 22, 10, 16, 21, 5, 18, 10, 22, 12, 24, 23, 8, 18, 17, 13, 21, 12, 9, 21, 21, 5, 23, 7, 16, 22, 13, 9, 20, 24, 13, 23, 12, 8, 2, 20, 15, 23, 23, 22, 15, 11, 25, 21, 19, 7, 8, 12, 24, 14, 20, 23, 17, 6, 14, 11, 24, 16, 15, 22, 13, 14, 21, 23, 15, 22, 7, 7, 7, 24 ], [ 21, 0, 13, 11, 13, 15, 7, 11, 11, 16, 9, 17, 4, 15, 4, 10, 4, 21, 2, 12, 19, 6, 21, 5, 18, 10, 15, 8, 3, 20, 6, 20, 12, 3, 9, 12, 8, 9, 22, 4, 18, 5, 6, 20, 21, 5, 4, 13, 5, 9, 13, 20, 13, 6, 13, 9, 17, 6, 11, 8, 6, 17, 14, 17, 19, 12, 21, 7, 10, 4, 21, 8, 16, 3, 9, 21, 2, 13, 10, 10, 3, 8, 6, 16, 13, 17, 5 ], [ 13, 13, 0, 4, 7, 6, 6, 6, 4, 4, 15, 7, 11, 8, 16, 4, 12, 11, 14, 5, 7, 10, 11, 14, 6, 9, 3, 12, 16, 9, 15, 8, 15, 11, 8, 8, 9, 8, 12, 16, 7, 12, 10, 7, 9, 15, 14, 0, 17, 8, 11, 14, 6, 6, 9, 11, 9, 10, 12, 13, 10, 7, 12, 15, 7, 10, 9, 9, 10, 9, 11, 11, 4, 16, 5, 8, 15, 1, 14, 9, 13, 4, 10, 7, 8, 7, 14 ], [ 17, 11, 4, 0, 11, 4, 4, 2, 7, 7, 16, 6, 9, 11, 14, 1, 12, 15, 13, 8, 8, 7, 15, 14, 9, 5, 6, 8, 15, 13, 15, 9, 17, 9, 9, 11, 5, 5, 16, 15, 11, 12, 7, 10, 13, 15, 11, 4, 16, 10, 14, 18, 3, 6, 5, 7, 7, 10, 14, 10, 7, 6, 15, 18, 10, 6, 11, 5, 6, 8, 15, 13, 8, 14, 3, 10, 13, 4, 16, 5, 11, 5, 7, 10, 12, 11, 11 ], [ 8, 13, 7, 11, 0, 13, 10, 12, 4, 9, 11, 14, 14, 3, 16, 10, 10, 8, 14, 3, 13, 14, 8, 11, 8, 15, 7, 16, 15, 9, 12, 14, 9, 13, 4, 2, 14, 14, 9, 16, 6, 9, 14, 12, 10, 13, 16, 7, 16, 4, 4, 8, 13, 7, 16, 16, 16, 7, 6, 17, 13, 14, 4, 8, 11, 16, 12, 13, 15, 9, 9, 7, 7, 16, 9, 13, 14, 8, 9, 14, 15, 7, 14, 4, 1, 6, 17 ], [ 19, 15, 6, 4, 13, 0, 8, 4, 9, 7, 20, 1, 12, 13, 18, 5, 17, 16, 17, 11, 6, 10, 16, 18, 9, 7, 7, 11, 19, 13, 19, 6, 21, 12, 13, 14, 8, 7, 16, 19, 12, 16, 11, 8, 12, 19, 15, 6, 20, 13, 17, 20, 3, 11, 6, 10, 3, 14, 18, 12, 11, 2, 18, 21, 9, 7, 9, 9, 8, 12, 15, 16, 8, 18, 7, 8, 18, 6, 20, 7, 14, 9, 10, 12, 14, 12, 14 ], [ 17, 7, 6, 4, 10, 8, 0, 4, 6, 10, 13, 10, 5, 11, 10, 3, 8, 16, 9, 8, 12, 4, 16, 10, 11, 5, 8, 7, 10, 15, 11, 13, 14, 5, 7, 9, 4, 5, 17, 11, 12, 8, 5, 13, 15, 11, 8, 6, 12, 7, 12, 17, 6, 3, 7, 6, 10, 6, 12, 8, 4, 10, 13, 16, 13, 7, 14, 3, 6, 4, 16, 9, 10, 10, 1, 14, 9, 7, 12, 5, 7, 3, 4, 11, 10, 12, 8 ], [ 19, 11, 6, 2, 12, 4, 4, 0, 8, 9, 17, 6, 8, 13, 14, 2, 13, 17, 13, 10, 9, 6, 17, 14, 11, 3, 8, 7, 14, 15, 15, 10, 18, 8, 11, 12, 4, 3, 17, 15, 13, 13, 6, 12, 14, 15, 10, 6, 16, 11, 16, 19, 2, 7, 4, 6, 6, 11, 16, 8, 6, 7, 16, 20, 11, 4, 13, 5, 4, 9, 16, 13, 9, 14, 4, 12, 13, 6, 17, 3, 10, 6, 6, 12, 13, 13, 10 ], [ 11, 11, 4, 7, 4, 9, 6, 8, 0, 6, 12, 11, 11, 5, 15, 6, 10, 10, 13, 2, 10, 10, 10, 11, 7, 11, 5, 13, 14, 9, 12, 11, 11, 10, 4, 4, 10, 10, 11, 14, 7, 9, 11, 10, 10, 13, 13, 3, 15, 5, 8, 11, 9, 5, 12, 12, 12, 7, 9, 14, 10, 10, 8, 12, 9, 12, 11, 9, 11, 7, 10, 8, 5, 14, 5, 11, 13, 4, 11, 10, 12, 3, 10, 5, 5, 6, 14 ], [ 13, 16, 4, 7, 9, 7, 10, 9, 6, 0, 18, 7, 15, 8, 20, 7, 16, 10, 18, 6, 4, 13, 9, 18, 2, 12, 2, 15, 20, 6, 18, 5, 17, 15, 10, 10, 12, 12, 9, 20, 6, 15, 14, 4, 6, 19, 18, 4, 21, 11, 13, 14, 8, 10, 11, 14, 9, 13, 15, 17, 13, 6, 13, 16, 3, 13, 5, 12, 13, 12, 8, 14, 2, 20, 8, 5, 19, 3, 17, 12, 17, 8, 14, 6, 10, 6, 18 ], [ 16, 9, 15, 16, 11, 20, 13, 17, 12, 18, 0, 22, 13, 13, 11, 15, 5, 18, 9, 12, 22, 14, 18, 4, 18, 18, 17, 17, 9, 20, 3, 23, 4, 12, 8, 9, 16, 17, 20, 9, 17, 4, 15, 22, 20, 6, 13, 15, 9, 8, 8, 15, 19, 10, 20, 17, 23, 6, 5, 17, 14, 22, 9, 10, 21, 20, 23, 15, 18, 9, 19, 4, 17, 11, 13, 23, 9, 16, 2, 17, 13, 12, 15, 15, 10, 16, 14 ], [ 20, 17, 7, 6, 14, 1, 10, 6, 11, 7, 22, 0, 13, 14, 19, 6, 18, 17, 18, 12, 5, 11, 16, 19, 9, 8, 8, 12, 20, 13, 20, 5, 22, 14, 14, 15, 9, 8, 16, 20, 13, 18, 12, 8, 13, 20, 16, 7, 21, 15, 18, 20, 4, 12, 6, 11, 2, 15, 19, 13, 12, 2, 19, 22, 9, 8, 9, 10, 9, 14, 15, 18, 9, 19, 8, 8, 19, 7, 21, 8, 15, 10, 11, 13, 15, 12, 16 ], [ 22, 4, 11, 9, 14, 12, 5, 8, 11, 15, 13, 13, 0, 16, 6, 8, 8, 21, 5, 13, 17, 2, 21, 9, 17, 6, 14, 4, 7, 20, 10, 17, 16, 1, 11, 13, 5, 5, 22, 7, 17, 9, 2, 18, 20, 9, 3, 11, 8, 10, 16, 21, 9, 7, 9, 4, 13, 8, 14, 4, 2, 14, 16, 19, 18, 8, 20, 3, 6, 6, 21, 11, 15, 6, 7, 19, 6, 12, 14, 6, 2, 8, 2, 16, 15, 17, 3 ], [ 6, 15, 8, 11, 3, 13, 11, 13, 5, 8, 13, 14, 16, 0, 19, 11, 13, 5, 17, 4, 12, 15, 6, 14, 6, 16, 7, 18, 18, 6, 14, 13, 11, 15, 6, 4, 15, 15, 7, 18, 4, 12, 16, 10, 7, 16, 18, 7, 18, 7, 6, 6, 14, 10, 17, 17, 16, 10, 8, 19, 15, 13, 6, 8, 9, 18, 11, 14, 17, 11, 6, 10, 6, 18, 10, 12, 17, 7, 11, 15, 17, 9, 16, 2, 3, 3, 19 ], [ 24, 4, 16, 14, 16, 18, 10, 14, 15, 20, 11, 19, 6, 19, 0, 13, 7, 24, 2, 16, 22, 8, 24, 7, 21, 12, 18, 9, 2, 24, 8, 23, 15, 6, 13, 15, 10, 11, 25, 2, 21, 8, 8, 23, 24, 5, 4, 16, 3, 12, 17, 23, 15, 10, 15, 10, 19, 9, 14, 8, 7, 20, 17, 20, 23, 13, 25, 9, 11, 8, 25, 11, 20, 1, 12, 24, 2, 17, 13, 11, 4, 12, 8, 20, 17, 21, 5 ], [ 17, 10, 4, 1, 10, 5, 3, 2, 6, 7, 15, 6, 8, 11, 13, 0, 12, 15, 12, 7, 9, 6, 15, 13, 9, 5, 6, 8, 14, 13, 14, 9, 16, 8, 9, 10, 5, 5, 15, 14, 11, 11, 7, 10, 13, 14, 11, 4, 15, 9, 13, 17, 3, 6, 6, 7, 7, 9, 14, 10, 6, 7, 14, 17, 10, 7, 12, 5, 6, 7, 14, 12, 8, 13, 2, 11, 13, 4, 15, 5, 10, 4, 6, 10, 11, 11, 11 ], [ 18, 4, 12, 12, 10, 17, 8, 13, 10, 16, 5, 18, 8, 13, 7, 12, 0, 18, 5, 11, 19, 10, 19, 2, 17, 13, 14, 12, 5, 19, 2, 20, 8, 7, 7, 9, 11, 12, 20, 5, 16, 1, 10, 20, 19, 3, 8, 13, 6, 6, 10, 17, 14, 6, 15, 12, 19, 3, 7, 12, 9, 18, 11, 13, 19, 15, 21, 10, 13, 4, 19, 4, 15, 6, 10, 21, 5, 13, 6, 12, 8, 8, 10, 14, 11, 15, 9 ], [ 4, 21, 11, 15, 8, 16, 16, 17, 10, 10, 18, 17, 21, 5, 24, 15, 18, 0, 22, 9, 13, 20, 1, 19, 7, 20, 9, 23, 23, 4, 19, 14, 15, 20, 12, 9, 20, 20, 2, 23, 4, 17, 21, 10, 5, 21, 23, 11, 24, 12, 10, 5, 18, 15, 20, 22, 19, 15, 13, 24, 20, 15, 9, 11, 9, 22, 10, 19, 21, 16, 2, 15, 8, 24, 15, 11, 22, 11, 16, 20, 22, 14, 20, 5, 8, 4, 24 ], [ 22, 2, 14, 13, 14, 17, 9, 13, 13, 18, 9, 18, 5, 17, 2, 12, 5, 22, 0, 14, 21, 8, 22, 5, 19, 11, 17, 9, 2, 22, 6, 21, 13, 5, 10, 13, 10, 11, 23, 2, 19, 6, 7, 22, 22, 4, 5, 14, 3, 10, 14, 21, 14, 8, 14, 10, 18, 7, 12, 9, 7, 19, 15, 17, 21, 13, 23, 8, 11, 6, 23, 8, 18, 2, 10, 22, 1, 15, 11, 11, 4, 10, 8, 17, 15, 19, 6 ], [ 10, 12, 5, 8, 3, 11, 8, 10, 2, 6, 12, 12, 13, 4, 16, 7, 11, 9, 14, 0, 10, 12, 9, 12, 6, 12, 5, 14, 15, 8, 12, 12, 11, 12, 4, 4, 12, 12, 9, 15, 5, 10, 13, 9, 8, 14, 15, 4, 16, 5, 7, 10, 11, 6, 13, 14, 14, 8, 8, 16, 12, 11, 7, 10, 9, 14, 10, 11, 13, 8, 9, 8, 5, 16, 7, 11, 14, 5, 11, 12, 14, 5, 12, 4, 4, 5, 15 ], [ 16, 19, 7, 8, 13, 6, 12, 9, 10, 4, 22, 5, 17, 12, 22, 9, 19, 13, 21, 10, 0, 15, 12, 21, 6, 12, 6, 16, 22, 9, 21, 1, 21, 17, 14, 14, 13, 12, 12, 23, 9, 19, 16, 3, 8, 22, 19, 7, 24, 15, 17, 17, 9, 13, 11, 15, 8, 16, 19, 18, 15, 4, 17, 20, 4, 13, 4, 14, 14, 15, 11, 18, 6, 22, 11, 2, 21, 6, 21, 12, 19, 11, 15, 10, 14, 9, 19 ], [ 21, 6, 10, 7, 14, 10, 4, 6, 10, 13, 14, 11, 2, 15, 8, 6, 10, 20, 8, 12, 15, 0, 20, 11, 15, 4, 12, 3, 9, 19, 12, 15, 17, 3, 11, 13, 2, 3, 21, 10, 16, 10, 1, 17, 19, 11, 5, 10, 11, 10, 16, 21, 7, 6, 7, 3, 11, 9, 15, 4, 1, 12, 17, 20, 16, 6, 18, 1, 3, 6, 20, 12, 14, 8, 5, 17, 8, 11, 15, 3, 4, 7, 0, 15, 14, 16, 4 ], [ 5, 21, 11, 15, 8, 16, 16, 17, 10, 9, 18, 16, 21, 6, 24, 15, 19, 1, 22, 9, 12, 20, 0, 20, 7, 20, 9, 22, 24, 3, 20, 13, 16, 20, 12, 10, 20, 19, 1, 24, 4, 17, 21, 9, 4, 22, 23, 11, 24, 13, 11, 6, 17, 15, 20, 22, 19, 16, 14, 24, 20, 15, 10, 12, 8, 21, 9, 19, 21, 17, 1, 15, 8, 24, 15, 11, 23, 11, 16, 20, 23, 14, 20, 5, 8, 4, 24 ], [ 18, 5, 14, 14, 11, 18, 10, 14, 11, 18, 4, 19, 9, 14, 7, 13, 2, 19, 5, 12, 21, 11, 20, 0, 18, 14, 16, 13, 5, 20, 1, 22, 8, 8, 8, 10, 13, 13, 21, 5, 17, 2, 11, 21, 20, 2, 9, 14, 5, 7, 10, 17, 16, 8, 17, 13, 20, 5, 8, 13, 10, 20, 11, 13, 20, 16, 22, 11, 14, 6, 20, 4, 17, 6, 11, 22, 4, 15, 6, 14, 8, 10, 11, 15, 12, 17, 10 ], [ 10, 18, 6, 9, 8, 9, 11, 11, 7, 2, 18, 9, 17, 6, 21, 9, 17, 7, 19, 6, 6, 15, 7, 18, 0, 14, 3, 17, 21, 4, 19, 7, 17, 16, 11, 9, 14, 14, 7, 21, 3, 16, 16, 3, 4, 20, 19, 5, 22, 11, 12, 12, 11, 11, 14, 16, 12, 14, 14, 19, 15, 8, 12, 15, 3, 15, 4, 14, 15, 13, 6, 15, 2, 21, 10, 5, 20, 5, 17, 14, 18, 9, 15, 4, 9, 4, 19 ], [ 22, 10, 9, 5, 15, 7, 5, 3, 11, 12, 18, 8, 6, 16, 12, 5, 13, 20, 11, 12, 12, 4, 20, 14, 14, 0, 11, 4, 13, 18, 15, 13, 19, 7, 12, 14, 2, 1, 20, 13, 16, 13, 4, 15, 18, 15, 8, 9, 14, 12, 18, 22, 4, 8, 3, 3, 8, 12, 17, 5, 5, 9, 18, 22, 15, 2, 16, 3, 1, 9, 19, 14, 13, 12, 5, 15, 12, 9, 18, 1, 8, 8, 4, 15, 15, 16, 8 ], [ 12, 15, 3, 6, 7, 7, 8, 8, 5, 2, 17, 8, 14, 7, 18, 6, 14, 9, 17, 5, 6, 12, 9, 16, 3, 11, 0, 14, 18, 7, 16, 7, 16, 13, 9, 8, 11, 11, 9, 18, 5, 14, 13, 5, 6, 18, 16, 2, 19, 9, 12, 13, 8, 9, 11, 14, 10, 11, 13, 16, 12, 7, 12, 15, 5, 12, 6, 11, 12, 11, 8, 13, 1, 18, 7, 6, 17, 2, 15, 11, 16, 7, 13, 5, 8, 5, 16 ], [ 24, 8, 12, 8, 16, 11, 7, 7, 13, 15, 17, 12, 4, 18, 9, 8, 12, 23, 9, 14, 16, 3, 22, 13, 17, 4, 14, 0, 11, 21, 14, 16, 19, 5, 13, 16, 3, 3, 23, 11, 19, 13, 2, 18, 21, 13, 5, 12, 12, 13, 19, 24, 7, 9, 6, 1, 11, 12, 17, 2, 3, 13, 19, 22, 18, 4, 19, 3, 2, 9, 22, 14, 16, 9, 7, 18, 10, 12, 18, 3, 5, 9, 3, 18, 17, 18, 5 ], [ 23, 3, 16, 15, 15, 19, 10, 14, 14, 20, 9, 20, 7, 18, 2, 14, 5, 23, 2, 15, 22, 9, 24, 5, 21, 13, 18, 11, 0, 23, 6, 23, 13, 6, 12, 14, 11, 12, 25, 0, 20, 7, 9, 23, 24, 3, 6, 16, 1, 11, 15, 22, 16, 10, 16, 11, 20, 8, 12, 10, 9, 21, 16, 18, 23, 15, 24, 10, 13, 7, 24, 9, 19, 2, 12, 24, 1, 17, 11, 13, 5, 12, 9, 19, 16, 20, 7 ], [ 8, 20, 9, 13, 9, 13, 15, 15, 9, 6, 20, 13, 20, 6, 24, 13, 19, 4, 22, 8, 9, 19, 3, 20, 4, 18, 7, 21, 23, 0, 20, 10, 17, 19, 12, 10, 18, 17, 3, 24, 3, 18, 19, 6, 1, 22, 22, 9, 24, 13, 12, 9, 15, 14, 18, 20, 15, 16, 15, 22, 19, 12, 12, 14, 5, 19, 6, 18, 19, 16, 2, 16, 5, 24, 13, 7, 22, 8, 17, 18, 22, 12, 19, 5, 9, 3, 23 ], [ 18, 6, 15, 15, 12, 19, 11, 15, 12, 18, 3, 20, 10, 14, 8, 14, 2, 19, 6, 12, 21, 12, 20, 1, 19, 15, 16, 14, 6, 20, 0, 23, 7, 9, 8, 10, 13, 14, 21, 6, 17, 3, 12, 21, 21, 3, 10, 15, 5, 8, 10, 17, 17, 8, 18, 14, 21, 5, 7, 14, 11, 21, 11, 13, 21, 17, 23, 12, 15, 7, 20, 4, 17, 7, 12, 23, 5, 15, 5, 15, 9, 11, 12, 16, 12, 17, 11 ], [ 17, 20, 8, 9, 14, 6, 13, 10, 11, 5, 23, 5, 17, 13, 23, 9, 20, 14, 21, 12, 1, 15, 13, 22, 7, 13, 7, 16, 23, 10, 23, 0, 23, 17, 15, 15, 13, 13, 13, 24, 10, 20, 16, 4, 9, 23, 20, 8, 24, 16, 18, 18, 9, 14, 11, 16, 7, 17, 20, 18, 16, 3, 18, 22, 5, 13, 5, 14, 14, 16, 12, 19, 7, 23, 11, 3, 22, 7, 22, 13, 19, 12, 16, 11, 15, 10, 20 ], [ 13, 12, 15, 17, 9, 21, 14, 18, 11, 17, 4, 22, 16, 11, 15, 16, 8, 15, 13, 11, 21, 17, 16, 8, 17, 19, 16, 19, 13, 17, 7, 23, 0, 15, 8, 7, 18, 18, 17, 13, 14, 7, 17, 20, 18, 10, 17, 15, 13, 7, 5, 11, 20, 11, 21, 19, 23, 8, 3, 20, 16, 22, 6, 6, 19, 21, 21, 17, 20, 10, 16, 5, 16, 14, 14, 22, 12, 15, 2, 19, 16, 12, 17, 13, 8, 14, 18 ], [ 21, 3, 11, 9, 13, 12, 5, 8, 10, 15, 12, 14, 1, 15, 6, 8, 7, 20, 5, 12, 17, 3, 20, 8, 16, 7, 13, 5, 6, 19, 9, 17, 15, 0, 10, 12, 5, 6, 21, 7, 17, 8, 3, 18, 19, 8, 3, 11, 8, 9, 15, 20, 9, 6, 9, 5, 14, 7, 13, 5, 2, 15, 15, 18, 18, 8, 19, 4, 6, 5, 20, 10, 15, 6, 6, 19, 6, 12, 13, 6, 2, 7, 3, 15, 14, 16, 4 ], [ 12, 9, 8, 9, 4, 13, 7, 11, 4, 10, 8, 14, 11, 6, 13, 9, 7, 12, 10, 4, 14, 11, 12, 8, 11, 12, 9, 13, 12, 12, 8, 15, 8, 10, 0, 3, 11, 12, 13, 12, 9, 5, 11, 14, 13, 10, 12, 7, 12, 1, 5, 11, 12, 4, 14, 13, 16, 4, 5, 14, 10, 14, 6, 9, 13, 14, 15, 10, 13, 5, 13, 4, 9, 12, 7, 15, 11, 8, 7, 12, 11, 5, 11, 8, 4, 9, 13 ], [ 9, 12, 8, 11, 2, 14, 9, 12, 4, 10, 9, 15, 13, 4, 15, 10, 9, 9, 13, 4, 14, 13, 10, 10, 9, 14, 8, 16, 14, 10, 10, 15, 7, 12, 3, 0, 13, 14, 11, 14, 8, 8, 13, 13, 11, 12, 15, 8, 14, 3, 4, 8, 13, 7, 16, 15, 17, 6, 5, 17, 12, 15, 4, 7, 12, 16, 14, 12, 15, 8, 10, 6, 9, 15, 9, 14, 13, 8, 7, 14, 14, 7, 13, 6, 2, 7, 15 ], [ 21, 8, 9, 5, 14, 8, 4, 4, 10, 12, 16, 9, 5, 15, 10, 5, 11, 20, 10, 12, 13, 2, 20, 13, 14, 2, 11, 3, 11, 18, 13, 13, 18, 5, 11, 13, 0, 1, 20, 12, 16, 12, 3, 15, 18, 13, 7, 9, 13, 11, 16, 21, 5, 7, 4, 2, 9, 10, 16, 5, 3, 10, 17, 20, 15, 4, 16, 1, 2, 7, 19, 13, 13, 10, 5, 15, 11, 9, 16, 1, 6, 7, 2, 15, 14, 15, 6 ], [ 21, 9, 8, 5, 14, 7, 5, 3, 10, 12, 17, 8, 5, 15, 11, 5, 12, 20, 11, 12, 12, 3, 19, 13, 14, 1, 11, 3, 12, 17, 14, 13, 18, 6, 12, 14, 1, 0, 20, 13, 16, 12, 4, 15, 17, 14, 8, 9, 14, 12, 17, 21, 4, 7, 3, 3, 8, 11, 16, 5, 4, 10, 17, 21, 15, 3, 16, 2, 1, 8, 19, 14, 12, 11, 5, 15, 12, 9, 17, 0, 7, 7, 3, 15, 15, 15, 7 ], [ 5, 22, 12, 16, 9, 16, 17, 17, 11, 9, 20, 16, 22, 7, 25, 15, 20, 2, 23, 9, 12, 21, 1, 21, 7, 20, 9, 23, 25, 3, 21, 13, 17, 21, 13, 11, 20, 20, 0, 25, 5, 18, 22, 9, 4, 23, 24, 11, 25, 14, 12, 7, 18, 16, 21, 23, 19, 17, 15, 25, 21, 15, 11, 13, 8, 22, 9, 20, 21, 18, 1, 16, 8, 25, 16, 10, 24, 11, 17, 20, 23, 14, 21, 6, 9, 5, 25 ], [ 23, 4, 16, 15, 16, 19, 11, 15, 14, 20, 9, 20, 7, 18, 2, 14, 5, 23, 2, 15, 23, 10, 24, 5, 21, 13, 18, 11, 0, 24, 6, 24, 13, 7, 12, 14, 12, 13, 25, 0, 21, 7, 9, 24, 24, 3, 6, 16, 1, 11, 15, 22, 16, 10, 16, 11, 21, 8, 12, 10, 9, 21, 16, 18, 23, 15, 25, 10, 13, 8, 24, 9, 20, 2, 12, 24, 1, 17, 11, 13, 6, 12, 10, 19, 16, 20, 7 ], [ 7, 18, 7, 11, 6, 12, 12, 13, 7, 6, 17, 13, 17, 4, 21, 11, 16, 4, 19, 5, 9, 16, 4, 17, 3, 16, 5, 19, 20, 3, 17, 10, 14, 17, 9, 8, 16, 16, 5, 21, 0, 15, 17, 7, 4, 19, 20, 7, 21, 10, 9, 8, 13, 11, 16, 18, 15, 13, 12, 20, 16, 11, 9, 12, 6, 17, 7, 15, 17, 13, 4, 13, 4, 21, 11, 8, 19, 7, 15, 16, 19, 10, 17, 2, 6, 0, 20 ], [ 16, 5, 12, 12, 9, 16, 8, 13, 9, 15, 4, 18, 9, 12, 8, 11, 1, 17, 6, 10, 19, 10, 17, 2, 16, 13, 14, 13, 7, 18, 3, 20, 7, 8, 5, 8, 12, 12, 18, 7, 15, 0, 10, 19, 18, 4, 10, 12, 7, 5, 8, 15, 15, 6, 16, 13, 19, 2, 6, 13, 9, 18, 9, 11, 18, 15, 20, 10, 13, 4, 18, 2, 15, 8, 9, 20, 6, 13, 5, 13, 9, 8, 10, 13, 9, 14, 11 ], [ 22, 6, 10, 7, 14, 11, 5, 6, 11, 14, 15, 12, 2, 16, 8, 7, 10, 21, 7, 13, 16, 1, 21, 11, 16, 4, 13, 2, 9, 19, 12, 16, 17, 3, 11, 13, 3, 4, 22, 9, 17, 10, 0, 17, 19, 11, 4, 11, 10, 11, 16, 22, 7, 7, 7, 2, 12, 9, 15, 3, 1, 13, 17, 20, 17, 6, 19, 2, 4, 7, 21, 12, 14, 8, 6, 18, 8, 11, 15, 4, 4, 7, 0, 16, 15, 17, 4 ], [ 13, 20, 7, 10, 12, 8, 13, 12, 10, 4, 22, 8, 18, 10, 23, 10, 20, 10, 22, 9, 3, 17, 9, 21, 3, 15, 5, 18, 23, 6, 21, 4, 20, 18, 14, 13, 15, 15, 9, 24, 7, 19, 17, 0, 5, 23, 21, 7, 24, 14, 16, 15, 11, 14, 14, 17, 11, 16, 18, 20, 17, 7, 15, 18, 1, 15, 1, 15, 16, 16, 8, 18, 4, 23, 12, 2, 22, 7, 20, 15, 20, 12, 17, 8, 12, 7, 21 ], [ 9, 21, 9, 13, 10, 12, 15, 14, 10, 6, 20, 13, 20, 7, 24, 13, 19, 5, 22, 8, 8, 19, 4, 20, 4, 18, 6, 21, 24, 1, 21, 9, 18, 19, 13, 11, 18, 17, 4, 24, 4, 18, 19, 5, 0, 22, 22, 9, 24, 13, 13, 10, 14, 14, 17, 20, 15, 16, 16, 22, 19, 11, 12, 15, 4, 19, 5, 18, 19, 16, 3, 17, 5, 24, 13, 6, 23, 8, 18, 17, 22, 13, 19, 5, 10, 4, 23 ], [ 20, 5, 15, 15, 13, 19, 11, 15, 13, 19, 6, 20, 9, 16, 5, 14, 3, 21, 4, 14, 22, 11, 22, 2, 20, 15, 18, 13, 3, 22, 3, 23, 10, 8, 10, 12, 13, 14, 23, 3, 19, 4, 11, 23, 22, 0, 8, 16, 3, 9, 13, 19, 17, 9, 17, 13, 21, 6, 10, 13, 10, 21, 13, 15, 22, 16, 24, 11, 14, 7, 22, 7, 19, 5, 12, 24, 3, 16, 8, 14, 8, 11, 11, 17, 14, 19, 9 ], [ 24, 4, 14, 11, 16, 15, 8, 10, 13, 18, 13, 16, 3, 18, 4, 11, 8, 23, 5, 15, 19, 5, 23, 9, 19, 8, 16, 5, 6, 22, 10, 20, 17, 3, 12, 15, 7, 8, 24, 6, 20, 10, 4, 21, 22, 8, 0, 14, 7, 12, 17, 23, 12, 9, 11, 6, 16, 9, 15, 4, 4, 17, 18, 21, 21, 10, 22, 6, 7, 7, 23, 12, 18, 4, 9, 21, 5, 15, 15, 8, 1, 10, 5, 18, 17, 19, 1 ], [ 13, 13, 0, 4, 7, 6, 6, 6, 3, 4, 15, 7, 11, 7, 16, 4, 13, 11, 14, 4, 7, 10, 11, 14, 5, 9, 2, 12, 16, 9, 15, 8, 15, 11, 7, 8, 9, 9, 11, 16, 7, 12, 11, 7, 9, 16, 14, 0, 17, 8, 11, 13, 7, 7, 10, 11, 9, 10, 12, 14, 10, 7, 11, 15, 7, 11, 8, 9, 10, 9, 10, 11, 4, 16, 5, 8, 15, 1, 14, 9, 13, 4, 10, 6, 8, 6, 14 ], [ 23, 5, 17, 16, 16, 20, 12, 16, 15, 21, 9, 21, 8, 18, 3, 15, 6, 24, 3, 16, 24, 11, 24, 5, 22, 14, 19, 12, 1, 24, 5, 24, 13, 8, 12, 14, 13, 14, 25, 1, 21, 7, 10, 24, 24, 3, 7, 17, 0, 12, 15, 22, 17, 11, 17, 13, 22, 9, 12, 11, 10, 22, 16, 18, 24, 16, 25, 11, 14, 8, 25, 9, 20, 3, 13, 25, 2, 18, 11, 14, 7, 13, 11, 19, 16, 21, 8 ], [ 12, 9, 8, 10, 4, 13, 7, 11, 5, 11, 8, 15, 10, 7, 12, 9, 6, 12, 10, 5, 15, 10, 13, 7, 11, 12, 9, 13, 11, 13, 8, 16, 7, 9, 1, 3, 11, 12, 14, 11, 10, 5, 11, 14, 13, 9, 12, 8, 12, 0, 5, 11, 12, 4, 14, 13, 16, 3, 5, 14, 10, 15, 6, 9, 13, 14, 15, 10, 13, 5, 13, 4, 10, 12, 7, 16, 10, 8, 6, 12, 11, 5, 11, 8, 5, 9, 13 ], [ 8, 13, 11, 14, 4, 17, 12, 16, 8, 13, 8, 18, 16, 6, 17, 13, 10, 10, 14, 7, 17, 16, 11, 10, 12, 18, 12, 19, 15, 12, 10, 18, 5, 15, 5, 4, 16, 17, 12, 15, 9, 8, 16, 16, 13, 13, 17, 11, 15, 5, 0, 7, 17, 10, 19, 18, 20, 8, 3, 19, 15, 18, 1, 4, 15, 20, 16, 15, 18, 10, 11, 6, 11, 16, 12, 17, 14, 12, 6, 17, 16, 10, 16, 8, 3, 9, 18 ], [ 2, 20, 14, 18, 8, 20, 17, 19, 11, 14, 15, 20, 21, 6, 23, 17, 17, 5, 21, 10, 17, 21, 6, 17, 12, 22, 13, 24, 22, 9, 17, 18, 11, 20, 11, 8, 21, 21, 7, 22, 8, 15, 22, 15, 10, 19, 23, 13, 22, 11, 7, 0, 20, 15, 23, 23, 23, 14, 10, 25, 21, 19, 6, 6, 14, 24, 15, 20, 23, 16, 8, 13, 12, 23, 17, 16, 21, 14, 12, 22, 22, 15, 21, 8, 7, 8, 24 ], [ 20, 13, 6, 3, 13, 3, 6, 2, 9, 8, 19, 4, 9, 14, 15, 3, 14, 18, 14, 11, 9, 7, 17, 16, 11, 4, 8, 7, 16, 15, 17, 9, 20, 9, 12, 13, 5, 4, 18, 16, 13, 15, 7, 11, 14, 17, 12, 7, 17, 12, 17, 20, 0, 9, 3, 7, 4, 12, 17, 9, 8, 5, 17, 21, 11, 4, 12, 6, 5, 10, 17, 15, 10, 15, 5, 11, 15, 7, 18, 4, 11, 7, 7, 13, 14, 13, 11 ], [ 15, 6, 6, 6, 7, 11, 3, 7, 5, 10, 10, 12, 7, 10, 10, 6, 6, 15, 8, 6, 13, 6, 15, 8, 11, 8, 9, 9, 10, 14, 8, 14, 11, 6, 4, 7, 7, 7, 16, 10, 11, 6, 7, 14, 14, 9, 9, 7, 11, 4, 10, 15, 9, 0, 10, 9, 13, 4, 9, 10, 6, 12, 10, 13, 13, 10, 15, 6, 9, 2, 15, 6, 10, 10, 4, 15, 8, 7, 10, 8, 8, 2, 7, 10, 8, 11, 9 ], [ 23, 13, 9, 5, 16, 6, 7, 4, 12, 11, 20, 6, 9, 17, 15, 6, 15, 20, 14, 13, 11, 7, 20, 17, 14, 3, 11, 6, 16, 18, 18, 11, 21, 9, 14, 16, 4, 3, 21, 16, 16, 16, 7, 14, 17, 17, 11, 10, 17, 14, 19, 23, 3, 10, 0, 5, 5, 14, 19, 8, 7, 8, 20, 23, 14, 2, 15, 6, 3, 11, 20, 17, 12, 15, 7, 14, 15, 10, 20, 3, 11, 9, 7, 16, 17, 16, 10 ], [ 23, 9, 11, 7, 16, 10, 6, 6, 12, 14, 17, 11, 4, 17, 10, 7, 12, 22, 10, 14, 15, 3, 22, 13, 16, 3, 14, 1, 11, 20, 14, 16, 19, 5, 13, 15, 2, 3, 23, 11, 18, 13, 2, 17, 20, 13, 6, 11, 13, 13, 18, 23, 7, 9, 5, 0, 10, 11, 17, 2, 3, 12, 19, 22, 17, 4, 19, 3, 2, 9, 22, 14, 15, 10, 7, 18, 10, 12, 17, 3, 6, 9, 2, 17, 17, 18, 5 ], [ 22, 17, 9, 7, 16, 3, 10, 6, 12, 9, 23, 2, 13, 16, 19, 7, 19, 19, 18, 14, 8, 11, 19, 20, 12, 8, 10, 11, 20, 15, 21, 7, 23, 14, 16, 17, 9, 8, 19, 21, 15, 19, 12, 11, 15, 21, 16, 9, 22, 16, 20, 23, 4, 13, 5, 10, 0, 17, 21, 13, 12, 4, 21, 24, 11, 7, 11, 10, 8, 15, 18, 19, 11, 19, 9, 10, 19, 9, 22, 8, 15, 11, 11, 15, 17, 15, 15 ], [ 15, 6, 10, 10, 7, 14, 6, 11, 7, 13, 6, 15, 8, 10, 9, 9, 3, 15, 7, 8, 16, 9, 16, 5, 14, 12, 11, 12, 8, 16, 5, 17, 8, 7, 4, 6, 10, 11, 17, 8, 13, 2, 9, 16, 16, 6, 9, 10, 9, 3, 8, 14, 12, 4, 14, 11, 17, 0, 6, 12, 8, 16, 9, 11, 16, 14, 18, 9, 12, 3, 16, 3, 12, 9, 7, 18, 7, 10, 6, 11, 8, 6, 9, 11, 8, 12, 10 ], [ 11, 11, 12, 14, 6, 18, 12, 16, 9, 15, 5, 19, 14, 8, 14, 14, 7, 13, 12, 8, 19, 15, 14, 8, 14, 17, 13, 17, 12, 15, 7, 20, 3, 13, 5, 5, 16, 16, 15, 12, 12, 6, 15, 18, 16, 10, 15, 12, 12, 5, 3, 10, 17, 9, 19, 17, 21, 6, 0, 18, 14, 19, 4, 6, 17, 19, 18, 14, 17, 8, 14, 3, 13, 14, 12, 19, 12, 13, 3, 16, 14, 10, 15, 10, 6, 12, 16 ], [ 25, 8, 13, 10, 17, 12, 8, 8, 14, 17, 17, 13, 4, 19, 8, 10, 12, 24, 9, 16, 18, 4, 24, 13, 19, 5, 16, 2, 10, 22, 14, 18, 20, 5, 14, 17, 5, 5, 25, 10, 20, 13, 3, 20, 22, 13, 4, 14, 11, 14, 19, 25, 9, 10, 8, 2, 13, 12, 18, 0, 4, 15, 20, 23, 20, 6, 21, 5, 4, 10, 24, 15, 17, 9, 9, 20, 10, 14, 18, 5, 5, 11, 4, 19, 18, 20, 3 ], [ 21, 6, 10, 7, 13, 11, 4, 6, 10, 13, 14, 12, 2, 15, 7, 6, 9, 20, 7, 12, 15, 1, 20, 10, 15, 5, 12, 3, 9, 19, 11, 16, 16, 2, 10, 12, 3, 4, 21, 9, 16, 9, 1, 17, 19, 10, 4, 10, 10, 10, 15, 21, 8, 6, 7, 3, 12, 8, 14, 4, 0, 13, 16, 19, 17, 6, 18, 2, 4, 6, 20, 11, 14, 8, 5, 17, 8, 11, 14, 4, 4, 7, 1, 15, 14, 16, 4 ], [ 19, 17, 7, 6, 14, 2, 10, 7, 10, 6, 22, 2, 14, 13, 20, 7, 18, 15, 19, 11, 4, 12, 15, 20, 8, 9, 7, 13, 21, 12, 21, 3, 22, 15, 14, 15, 10, 10, 15, 21, 11, 18, 13, 7, 11, 21, 17, 7, 22, 15, 18, 19, 5, 12, 8, 12, 4, 16, 19, 15, 13, 0, 18, 22, 7, 9, 8, 11, 10, 14, 14, 18, 8, 20, 9, 6, 20, 6, 21, 9, 16, 10, 12, 12, 15, 11, 17 ], [ 7, 14, 12, 15, 4, 18, 13, 16, 8, 13, 9, 19, 16, 6, 17, 14, 11, 9, 15, 7, 17, 17, 10, 11, 12, 18, 12, 19, 16, 12, 11, 18, 6, 15, 6, 4, 17, 17, 11, 16, 9, 9, 17, 15, 12, 13, 18, 11, 16, 6, 1, 6, 17, 10, 20, 19, 21, 9, 4, 20, 16, 18, 0, 3, 14, 20, 16, 16, 19, 11, 11, 7, 11, 17, 13, 17, 15, 12, 7, 18, 17, 11, 17, 8, 3, 9, 19 ], [ 8, 17, 15, 18, 8, 21, 16, 20, 12, 16, 10, 22, 19, 8, 20, 17, 13, 11, 17, 10, 20, 20, 12, 13, 15, 22, 15, 22, 18, 14, 13, 22, 6, 18, 9, 7, 20, 21, 13, 18, 12, 11, 20, 18, 15, 15, 21, 15, 18, 9, 4, 6, 21, 13, 23, 22, 24, 11, 6, 23, 19, 22, 3, 0, 17, 24, 19, 19, 22, 14, 13, 9, 15, 19, 16, 20, 17, 15, 7, 21, 20, 14, 20, 10, 7, 11, 22 ], [ 12, 19, 7, 10, 11, 9, 13, 11, 9, 3, 21, 9, 18, 9, 23, 10, 19, 9, 21, 9, 4, 16, 8, 20, 3, 15, 5, 18, 23, 5, 21, 5, 19, 18, 13, 12, 15, 15, 8, 23, 6, 18, 17, 1, 4, 22, 21, 7, 24, 13, 15, 14, 11, 13, 14, 17, 11, 16, 17, 20, 17, 7, 14, 17, 0, 15, 2, 15, 16, 15, 7, 17, 4, 23, 11, 3, 22, 6, 19, 15, 20, 11, 17, 7, 11, 6, 21 ], [ 24, 12, 10, 6, 16, 7, 7, 4, 12, 13, 20, 8, 8, 18, 13, 7, 15, 22, 13, 14, 13, 6, 21, 16, 15, 2, 12, 4, 15, 19, 17, 13, 21, 8, 14, 16, 4, 3, 22, 15, 17, 15, 6, 15, 19, 16, 10, 11, 16, 14, 20, 24, 4, 10, 2, 4, 7, 14, 19, 6, 6, 9, 20, 24, 15, 0, 16, 5, 2, 11, 21, 16, 14, 14, 7, 15, 14, 11, 20, 3, 10, 10, 6, 17, 17, 17, 9 ], [ 14, 21, 9, 11, 12, 9, 14, 13, 11, 5, 23, 9, 20, 11, 25, 12, 21, 10, 23, 10, 4, 18, 9, 22, 4, 16, 6, 19, 24, 6, 23, 5, 21, 19, 15, 14, 16, 16, 9, 25, 7, 20, 19, 1, 5, 24, 22, 8, 25, 15, 16, 15, 12, 15, 15, 19, 11, 18, 18, 21, 18, 8, 16, 19, 2, 16, 0, 17, 17, 17, 8, 19, 5, 24, 13, 2, 23, 8, 21, 16, 21, 13, 18, 9, 13, 7, 22 ], [ 20, 7, 9, 5, 13, 9, 3, 5, 9, 12, 15, 10, 3, 14, 9, 5, 10, 19, 8, 11, 14, 1, 19, 11, 14, 3, 11, 3, 10, 18, 12, 14, 17, 4, 10, 12, 1, 2, 20, 10, 15, 10, 2, 15, 18, 11, 6, 9, 11, 10, 15, 20, 6, 6, 6, 3, 10, 9, 14, 5, 2, 11, 16, 19, 15, 5, 17, 0, 3, 6, 19, 12, 13, 9, 4, 16, 9, 9, 15, 3, 5, 6, 1, 14, 14, 15, 6 ], [ 23, 10, 10, 6, 15, 8, 6, 4, 11, 13, 18, 9, 6, 17, 11, 6, 13, 21, 11, 13, 14, 3, 21, 14, 15, 1, 12, 2, 13, 19, 15, 14, 20, 6, 13, 15, 2, 1, 21, 13, 17, 13, 4, 16, 19, 14, 7, 10, 14, 13, 18, 23, 5, 9, 3, 2, 8, 12, 17, 4, 4, 10, 19, 22, 16, 2, 17, 3, 0, 9, 21, 15, 14, 11, 6, 16, 12, 10, 18, 1, 7, 8, 3, 16, 16, 17, 7 ], [ 17, 4, 9, 8, 9, 12, 4, 9, 7, 12, 9, 14, 6, 11, 8, 7, 4, 16, 6, 8, 15, 6, 17, 6, 13, 9, 11, 9, 7, 16, 7, 16, 10, 5, 5, 8, 7, 8, 18, 8, 13, 4, 7, 16, 16, 7, 7, 9, 8, 5, 10, 16, 10, 2, 11, 9, 15, 3, 8, 10, 6, 14, 11, 14, 15, 11, 17, 6, 9, 0, 17, 5, 12, 8, 5, 17, 6, 10, 9, 9, 6, 4, 6, 12, 9, 13, 8 ], [ 6, 21, 11, 15, 9, 15, 16, 16, 10, 8, 19, 15, 21, 6, 25, 14, 19, 2, 23, 9, 11, 20, 1, 20, 6, 19, 8, 22, 24, 2, 20, 12, 16, 20, 13, 10, 19, 19, 1, 24, 4, 18, 21, 8, 3, 22, 23, 10, 25, 13, 11, 8, 17, 15, 20, 22, 18, 16, 14, 24, 20, 14, 11, 13, 7, 21, 8, 19, 21, 17, 0, 16, 7, 24, 15, 9, 23, 10, 17, 19, 23, 14, 20, 5, 9, 4, 24 ], [ 14, 8, 11, 13, 7, 16, 9, 13, 8, 14, 4, 18, 11, 10, 11, 12, 4, 15, 8, 8, 18, 12, 15, 4, 15, 14, 13, 14, 9, 16, 4, 19, 5, 10, 4, 6, 13, 14, 16, 9, 13, 2, 12, 18, 17, 7, 12, 11, 9, 4, 6, 13, 15, 6, 17, 14, 19, 3, 3, 15, 11, 18, 7, 9, 17, 16, 19, 12, 15, 5, 16, 0, 13, 10, 10, 19, 8, 12, 3, 14, 11, 8, 12, 11, 7, 13, 13 ], [ 11, 16, 4, 8, 7, 8, 10, 9, 5, 2, 17, 9, 15, 6, 20, 8, 15, 8, 18, 5, 6, 14, 8, 17, 2, 13, 1, 16, 19, 5, 17, 7, 16, 15, 9, 9, 13, 12, 8, 20, 4, 15, 14, 4, 5, 19, 18, 4, 20, 10, 11, 12, 10, 10, 12, 15, 11, 12, 13, 17, 14, 8, 11, 15, 4, 14, 5, 13, 14, 12, 7, 13, 0, 19, 8, 6, 18, 3, 16, 12, 17, 8, 14, 4, 8, 4, 18 ], [ 24, 3, 16, 14, 16, 18, 10, 14, 14, 20, 11, 19, 6, 18, 1, 13, 6, 24, 2, 16, 22, 8, 24, 6, 21, 12, 18, 9, 2, 24, 7, 23, 14, 6, 12, 15, 10, 11, 25, 2, 21, 8, 8, 23, 24, 5, 4, 16, 3, 12, 16, 23, 15, 10, 15, 10, 19, 9, 14, 9, 8, 20, 17, 19, 23, 14, 24, 9, 11, 8, 24, 10, 19, 0, 11, 24, 2, 17, 12, 12, 4, 12, 8, 19, 16, 20, 5 ], [ 16, 9, 5, 3, 9, 7, 1, 4, 5, 8, 13, 8, 7, 10, 12, 2, 10, 15, 10, 7, 11, 5, 15, 11, 10, 5, 7, 7, 12, 13, 12, 11, 14, 6, 7, 9, 5, 5, 16, 12, 11, 9, 6, 12, 13, 12, 9, 5, 13, 7, 12, 17, 5, 4, 7, 7, 9, 7, 12, 9, 5, 9, 13, 16, 11, 7, 13, 4, 6, 5, 15, 10, 8, 11, 0, 12, 11, 5, 13, 5, 8, 2, 5, 10, 10, 11, 9 ], [ 15, 21, 8, 10, 13, 8, 14, 12, 11, 5, 23, 8, 19, 12, 24, 11, 21, 11, 22, 11, 2, 17, 11, 22, 5, 15, 6, 18, 24, 7, 23, 3, 22, 19, 15, 14, 15, 15, 10, 24, 8, 20, 18, 2, 6, 24, 21, 8, 25, 16, 17, 16, 11, 15, 14, 18, 10, 18, 19, 20, 17, 6, 17, 20, 3, 15, 2, 16, 16, 17, 9, 19, 6, 24, 12, 0, 23, 8, 21, 15, 21, 13, 17, 10, 14, 9, 21 ], [ 22, 2, 15, 13, 14, 18, 9, 13, 13, 19, 9, 19, 6, 17, 2, 13, 5, 22, 1, 14, 21, 8, 23, 4, 20, 12, 17, 10, 1, 22, 5, 22, 12, 6, 11, 13, 11, 12, 24, 1, 19, 6, 8, 22, 23, 3, 5, 15, 2, 10, 14, 21, 15, 8, 15, 10, 19, 7, 12, 10, 8, 20, 15, 17, 22, 14, 23, 9, 12, 6, 23, 8, 18, 2, 11, 23, 0, 16, 10, 12, 5, 10, 8, 18, 15, 19, 6 ], [ 13, 13, 1, 4, 8, 6, 7, 6, 4, 3, 16, 7, 12, 7, 17, 4, 13, 11, 15, 5, 6, 11, 11, 15, 5, 9, 2, 12, 17, 8, 15, 7, 15, 12, 8, 8, 9, 9, 11, 17, 7, 13, 11, 7, 8, 16, 15, 1, 18, 8, 12, 14, 7, 7, 10, 12, 9, 10, 13, 14, 11, 6, 12, 15, 6, 11, 8, 9, 10, 10, 10, 12, 3, 17, 5, 8, 16, 0, 15, 9, 14, 5, 11, 6, 9, 6, 15 ], [ 14, 10, 14, 16, 9, 20, 12, 17, 11, 17, 2, 21, 14, 11, 13, 15, 6, 16, 11, 11, 21, 15, 16, 6, 17, 18, 15, 18, 11, 17, 5, 22, 2, 13, 7, 7, 16, 17, 17, 11, 15, 5, 15, 20, 18, 8, 15, 14, 11, 6, 6, 12, 18, 10, 20, 17, 22, 6, 3, 18, 14, 21, 7, 7, 19, 20, 21, 15, 18, 9, 17, 3, 16, 12, 13, 21, 10, 15, 0, 17, 14, 11, 15, 13, 8, 14, 15 ], [ 21, 10, 9, 5, 14, 7, 5, 3, 10, 12, 17, 8, 6, 15, 11, 5, 12, 20, 11, 12, 12, 3, 20, 14, 14, 1, 11, 3, 13, 18, 15, 13, 19, 6, 12, 14, 1, 0, 20, 13, 16, 13, 4, 15, 17, 14, 8, 9, 14, 12, 17, 22, 4, 8, 3, 3, 8, 11, 16, 5, 4, 9, 18, 21, 15, 3, 16, 3, 1, 9, 19, 14, 12, 12, 5, 15, 12, 9, 17, 0, 8, 7, 3, 15, 15, 15, 7 ], [ 23, 3, 13, 11, 15, 14, 7, 10, 12, 17, 13, 15, 2, 17, 4, 10, 8, 22, 4, 14, 19, 4, 23, 8, 18, 8, 16, 5, 5, 22, 9, 19, 16, 2, 11, 14, 6, 7, 23, 6, 19, 9, 4, 20, 22, 8, 1, 13, 7, 11, 16, 22, 11, 8, 11, 6, 15, 8, 14, 5, 4, 16, 17, 20, 20, 10, 21, 5, 7, 6, 23, 11, 17, 4, 8, 21, 5, 14, 14, 8, 0, 9, 4, 18, 16, 18, 2 ], [ 15, 8, 4, 5, 7, 9, 3, 6, 3, 8, 12, 10, 8, 9, 12, 4, 8, 14, 10, 5, 11, 7, 14, 10, 9, 8, 7, 9, 12, 12, 11, 12, 12, 7, 5, 7, 7, 7, 14, 12, 10, 8, 7, 12, 13, 11, 10, 4, 13, 5, 10, 15, 7, 2, 9, 9, 11, 6, 10, 11, 7, 10, 11, 14, 11, 10, 13, 6, 8, 4, 14, 8, 8, 12, 2, 13, 10, 5, 11, 7, 9, 0, 7, 9, 8, 9, 10 ], [ 22, 6, 10, 7, 14, 10, 4, 6, 10, 14, 15, 11, 2, 16, 8, 6, 10, 20, 8, 12, 15, 0, 20, 11, 15, 4, 13, 3, 9, 19, 12, 16, 17, 3, 11, 13, 2, 3, 21, 10, 17, 10, 0, 17, 19, 11, 5, 10, 11, 11, 16, 21, 7, 7, 7, 2, 11, 9, 15, 4, 1, 12, 17, 20, 17, 6, 18, 1, 3, 6, 20, 12, 14, 8, 5, 17, 8, 11, 15, 3, 4, 7, 0, 15, 15, 16, 4 ], [ 7, 16, 7, 10, 4, 12, 11, 12, 5, 6, 15, 13, 16, 2, 20, 10, 14, 5, 17, 4, 10, 15, 5, 15, 4, 15, 5, 18, 19, 5, 16, 11, 13, 15, 8, 6, 15, 15, 6, 19, 2, 13, 16, 8, 5, 17, 18, 6, 19, 8, 8, 8, 13, 10, 16, 17, 15, 11, 10, 19, 15, 12, 8, 10, 7, 17, 9, 14, 16, 12, 5, 11, 4, 19, 10, 10, 18, 6, 13, 15, 18, 9, 15, 0, 5, 1, 19 ], [ 7, 13, 8, 12, 1, 14, 10, 13, 5, 10, 10, 15, 15, 3, 17, 11, 11, 8, 15, 4, 14, 14, 8, 12, 9, 15, 8, 17, 16, 9, 12, 15, 8, 14, 4, 2, 14, 15, 9, 16, 6, 9, 15, 12, 10, 14, 17, 8, 16, 5, 3, 7, 14, 8, 17, 17, 17, 8, 6, 18, 14, 15, 3, 7, 11, 17, 13, 14, 16, 9, 9, 7, 8, 16, 10, 14, 15, 9, 8, 15, 16, 8, 15, 5, 0, 6, 17 ], [ 7, 17, 7, 11, 6, 12, 12, 13, 6, 6, 16, 12, 17, 3, 21, 11, 15, 4, 19, 5, 9, 16, 4, 17, 4, 16, 5, 18, 20, 3, 17, 10, 14, 16, 9, 7, 15, 15, 5, 20, 0, 14, 17, 7, 4, 19, 19, 6, 21, 9, 9, 8, 13, 11, 16, 18, 15, 12, 12, 20, 16, 11, 9, 11, 6, 17, 7, 15, 17, 13, 4, 13, 4, 20, 11, 9, 19, 6, 14, 15, 18, 9, 16, 1, 6, 0, 20 ], [ 24, 5, 14, 11, 17, 14, 8, 10, 14, 18, 14, 16, 3, 19, 5, 11, 9, 24, 6, 15, 19, 4, 24, 10, 19, 8, 16, 5, 7, 23, 11, 20, 18, 4, 13, 15, 6, 7, 25, 7, 20, 11, 4, 21, 23, 9, 1, 14, 8, 13, 18, 24, 11, 9, 10, 5, 15, 10, 16, 3, 4, 17, 19, 22, 21, 9, 22, 6, 7, 8, 24, 13, 18, 5, 9, 21, 6, 15, 15, 7, 2, 10, 4, 19, 17, 20, 0 ] ]
}