{
  "version" : "0.3",
  "id" : 1726218358,
  "name" : "PTP-RAND-3_16_6_64",
  "coordType" : "Eucl",
  "sameVehicleBackward" : false,
  "maxWaitTime" : "00h30",
  "places" : [ {
    "id" : 0,
    "lat" : 0.7044082208044818,
    "long" : 1.4765735292703217,
    "category" : 0
  }, {
    "id" : 1,
    "lat" : -1.9067163152065856,
    "long" : -0.5044124431395846,
    "category" : 0
  }, {
    "id" : 2,
    "lat" : -2.722724661037243,
    "long" : -9.645280969310223,
    "category" : 0
  }, {
    "id" : 3,
    "lat" : 1.4333254197986196,
    "long" : 3.3612806839498375,
    "category" : 0
  }, {
    "id" : 4,
    "lat" : 11.83088966405889,
    "long" : -2.2027612350523933,
    "category" : 0
  }, {
    "id" : 5,
    "lat" : 4.2322436720859455,
    "long" : -5.3447718546318,
    "category" : 0
  }, {
    "id" : 6,
    "lat" : 8.243719900678549,
    "long" : 3.3776166312024536,
    "category" : 0
  }, {
    "id" : 7,
    "lat" : 9.275393849776762,
    "long" : -0.8183791897033255,
    "category" : 0
  }, {
    "id" : 8,
    "lat" : 6.655188499455227,
    "long" : -1.4519629850527842,
    "category" : 0
  }, {
    "id" : 9,
    "lat" : -5.141612988048153,
    "long" : 11.510425964526513,
    "category" : 0
  }, {
    "id" : 10,
    "lat" : 3.4494272656214187,
    "long" : -10.728705833037242,
    "category" : 0
  }, {
    "id" : 11,
    "lat" : -3.9306015116416053,
    "long" : -10.93379957078625,
    "category" : 0
  }, {
    "id" : 12,
    "lat" : -3.6538197721335397,
    "long" : -9.846580141194796,
    "category" : 0
  }, {
    "id" : 13,
    "lat" : 5.813661152765988,
    "long" : -10.344582168898187,
    "category" : 0
  }, {
    "id" : 14,
    "lat" : -2.975893632019503,
    "long" : 4.499046832391847,
    "category" : 0
  }, {
    "id" : 15,
    "lat" : 4.20163998456177,
    "long" : -9.563584149124772,
    "category" : 0
  }, {
    "id" : 16,
    "lat" : 4.092382366399045,
    "long" : -6.064977207622952,
    "category" : 1
  }, {
    "id" : 17,
    "lat" : 7.323133740029866,
    "long" : 1.2212747781818267,
    "category" : 2
  }, {
    "id" : 18,
    "lat" : 2.076239267544806,
    "long" : 10.427920546064406,
    "category" : 2
  }, {
    "id" : 19,
    "lat" : 7.031378297741063,
    "long" : 0.21427560229142836,
    "category" : 2
  }, {
    "id" : 20,
    "lat" : 7.026375535828666,
    "long" : 4.376542195679693,
    "category" : 2
  }, {
    "id" : 21,
    "lat" : 12.069645252263244,
    "long" : -2.834979781996778,
    "category" : 2
  }, {
    "id" : 22,
    "lat" : 2.9859476444339945,
    "long" : -10.878991884241083,
    "category" : 2
  }, {
    "id" : 23,
    "lat" : 10.539151898239442,
    "long" : -3.6079043574814293,
    "category" : 2
  }, {
    "id" : 24,
    "lat" : -12.582610041687643,
    "long" : -1.9808783002620647,
    "category" : 2
  }, {
    "id" : 25,
    "lat" : 10.121676804520078,
    "long" : -4.758369908473,
    "category" : 2
  }, {
    "id" : 26,
    "lat" : -9.352791405068649,
    "long" : -1.489440250288625,
    "category" : 2
  }, {
    "id" : 27,
    "lat" : 3.086875142956106,
    "long" : -11.953387095285086,
    "category" : 2
  }, {
    "id" : 28,
    "lat" : 2.0755121957116764,
    "long" : -6.1642880070498345,
    "category" : 2
  }, {
    "id" : 29,
    "lat" : 7.346207101081481,
    "long" : 10.29449623307854,
    "category" : 2
  }, {
    "id" : 30,
    "lat" : -3.821375711011171,
    "long" : 1.458306309462493,
    "category" : 2
  }, {
    "id" : 31,
    "lat" : -4.441328838592547,
    "long" : 11.515247651057615,
    "category" : 2
  }, {
    "id" : 32,
    "lat" : 8.279953817347925,
    "long" : 2.5891522609620683,
    "category" : 2
  }, {
    "id" : 33,
    "lat" : -5.745352627818755,
    "long" : 4.553082779697239,
    "category" : 2
  }, {
    "id" : 34,
    "lat" : -0.7841159360330605,
    "long" : -1.9276271604825252,
    "category" : 2
  }, {
    "id" : 35,
    "lat" : 5.28926717592096,
    "long" : 2.2521432906806007,
    "category" : 2
  }, {
    "id" : 36,
    "lat" : -6.183525096256426,
    "long" : -4.015789603695185,
    "category" : 2
  }, {
    "id" : 37,
    "lat" : -7.14173233254911,
    "long" : -8.30474554147302,
    "category" : 2
  }, {
    "id" : 38,
    "lat" : 9.043014839172741,
    "long" : -5.937388900788159,
    "category" : 2
  }, {
    "id" : 39,
    "lat" : 6.673623763809147,
    "long" : 1.0298471003603547,
    "category" : 2
  }, {
    "id" : 40,
    "lat" : -1.9967964059914085,
    "long" : 7.84941083319305,
    "category" : 2
  }, {
    "id" : 41,
    "lat" : -3.658749243717321,
    "long" : -9.643696872325663,
    "category" : 2
  }, {
    "id" : 42,
    "lat" : -9.423118673804574,
    "long" : -7.3587735949174435,
    "category" : 2
  }, {
    "id" : 43,
    "lat" : 7.8188164804499305,
    "long" : -0.9848678050930592,
    "category" : 2
  }, {
    "id" : 44,
    "lat" : -1.1613919511390212,
    "long" : 2.1268291879839403,
    "category" : 2
  }, {
    "id" : 45,
    "lat" : 8.449886933510532,
    "long" : 5.970553297681601,
    "category" : 2
  }, {
    "id" : 46,
    "lat" : -6.703633739755966,
    "long" : 1.8487540747915105,
    "category" : 2
  }, {
    "id" : 47,
    "lat" : 2.142915684326232,
    "long" : -0.2553935787556129,
    "category" : 2
  }, {
    "id" : 48,
    "lat" : -9.82804533783009,
    "long" : 5.37690263276974,
    "category" : 2
  }, {
    "id" : 49,
    "lat" : -1.859054990161407,
    "long" : -10.243186557012455,
    "category" : 2
  }, {
    "id" : 50,
    "lat" : 0.20997987540641236,
    "long" : -11.438716966640143,
    "category" : 2
  }, {
    "id" : 51,
    "lat" : 8.635770617189147,
    "long" : 3.524459261314307,
    "category" : 2
  }, {
    "id" : 52,
    "lat" : 0.7630177671704705,
    "long" : -1.1632537127114775,
    "category" : 2
  }, {
    "id" : 53,
    "lat" : 3.1690022850998814,
    "long" : 3.1741482457830985,
    "category" : 2
  }, {
    "id" : 54,
    "lat" : 10.930410505398859,
    "long" : 6.305525358612855,
    "category" : 2
  }, {
    "id" : 55,
    "lat" : 3.619151571285298,
    "long" : -8.973934671862693,
    "category" : 2
  }, {
    "id" : 56,
    "lat" : -3.607671760592324,
    "long" : -0.9708513876048627,
    "category" : 2
  }, {
    "id" : 57,
    "lat" : -9.099915715950766,
    "long" : -2.9393615842295993,
    "category" : 2
  }, {
    "id" : 58,
    "lat" : -0.8149770814175962,
    "long" : -10.394849300267488,
    "category" : 2
  }, {
    "id" : 59,
    "lat" : 8.29898559020911,
    "long" : -6.641217382687809,
    "category" : 2
  }, {
    "id" : 60,
    "lat" : -1.6669437477483373,
    "long" : 7.780168878005989,
    "category" : 2
  }, {
    "id" : 61,
    "lat" : 6.836696312295471,
    "long" : -0.1357867937563408,
    "category" : 2
  }, {
    "id" : 62,
    "lat" : 5.397961058528346,
    "long" : 9.63096765130244,
    "category" : 2
  }, {
    "id" : 63,
    "lat" : 8.774055280195041,
    "long" : 4.657410614523155,
    "category" : 2
  }, {
    "id" : 64,
    "lat" : -11.088891298749653,
    "long" : 3.608197683367993,
    "category" : 2
  }, {
    "id" : 65,
    "lat" : -7.067224454519185,
    "long" : 1.1264529020635554,
    "category" : 2
  }, {
    "id" : 66,
    "lat" : -10.082793398393106,
    "long" : 4.989975555113986,
    "category" : 2
  }, {
    "id" : 67,
    "lat" : -5.3084919494252505,
    "long" : 8.000093203743113,
    "category" : 2
  }, {
    "id" : 68,
    "lat" : 6.369723406036931,
    "long" : -10.572859619667307,
    "category" : 2
  }, {
    "id" : 69,
    "lat" : 4.9514134142960975,
    "long" : 0.6946150332943164,
    "category" : 2
  }, {
    "id" : 70,
    "lat" : -3.387383629271883,
    "long" : -0.9802802425133519,
    "category" : 2
  }, {
    "id" : 71,
    "lat" : 6.250402765519471,
    "long" : 9.106177380516682,
    "category" : 2
  }, {
    "id" : 72,
    "lat" : -9.289338040647191,
    "long" : -2.0261013890857336,
    "category" : 2
  }, {
    "id" : 73,
    "lat" : -11.964104309978,
    "long" : 0.9736905699870754,
    "category" : 2
  }, {
    "id" : 74,
    "lat" : -1.6691388906077753,
    "long" : -5.888134975240381,
    "category" : 2
  }, {
    "id" : 75,
    "lat" : 5.940281881172471,
    "long" : -1.6808870616414997,
    "category" : 2
  }, {
    "id" : 76,
    "lat" : 1.4950591312978174,
    "long" : 0.42660398452760123,
    "category" : 2
  }, {
    "id" : 77,
    "lat" : 5.679182773898071,
    "long" : 7.636784556462263,
    "category" : 2
  }, {
    "id" : 78,
    "lat" : -5.481182233794925,
    "long" : 9.258959663340741,
    "category" : 2
  }, {
    "id" : 79,
    "lat" : 3.223113306898558,
    "long" : 8.879284227673327,
    "category" : 2
  }, {
    "id" : 80,
    "lat" : 7.001841006301068,
    "long" : -1.5181136459206928,
    "category" : 2
  }, {
    "id" : 81,
    "lat" : 10.394168935825485,
    "long" : -1.4481598451240554,
    "category" : 2
  }, {
    "id" : 82,
    "lat" : -0.9334974768897022,
    "long" : 7.916497272352631,
    "category" : 2
  }, {
    "id" : 83,
    "lat" : -5.212472724419402,
    "long" : 1.389037585527193,
    "category" : 2
  }, {
    "id" : 84,
    "lat" : 6.620113633143038,
    "long" : -11.085151569969787,
    "category" : 2
  }, {
    "id" : 85,
    "lat" : -11.041507393287016,
    "long" : 3.1370538212569525,
    "category" : 2
  }, {
    "id" : 86,
    "lat" : 3.8630697701321797,
    "long" : -7.051101834591814,
    "category" : 2
  }, {
    "id" : 87,
    "lat" : -0.16174389374360013,
    "long" : 10.648417596227251,
    "category" : 2
  }, {
    "id" : 88,
    "lat" : -8.495247124185926,
    "long" : 5.317093144266853,
    "category" : 2
  } ],
  "vehicles" : [ {
    "id" : 89,
    "canTake" : [ 0 ],
    "start" : 16,
    "end" : 16,
    "capacity" : 6,
    "availability" : [ "07h00:20h00" ]
  }, {
    "id" : 90,
    "canTake" : [ 0 ],
    "start" : 16,
    "end" : 16,
    "capacity" : 6,
    "availability" : [ "07h00:20h00" ]
  }, {
    "id" : 91,
    "canTake" : [ 0 ],
    "start" : 16,
    "end" : 16,
    "capacity" : 6,
    "availability" : [ "07h00:20h00" ]
  }, {
    "id" : 92,
    "canTake" : [ 0 ],
    "start" : 16,
    "end" : 16,
    "capacity" : 6,
    "availability" : [ "07h00:20h00" ]
  }, {
    "id" : 93,
    "canTake" : [ 0 ],
    "start" : 16,
    "end" : 16,
    "capacity" : 6,
    "availability" : [ "07h00:20h00" ]
  }, {
    "id" : 94,
    "canTake" : [ 0 ],
    "start" : 16,
    "end" : 16,
    "capacity" : 6,
    "availability" : [ "07h00:20h00" ]
  } ],
  "patients" : [ {
    "id" : 95,
    "category" : 0,
    "load" : 1,
    "start" : 17,
    "destination" : 0,
    "end" : 17,
    "rdvTime" : "09h19",
    "rdvDuration" : "02h48",
    "srvDuration" : "00h01"
  }, {
    "id" : 96,
    "category" : 0,
    "load" : 2,
    "start" : 18,
    "destination" : 1,
    "end" : 18,
    "rdvTime" : "12h09",
    "rdvDuration" : "02h33",
    "srvDuration" : "00h02"
  }, {
    "id" : 97,
    "category" : 0,
    "load" : 1,
    "start" : 19,
    "destination" : 2,
    "end" : -1,
    "rdvTime" : "14h46",
    "rdvDuration" : "01h59",
    "srvDuration" : "00h01"
  }, {
    "id" : 98,
    "category" : 0,
    "load" : 2,
    "start" : 20,
    "destination" : 3,
    "end" : -1,
    "rdvTime" : "12h35",
    "rdvDuration" : "01h21",
    "srvDuration" : "00h01"
  }, {
    "id" : 99,
    "category" : 0,
    "load" : 1,
    "start" : 21,
    "destination" : 4,
    "end" : 21,
    "rdvTime" : "15h00",
    "rdvDuration" : "00h26",
    "srvDuration" : "00h01"
  }, {
    "id" : 100,
    "category" : 0,
    "load" : 1,
    "start" : 22,
    "destination" : 5,
    "end" : 22,
    "rdvTime" : "15h13",
    "rdvDuration" : "01h52",
    "srvDuration" : "00h02"
  }, {
    "id" : 101,
    "category" : 0,
    "load" : 1,
    "start" : 23,
    "destination" : 6,
    "end" : 23,
    "rdvTime" : "08h20",
    "rdvDuration" : "00h21",
    "srvDuration" : "00h02"
  }, {
    "id" : 102,
    "category" : 0,
    "load" : 1,
    "start" : 24,
    "destination" : 7,
    "end" : 24,
    "rdvTime" : "15h22",
    "rdvDuration" : "01h41",
    "srvDuration" : "00h02"
  }, {
    "id" : 103,
    "category" : 0,
    "load" : 2,
    "start" : 25,
    "destination" : 8,
    "end" : 25,
    "rdvTime" : "13h48",
    "rdvDuration" : "01h38",
    "srvDuration" : "00h01"
  }, {
    "id" : 104,
    "category" : 0,
    "load" : 1,
    "start" : 26,
    "destination" : 9,
    "end" : 26,
    "rdvTime" : "13h22",
    "rdvDuration" : "00h51",
    "srvDuration" : "00h01"
  }, {
    "id" : 105,
    "category" : 0,
    "load" : 1,
    "start" : 27,
    "destination" : 10,
    "end" : 27,
    "rdvTime" : "13h57",
    "rdvDuration" : "01h28",
    "srvDuration" : "00h01"
  }, {
    "id" : 106,
    "category" : 0,
    "load" : 2,
    "start" : 28,
    "destination" : 11,
    "end" : 29,
    "rdvTime" : "14h56",
    "rdvDuration" : "00h25",
    "srvDuration" : "00h02"
  }, {
    "id" : 107,
    "category" : 0,
    "load" : 2,
    "start" : 30,
    "destination" : 12,
    "end" : 30,
    "rdvTime" : "13h14",
    "rdvDuration" : "01h25",
    "srvDuration" : "00h02"
  }, {
    "id" : 108,
    "category" : 0,
    "load" : 2,
    "start" : 31,
    "destination" : 13,
    "end" : 31,
    "rdvTime" : "11h15",
    "rdvDuration" : "00h59",
    "srvDuration" : "00h01"
  }, {
    "id" : 109,
    "category" : 0,
    "load" : 2,
    "start" : -1,
    "destination" : 14,
    "end" : 32,
    "rdvTime" : "14h44",
    "rdvDuration" : "01h38",
    "srvDuration" : "00h01"
  }, {
    "id" : 110,
    "category" : 0,
    "load" : 1,
    "start" : 33,
    "destination" : 15,
    "end" : -1,
    "rdvTime" : "15h56",
    "rdvDuration" : "01h48",
    "srvDuration" : "00h02"
  }, {
    "id" : 111,
    "category" : 0,
    "load" : 2,
    "start" : 34,
    "destination" : 2,
    "end" : 34,
    "rdvTime" : "10h43",
    "rdvDuration" : "01h59",
    "srvDuration" : "00h02"
  }, {
    "id" : 112,
    "category" : 0,
    "load" : 2,
    "start" : 35,
    "destination" : 15,
    "end" : 35,
    "rdvTime" : "11h56",
    "rdvDuration" : "02h04",
    "srvDuration" : "00h01"
  }, {
    "id" : 113,
    "category" : 0,
    "load" : 1,
    "start" : 36,
    "destination" : 10,
    "end" : -1,
    "rdvTime" : "14h26",
    "rdvDuration" : "00h40",
    "srvDuration" : "00h02"
  }, {
    "id" : 114,
    "category" : 0,
    "load" : 2,
    "start" : 37,
    "destination" : 9,
    "end" : -1,
    "rdvTime" : "10h39",
    "rdvDuration" : "02h20",
    "srvDuration" : "00h01"
  }, {
    "id" : 115,
    "category" : 0,
    "load" : 1,
    "start" : 38,
    "destination" : 6,
    "end" : 38,
    "rdvTime" : "12h44",
    "rdvDuration" : "01h43",
    "srvDuration" : "00h02"
  }, {
    "id" : 116,
    "category" : 0,
    "load" : 2,
    "start" : 39,
    "destination" : 14,
    "end" : 39,
    "rdvTime" : "14h46",
    "rdvDuration" : "02h18",
    "srvDuration" : "00h01"
  }, {
    "id" : 117,
    "category" : 0,
    "load" : 1,
    "start" : 40,
    "destination" : 13,
    "end" : -1,
    "rdvTime" : "14h30",
    "rdvDuration" : "00h44",
    "srvDuration" : "00h01"
  }, {
    "id" : 118,
    "category" : 0,
    "load" : 1,
    "start" : 41,
    "destination" : 1,
    "end" : 42,
    "rdvTime" : "10h30",
    "rdvDuration" : "01h39",
    "srvDuration" : "00h02"
  }, {
    "id" : 119,
    "category" : 0,
    "load" : 2,
    "start" : 43,
    "destination" : 2,
    "end" : 43,
    "rdvTime" : "12h45",
    "rdvDuration" : "01h07",
    "srvDuration" : "00h02"
  }, {
    "id" : 120,
    "category" : 0,
    "load" : 2,
    "start" : 44,
    "destination" : 5,
    "end" : 45,
    "rdvTime" : "10h54",
    "rdvDuration" : "02h59",
    "srvDuration" : "00h01"
  }, {
    "id" : 121,
    "category" : 0,
    "load" : 1,
    "start" : 46,
    "destination" : 13,
    "end" : 46,
    "rdvTime" : "12h10",
    "rdvDuration" : "02h52",
    "srvDuration" : "00h02"
  }, {
    "id" : 122,
    "category" : 0,
    "load" : 2,
    "start" : 47,
    "destination" : 10,
    "end" : 47,
    "rdvTime" : "09h50",
    "rdvDuration" : "02h14",
    "srvDuration" : "00h02"
  }, {
    "id" : 123,
    "category" : 0,
    "load" : 2,
    "start" : 48,
    "destination" : 9,
    "end" : 48,
    "rdvTime" : "08h15",
    "rdvDuration" : "00h29",
    "srvDuration" : "00h02"
  }, {
    "id" : 124,
    "category" : 0,
    "load" : 1,
    "start" : 49,
    "destination" : 0,
    "end" : 50,
    "rdvTime" : "08h13",
    "rdvDuration" : "01h46",
    "srvDuration" : "00h02"
  }, {
    "id" : 125,
    "category" : 0,
    "load" : 2,
    "start" : 51,
    "destination" : 15,
    "end" : 52,
    "rdvTime" : "13h50",
    "rdvDuration" : "02h49",
    "srvDuration" : "00h01"
  }, {
    "id" : 126,
    "category" : 0,
    "load" : 1,
    "start" : 53,
    "destination" : 5,
    "end" : 53,
    "rdvTime" : "13h09",
    "rdvDuration" : "00h53",
    "srvDuration" : "00h01"
  }, {
    "id" : 127,
    "category" : 0,
    "load" : 1,
    "start" : 54,
    "destination" : 13,
    "end" : 54,
    "rdvTime" : "09h00",
    "rdvDuration" : "02h02",
    "srvDuration" : "00h01"
  }, {
    "id" : 128,
    "category" : 0,
    "load" : 1,
    "start" : -1,
    "destination" : 2,
    "end" : 55,
    "rdvTime" : "08h35",
    "rdvDuration" : "02h04",
    "srvDuration" : "00h02"
  }, {
    "id" : 129,
    "category" : 0,
    "load" : 1,
    "start" : 56,
    "destination" : 14,
    "end" : 56,
    "rdvTime" : "08h45",
    "rdvDuration" : "01h35",
    "srvDuration" : "00h01"
  }, {
    "id" : 130,
    "category" : 0,
    "load" : 2,
    "start" : 57,
    "destination" : 12,
    "end" : 57,
    "rdvTime" : "13h36",
    "rdvDuration" : "01h15",
    "srvDuration" : "00h01"
  }, {
    "id" : 131,
    "category" : 0,
    "load" : 2,
    "start" : 58,
    "destination" : 11,
    "end" : 59,
    "rdvTime" : "14h50",
    "rdvDuration" : "02h54",
    "srvDuration" : "00h02"
  }, {
    "id" : 132,
    "category" : 0,
    "load" : 1,
    "start" : -1,
    "destination" : 1,
    "end" : 60,
    "rdvTime" : "12h27",
    "rdvDuration" : "00h51",
    "srvDuration" : "00h01"
  }, {
    "id" : 133,
    "category" : 0,
    "load" : 1,
    "start" : 61,
    "destination" : 10,
    "end" : 61,
    "rdvTime" : "10h24",
    "rdvDuration" : "01h53",
    "srvDuration" : "00h02"
  }, {
    "id" : 134,
    "category" : 0,
    "load" : 2,
    "start" : 62,
    "destination" : 0,
    "end" : 62,
    "rdvTime" : "09h11",
    "rdvDuration" : "00h39",
    "srvDuration" : "00h02"
  }, {
    "id" : 135,
    "category" : 0,
    "load" : 1,
    "start" : 63,
    "destination" : 5,
    "end" : 64,
    "rdvTime" : "10h24",
    "rdvDuration" : "02h37",
    "srvDuration" : "00h02"
  }, {
    "id" : 136,
    "category" : 0,
    "load" : 2,
    "start" : 65,
    "destination" : 7,
    "end" : 65,
    "rdvTime" : "11h39",
    "rdvDuration" : "01h23",
    "srvDuration" : "00h02"
  }, {
    "id" : 137,
    "category" : 0,
    "load" : 1,
    "start" : 66,
    "destination" : 12,
    "end" : 66,
    "rdvTime" : "14h03",
    "rdvDuration" : "01h43",
    "srvDuration" : "00h02"
  }, {
    "id" : 138,
    "category" : 0,
    "load" : 2,
    "start" : 67,
    "destination" : 1,
    "end" : 67,
    "rdvTime" : "14h08",
    "rdvDuration" : "01h54",
    "srvDuration" : "00h01"
  }, {
    "id" : 139,
    "category" : 0,
    "load" : 1,
    "start" : -1,
    "destination" : 7,
    "end" : 68,
    "rdvTime" : "15h48",
    "rdvDuration" : "00h20",
    "srvDuration" : "00h02"
  }, {
    "id" : 140,
    "category" : 0,
    "load" : 2,
    "start" : 69,
    "destination" : 15,
    "end" : 69,
    "rdvTime" : "15h34",
    "rdvDuration" : "00h38",
    "srvDuration" : "00h02"
  }, {
    "id" : 141,
    "category" : 0,
    "load" : 1,
    "start" : 70,
    "destination" : 12,
    "end" : 70,
    "rdvTime" : "08h53",
    "rdvDuration" : "01h42",
    "srvDuration" : "00h02"
  }, {
    "id" : 142,
    "category" : 0,
    "load" : 2,
    "start" : 71,
    "destination" : 4,
    "end" : 71,
    "rdvTime" : "15h00",
    "rdvDuration" : "00h49",
    "srvDuration" : "00h01"
  }, {
    "id" : 143,
    "category" : 0,
    "load" : 2,
    "start" : -1,
    "destination" : 4,
    "end" : 72,
    "rdvTime" : "12h32",
    "rdvDuration" : "01h28",
    "srvDuration" : "00h01"
  }, {
    "id" : 144,
    "category" : 0,
    "load" : 2,
    "start" : 73,
    "destination" : 8,
    "end" : -1,
    "rdvTime" : "13h58",
    "rdvDuration" : "00h49",
    "srvDuration" : "00h02"
  }, {
    "id" : 145,
    "category" : 0,
    "load" : 2,
    "start" : 74,
    "destination" : 13,
    "end" : 74,
    "rdvTime" : "09h52",
    "rdvDuration" : "02h42",
    "srvDuration" : "00h01"
  }, {
    "id" : 146,
    "category" : 0,
    "load" : 2,
    "start" : 75,
    "destination" : 6,
    "end" : -1,
    "rdvTime" : "11h03",
    "rdvDuration" : "02h30",
    "srvDuration" : "00h01"
  }, {
    "id" : 147,
    "category" : 0,
    "load" : 1,
    "start" : 76,
    "destination" : 6,
    "end" : 76,
    "rdvTime" : "08h18",
    "rdvDuration" : "01h33",
    "srvDuration" : "00h01"
  }, {
    "id" : 148,
    "category" : 0,
    "load" : 1,
    "start" : 77,
    "destination" : 15,
    "end" : 77,
    "rdvTime" : "15h33",
    "rdvDuration" : "01h04",
    "srvDuration" : "00h01"
  }, {
    "id" : 149,
    "category" : 0,
    "load" : 2,
    "start" : 78,
    "destination" : 2,
    "end" : 78,
    "rdvTime" : "13h52",
    "rdvDuration" : "01h21",
    "srvDuration" : "00h01"
  }, {
    "id" : 150,
    "category" : 0,
    "load" : 2,
    "start" : 79,
    "destination" : 4,
    "end" : 79,
    "rdvTime" : "10h33",
    "rdvDuration" : "01h01",
    "srvDuration" : "00h02"
  }, {
    "id" : 151,
    "category" : 0,
    "load" : 1,
    "start" : -1,
    "destination" : 1,
    "end" : 80,
    "rdvTime" : "13h12",
    "rdvDuration" : "02h25",
    "srvDuration" : "00h01"
  }, {
    "id" : 152,
    "category" : 0,
    "load" : 1,
    "start" : -1,
    "destination" : 7,
    "end" : 81,
    "rdvTime" : "13h06",
    "rdvDuration" : "00h27",
    "srvDuration" : "00h02"
  }, {
    "id" : 153,
    "category" : 0,
    "load" : 1,
    "start" : 82,
    "destination" : 0,
    "end" : 83,
    "rdvTime" : "14h14",
    "rdvDuration" : "01h26",
    "srvDuration" : "00h02"
  }, {
    "id" : 154,
    "category" : 0,
    "load" : 1,
    "start" : 84,
    "destination" : 12,
    "end" : 84,
    "rdvTime" : "11h29",
    "rdvDuration" : "01h24",
    "srvDuration" : "00h01"
  }, {
    "id" : 155,
    "category" : 0,
    "load" : 1,
    "start" : 85,
    "destination" : 1,
    "end" : 85,
    "rdvTime" : "15h58",
    "rdvDuration" : "00h53",
    "srvDuration" : "00h02"
  }, {
    "id" : 156,
    "category" : 0,
    "load" : 1,
    "start" : 86,
    "destination" : 11,
    "end" : 86,
    "rdvTime" : "13h37",
    "rdvDuration" : "00h33",
    "srvDuration" : "00h01"
  }, {
    "id" : 157,
    "category" : 0,
    "load" : 1,
    "start" : 87,
    "destination" : 12,
    "end" : 87,
    "rdvTime" : "14h55",
    "rdvDuration" : "01h13",
    "srvDuration" : "00h02"
  }, {
    "id" : 158,
    "category" : 0,
    "load" : 1,
    "start" : -1,
    "destination" : 13,
    "end" : 88,
    "rdvTime" : "15h15",
    "rdvDuration" : "00h48",
    "srvDuration" : "00h02"
  } ],
  "distMatrix" : [ [ 0, 3, 12, 2, 12, 8, 8, 9, 7, 12, 13, 13, 12, 13, 5, 12, 8, 7, 9, 6, 7, 12, 13, 11, 14, 11, 10, 14, 8, 11, 5, 11, 8, 7, 4, 5, 9, 13, 11, 6, 7, 12, 13, 8, 2, 9, 7, 2, 11, 12, 13, 8, 3, 3, 11, 11, 5, 11, 12, 11, 7, 6, 9, 9, 12, 8, 11, 9, 13, 4, 5, 9, 11, 13, 8, 6, 1, 8, 10, 8, 7, 10, 7, 6, 14, 12, 9, 9, 10 ], [ 3, 0, 9, 5, 14, 8, 11, 11, 9, 12, 12, 11, 10, 13, 5, 11, 8, 9, 12, 9, 10, 14, 11, 13, 11, 13, 8, 12, 7, 14, 3, 12, 11, 6, 2, 8, 6, 9, 12, 9, 8, 9, 10, 10, 3, 12, 5, 4, 10, 10, 11, 11, 3, 6, 15, 10, 2, 8, 10, 12, 8, 9, 12, 12, 10, 5, 10, 9, 13, 7, 2, 13, 8, 10, 5, 8, 4, 11, 10, 11, 9, 12, 8, 4, 14, 10, 9, 11, 9 ], [ 12, 9, 0, 14, 16, 8, 17, 15, 12, 21, 6, 2, 1, 9, 14, 7, 8, 15, 21, 14, 17, 16, 6, 15, 12, 14, 11, 6, 6, 22, 11, 21, 16, 15, 8, 14, 7, 5, 12, 14, 18, 1, 7, 14, 12, 19, 12, 11, 17, 1, 3, 17, 9, 14, 21, 6, 9, 9, 2, 11, 17, 13, 21, 18, 16, 12, 16, 18, 9, 13, 9, 21, 10, 14, 4, 12, 11, 19, 19, 19, 13, 15, 18, 11, 9, 15, 7, 20, 16 ], [ 2, 5, 14, 0, 12, 9, 7, 9, 7, 10, 14, 15, 14, 14, 5, 13, 10, 6, 7, 6, 6, 12, 14, 11, 15, 12, 12, 15, 10, 9, 6, 10, 7, 7, 6, 4, 11, 14, 12, 6, 6, 14, 15, 8, 3, 7, 8, 4, 11, 14, 15, 7, 5, 2, 10, 13, 7, 12, 14, 12, 5, 6, 7, 7, 13, 9, 12, 8, 15, 4, 6, 7, 12, 14, 10, 7, 3, 6, 9, 6, 7, 10, 5, 7, 15, 12, 11, 7, 10 ], [ 12, 14, 16, 12, 0, 8, 7, 3, 5, 22, 12, 18, 17, 10, 16, 11, 9, 6, 16, 5, 8, 1, 12, 2, 24, 3, 21, 13, 11, 13, 16, 21, 6, 19, 13, 8, 18, 20, 5, 6, 17, 17, 22, 4, 14, 9, 19, 10, 23, 16, 15, 7, 11, 10, 9, 11, 15, 21, 15, 6, 17, 5, 13, 8, 24, 19, 23, 20, 10, 7, 15, 13, 21, 24, 14, 6, 11, 12, 21, 14, 5, 2, 16, 17, 10, 23, 9, 18, 22 ], [ 8, 8, 8, 9, 8, 0, 10, 7, 5, 19, 5, 10, 9, 5, 12, 4, 1, 7, 16, 6, 10, 8, 6, 7, 17, 6, 14, 7, 2, 16, 11, 19, 9, 14, 6, 8, 11, 12, 5, 7, 15, 9, 14, 6, 9, 12, 13, 6, 18, 8, 7, 10, 5, 9, 13, 4, 9, 14, 7, 4, 14, 6, 15, 11, 18, 13, 18, 16, 6, 6, 9, 15, 14, 17, 6, 4, 6, 13, 18, 14, 5, 7, 14, 12, 6, 17, 2, 17, 17 ], [ 8, 11, 17, 7, 7, 10, 0, 4, 5, 16, 15, 19, 18, 14, 11, 14, 10, 2, 9, 3, 2, 7, 15, 7, 22, 8, 18, 16, 11, 7, 12, 15, 1, 14, 10, 3, 16, 19, 9, 3, 11, 18, 21, 4, 9, 3, 15, 7, 18, 17, 17, 0, 9, 5, 4, 13, 13, 18, 16, 10, 11, 4, 7, 1, 19, 15, 18, 14, 14, 4, 12, 6, 18, 20, 14, 6, 7, 5, 15, 7, 5, 5, 10, 14, 15, 19, 11, 11, 17 ], [ 9, 11, 15, 9, 3, 7, 4, 0, 3, 19, 11, 17, 16, 10, 13, 10, 7, 3, 13, 2, 6, 3, 12, 3, 22, 4, 19, 13, 9, 11, 13, 18, 4, 16, 10, 5, 16, 18, 5, 3, 14, 16, 20, 1, 11, 7, 16, 7, 20, 15, 14, 4, 9, 7, 7, 10, 13, 18, 14, 6, 14, 3, 11, 5, 21, 16, 20, 17, 10, 5, 13, 10, 19, 21, 12, 3, 8, 9, 18, 11, 2, 1, 13, 15, 11, 21, 8, 15, 19 ], [ 7, 9, 12, 7, 5, 5, 5, 3, 0, 18, 10, 14, 13, 9, 11, 8, 5, 3, 13, 2, 6, 6, 10, 4, 19, 5, 16, 11, 7, 12, 11, 17, 4, 14, 7, 4, 13, 15, 5, 2, 13, 13, 17, 1, 9, 8, 14, 5, 18, 12, 12, 5, 6, 6, 9, 8, 10, 16, 12, 5, 12, 1, 11, 6, 18, 14, 18, 15, 9, 3, 10, 11, 16, 19, 9, 1, 5, 9, 16, 11, 0, 4, 12, 12, 10, 18, 6, 14, 17 ], [ 12, 12, 21, 10, 22, 19, 16, 19, 18, 0, 24, 22, 21, 24, 7, 23, 20, 16, 7, 17, 14, 22, 24, 22, 15, 22, 14, 25, 19, 13, 10, 1, 16, 7, 14, 14, 16, 20, 22, 16, 5, 21, 19, 18, 10, 15, 10, 14, 8, 22, 24, 16, 14, 12, 17, 22, 13, 15, 22, 23, 5, 17, 11, 16, 10, 11, 8, 4, 25, 15, 13, 12, 14, 13, 18, 17, 13, 11, 2, 9, 18, 20, 6, 10, 25, 10, 21, 5, 7 ], [ 13, 12, 6, 14, 12, 5, 15, 11, 10, 24, 0, 7, 7, 2, 17, 1, 5, 13, 21, 12, 16, 12, 0, 10, 18, 9, 16, 1, 5, 21, 14, 24, 14, 18, 10, 13, 12, 11, 7, 12, 19, 7, 13, 11, 14, 17, 16, 11, 21, 5, 3, 15, 10, 14, 19, 2, 12, 15, 4, 6, 19, 11, 20, 16, 20, 16, 21, 21, 3, 12, 12, 20, 15, 19, 7, 9, 11, 19, 22, 20, 10, 12, 19, 15, 3, 20, 4, 22, 20 ], [ 13, 11, 2, 15, 18, 10, 19, 17, 14, 22, 7, 0, 1, 10, 15, 8, 9, 17, 22, 16, 19, 18, 7, 16, 12, 15, 11, 7, 8, 24, 12, 22, 18, 16, 10, 16, 7, 4, 14, 16, 19, 1, 7, 15, 13, 21, 13, 12, 17, 2, 4, 19, 11, 16, 23, 8, 10, 10, 3, 13, 19, 15, 23, 20, 16, 12, 17, 19, 10, 15, 10, 22, 10, 14, 6, 14, 13, 21, 20, 21, 14, 17, 19, 12, 11, 16, 9, 22, 17 ], [ 12, 10, 1, 14, 17, 9, 18, 16, 13, 21, 7, 1, 0, 9, 14, 8, 9, 16, 21, 15, 18, 17, 7, 16, 12, 15, 10, 7, 7, 23, 11, 21, 17, 15, 8, 15, 6, 4, 13, 15, 18, 0, 6, 14, 12, 20, 12, 11, 16, 2, 4, 18, 10, 15, 22, 7, 9, 9, 3, 12, 18, 14, 21, 19, 15, 11, 16, 18, 10, 14, 9, 21, 10, 14, 4, 13, 11, 20, 19, 20, 14, 16, 18, 11, 10, 15, 8, 21, 16 ], [ 13, 13, 9, 14, 10, 5, 14, 10, 9, 24, 2, 10, 9, 0, 17, 2, 5, 12, 21, 11, 15, 10, 3, 8, 20, 7, 18, 3, 6, 21, 15, 24, 13, 19, 11, 13, 14, 13, 5, 11, 20, 9, 16, 10, 14, 17, 17, 11, 22, 8, 6, 14, 10, 14, 17, 3, 13, 17, 7, 4, 20, 10, 20, 15, 22, 17, 22, 21, 1, 11, 13, 19, 17, 21, 9, 9, 12, 18, 23, 19, 9, 10, 19, 16, 1, 22, 4, 22, 21 ], [ 5, 5, 14, 5, 16, 12, 11, 13, 11, 7, 17, 15, 14, 17, 0, 16, 13, 11, 8, 11, 10, 17, 16, 16, 12, 16, 9, 18, 12, 12, 3, 7, 11, 3, 7, 9, 9, 13, 16, 10, 3, 14, 13, 12, 3, 12, 5, 7, 7, 15, 16, 12, 7, 6, 14, 15, 6, 10, 15, 16, 4, 11, 10, 12, 8, 5, 7, 4, 18, 9, 5, 10, 9, 10, 10, 11, 6, 9, 5, 8, 12, 15, 4, 4, 18, 8, 13, 7, 6 ], [ 12, 11, 7, 13, 11, 4, 14, 10, 8, 23, 1, 8, 8, 2, 16, 0, 4, 11, 20, 10, 14, 10, 2, 9, 18, 8, 16, 3, 4, 20, 14, 23, 13, 17, 9, 12, 12, 11, 6, 11, 18, 8, 14, 9, 13, 16, 16, 10, 20, 6, 4, 14, 9, 13, 17, 1, 12, 15, 5, 5, 18, 10, 19, 15, 20, 16, 20, 20, 2, 10, 11, 19, 15, 19, 7, 8, 10, 17, 21, 18, 9, 10, 18, 14, 3, 20, 3, 21, 20 ], [ 8, 8, 8, 10, 9, 1, 10, 7, 5, 20, 5, 9, 9, 5, 13, 4, 0, 8, 17, 7, 11, 9, 5, 7, 17, 6, 14, 6, 2, 17, 11, 20, 10, 14, 6, 8, 10, 11, 5, 8, 15, 9, 14, 6, 10, 13, 13, 6, 18, 7, 7, 11, 6, 9, 14, 3, 9, 14, 7, 4, 15, 7, 16, 12, 18, 13, 18, 17, 5, 7, 9, 15, 14, 18, 6, 5, 7, 14, 18, 15, 5, 8, 15, 12, 6, 18, 1, 17, 17 ], [ 7, 9, 15, 6, 6, 7, 2, 3, 3, 16, 13, 17, 16, 12, 11, 11, 8, 0, 11, 1, 3, 6, 13, 6, 20, 7, 17, 14, 9, 9, 11, 16, 2, 13, 9, 2, 14, 17, 7, 1, 11, 15, 19, 2, 9, 5, 14, 5, 18, 15, 15, 3, 7, 5, 6, 11, 11, 17, 14, 8, 11, 1, 9, 4, 19, 14, 18, 14, 12, 2, 11, 8, 17, 19, 11, 3, 6, 7, 15, 9, 3, 4, 11, 13, 12, 18, 9, 12, 16 ], [ 9, 12, 21, 7, 16, 16, 9, 13, 13, 7, 21, 22, 21, 21, 8, 20, 17, 11, 0, 11, 8, 17, 21, 16, 19, 17, 17, 22, 17, 5, 11, 7, 10, 10, 13, 9, 17, 21, 18, 10, 5, 21, 21, 13, 9, 8, 12, 11, 13, 21, 22, 10, 12, 7, 10, 19, 13, 17, 21, 18, 5, 12, 3, 9, 15, 13, 13, 8, 21, 10, 13, 4, 17, 17, 17, 13, 10, 5, 8, 2, 13, 14, 4, 12, 22, 15, 18, 2, 12 ], [ 6, 9, 14, 6, 5, 6, 3, 2, 2, 17, 12, 16, 15, 11, 11, 10, 7, 1, 11, 0, 4, 6, 12, 5, 20, 6, 16, 13, 8, 10, 11, 16, 3, 13, 8, 3, 14, 17, 6, 1, 12, 15, 18, 1, 8, 6, 14, 5, 18, 14, 14, 4, 6, 5, 7, 10, 11, 16, 13, 7, 12, 0, 10, 5, 18, 14, 18, 15, 11, 2, 10, 9, 16, 19, 11, 2, 6, 8, 15, 9, 2, 4, 11, 12, 11, 18, 8, 13, 16 ], [ 7, 10, 17, 6, 8, 10, 2, 6, 6, 14, 16, 19, 18, 15, 10, 14, 11, 3, 8, 4, 0, 9, 16, 9, 21, 10, 17, 17, 12, 6, 11, 14, 2, 13, 10, 3, 16, 19, 11, 3, 10, 18, 20, 5, 8, 2, 14, 7, 17, 17, 17, 2, 8, 4, 4, 14, 12, 18, 17, 11, 9, 5, 6, 2, 18, 14, 17, 13, 15, 4, 12, 5, 18, 19, 13, 6, 7, 4, 13, 6, 6, 7, 9, 13, 15, 18, 12, 10, 16 ], [ 12, 14, 16, 12, 1, 8, 7, 3, 6, 22, 12, 18, 17, 10, 17, 10, 9, 6, 17, 6, 9, 0, 12, 2, 25, 3, 21, 13, 11, 14, 16, 22, 7, 19, 13, 8, 18, 20, 4, 7, 18, 17, 22, 5, 14, 10, 19, 10, 23, 16, 15, 7, 11, 11, 9, 10, 16, 21, 15, 5, 17, 6, 14, 8, 24, 20, 23, 20, 10, 8, 16, 13, 21, 24, 14, 6, 11, 12, 21, 15, 5, 2, 17, 18, 10, 24, 9, 18, 22 ], [ 13, 11, 6, 14, 12, 6, 15, 12, 10, 24, 0, 7, 7, 3, 16, 2, 5, 13, 21, 12, 16, 12, 0, 10, 18, 9, 16, 1, 5, 22, 14, 24, 14, 18, 10, 13, 11, 10, 8, 12, 19, 7, 13, 11, 14, 18, 16, 11, 21, 5, 3, 15, 10, 14, 19, 2, 12, 14, 4, 7, 19, 11, 21, 17, 20, 16, 21, 21, 3, 12, 12, 20, 15, 19, 7, 10, 11, 19, 22, 20, 10, 12, 19, 15, 4, 20, 4, 22, 20 ], [ 11, 13, 15, 11, 2, 7, 7, 3, 4, 22, 10, 16, 16, 8, 16, 9, 7, 6, 16, 5, 9, 2, 10, 0, 23, 1, 20, 11, 9, 14, 15, 21, 7, 18, 11, 8, 17, 18, 3, 6, 17, 15, 20, 4, 13, 10, 18, 9, 22, 14, 13, 7, 10, 10, 10, 9, 14, 20, 13, 4, 17, 5, 14, 8, 23, 18, 22, 20, 8, 7, 14, 13, 20, 23, 12, 5, 10, 12, 21, 14, 4, 2, 16, 17, 8, 23, 8, 18, 21 ], [ 14, 11, 12, 15, 24, 17, 22, 22, 19, 15, 18, 12, 12, 20, 12, 18, 17, 20, 19, 20, 21, 25, 18, 23, 0, 23, 3, 19, 15, 23, 9, 16, 21, 9, 12, 18, 7, 8, 22, 19, 14, 12, 6, 20, 12, 22, 7, 15, 8, 14, 16, 22, 13, 17, 25, 18, 9, 4, 14, 21, 15, 20, 21, 22, 6, 6, 7, 12, 21, 18, 9, 22, 3, 3, 12, 19, 14, 21, 13, 19, 20, 23, 15, 8, 21, 5, 17, 18, 8 ], [ 11, 13, 14, 12, 3, 6, 8, 4, 5, 22, 9, 15, 15, 7, 16, 8, 6, 7, 17, 6, 10, 3, 9, 1, 23, 0, 20, 10, 8, 15, 15, 22, 8, 18, 11, 9, 16, 18, 2, 7, 17, 15, 20, 4, 13, 11, 18, 9, 22, 13, 12, 8, 10, 11, 11, 8, 14, 19, 12, 3, 17, 6, 15, 10, 23, 18, 22, 20, 7, 8, 14, 14, 20, 23, 12, 5, 10, 13, 21, 15, 4, 3, 17, 17, 7, 23, 7, 19, 21 ], [ 10, 8, 11, 12, 21, 14, 18, 19, 16, 14, 16, 11, 10, 18, 9, 16, 14, 17, 17, 16, 17, 21, 16, 20, 3, 20, 0, 16, 12, 20, 6, 14, 18, 7, 9, 15, 4, 7, 19, 16, 12, 10, 6, 17, 9, 19, 4, 12, 7, 12, 14, 19, 10, 13, 22, 15, 6, 1, 12, 18, 12, 16, 18, 19, 5, 3, 7, 10, 18, 14, 6, 19, 1, 4, 9, 15, 11, 18, 11, 16, 16, 20, 13, 5, 19, 5, 14, 15, 7 ], [ 14, 12, 6, 15, 13, 7, 16, 13, 11, 25, 1, 7, 7, 3, 18, 3, 6, 14, 22, 13, 17, 13, 1, 11, 19, 10, 16, 0, 6, 23, 15, 25, 15, 19, 11, 14, 12, 11, 8, 13, 20, 7, 13, 12, 15, 19, 17, 12, 22, 5, 3, 16, 11, 15, 20, 3, 13, 15, 4, 7, 20, 12, 22, 18, 21, 17, 21, 22, 4, 13, 13, 21, 16, 20, 8, 11, 12, 20, 23, 21, 11, 13, 20, 16, 4, 21, 5, 23, 21 ], [ 8, 7, 6, 10, 11, 2, 11, 9, 7, 19, 5, 8, 7, 6, 12, 4, 2, 9, 17, 8, 12, 11, 5, 9, 15, 8, 12, 6, 0, 17, 10, 19, 11, 13, 5, 9, 9, 9, 7, 9, 15, 7, 12, 8, 9, 14, 12, 6, 17, 6, 6, 12, 5, 9, 15, 3, 8, 12, 5, 6, 14, 8, 16, 13, 16, 12, 16, 16, 6, 7, 8, 16, 12, 16, 4, 6, 7, 14, 17, 15, 7, 10, 14, 10, 7, 16, 2, 17, 16 ], [ 11, 14, 22, 9, 13, 16, 7, 11, 12, 13, 21, 24, 23, 21, 12, 20, 17, 9, 5, 10, 6, 14, 22, 14, 23, 15, 20, 23, 17, 0, 14, 12, 8, 14, 15, 8, 20, 24, 16, 9, 10, 23, 24, 11, 12, 4, 16, 12, 18, 23, 23, 7, 13, 8, 5, 20, 16, 21, 22, 17, 9, 10, 2, 6, 20, 17, 18, 13, 21, 10, 16, 2, 21, 21, 19, 12, 11, 3, 13, 4, 12, 12, 9, 15, 21, 20, 18, 8, 17 ], [ 5, 3, 11, 6, 16, 11, 12, 13, 11, 10, 14, 12, 11, 15, 3, 14, 11, 11, 11, 11, 11, 16, 14, 15, 9, 15, 6, 15, 10, 14, 0, 10, 12, 4, 5, 9, 6, 10, 15, 11, 7, 11, 10, 12, 3, 13, 3, 6, 7, 12, 14, 13, 5, 7, 16, 13, 2, 7, 12, 15, 7, 11, 12, 13, 8, 3, 7, 7, 16, 9, 2, 13, 6, 8, 8, 10, 5, 11, 8, 10, 11, 15, 7, 1, 16, 7, 11, 10, 6 ], [ 11, 12, 21, 10, 21, 19, 15, 18, 17, 1, 24, 22, 21, 24, 7, 23, 20, 16, 7, 16, 14, 22, 24, 21, 16, 22, 14, 25, 19, 12, 10, 0, 16, 7, 14, 13, 16, 20, 22, 15, 4, 21, 20, 18, 10, 14, 10, 13, 8, 22, 23, 15, 14, 11, 16, 22, 13, 15, 22, 22, 5, 16, 10, 15, 10, 11, 9, 4, 25, 14, 13, 11, 14, 13, 18, 17, 13, 11, 2, 8, 17, 20, 5, 10, 25, 11, 20, 4, 7 ], [ 8, 11, 16, 7, 6, 9, 1, 4, 4, 16, 14, 18, 17, 13, 11, 13, 10, 2, 10, 3, 2, 7, 14, 7, 21, 8, 18, 15, 11, 8, 12, 16, 0, 14, 10, 3, 16, 19, 9, 2, 12, 17, 20, 4, 9, 3, 15, 7, 18, 16, 16, 1, 8, 5, 5, 12, 12, 18, 16, 9, 11, 3, 8, 2, 19, 15, 19, 15, 13, 4, 12, 7, 18, 20, 13, 5, 7, 6, 15, 8, 4, 5, 11, 14, 14, 19, 11, 12, 17 ], [ 7, 6, 15, 7, 19, 14, 14, 16, 14, 7, 18, 16, 15, 19, 3, 17, 14, 13, 10, 13, 13, 19, 18, 18, 9, 18, 7, 19, 13, 14, 4, 7, 14, 0, 8, 11, 9, 13, 18, 13, 5, 14, 12, 15, 5, 14, 3, 9, 4, 15, 17, 14, 9, 9, 17, 16, 6, 8, 16, 18, 5, 13, 12, 15, 5, 4, 4, 3, 19, 11, 6, 13, 7, 7, 11, 13, 8, 12, 5, 10, 14, 17, 6, 3, 20, 5, 15, 8, 3 ], [ 4, 2, 8, 6, 13, 6, 10, 10, 7, 14, 10, 10, 8, 11, 7, 9, 6, 9, 13, 8, 10, 13, 10, 11, 12, 11, 9, 11, 5, 15, 5, 14, 10, 8, 0, 7, 6, 9, 11, 8, 10, 8, 10, 9, 4, 12, 7, 3, 12, 8, 10, 11, 2, 6, 14, 8, 3, 8, 8, 10, 10, 8, 13, 12, 12, 7, 12, 11, 11, 6, 3, 13, 9, 12, 4, 7, 3, 12, 12, 12, 8, 11, 10, 6, 12, 11, 7, 13, 11 ], [ 5, 8, 14, 4, 8, 8, 3, 5, 4, 14, 13, 16, 15, 13, 9, 12, 8, 2, 9, 3, 3, 8, 13, 8, 18, 9, 15, 14, 9, 8, 9, 13, 3, 11, 7, 0, 13, 16, 9, 2, 9, 15, 18, 4, 6, 5, 12, 4, 15, 14, 15, 4, 6, 2, 7, 11, 9, 15, 14, 9, 9, 3, 7, 4, 16, 12, 16, 12, 13, 2, 9, 7, 15, 17, 11, 4, 4, 5, 13, 7, 4, 6, 8, 11, 13, 16, 9, 10, 14 ], [ 9, 6, 7, 11, 18, 11, 16, 16, 13, 16, 12, 7, 6, 14, 9, 12, 10, 14, 17, 14, 16, 18, 11, 17, 7, 16, 4, 12, 9, 20, 6, 16, 16, 9, 6, 13, 0, 4, 15, 14, 13, 6, 5, 14, 8, 18, 6, 9, 10, 8, 10, 17, 8, 12, 20, 11, 4, 3, 8, 15, 13, 14, 18, 17, 9, 5, 10, 12, 14, 12, 4, 18, 4, 8, 5, 12, 9, 17, 13, 16, 13, 17, 13, 5, 15, 9, 10, 16, 10 ], [ 13, 9, 5, 14, 20, 12, 19, 18, 15, 20, 11, 4, 4, 13, 13, 11, 11, 17, 21, 17, 19, 20, 10, 18, 8, 18, 7, 11, 9, 24, 10, 20, 19, 13, 9, 16, 4, 0, 16, 17, 17, 4, 2, 17, 12, 21, 10, 12, 14, 6, 8, 20, 11, 15, 23, 11, 8, 6, 7, 16, 17, 16, 22, 21, 13, 9, 14, 16, 14, 15, 8, 22, 7, 10, 6, 15, 12, 20, 18, 20, 16, 19, 17, 10, 14, 12, 11, 20, 14 ], [ 11, 12, 12, 12, 5, 5, 9, 5, 5, 22, 7, 14, 13, 5, 16, 6, 5, 7, 18, 6, 11, 4, 8, 3, 22, 2, 19, 8, 7, 16, 15, 22, 9, 18, 11, 9, 15, 16, 0, 7, 18, 13, 19, 5, 13, 12, 18, 9, 22, 12, 10, 9, 10, 11, 12, 6, 14, 18, 11, 1, 17, 6, 16, 11, 22, 18, 22, 20, 5, 8, 13, 15, 19, 22, 11, 5, 10, 14, 21, 16, 5, 5, 17, 16, 6, 22, 5, 19, 21 ], [ 6, 9, 14, 6, 6, 7, 3, 3, 2, 16, 12, 16, 15, 11, 10, 11, 8, 1, 10, 1, 3, 7, 12, 6, 19, 7, 16, 13, 9, 9, 11, 15, 2, 13, 8, 2, 14, 17, 7, 0, 11, 15, 18, 2, 8, 5, 13, 5, 17, 14, 14, 3, 6, 4, 7, 10, 10, 16, 14, 8, 11, 1, 9, 4, 18, 14, 17, 14, 12, 2, 10, 8, 16, 19, 11, 3, 5, 7, 15, 9, 3, 4, 10, 12, 12, 18, 9, 12, 16 ], [ 7, 8, 18, 6, 17, 15, 11, 14, 13, 5, 19, 19, 18, 20, 3, 18, 15, 11, 5, 12, 10, 18, 19, 17, 14, 17, 12, 20, 15, 10, 7, 4, 12, 5, 10, 9, 13, 17, 18, 11, 0, 18, 17, 13, 6, 11, 8, 9, 8, 18, 19, 11, 9, 7, 13, 18, 9, 13, 18, 18, 0, 12, 8, 11, 10, 8, 9, 3, 20, 10, 9, 8, 12, 12, 14, 12, 8, 8, 4, 5, 13, 15, 1, 7, 21, 10, 16, 3, 7 ], [ 12, 9, 1, 14, 17, 9, 18, 16, 13, 21, 7, 1, 0, 9, 14, 8, 9, 15, 21, 15, 18, 17, 7, 15, 12, 15, 10, 7, 7, 23, 11, 21, 17, 14, 8, 15, 6, 4, 13, 15, 18, 0, 6, 14, 12, 20, 12, 11, 16, 2, 4, 18, 10, 15, 22, 7, 9, 9, 3, 12, 18, 14, 21, 19, 15, 11, 16, 18, 10, 13, 9, 21, 9, 13, 4, 12, 11, 20, 19, 20, 13, 16, 18, 11, 10, 15, 8, 21, 16 ], [ 13, 10, 7, 15, 22, 14, 21, 20, 17, 19, 13, 7, 6, 16, 13, 14, 14, 19, 21, 18, 20, 22, 13, 20, 6, 20, 6, 13, 12, 24, 10, 20, 20, 12, 10, 18, 5, 2, 19, 18, 17, 6, 0, 18, 13, 22, 10, 14, 13, 8, 10, 21, 12, 16, 25, 13, 9, 4, 9, 18, 17, 18, 23, 22, 11, 9, 12, 16, 16, 16, 9, 23, 5, 9, 8, 16, 13, 21, 17, 21, 17, 21, 17, 10, 16, 11, 13, 20, 13 ], [ 8, 10, 14, 8, 4, 6, 4, 1, 1, 18, 11, 15, 14, 10, 12, 9, 6, 2, 13, 1, 5, 5, 11, 4, 20, 4, 17, 12, 8, 11, 12, 18, 4, 15, 9, 4, 14, 17, 5, 2, 13, 14, 18, 0, 10, 7, 15, 6, 19, 13, 13, 5, 7, 6, 8, 9, 11, 17, 13, 6, 13, 1, 11, 6, 19, 15, 19, 16, 10, 3, 11, 10, 17, 20, 11, 2, 6, 9, 17, 11, 1, 3, 12, 13, 10, 19, 7, 14, 17 ], [ 2, 3, 12, 3, 14, 9, 9, 11, 9, 10, 14, 13, 12, 14, 3, 13, 10, 9, 9, 8, 8, 14, 14, 13, 12, 13, 9, 15, 9, 12, 3, 10, 9, 5, 4, 6, 8, 12, 13, 8, 6, 12, 13, 10, 0, 10, 6, 4, 9, 12, 14, 10, 4, 4, 13, 12, 4, 9, 13, 13, 6, 8, 10, 10, 10, 6, 9, 7, 15, 6, 4, 10, 9, 11, 8, 8, 3, 9, 8, 8, 9, 12, 6, 4, 15, 10, 10, 9, 8 ], [ 9, 12, 19, 7, 9, 12, 3, 7, 8, 15, 17, 21, 20, 17, 12, 16, 13, 5, 8, 6, 2, 10, 18, 10, 22, 11, 19, 19, 14, 4, 13, 14, 3, 14, 12, 5, 18, 21, 12, 5, 11, 20, 22, 7, 10, 0, 16, 9, 18, 19, 19, 2, 10, 6, 3, 16, 14, 20, 19, 13, 10, 6, 5, 1, 20, 16, 19, 14, 17, 6, 14, 4, 19, 21, 16, 8, 9, 3, 14, 6, 8, 8, 10, 14, 17, 20, 14, 10, 17 ], [ 7, 5, 12, 8, 19, 13, 15, 16, 14, 10, 16, 13, 12, 17, 5, 16, 13, 14, 12, 14, 14, 19, 16, 18, 7, 18, 4, 17, 12, 16, 3, 10, 15, 3, 7, 12, 6, 10, 18, 13, 8, 12, 10, 15, 6, 16, 0, 9, 5, 13, 15, 15, 8, 10, 18, 15, 4, 5, 14, 17, 8, 14, 14, 16, 5, 1, 5, 6, 18, 12, 4, 15, 5, 5, 9, 13, 8, 14, 8, 12, 14, 17, 8, 2, 19, 5, 14, 11, 4 ], [ 2, 4, 11, 4, 10, 6, 7, 7, 5, 14, 11, 12, 11, 11, 7, 10, 6, 5, 11, 5, 7, 10, 11, 9, 15, 9, 12, 12, 6, 12, 6, 13, 7, 9, 3, 4, 9, 12, 9, 5, 9, 11, 14, 6, 4, 9, 9, 0, 13, 11, 11, 8, 2, 4, 11, 9, 6, 12, 11, 9, 9, 5, 10, 8, 14, 9, 13, 11, 11, 3, 6, 10, 12, 14, 7, 4, 1, 9, 12, 9, 5, 8, 9, 8, 12, 14, 7, 11, 12 ], [ 11, 10, 17, 11, 23, 18, 18, 20, 18, 8, 21, 17, 16, 22, 7, 20, 18, 18, 13, 18, 17, 23, 21, 22, 8, 22, 7, 22, 17, 18, 7, 8, 18, 4, 12, 15, 10, 14, 22, 17, 8, 16, 13, 19, 9, 18, 5, 13, 0, 18, 20, 19, 12, 13, 21, 20, 9, 8, 18, 22, 9, 18, 16, 19, 2, 5, 0, 5, 23, 16, 9, 17, 7, 5, 14, 17, 12, 16, 6, 14, 18, 21, 9, 6, 23, 3, 18, 11, 1 ], [ 12, 10, 1, 14, 16, 8, 17, 15, 12, 22, 5, 2, 2, 8, 15, 6, 7, 15, 21, 14, 17, 16, 5, 14, 14, 13, 12, 5, 6, 23, 12, 22, 16, 15, 8, 14, 8, 6, 12, 14, 18, 2, 8, 13, 12, 19, 13, 11, 18, 0, 2, 17, 9, 14, 21, 6, 9, 10, 1, 11, 18, 13, 21, 18, 17, 13, 17, 19, 8, 13, 9, 21, 11, 15, 4, 12, 11, 19, 20, 20, 12, 15, 18, 12, 9, 16, 7, 21, 17 ], [ 13, 11, 3, 15, 15, 7, 17, 14, 12, 24, 3, 4, 4, 6, 16, 4, 7, 15, 22, 14, 17, 15, 3, 13, 16, 12, 14, 3, 6, 23, 14, 23, 16, 17, 10, 15, 10, 8, 10, 14, 19, 4, 10, 13, 14, 19, 15, 11, 20, 2, 0, 17, 10, 15, 21, 4, 11, 13, 1, 9, 19, 13, 22, 18, 19, 15, 19, 20, 6, 13, 11, 21, 13, 17, 6, 11, 12, 20, 21, 21, 12, 14, 19, 14, 6, 18, 6, 22, 19 ], [ 8, 11, 17, 7, 7, 10, 0, 4, 5, 16, 15, 19, 18, 14, 12, 14, 11, 3, 10, 4, 2, 7, 15, 7, 22, 8, 19, 16, 12, 7, 13, 15, 1, 14, 11, 4, 17, 20, 9, 3, 11, 18, 21, 5, 10, 2, 15, 8, 19, 17, 17, 0, 9, 5, 4, 13, 13, 19, 17, 10, 11, 4, 7, 1, 20, 16, 19, 15, 14, 5, 13, 6, 19, 21, 14, 6, 8, 5, 15, 8, 5, 5, 11, 14, 15, 20, 12, 11, 17 ], [ 3, 3, 9, 5, 11, 5, 9, 9, 6, 14, 10, 11, 10, 10, 7, 9, 6, 7, 12, 6, 8, 11, 10, 10, 13, 10, 10, 11, 5, 13, 5, 14, 8, 9, 2, 6, 8, 11, 10, 6, 9, 10, 12, 7, 4, 10, 8, 2, 12, 9, 10, 9, 0, 5, 13, 8, 4, 10, 9, 9, 9, 6, 12, 10, 13, 8, 12, 11, 11, 5, 4, 12, 10, 13, 5, 5, 2, 10, 12, 10, 6, 10, 9, 6, 12, 13, 7, 12, 11 ], [ 3, 6, 14, 2, 10, 9, 5, 7, 6, 12, 14, 16, 15, 14, 6, 13, 9, 5, 7, 5, 4, 11, 14, 10, 17, 11, 13, 15, 9, 8, 7, 11, 5, 9, 6, 2, 12, 15, 11, 4, 7, 15, 16, 6, 4, 6, 10, 4, 13, 14, 15, 5, 5, 0, 8, 12, 8, 14, 14, 11, 7, 5, 7, 6, 14, 10, 13, 10, 14, 3, 8, 7, 14, 15, 10, 6, 3, 5, 11, 6, 6, 9, 6, 9, 15, 14, 10, 8, 12 ], [ 11, 15, 21, 10, 9, 13, 4, 7, 9, 17, 19, 23, 22, 17, 14, 17, 14, 6, 10, 7, 4, 9, 19, 10, 25, 11, 22, 20, 15, 5, 16, 16, 5, 17, 14, 7, 20, 23, 12, 7, 13, 22, 25, 8, 13, 3, 18, 11, 21, 21, 21, 4, 13, 8, 0, 17, 16, 22, 20, 13, 13, 8, 6, 3, 22, 19, 21, 16, 17, 8, 16, 5, 22, 24, 18, 9, 11, 5, 17, 8, 9, 8, 12, 17, 18, 22, 15, 12, 19 ], [ 11, 10, 6, 13, 11, 4, 13, 10, 8, 22, 2, 8, 7, 3, 15, 1, 3, 11, 19, 10, 14, 10, 2, 9, 18, 8, 15, 3, 3, 20, 13, 22, 12, 16, 8, 11, 11, 11, 6, 10, 18, 7, 13, 9, 12, 16, 15, 9, 20, 6, 4, 13, 8, 12, 17, 0, 11, 14, 5, 5, 18, 9, 19, 15, 19, 15, 20, 19, 3, 10, 11, 18, 15, 18, 6, 8, 10, 17, 20, 18, 8, 10, 17, 14, 4, 19, 2, 20, 19 ], [ 5, 2, 9, 7, 15, 9, 13, 13, 10, 13, 12, 10, 9, 13, 6, 12, 9, 11, 13, 11, 12, 16, 12, 14, 9, 14, 6, 13, 8, 16, 2, 13, 12, 6, 3, 9, 4, 8, 14, 10, 9, 9, 9, 11, 4, 14, 4, 6, 9, 9, 11, 13, 4, 8, 16, 11, 0, 6, 10, 13, 9, 10, 14, 14, 9, 4, 9, 9, 14, 9, 0, 14, 6, 9, 5, 10, 5, 13, 10, 12, 11, 14, 9, 3, 14, 8, 10, 12, 8 ], [ 11, 8, 9, 12, 21, 14, 18, 18, 16, 15, 15, 10, 9, 17, 10, 15, 14, 17, 17, 16, 18, 21, 14, 20, 4, 19, 1, 15, 12, 21, 7, 15, 18, 8, 8, 15, 3, 6, 18, 16, 13, 9, 4, 17, 9, 20, 5, 12, 8, 10, 13, 19, 10, 14, 22, 14, 6, 0, 11, 18, 13, 16, 19, 19, 7, 5, 8, 12, 17, 15, 6, 20, 1, 5, 8, 15, 11, 18, 13, 17, 16, 20, 14, 6, 18, 6, 14, 16, 8 ], [ 12, 10, 2, 14, 15, 7, 16, 14, 12, 22, 4, 3, 3, 7, 15, 5, 7, 14, 21, 13, 17, 15, 4, 13, 14, 12, 12, 4, 5, 22, 12, 22, 16, 16, 8, 14, 8, 7, 11, 14, 18, 3, 9, 13, 13, 19, 14, 11, 18, 1, 1, 17, 9, 14, 20, 5, 10, 11, 0, 10, 18, 13, 21, 18, 17, 13, 18, 19, 7, 12, 10, 21, 12, 16, 5, 11, 11, 19, 20, 20, 12, 14, 18, 13, 7, 17, 6, 21, 17 ], [ 11, 12, 11, 12, 6, 4, 10, 6, 5, 23, 6, 13, 12, 4, 16, 5, 4, 8, 18, 7, 11, 5, 7, 4, 21, 3, 18, 7, 6, 17, 15, 22, 9, 18, 10, 9, 15, 16, 1, 8, 18, 12, 18, 6, 13, 13, 17, 9, 22, 11, 9, 10, 9, 11, 13, 5, 13, 18, 10, 0, 18, 7, 17, 11, 22, 17, 22, 20, 4, 8, 13, 16, 18, 22, 10, 5, 10, 15, 21, 16, 5, 6, 17, 16, 5, 22, 4, 19, 21 ], [ 7, 8, 17, 5, 17, 14, 11, 14, 12, 5, 19, 19, 18, 20, 4, 18, 15, 11, 5, 12, 9, 17, 19, 17, 15, 17, 12, 20, 14, 9, 7, 5, 11, 5, 10, 9, 13, 17, 17, 11, 0, 18, 17, 13, 6, 10, 8, 9, 9, 18, 19, 11, 9, 7, 13, 18, 9, 13, 18, 18, 0, 12, 7, 11, 10, 9, 9, 4, 20, 10, 9, 8, 12, 12, 14, 12, 8, 7, 4, 5, 13, 15, 1, 7, 21, 10, 16, 3, 7 ], [ 6, 9, 13, 6, 5, 6, 4, 3, 1, 17, 11, 15, 14, 10, 11, 10, 7, 1, 12, 0, 5, 6, 11, 5, 20, 6, 16, 12, 8, 10, 11, 16, 3, 13, 8, 3, 14, 16, 6, 1, 12, 14, 18, 1, 8, 6, 14, 5, 18, 13, 13, 4, 6, 5, 8, 9, 10, 16, 13, 7, 12, 0, 10, 5, 18, 14, 18, 15, 10, 2, 10, 9, 16, 19, 10, 2, 5, 8, 15, 10, 1, 4, 11, 12, 11, 18, 8, 13, 16 ], [ 9, 12, 21, 7, 13, 15, 7, 11, 11, 11, 20, 23, 21, 20, 10, 19, 16, 9, 3, 10, 6, 14, 21, 14, 21, 15, 18, 22, 16, 2, 12, 10, 8, 12, 13, 7, 18, 22, 16, 9, 8, 21, 23, 11, 10, 5, 14, 10, 16, 21, 22, 7, 12, 7, 6, 19, 14, 19, 21, 17, 7, 10, 0, 6, 18, 15, 16, 11, 20, 9, 14, 1, 19, 19, 17, 11, 10, 2, 11, 2, 11, 12, 7, 13, 21, 18, 17, 6, 15 ], [ 9, 12, 18, 7, 8, 11, 1, 5, 6, 16, 16, 20, 19, 15, 12, 15, 12, 4, 9, 5, 2, 8, 17, 8, 22, 10, 19, 18, 13, 6, 13, 15, 2, 15, 12, 4, 17, 21, 11, 4, 11, 19, 22, 6, 10, 1, 16, 8, 19, 18, 18, 1, 10, 6, 3, 15, 14, 19, 18, 11, 11, 5, 6, 0, 20, 16, 19, 14, 15, 6, 13, 5, 19, 21, 15, 7, 8, 4, 15, 7, 6, 6, 10, 14, 16, 20, 13, 11, 17 ], [ 12, 10, 16, 13, 24, 18, 19, 21, 18, 10, 20, 16, 15, 22, 8, 20, 18, 19, 15, 18, 18, 24, 20, 23, 6, 23, 5, 21, 16, 20, 8, 10, 19, 5, 12, 16, 9, 13, 22, 18, 10, 15, 11, 19, 10, 20, 5, 14, 2, 17, 19, 20, 13, 14, 22, 19, 9, 7, 17, 22, 10, 18, 18, 20, 0, 5, 2, 7, 22, 16, 9, 18, 6, 3, 13, 18, 13, 17, 8, 15, 19, 22, 11, 6, 23, 0, 18, 13, 3 ], [ 8, 5, 12, 9, 19, 13, 15, 16, 14, 11, 16, 12, 11, 17, 5, 16, 13, 14, 13, 14, 14, 20, 16, 18, 6, 18, 3, 17, 12, 17, 3, 11, 15, 4, 7, 12, 5, 9, 18, 14, 8, 11, 9, 15, 6, 16, 1, 9, 5, 13, 15, 16, 8, 10, 19, 15, 4, 5, 13, 17, 9, 14, 15, 16, 5, 0, 5, 7, 18, 12, 4, 16, 4, 5, 9, 13, 9, 14, 8, 13, 14, 18, 9, 2, 18, 4, 14, 12, 4 ], [ 11, 10, 16, 12, 23, 18, 18, 20, 18, 8, 21, 17, 16, 22, 7, 20, 18, 18, 13, 18, 17, 23, 21, 22, 7, 22, 7, 21, 16, 18, 7, 9, 19, 4, 12, 16, 10, 14, 22, 17, 9, 16, 12, 19, 9, 19, 5, 13, 0, 17, 19, 19, 12, 13, 21, 20, 9, 8, 18, 22, 9, 18, 16, 19, 2, 5, 0, 6, 23, 16, 9, 17, 7, 4, 14, 17, 12, 16, 6, 14, 18, 21, 10, 6, 23, 2, 18, 11, 2 ], [ 9, 9, 18, 8, 20, 16, 14, 17, 15, 4, 21, 19, 18, 21, 4, 20, 17, 14, 8, 15, 13, 20, 21, 20, 12, 20, 10, 22, 16, 13, 7, 4, 15, 3, 11, 12, 12, 16, 20, 14, 3, 18, 16, 16, 7, 14, 6, 11, 5, 19, 20, 15, 11, 10, 16, 19, 9, 12, 19, 20, 4, 15, 11, 14, 7, 7, 6, 0, 22, 13, 9, 12, 11, 10, 14, 15, 10, 11, 1, 9, 16, 18, 4, 7, 23, 8, 18, 6, 4 ], [ 13, 13, 9, 15, 10, 6, 14, 10, 9, 25, 3, 10, 10, 1, 18, 2, 5, 12, 21, 11, 15, 10, 3, 8, 21, 7, 18, 4, 6, 21, 16, 25, 13, 19, 11, 13, 14, 14, 5, 12, 20, 10, 16, 10, 15, 17, 18, 11, 23, 8, 6, 14, 11, 14, 17, 3, 14, 17, 7, 4, 20, 10, 20, 15, 22, 18, 23, 22, 0, 11, 14, 20, 18, 22, 9, 9, 12, 18, 23, 20, 9, 10, 20, 17, 1, 22, 4, 22, 22 ], [ 4, 7, 13, 4, 7, 6, 4, 5, 3, 15, 12, 15, 14, 11, 9, 10, 7, 2, 10, 2, 4, 8, 12, 7, 18, 8, 14, 13, 7, 10, 9, 14, 4, 11, 6, 2, 12, 15, 8, 2, 10, 13, 16, 3, 6, 6, 12, 3, 16, 13, 13, 5, 5, 3, 8, 10, 9, 15, 12, 8, 10, 2, 9, 6, 16, 12, 16, 13, 11, 0, 9, 9, 14, 17, 9, 3, 3, 7, 13, 8, 3, 6, 9, 10, 12, 16, 8, 11, 14 ], [ 5, 2, 9, 6, 15, 9, 12, 13, 10, 13, 12, 10, 9, 13, 5, 11, 9, 11, 13, 10, 12, 16, 12, 14, 9, 14, 6, 13, 8, 16, 2, 13, 12, 6, 3, 9, 4, 8, 13, 10, 9, 9, 9, 11, 4, 14, 4, 6, 9, 9, 11, 13, 4, 8, 16, 11, 0, 6, 10, 13, 9, 10, 14, 13, 9, 4, 9, 9, 14, 9, 0, 14, 6, 9, 5, 9, 5, 13, 10, 12, 10, 14, 9, 3, 14, 9, 9, 12, 8 ], [ 9, 13, 21, 7, 13, 15, 6, 10, 11, 12, 20, 22, 21, 19, 10, 19, 15, 8, 4, 9, 5, 13, 20, 13, 22, 14, 19, 21, 16, 2, 13, 11, 7, 13, 13, 7, 18, 22, 15, 8, 8, 21, 23, 10, 10, 4, 15, 10, 17, 21, 21, 6, 12, 7, 5, 18, 14, 20, 21, 16, 8, 9, 1, 5, 18, 16, 17, 12, 20, 9, 14, 0, 19, 20, 17, 11, 10, 2, 12, 3, 11, 11, 7, 14, 20, 18, 16, 7, 15 ], [ 11, 8, 10, 12, 21, 14, 18, 19, 16, 14, 15, 10, 10, 17, 9, 15, 14, 17, 17, 16, 18, 21, 15, 20, 3, 20, 1, 16, 12, 21, 6, 14, 18, 7, 9, 15, 4, 7, 19, 16, 12, 9, 5, 17, 9, 19, 5, 12, 7, 11, 13, 19, 10, 14, 22, 15, 6, 1, 12, 18, 12, 16, 19, 19, 6, 4, 7, 11, 18, 14, 6, 19, 0, 4, 9, 15, 11, 18, 12, 17, 16, 20, 13, 5, 18, 5, 14, 16, 7 ], [ 13, 10, 14, 14, 24, 17, 20, 21, 19, 13, 19, 14, 14, 21, 10, 19, 18, 19, 17, 19, 19, 24, 19, 23, 3, 23, 4, 20, 16, 21, 8, 13, 20, 7, 12, 17, 8, 10, 22, 19, 12, 13, 9, 20, 11, 21, 5, 14, 5, 15, 17, 21, 13, 15, 24, 18, 9, 5, 16, 22, 12, 19, 19, 21, 3, 5, 4, 10, 22, 17, 9, 20, 4, 0, 12, 18, 13, 19, 11, 17, 19, 22, 13, 7, 22, 2, 18, 15, 6 ], [ 8, 5, 4, 10, 14, 6, 14, 12, 9, 18, 7, 6, 4, 9, 10, 7, 6, 11, 17, 11, 13, 14, 7, 12, 12, 12, 9, 8, 4, 19, 8, 18, 13, 11, 4, 11, 5, 6, 11, 11, 14, 4, 8, 11, 8, 16, 9, 7, 14, 4, 6, 14, 5, 10, 18, 6, 5, 8, 5, 10, 14, 10, 17, 15, 13, 9, 14, 14, 9, 9, 5, 17, 9, 12, 0, 9, 7, 15, 16, 16, 10, 13, 14, 8, 10, 13, 6, 17, 13 ], [ 6, 8, 12, 7, 6, 4, 6, 3, 1, 17, 9, 14, 13, 9, 11, 8, 5, 3, 13, 2, 6, 6, 10, 5, 19, 5, 15, 11, 6, 12, 10, 17, 5, 13, 7, 4, 12, 15, 5, 3, 12, 12, 16, 2, 8, 8, 13, 4, 17, 12, 11, 6, 5, 6, 9, 8, 10, 15, 11, 5, 12, 2, 11, 7, 18, 13, 17, 15, 9, 3, 9, 11, 15, 18, 9, 0, 5, 9, 16, 11, 1, 4, 12, 12, 9, 18, 6, 14, 16 ], [ 1, 4, 11, 3, 11, 6, 7, 8, 5, 13, 11, 13, 11, 12, 6, 10, 7, 6, 10, 6, 7, 11, 11, 10, 14, 10, 11, 12, 7, 11, 5, 13, 7, 8, 3, 4, 9, 12, 10, 5, 8, 11, 13, 6, 3, 9, 8, 1, 12, 11, 12, 8, 2, 3, 11, 10, 5, 11, 11, 10, 8, 5, 10, 8, 13, 9, 12, 10, 12, 3, 5, 10, 11, 13, 7, 5, 0, 8, 11, 9, 6, 9, 8, 7, 13, 13, 8, 10, 11 ], [ 8, 11, 19, 6, 12, 13, 5, 9, 9, 11, 19, 21, 20, 18, 9, 17, 14, 7, 5, 8, 4, 12, 19, 12, 21, 13, 18, 20, 14, 3, 11, 11, 6, 12, 12, 5, 17, 20, 14, 7, 8, 20, 21, 9, 9, 3, 14, 9, 16, 19, 20, 5, 10, 5, 5, 17, 13, 18, 19, 15, 7, 8, 2, 4, 17, 14, 16, 11, 18, 7, 13, 2, 18, 19, 15, 9, 8, 0, 11, 3, 9, 10, 7, 13, 19, 17, 15, 7, 14 ], [ 10, 10, 19, 9, 21, 18, 15, 18, 16, 2, 22, 20, 19, 23, 5, 21, 18, 15, 8, 15, 13, 21, 22, 21, 13, 21, 11, 23, 17, 13, 8, 2, 15, 5, 12, 13, 13, 18, 21, 15, 4, 19, 17, 17, 8, 14, 8, 12, 6, 20, 21, 15, 12, 11, 17, 20, 10, 13, 20, 21, 4, 15, 11, 15, 8, 8, 6, 1, 23, 13, 10, 12, 12, 11, 16, 16, 11, 11, 0, 9, 16, 19, 5, 8, 24, 8, 19, 5, 5 ], [ 8, 11, 19, 6, 14, 14, 7, 11, 11, 9, 20, 21, 20, 19, 8, 18, 15, 9, 2, 9, 6, 15, 20, 14, 19, 15, 16, 21, 15, 4, 10, 8, 8, 10, 12, 7, 16, 20, 16, 9, 5, 20, 21, 11, 8, 6, 12, 9, 14, 20, 21, 8, 10, 6, 8, 18, 12, 17, 20, 16, 5, 10, 2, 7, 15, 13, 14, 9, 20, 8, 12, 3, 17, 17, 16, 11, 9, 3, 9, 0, 11, 13, 4, 11, 20, 15, 16, 4, 12 ], [ 7, 9, 13, 7, 5, 5, 5, 2, 0, 18, 10, 14, 14, 9, 12, 9, 5, 3, 13, 2, 6, 5, 10, 4, 20, 4, 16, 11, 7, 12, 11, 17, 4, 14, 8, 4, 13, 16, 5, 3, 13, 13, 17, 1, 9, 8, 14, 5, 18, 12, 12, 5, 6, 6, 9, 8, 11, 16, 12, 5, 13, 1, 11, 6, 19, 14, 18, 16, 9, 3, 10, 11, 16, 19, 10, 1, 6, 9, 16, 11, 0, 3, 12, 13, 10, 19, 6, 14, 17 ], [ 10, 12, 15, 10, 2, 7, 5, 1, 4, 20, 12, 17, 16, 10, 15, 10, 8, 4, 14, 4, 7, 2, 12, 2, 23, 3, 20, 13, 10, 12, 15, 20, 5, 17, 11, 6, 17, 19, 5, 4, 15, 16, 21, 3, 12, 8, 17, 8, 21, 15, 14, 5, 10, 9, 8, 10, 14, 20, 14, 6, 15, 4, 12, 6, 22, 18, 21, 18, 10, 6, 14, 11, 20, 22, 13, 4, 9, 10, 19, 13, 3, 0, 15, 16, 10, 22, 9, 16, 20 ], [ 7, 8, 18, 5, 16, 14, 10, 13, 12, 6, 19, 19, 18, 19, 4, 18, 15, 11, 4, 11, 9, 17, 19, 16, 15, 17, 13, 20, 14, 9, 7, 5, 11, 6, 10, 8, 13, 17, 17, 10, 1, 18, 17, 12, 6, 10, 8, 9, 9, 18, 19, 11, 9, 6, 12, 17, 9, 14, 18, 17, 1, 11, 7, 10, 11, 9, 10, 4, 20, 9, 9, 7, 13, 13, 14, 12, 8, 7, 5, 4, 12, 15, 0, 8, 20, 11, 16, 3, 8 ], [ 6, 4, 11, 7, 17, 12, 14, 15, 12, 10, 15, 12, 11, 16, 4, 14, 12, 13, 12, 12, 13, 18, 15, 17, 8, 17, 5, 16, 10, 15, 1, 10, 14, 3, 6, 11, 5, 10, 16, 12, 7, 11, 10, 13, 4, 14, 2, 8, 6, 12, 14, 14, 6, 9, 17, 14, 3, 6, 13, 16, 7, 12, 13, 14, 6, 2, 6, 7, 17, 10, 3, 14, 5, 7, 8, 12, 7, 13, 8, 11, 13, 16, 8, 0, 17, 6, 12, 11, 5 ], [ 14, 14, 9, 15, 10, 6, 15, 11, 10, 25, 3, 11, 10, 1, 18, 3, 6, 12, 22, 11, 15, 10, 4, 8, 21, 7, 19, 4, 7, 21, 16, 25, 14, 20, 12, 13, 15, 14, 6, 12, 21, 10, 16, 10, 15, 17, 19, 12, 23, 9, 6, 15, 12, 15, 18, 4, 14, 18, 7, 5, 21, 11, 21, 16, 23, 18, 23, 23, 1, 12, 14, 20, 18, 22, 10, 9, 13, 19, 24, 20, 10, 10, 20, 17, 0, 23, 5, 23, 22 ], [ 12, 10, 15, 12, 23, 17, 19, 21, 18, 10, 20, 16, 15, 22, 8, 20, 18, 18, 15, 18, 18, 24, 20, 23, 5, 23, 5, 21, 16, 20, 7, 11, 19, 5, 11, 16, 9, 12, 22, 18, 10, 15, 11, 19, 10, 20, 5, 14, 3, 16, 18, 20, 13, 14, 22, 19, 8, 6, 17, 22, 10, 18, 18, 20, 0, 4, 2, 8, 22, 16, 9, 18, 5, 2, 13, 18, 13, 17, 8, 15, 19, 22, 11, 6, 23, 0, 18, 13, 3 ], [ 9, 9, 7, 11, 9, 2, 11, 8, 6, 21, 4, 9, 8, 4, 13, 3, 1, 9, 18, 8, 12, 9, 4, 8, 17, 7, 14, 5, 2, 18, 11, 20, 11, 15, 7, 9, 10, 11, 5, 9, 16, 8, 13, 7, 10, 14, 14, 7, 18, 7, 6, 12, 7, 10, 15, 2, 10, 14, 6, 4, 16, 8, 17, 13, 18, 14, 18, 18, 4, 8, 9, 16, 14, 18, 6, 6, 8, 15, 19, 16, 6, 9, 16, 12, 5, 18, 0, 18, 17 ], [ 9, 11, 20, 7, 18, 17, 11, 15, 14, 5, 22, 22, 21, 22, 7, 21, 17, 12, 2, 13, 10, 18, 22, 18, 18, 19, 15, 23, 17, 8, 10, 4, 12, 8, 13, 10, 16, 20, 19, 12, 3, 21, 20, 14, 9, 10, 11, 11, 11, 21, 22, 11, 12, 8, 12, 20, 12, 16, 21, 19, 3, 13, 6, 11, 13, 12, 11, 6, 22, 11, 12, 7, 16, 15, 17, 14, 10, 7, 5, 4, 14, 16, 3, 11, 23, 13, 18, 0, 10 ], [ 10, 9, 16, 10, 22, 17, 17, 19, 17, 7, 20, 17, 16, 21, 6, 20, 17, 16, 12, 16, 16, 22, 20, 21, 8, 21, 7, 21, 16, 17, 6, 7, 17, 3, 11, 14, 10, 14, 21, 16, 7, 16, 13, 17, 8, 17, 4, 12, 1, 17, 19, 17, 11, 12, 19, 19, 8, 8, 17, 21, 7, 16, 15, 17, 3, 4, 2, 4, 22, 14, 8, 15, 7, 6, 13, 16, 11, 14, 5, 12, 17, 20, 8, 5, 22, 3, 17, 10, 0 ] ]
}