{
  "version" : "0.3",
  "id" : 1888976791,
  "name" : "PTP-RAND-3_4_2_16",
  "coordType" : "Eucl",
  "sameVehicleBackward" : false,
  "maxWaitTime" : "00h30",
  "places" : [ {
    "id" : 0,
    "lat" : 4.687480778470262,
    "long" : -2.1879844250651117,
    "category" : 0
  }, {
    "id" : 1,
    "lat" : 4.811587853359666,
    "long" : 7.096106515360398,
    "category" : 0
  }, {
    "id" : 2,
    "lat" : -2.095659274503122,
    "long" : -7.503764718748891,
    "category" : 0
  }, {
    "id" : 3,
    "lat" : 6.6861153500800325,
    "long" : -8.433990657060194,
    "category" : 0
  }, {
    "id" : 4,
    "lat" : -7.909025121114009,
    "long" : 10.265866145843932,
    "category" : 1
  }, {
    "id" : 5,
    "lat" : -10.753266436967822,
    "long" : -4.1570207672091355,
    "category" : 2
  }, {
    "id" : 6,
    "lat" : -7.48698488178864,
    "long" : -2.460587441055587,
    "category" : 2
  }, {
    "id" : 7,
    "lat" : 5.100756585361623,
    "long" : -10.446987518817659,
    "category" : 2
  }, {
    "id" : 8,
    "lat" : 10.368531044263706,
    "long" : -0.3034928189419853,
    "category" : 2
  }, {
    "id" : 9,
    "lat" : 9.35326085110541,
    "long" : -8.298317301235464,
    "category" : 2
  }, {
    "id" : 10,
    "lat" : -5.853291628183022,
    "long" : -3.46444608011292,
    "category" : 2
  }, {
    "id" : 11,
    "lat" : -4.221345853355799,
    "long" : -9.00305581493954,
    "category" : 2
  }, {
    "id" : 12,
    "lat" : 9.645479829761811,
    "long" : 2.246788350532495,
    "category" : 2
  }, {
    "id" : 13,
    "lat" : -2.3030301886399154,
    "long" : 5.782031974585985,
    "category" : 2
  }, {
    "id" : 14,
    "lat" : -3.8566032753613246,
    "long" : 3.213767765243771,
    "category" : 2
  }, {
    "id" : 15,
    "lat" : 5.5499875067768425,
    "long" : 4.470180979271329,
    "category" : 2
  }, {
    "id" : 16,
    "lat" : 9.638538742562787,
    "long" : -3.9049393427211156,
    "category" : 2
  }, {
    "id" : 17,
    "lat" : -7.3022767858893065,
    "long" : -2.588730288256491,
    "category" : 2
  }, {
    "id" : 18,
    "lat" : -5.191693065933187,
    "long" : 5.614931006263735,
    "category" : 2
  }, {
    "id" : 19,
    "lat" : -4.8126970267060765,
    "long" : 4.834511325212027,
    "category" : 2
  }, {
    "id" : 20,
    "lat" : 2.6757932289606363,
    "long" : -1.763923552654108,
    "category" : 2
  }, {
    "id" : 21,
    "lat" : -4.840820711562074,
    "long" : -10.992024566830368,
    "category" : 2
  } ],
  "vehicles" : [ {
    "id" : 22,
    "canTake" : [ 0 ],
    "start" : 4,
    "end" : 4,
    "capacity" : 4,
    "availability" : [ "07h00:20h00" ]
  }, {
    "id" : 23,
    "canTake" : [ 0 ],
    "start" : 4,
    "end" : 4,
    "capacity" : 4,
    "availability" : [ "07h00:20h00" ]
  } ],
  "patients" : [ {
    "id" : 24,
    "category" : 0,
    "load" : 2,
    "start" : 5,
    "destination" : 0,
    "end" : -1,
    "rdvTime" : "15h00",
    "rdvDuration" : "01h16",
    "srvDuration" : "00h01"
  }, {
    "id" : 25,
    "category" : 0,
    "load" : 2,
    "start" : 6,
    "destination" : 1,
    "end" : 6,
    "rdvTime" : "15h21",
    "rdvDuration" : "00h55",
    "srvDuration" : "00h01"
  }, {
    "id" : 26,
    "category" : 0,
    "load" : 2,
    "start" : 7,
    "destination" : 2,
    "end" : 7,
    "rdvTime" : "14h34",
    "rdvDuration" : "02h15",
    "srvDuration" : "00h01"
  }, {
    "id" : 27,
    "category" : 0,
    "load" : 2,
    "start" : 8,
    "destination" : 3,
    "end" : -1,
    "rdvTime" : "13h24",
    "rdvDuration" : "01h53",
    "srvDuration" : "00h01"
  }, {
    "id" : 28,
    "category" : 0,
    "load" : 1,
    "start" : 9,
    "destination" : 1,
    "end" : 9,
    "rdvTime" : "08h22",
    "rdvDuration" : "02h59",
    "srvDuration" : "00h02"
  }, {
    "id" : 29,
    "category" : 0,
    "load" : 2,
    "start" : 10,
    "destination" : 2,
    "end" : 11,
    "rdvTime" : "12h27",
    "rdvDuration" : "01h22",
    "srvDuration" : "00h02"
  }, {
    "id" : 30,
    "category" : 0,
    "load" : 1,
    "start" : 12,
    "destination" : 2,
    "end" : 12,
    "rdvTime" : "11h18",
    "rdvDuration" : "02h02",
    "srvDuration" : "00h02"
  }, {
    "id" : 31,
    "category" : 0,
    "load" : 2,
    "start" : 13,
    "destination" : 1,
    "end" : 13,
    "rdvTime" : "14h47",
    "rdvDuration" : "02h11",
    "srvDuration" : "00h02"
  }, {
    "id" : 32,
    "category" : 0,
    "load" : 1,
    "start" : -1,
    "destination" : 3,
    "end" : 14,
    "rdvTime" : "15h55",
    "rdvDuration" : "02h16",
    "srvDuration" : "00h02"
  }, {
    "id" : 33,
    "category" : 0,
    "load" : 1,
    "start" : 15,
    "destination" : 2,
    "end" : 15,
    "rdvTime" : "12h52",
    "rdvDuration" : "00h47",
    "srvDuration" : "00h02"
  }, {
    "id" : 34,
    "category" : 0,
    "load" : 2,
    "start" : -1,
    "destination" : 0,
    "end" : 16,
    "rdvTime" : "08h30",
    "rdvDuration" : "00h45",
    "srvDuration" : "00h02"
  }, {
    "id" : 35,
    "category" : 0,
    "load" : 1,
    "start" : 17,
    "destination" : 3,
    "end" : -1,
    "rdvTime" : "09h12",
    "rdvDuration" : "01h22",
    "srvDuration" : "00h02"
  }, {
    "id" : 36,
    "category" : 0,
    "load" : 1,
    "start" : 18,
    "destination" : 0,
    "end" : 18,
    "rdvTime" : "11h13",
    "rdvDuration" : "01h41",
    "srvDuration" : "00h01"
  }, {
    "id" : 37,
    "category" : 0,
    "load" : 2,
    "start" : 19,
    "destination" : 0,
    "end" : 19,
    "rdvTime" : "11h08",
    "rdvDuration" : "00h25",
    "srvDuration" : "00h02"
  }, {
    "id" : 38,
    "category" : 0,
    "load" : 1,
    "start" : 20,
    "destination" : 1,
    "end" : -1,
    "rdvTime" : "09h32",
    "rdvDuration" : "00h30",
    "srvDuration" : "00h01"
  }, {
    "id" : 39,
    "category" : 0,
    "load" : 1,
    "start" : 21,
    "destination" : 3,
    "end" : 21,
    "rdvTime" : "15h27",
    "rdvDuration" : "00h46",
    "srvDuration" : "00h01"
  } ],
  "distMatrix" : [ [ 0, 9, 9, 7, 18, 16, 12, 8, 6, 8, 11, 11, 7, 11, 10, 7, 5, 12, 13, 12, 2, 13 ], [ 9, 0, 16, 16, 13, 19, 16, 18, 9, 16, 15, 18, 7, 7, 9, 3, 12, 16, 10, 10, 9, 21 ], [ 9, 16, 0, 9, 19, 9, 7, 8, 14, 11, 6, 3, 15, 13, 11, 14, 12, 7, 13, 13, 7, 4 ], [ 7, 16, 9, 0, 24, 18, 15, 3, 9, 3, 13, 11, 11, 17, 16, 13, 5, 15, 18, 18, 8, 12 ], [ 18, 13, 19, 24, 0, 15, 13, 24, 21, 25, 14, 20, 19, 7, 8, 15, 23, 13, 5, 6, 16, 21 ], [ 16, 19, 9, 18, 15, 0, 4, 17, 21, 21, 5, 8, 21, 13, 10, 18, 20, 4, 11, 11, 14, 9 ], [ 12, 16, 7, 15, 13, 4, 0, 15, 18, 18, 2, 7, 18, 10, 7, 15, 17, 0, 8, 8, 10, 9 ], [ 8, 18, 8, 3, 24, 17, 15, 0, 11, 5, 13, 9, 13, 18, 16, 15, 8, 15, 19, 18, 9, 10 ], [ 6, 9, 14, 9, 21, 21, 18, 11, 0, 8, 17, 17, 3, 14, 15, 7, 4, 18, 17, 16, 8, 19 ], [ 8, 16, 11, 3, 25, 21, 18, 5, 8, 0, 16, 14, 11, 18, 18, 13, 4, 18, 20, 19, 9, 14 ], [ 11, 15, 6, 13, 14, 5, 2, 13, 17, 16, 0, 6, 17, 10, 7, 14, 15, 2, 9, 8, 9, 8 ], [ 11, 18, 3, 11, 20, 8, 7, 9, 17, 14, 6, 0, 18, 15, 12, 17, 15, 7, 15, 14, 10, 2 ], [ 7, 7, 15, 11, 19, 21, 18, 13, 3, 11, 17, 18, 0, 12, 14, 5, 6, 18, 15, 15, 8, 20 ], [ 11, 7, 13, 17, 7, 13, 10, 18, 14, 18, 10, 15, 12, 0, 3, 8, 15, 10, 3, 3, 9, 17 ], [ 10, 9, 11, 16, 8, 10, 7, 16, 15, 18, 7, 12, 14, 3, 0, 9, 15, 7, 3, 2, 8, 14 ], [ 7, 3, 14, 13, 15, 18, 15, 15, 7, 13, 14, 17, 5, 8, 9, 0, 9, 15, 11, 10, 7, 19 ], [ 5, 12, 12, 5, 23, 20, 17, 8, 4, 4, 15, 15, 6, 15, 15, 9, 0, 17, 18, 17, 7, 16 ], [ 12, 16, 7, 15, 13, 4, 0, 15, 18, 18, 2, 7, 18, 10, 7, 15, 17, 0, 8, 8, 10, 9 ], [ 13, 10, 13, 18, 5, 11, 8, 19, 17, 20, 9, 15, 15, 3, 3, 11, 18, 8, 0, 1, 11, 17 ], [ 12, 10, 13, 18, 6, 11, 8, 18, 16, 19, 8, 14, 15, 3, 2, 10, 17, 8, 1, 0, 10, 16 ], [ 2, 9, 7, 8, 16, 14, 10, 9, 8, 9, 9, 10, 8, 9, 8, 7, 7, 10, 11, 10, 0, 12 ], [ 13, 21, 4, 12, 21, 9, 9, 10, 19, 14, 8, 2, 20, 17, 14, 19, 16, 9, 17, 16, 12, 0 ] ]
}