{
  "version" : "0.3",
  "id" : 1682561194,
  "name" : "PTP-RAND-3_8_4_32",
  "coordType" : "Eucl",
  "sameVehicleBackward" : false,
  "maxWaitTime" : "00h30",
  "places" : [ {
    "id" : 0,
    "lat" : 3.6683711817782396,
    "long" : -10.606347793287698,
    "category" : 0
  }, {
    "id" : 1,
    "lat" : -2.070655648646479,
    "long" : -7.738644533666013,
    "category" : 0
  }, {
    "id" : 2,
    "lat" : -7.550726138841614,
    "long" : -2.6000883417286174,
    "category" : 0
  }, {
    "id" : 3,
    "lat" : 11.618420518552046,
    "long" : -5.7948809926597,
    "category" : 0
  }, {
    "id" : 4,
    "lat" : -1.1597904350053105,
    "long" : 2.24759137585744,
    "category" : 0
  }, {
    "id" : 5,
    "lat" : -6.938085279202194,
    "long" : 10.334713743846038,
    "category" : 0
  }, {
    "id" : 6,
    "lat" : 8.589788367972673,
    "long" : -0.2860351728953947,
    "category" : 0
  }, {
    "id" : 7,
    "lat" : -5.925074010832181,
    "long" : -6.624642890764749,
    "category" : 0
  }, {
    "id" : 8,
    "lat" : 3.210769841569849,
    "long" : -5.045131962819637,
    "category" : 1
  }, {
    "id" : 9,
    "lat" : 10.683971876038918,
    "long" : 3.2209497152550104,
    "category" : 2
  }, {
    "id" : 10,
    "lat" : 10.157947042363535,
    "long" : -6.086292449231806,
    "category" : 2
  }, {
    "id" : 11,
    "lat" : 3.0365853208142597,
    "long" : -8.14748940949745,
    "category" : 2
  }, {
    "id" : 12,
    "lat" : -1.7858693767256382,
    "long" : -5.518125013462558,
    "category" : 2
  }, {
    "id" : 13,
    "lat" : -2.2431384934026846,
    "long" : -12.73605580490045,
    "category" : 2
  }, {
    "id" : 14,
    "lat" : 1.6814493368350139,
    "long" : 8.24293152213849,
    "category" : 2
  }, {
    "id" : 15,
    "lat" : 7.2835257152005335,
    "long" : 1.6165677405988217,
    "category" : 2
  }, {
    "id" : 16,
    "lat" : -1.8921275339406356,
    "long" : 2.659390401736363,
    "category" : 2
  }, {
    "id" : 17,
    "lat" : -10.475921011758016,
    "long" : -4.067694907777631,
    "category" : 2
  }, {
    "id" : 18,
    "lat" : -9.537564098537844,
    "long" : 0.7200082468783846,
    "category" : 2
  }, {
    "id" : 19,
    "lat" : -8.4133582651167,
    "long" : 5.028809161371651,
    "category" : 2
  }, {
    "id" : 20,
    "lat" : 0.3099737136760249,
    "long" : -1.6575416944504944,
    "category" : 2
  }, {
    "id" : 21,
    "lat" : 8.969525915422526,
    "long" : -8.395901035761291,
    "category" : 2
  }, {
    "id" : 22,
    "lat" : -9.908818278051053,
    "long" : 1.3036576762419279,
    "category" : 2
  }, {
    "id" : 23,
    "lat" : 7.870460585240252,
    "long" : 6.70122495498362,
    "category" : 2
  }, {
    "id" : 24,
    "lat" : 2.0827231036770675,
    "long" : -6.526033388655897,
    "category" : 2
  }, {
    "id" : 25,
    "lat" : 2.3290901279153986,
    "long" : 1.7463892433270978,
    "category" : 2
  }, {
    "id" : 26,
    "lat" : -3.8379548551612177,
    "long" : -9.758320977743988,
    "category" : 2
  }, {
    "id" : 27,
    "lat" : 3.7625756000907398,
    "long" : 3.200407366843454,
    "category" : 2
  }, {
    "id" : 28,
    "lat" : -6.824999380547638,
    "long" : 6.858487860751913,
    "category" : 2
  }, {
    "id" : 29,
    "lat" : 2.3331872092375527,
    "long" : 6.857961241611822,
    "category" : 2
  }, {
    "id" : 30,
    "lat" : -9.584573369702666,
    "long" : -2.9490555575738076,
    "category" : 2
  }, {
    "id" : 31,
    "lat" : 7.920196209683188,
    "long" : -6.142196165687427,
    "category" : 2
  }, {
    "id" : 32,
    "lat" : 7.6198108673653,
    "long" : -4.355417488747085,
    "category" : 2
  }, {
    "id" : 33,
    "lat" : 2.2021337922318387,
    "long" : -6.505840339914142,
    "category" : 2
  }, {
    "id" : 34,
    "lat" : 3.154440603591319,
    "long" : 5.6373275621864245,
    "category" : 2
  }, {
    "id" : 35,
    "lat" : -7.259038003586831,
    "long" : -5.427009824164085,
    "category" : 2
  }, {
    "id" : 36,
    "lat" : -10.51600309625748,
    "long" : 2.291312315897048,
    "category" : 2
  }, {
    "id" : 37,
    "lat" : -9.65551700499689,
    "long" : 6.850358511333882,
    "category" : 2
  }, {
    "id" : 38,
    "lat" : -1.809153571252196,
    "long" : 8.156238066650383,
    "category" : 2
  }, {
    "id" : 39,
    "lat" : 4.938002903842667,
    "long" : -9.168206853529401,
    "category" : 2
  }, {
    "id" : 40,
    "lat" : -2.005770122698182,
    "long" : -7.042599912634014,
    "category" : 2
  }, {
    "id" : 41,
    "lat" : -11.945705989257585,
    "long" : 3.239898931252169,
    "category" : 2
  }, {
    "id" : 42,
    "lat" : -3.115521767492111,
    "long" : 7.819630528326619,
    "category" : 2
  }, {
    "id" : 43,
    "lat" : -5.190705193620593,
    "long" : -2.2884215157568097,
    "category" : 2
  }, {
    "id" : 44,
    "lat" : -8.8300905477103,
    "long" : 4.360164886061973,
    "category" : 2
  }, {
    "id" : 45,
    "lat" : -8.143066591249015,
    "long" : 1.9801475272185851,
    "category" : 2
  } ],
  "vehicles" : [ {
    "id" : 46,
    "canTake" : [ 0 ],
    "start" : 8,
    "end" : 8,
    "capacity" : 4,
    "availability" : [ "07h00:20h00" ]
  }, {
    "id" : 47,
    "canTake" : [ 0 ],
    "start" : 8,
    "end" : 8,
    "capacity" : 4,
    "availability" : [ "07h00:20h00" ]
  }, {
    "id" : 48,
    "canTake" : [ 0 ],
    "start" : 8,
    "end" : 8,
    "capacity" : 4,
    "availability" : [ "07h00:20h00" ]
  }, {
    "id" : 49,
    "canTake" : [ 0 ],
    "start" : 8,
    "end" : 8,
    "capacity" : 4,
    "availability" : [ "07h00:20h00" ]
  } ],
  "patients" : [ {
    "id" : 50,
    "category" : 0,
    "load" : 1,
    "start" : 9,
    "destination" : 0,
    "end" : 9,
    "rdvTime" : "12h02",
    "rdvDuration" : "02h45",
    "srvDuration" : "00h02"
  }, {
    "id" : 51,
    "category" : 0,
    "load" : 1,
    "start" : 10,
    "destination" : 1,
    "end" : 10,
    "rdvTime" : "14h52",
    "rdvDuration" : "03h00",
    "srvDuration" : "00h02"
  }, {
    "id" : 52,
    "category" : 0,
    "load" : 2,
    "start" : 11,
    "destination" : 2,
    "end" : 11,
    "rdvTime" : "13h48",
    "rdvDuration" : "01h53",
    "srvDuration" : "00h02"
  }, {
    "id" : 53,
    "category" : 0,
    "load" : 1,
    "start" : 12,
    "destination" : 3,
    "end" : 13,
    "rdvTime" : "09h01",
    "rdvDuration" : "02h23",
    "srvDuration" : "00h01"
  }, {
    "id" : 54,
    "category" : 0,
    "load" : 2,
    "start" : 14,
    "destination" : 4,
    "end" : 15,
    "rdvTime" : "12h40",
    "rdvDuration" : "01h54",
    "srvDuration" : "00h01"
  }, {
    "id" : 55,
    "category" : 0,
    "load" : 1,
    "start" : 16,
    "destination" : 5,
    "end" : 16,
    "rdvTime" : "12h34",
    "rdvDuration" : "01h56",
    "srvDuration" : "00h02"
  }, {
    "id" : 56,
    "category" : 0,
    "load" : 2,
    "start" : 17,
    "destination" : 6,
    "end" : 17,
    "rdvTime" : "14h59",
    "rdvDuration" : "01h20",
    "srvDuration" : "00h01"
  }, {
    "id" : 57,
    "category" : 0,
    "load" : 2,
    "start" : 18,
    "destination" : 7,
    "end" : 18,
    "rdvTime" : "09h14",
    "rdvDuration" : "02h38",
    "srvDuration" : "00h01"
  }, {
    "id" : 58,
    "category" : 0,
    "load" : 1,
    "start" : 19,
    "destination" : 0,
    "end" : 19,
    "rdvTime" : "14h33",
    "rdvDuration" : "02h06",
    "srvDuration" : "00h02"
  }, {
    "id" : 59,
    "category" : 0,
    "load" : 2,
    "start" : 20,
    "destination" : 1,
    "end" : -1,
    "rdvTime" : "15h40",
    "rdvDuration" : "02h36",
    "srvDuration" : "00h02"
  }, {
    "id" : 60,
    "category" : 0,
    "load" : 2,
    "start" : 21,
    "destination" : 4,
    "end" : 21,
    "rdvTime" : "11h13",
    "rdvDuration" : "02h59",
    "srvDuration" : "00h02"
  }, {
    "id" : 61,
    "category" : 0,
    "load" : 1,
    "start" : 22,
    "destination" : 4,
    "end" : 22,
    "rdvTime" : "12h45",
    "rdvDuration" : "02h28",
    "srvDuration" : "00h01"
  }, {
    "id" : 62,
    "category" : 0,
    "load" : 2,
    "start" : 23,
    "destination" : 3,
    "end" : 23,
    "rdvTime" : "09h22",
    "rdvDuration" : "00h46",
    "srvDuration" : "00h01"
  }, {
    "id" : 63,
    "category" : 0,
    "load" : 2,
    "start" : -1,
    "destination" : 4,
    "end" : 24,
    "rdvTime" : "09h08",
    "rdvDuration" : "02h36",
    "srvDuration" : "00h02"
  }, {
    "id" : 64,
    "category" : 0,
    "load" : 1,
    "start" : 25,
    "destination" : 1,
    "end" : 25,
    "rdvTime" : "10h53",
    "rdvDuration" : "01h08",
    "srvDuration" : "00h02"
  }, {
    "id" : 65,
    "category" : 0,
    "load" : 1,
    "start" : 26,
    "destination" : 7,
    "end" : 26,
    "rdvTime" : "12h13",
    "rdvDuration" : "01h06",
    "srvDuration" : "00h02"
  }, {
    "id" : 66,
    "category" : 0,
    "load" : 2,
    "start" : 27,
    "destination" : 1,
    "end" : 28,
    "rdvTime" : "11h04",
    "rdvDuration" : "00h45",
    "srvDuration" : "00h02"
  }, {
    "id" : 67,
    "category" : 0,
    "load" : 1,
    "start" : 29,
    "destination" : 7,
    "end" : 29,
    "rdvTime" : "13h20",
    "rdvDuration" : "01h40",
    "srvDuration" : "00h02"
  }, {
    "id" : 68,
    "category" : 0,
    "load" : 2,
    "start" : 30,
    "destination" : 0,
    "end" : 30,
    "rdvTime" : "08h12",
    "rdvDuration" : "01h59",
    "srvDuration" : "00h01"
  }, {
    "id" : 69,
    "category" : 0,
    "load" : 2,
    "start" : 31,
    "destination" : 2,
    "end" : 31,
    "rdvTime" : "10h18",
    "rdvDuration" : "00h17",
    "srvDuration" : "00h01"
  }, {
    "id" : 70,
    "category" : 0,
    "load" : 1,
    "start" : 32,
    "destination" : 1,
    "end" : 32,
    "rdvTime" : "09h38",
    "rdvDuration" : "03h00",
    "srvDuration" : "00h01"
  }, {
    "id" : 71,
    "category" : 0,
    "load" : 1,
    "start" : 33,
    "destination" : 5,
    "end" : 33,
    "rdvTime" : "12h56",
    "rdvDuration" : "01h36",
    "srvDuration" : "00h02"
  }, {
    "id" : 72,
    "category" : 0,
    "load" : 2,
    "start" : 34,
    "destination" : 7,
    "end" : 34,
    "rdvTime" : "10h47",
    "rdvDuration" : "02h28",
    "srvDuration" : "00h02"
  }, {
    "id" : 73,
    "category" : 0,
    "load" : 2,
    "start" : -1,
    "destination" : 7,
    "end" : 35,
    "rdvTime" : "15h25",
    "rdvDuration" : "00h22",
    "srvDuration" : "00h02"
  }, {
    "id" : 74,
    "category" : 0,
    "load" : 2,
    "start" : -1,
    "destination" : 7,
    "end" : 36,
    "rdvTime" : "12h58",
    "rdvDuration" : "02h24",
    "srvDuration" : "00h01"
  }, {
    "id" : 75,
    "category" : 0,
    "load" : 2,
    "start" : 37,
    "destination" : 3,
    "end" : -1,
    "rdvTime" : "14h59",
    "rdvDuration" : "00h35",
    "srvDuration" : "00h01"
  }, {
    "id" : 76,
    "category" : 0,
    "load" : 2,
    "start" : 38,
    "destination" : 7,
    "end" : 39,
    "rdvTime" : "10h47",
    "rdvDuration" : "01h44",
    "srvDuration" : "00h02"
  }, {
    "id" : 77,
    "category" : 0,
    "load" : 1,
    "start" : 40,
    "destination" : 5,
    "end" : 40,
    "rdvTime" : "10h38",
    "rdvDuration" : "00h25",
    "srvDuration" : "00h02"
  }, {
    "id" : 78,
    "category" : 0,
    "load" : 2,
    "start" : 41,
    "destination" : 3,
    "end" : 42,
    "rdvTime" : "15h37",
    "rdvDuration" : "02h51",
    "srvDuration" : "00h02"
  }, {
    "id" : 79,
    "category" : 0,
    "load" : 2,
    "start" : 43,
    "destination" : 1,
    "end" : 43,
    "rdvTime" : "12h38",
    "rdvDuration" : "00h55",
    "srvDuration" : "00h01"
  }, {
    "id" : 80,
    "category" : 0,
    "load" : 1,
    "start" : 44,
    "destination" : 0,
    "end" : 44,
    "rdvTime" : "10h41",
    "rdvDuration" : "00h15",
    "srvDuration" : "00h01"
  }, {
    "id" : 81,
    "category" : 0,
    "load" : 1,
    "start" : 45,
    "destination" : 1,
    "end" : 45,
    "rdvTime" : "12h03",
    "rdvDuration" : "02h35",
    "srvDuration" : "00h02"
  } ],
  "distMatrix" : [ [ 0, 6, 14, 9, 14, 23, 11, 10, 6, 16, 8, 3, 7, 6, 19, 13, 14, 16, 17, 20, 10, 6, 18, 18, 4, 12, 8, 14, 20, 18, 15, 6, 7, 4, 16, 12, 19, 22, 20, 2, 7, 21, 20, 12, 19, 17 ], [ 6, 0, 8, 14, 10, 19, 13, 4, 6, 17, 12, 5, 2, 5, 16, 13, 10, 9, 11, 14, 7, 11, 12, 18, 4, 10, 3, 12, 15, 15, 9, 10, 10, 4, 14, 6, 13, 16, 16, 7, 1, 15, 16, 6, 14, 11 ], [ 14, 8, 0, 19, 8, 13, 16, 4, 11, 19, 18, 12, 6, 11, 14, 15, 8, 3, 4, 8, 8, 18, 5, 18, 10, 11, 8, 13, 9, 14, 2, 16, 15, 11, 14, 3, 6, 10, 12, 14, 7, 7, 11, 2, 7, 5 ], [ 9, 14, 19, 0, 15, 25, 6, 18, 8, 9, 1, 9, 13, 16, 17, 9, 16, 22, 22, 23, 12, 4, 23, 13, 10, 12, 16, 12, 22, 16, 21, 4, 4, 9, 14, 19, 24, 25, 19, 7, 14, 25, 20, 17, 23, 21 ], [ 14, 10, 8, 15, 0, 10, 10, 10, 9, 12, 14, 11, 8, 15, 7, 8, 1, 11, 9, 8, 4, 15, 9, 10, 9, 4, 12, 5, 7, 6, 10, 12, 11, 9, 5, 10, 9, 10, 6, 13, 9, 11, 6, 6, 8, 7 ], [ 23, 19, 13, 25, 10, 0, 19, 17, 18, 19, 24, 21, 17, 24, 9, 17, 9, 15, 10, 6, 14, 25, 10, 15, 19, 13, 20, 13, 3, 10, 14, 22, 21, 19, 11, 16, 9, 4, 6, 23, 18, 9, 5, 13, 6, 8 ], [ 11, 13, 16, 6, 10, 19, 0, 16, 7, 4, 6, 10, 12, 17, 11, 2, 11, 19, 18, 18, 8, 8, 19, 7, 9, 7, 16, 6, 17, 9, 18, 6, 4, 9, 8, 17, 19, 20, 13, 10, 13, 21, 14, 14, 18, 17 ], [ 10, 4, 4, 18, 10, 17, 16, 0, 9, 19, 16, 9, 4, 7, 17, 16, 10, 5, 8, 12, 8, 15, 9, 19, 8, 12, 4, 14, 14, 16, 5, 14, 14, 8, 15, 2, 10, 14, 15, 11, 4, 12, 15, 4, 11, 9 ], [ 6, 6, 11, 8, 9, 18, 7, 9, 0, 11, 7, 3, 5, 9, 13, 8, 9, 14, 14, 15, 4, 7, 15, 13, 2, 7, 8, 8, 16, 12, 13, 5, 4, 2, 11, 10, 16, 18, 14, 4, 6, 17, 14, 9, 15, 13 ], [ 16, 17, 19, 9, 12, 19, 4, 19, 11, 0, 9, 14, 15, 21, 10, 4, 13, 22, 20, 19, 11, 12, 21, 4, 13, 8, 19, 7, 18, 9, 21, 10, 8, 13, 8, 20, 21, 21, 13, 14, 16, 23, 15, 17, 20, 19 ], [ 8, 12, 18, 1, 14, 24, 6, 16, 7, 9, 0, 7, 12, 14, 17, 8, 15, 21, 21, 22, 11, 3, 21, 13, 8, 11, 14, 11, 21, 15, 20, 2, 3, 8, 14, 17, 22, 24, 19, 6, 12, 24, 19, 16, 22, 20 ], [ 3, 5, 12, 9, 11, 21, 10, 9, 3, 14, 7, 0, 5, 7, 16, 11, 12, 14, 15, 17, 7, 6, 16, 16, 2, 10, 7, 11, 18, 15, 14, 5, 6, 2, 14, 11, 17, 20, 17, 2, 5, 19, 17, 10, 17, 15 ], [ 7, 2, 6, 13, 8, 17, 12, 4, 5, 15, 12, 5, 0, 7, 14, 12, 8, 9, 10, 12, 4, 11, 11, 16, 4, 8, 5, 10, 13, 13, 8, 10, 9, 4, 12, 5, 12, 15, 14, 8, 2, 13, 13, 5, 12, 10 ], [ 6, 5, 11, 16, 15, 24, 17, 7, 9, 21, 14, 7, 7, 0, 21, 17, 15, 12, 15, 19, 11, 12, 16, 22, 8, 15, 3, 17, 20, 20, 12, 12, 13, 8, 19, 9, 17, 21, 21, 8, 6, 19, 21, 11, 18, 16 ], [ 19, 16, 14, 17, 7, 9, 11, 17, 13, 10, 17, 16, 14, 21, 0, 9, 7, 17, 14, 11, 10, 18, 14, 6, 15, 7, 19, 5, 9, 2, 16, 16, 14, 15, 3, 16, 14, 11, 3, 18, 16, 15, 5, 13, 11, 12 ], [ 13, 13, 15, 9, 8, 17, 2, 16, 8, 4, 8, 11, 12, 17, 9, 0, 9, 19, 17, 16, 8, 10, 17, 5, 10, 5, 16, 4, 15, 7, 17, 8, 6, 10, 6, 16, 18, 18, 11, 11, 13, 19, 12, 13, 16, 15 ], [ 14, 10, 8, 16, 1, 9, 11, 10, 9, 13, 15, 12, 8, 15, 7, 9, 0, 11, 8, 7, 5, 15, 8, 11, 10, 4, 13, 6, 6, 6, 10, 13, 12, 10, 6, 10, 9, 9, 5, 14, 10, 10, 5, 6, 7, 6 ], [ 16, 9, 3, 22, 11, 15, 19, 5, 14, 22, 21, 14, 9, 12, 17, 19, 11, 0, 5, 9, 11, 20, 5, 21, 13, 14, 9, 16, 12, 17, 1, 19, 18, 13, 17, 3, 6, 11, 15, 16, 9, 7, 14, 6, 9, 6 ], [ 17, 11, 4, 22, 9, 10, 18, 8, 14, 20, 21, 15, 10, 15, 14, 17, 8, 5, 0, 4, 10, 21, 1, 18, 14, 12, 12, 14, 7, 13, 4, 19, 18, 14, 14, 7, 2, 6, 11, 18, 11, 3, 10, 5, 4, 2 ], [ 20, 14, 8, 23, 8, 6, 18, 12, 15, 19, 22, 17, 12, 19, 11, 16, 7, 9, 4, 0, 11, 22, 4, 16, 16, 11, 15, 12, 2, 11, 8, 20, 19, 16, 12, 11, 3, 2, 7, 19, 14, 4, 6, 8, 1, 3 ], [ 10, 7, 8, 12, 4, 14, 8, 8, 4, 11, 11, 7, 4, 11, 10, 8, 5, 11, 10, 11, 0, 11, 11, 11, 5, 4, 9, 6, 11, 9, 10, 9, 8, 5, 8, 8, 12, 13, 10, 9, 6, 13, 10, 6, 11, 9 ], [ 6, 11, 18, 4, 15, 25, 8, 15, 7, 12, 3, 6, 11, 12, 18, 10, 15, 20, 21, 22, 11, 0, 21, 15, 7, 12, 13, 13, 22, 17, 19, 2, 4, 7, 15, 16, 22, 24, 20, 4, 11, 24, 20, 15, 22, 20 ], [ 18, 12, 5, 23, 9, 10, 19, 9, 15, 21, 21, 16, 11, 16, 14, 17, 8, 5, 1, 4, 11, 21, 0, 19, 14, 12, 13, 14, 6, 13, 4, 19, 18, 14, 14, 7, 1, 6, 11, 18, 11, 3, 9, 6, 3, 2 ], [ 18, 18, 18, 13, 10, 15, 7, 19, 13, 4, 13, 16, 16, 22, 6, 5, 11, 21, 18, 16, 11, 15, 19, 0, 14, 7, 20, 5, 15, 6, 20, 13, 11, 14, 5, 19, 19, 18, 10, 16, 17, 20, 11, 16, 17, 17 ], [ 4, 4, 10, 10, 9, 19, 9, 8, 2, 13, 8, 2, 4, 8, 15, 10, 10, 13, 14, 16, 5, 7, 14, 14, 0, 8, 7, 10, 16, 13, 12, 6, 6, 0, 12, 9, 15, 18, 15, 4, 4, 17, 15, 8, 15, 13 ], [ 12, 10, 11, 12, 4, 13, 7, 12, 7, 8, 11, 10, 8, 15, 7, 5, 4, 14, 12, 11, 4, 12, 12, 7, 8, 0, 13, 2, 10, 5, 13, 10, 8, 8, 4, 12, 13, 13, 8, 11, 10, 14, 8, 9, 11, 10 ], [ 8, 3, 8, 16, 12, 20, 16, 4, 8, 19, 14, 7, 5, 3, 19, 16, 13, 9, 12, 15, 9, 13, 13, 20, 7, 13, 0, 15, 17, 18, 9, 12, 13, 7, 17, 6, 14, 18, 18, 9, 3, 15, 18, 8, 15, 13 ], [ 14, 12, 13, 12, 5, 13, 6, 14, 8, 7, 11, 11, 10, 17, 5, 4, 6, 16, 14, 12, 6, 13, 14, 5, 10, 2, 15, 0, 11, 4, 15, 10, 8, 10, 3, 14, 14, 14, 7, 12, 12, 16, 8, 11, 13, 12 ], [ 20, 15, 9, 22, 7, 3, 17, 14, 16, 18, 21, 18, 13, 20, 9, 15, 6, 12, 7, 2, 11, 22, 6, 15, 16, 10, 17, 11, 0, 9, 10, 20, 18, 16, 10, 12, 6, 3, 5, 20, 15, 6, 4, 9, 3, 5 ], [ 18, 15, 14, 16, 6, 10, 9, 16, 12, 9, 15, 15, 13, 20, 2, 7, 6, 17, 13, 11, 9, 17, 13, 6, 13, 5, 18, 4, 9, 0, 15, 14, 12, 13, 1, 16, 14, 12, 4, 16, 15, 15, 6, 12, 11, 12 ], [ 15, 9, 2, 21, 10, 14, 18, 5, 13, 21, 20, 14, 8, 12, 16, 17, 10, 1, 4, 8, 10, 19, 4, 20, 12, 13, 9, 15, 10, 15, 0, 18, 17, 12, 15, 3, 5, 10, 14, 16, 9, 7, 13, 4, 7, 5 ], [ 6, 10, 16, 4, 12, 22, 6, 14, 5, 10, 2, 5, 10, 12, 16, 8, 13, 19, 19, 20, 9, 2, 19, 13, 6, 10, 12, 10, 20, 14, 18, 0, 2, 6, 13, 15, 20, 22, 17, 4, 10, 22, 18, 14, 20, 18 ], [ 7, 10, 15, 4, 11, 21, 4, 14, 4, 8, 3, 6, 9, 13, 14, 6, 12, 18, 18, 19, 8, 4, 18, 11, 6, 8, 13, 8, 18, 12, 17, 2, 0, 6, 11, 15, 19, 21, 16, 6, 10, 21, 16, 13, 19, 17 ], [ 4, 4, 11, 9, 9, 19, 9, 8, 2, 13, 8, 2, 4, 8, 15, 10, 10, 13, 14, 16, 5, 7, 14, 14, 0, 8, 7, 10, 16, 13, 12, 6, 6, 0, 12, 10, 15, 18, 15, 4, 4, 17, 15, 9, 15, 13 ], [ 16, 14, 14, 14, 5, 11, 8, 15, 11, 8, 14, 14, 12, 19, 3, 6, 6, 17, 14, 12, 8, 15, 14, 5, 12, 4, 17, 3, 10, 1, 15, 13, 11, 12, 0, 15, 14, 13, 6, 15, 14, 15, 7, 12, 12, 12 ], [ 12, 6, 3, 19, 10, 16, 17, 2, 10, 20, 17, 11, 5, 9, 16, 16, 10, 3, 7, 11, 8, 16, 7, 19, 9, 12, 6, 14, 12, 16, 3, 15, 15, 10, 15, 0, 8, 13, 15, 13, 5, 10, 14, 4, 10, 7 ], [ 19, 13, 6, 24, 9, 9, 19, 10, 16, 21, 22, 17, 12, 17, 14, 18, 9, 6, 2, 3, 12, 22, 1, 19, 15, 13, 14, 14, 6, 14, 5, 20, 19, 15, 14, 8, 0, 5, 10, 19, 13, 2, 9, 7, 3, 2 ], [ 22, 16, 10, 25, 10, 4, 20, 14, 18, 21, 24, 20, 15, 21, 11, 18, 9, 11, 6, 2, 13, 24, 6, 18, 18, 13, 18, 14, 3, 12, 10, 22, 21, 18, 13, 13, 5, 0, 8, 22, 16, 4, 7, 10, 3, 5 ], [ 20, 16, 12, 19, 6, 6, 13, 15, 14, 13, 19, 17, 14, 21, 3, 11, 5, 15, 11, 7, 10, 20, 11, 10, 15, 8, 18, 7, 5, 4, 14, 17, 16, 15, 6, 15, 10, 8, 0, 19, 15, 11, 1, 11, 8, 9 ], [ 2, 7, 14, 7, 13, 23, 10, 11, 4, 14, 6, 2, 8, 8, 18, 11, 14, 16, 18, 19, 9, 4, 18, 16, 4, 11, 9, 12, 20, 16, 16, 4, 6, 4, 15, 13, 19, 22, 19, 0, 7, 21, 19, 12, 19, 17 ], [ 7, 1, 7, 14, 9, 18, 13, 4, 6, 16, 12, 5, 2, 6, 16, 13, 10, 9, 11, 14, 6, 11, 11, 17, 4, 10, 3, 12, 15, 15, 9, 10, 10, 4, 14, 5, 13, 16, 15, 7, 0, 14, 15, 6, 13, 11 ], [ 21, 15, 7, 25, 11, 9, 21, 12, 17, 23, 24, 19, 13, 19, 15, 19, 10, 7, 3, 4, 13, 24, 3, 20, 17, 14, 15, 16, 6, 15, 7, 22, 21, 17, 15, 10, 2, 4, 11, 21, 14, 0, 10, 9, 3, 4 ], [ 20, 16, 11, 20, 6, 5, 14, 15, 14, 15, 19, 17, 13, 21, 5, 12, 5, 14, 10, 6, 10, 20, 9, 11, 15, 8, 18, 8, 4, 6, 13, 18, 16, 15, 7, 14, 9, 7, 1, 19, 15, 10, 0, 10, 7, 8 ], [ 12, 6, 2, 17, 6, 13, 14, 4, 9, 17, 16, 10, 5, 11, 13, 13, 6, 6, 5, 8, 6, 15, 6, 16, 8, 9, 8, 11, 9, 12, 4, 14, 13, 9, 12, 4, 7, 10, 11, 12, 6, 9, 10, 0, 8, 5 ], [ 19, 14, 7, 23, 8, 6, 18, 11, 15, 20, 22, 17, 12, 18, 11, 16, 7, 9, 4, 1, 11, 22, 3, 17, 15, 11, 15, 13, 3, 11, 7, 20, 19, 15, 12, 10, 3, 3, 8, 19, 13, 3, 7, 8, 0, 2 ], [ 17, 11, 5, 21, 7, 8, 17, 9, 13, 19, 20, 15, 10, 16, 12, 15, 6, 6, 2, 3, 9, 20, 2, 17, 13, 10, 13, 12, 5, 12, 5, 18, 17, 13, 12, 7, 2, 5, 9, 17, 11, 4, 8, 5, 2, 0 ] ]
}