{
  "version" : "0.3",
  "id" : 621875687,
  "name" : "PTP-RAND-3_12_5_48",
  "coordType" : "Eucl",
  "sameVehicleBackward" : false,
  "maxWaitTime" : "00h30",
  "places" : [ {
    "id" : 0,
    "lat" : 0.7155390294708429,
    "long" : 11.335916704581104,
    "category" : 0
  }, {
    "id" : 1,
    "lat" : -4.834265548736204,
    "long" : -4.45403322788252,
    "category" : 0
  }, {
    "id" : 2,
    "lat" : -3.5024247173258165,
    "long" : -7.812464318404027,
    "category" : 0
  }, {
    "id" : 3,
    "lat" : -7.454048060312769,
    "long" : 6.327545205937903,
    "category" : 0
  }, {
    "id" : 4,
    "lat" : 7.625922517902382,
    "long" : 2.671889179278335,
    "category" : 0
  }, {
    "id" : 5,
    "lat" : -0.3654835658633535,
    "long" : 11.416173102005088,
    "category" : 0
  }, {
    "id" : 6,
    "lat" : 0.3273221303418453,
    "long" : -6.553423244988097,
    "category" : 0
  }, {
    "id" : 7,
    "lat" : 5.7253313939543435,
    "long" : -2.8632393091414996,
    "category" : 0
  }, {
    "id" : 8,
    "lat" : -3.820584696181674,
    "long" : -3.758110151050177,
    "category" : 0
  }, {
    "id" : 9,
    "lat" : 5.56446241581446,
    "long" : 9.193998091614937,
    "category" : 0
  }, {
    "id" : 10,
    "lat" : 5.292552419296188,
    "long" : -2.0649391411799978,
    "category" : 0
  }, {
    "id" : 11,
    "lat" : 10.819082671640885,
    "long" : 5.669724638020805,
    "category" : 0
  }, {
    "id" : 12,
    "lat" : -7.725120751739628,
    "long" : 2.2998192225695804,
    "category" : 1
  }, {
    "id" : 13,
    "lat" : -2.2365953806277696,
    "long" : -4.365561877788183,
    "category" : 2
  }, {
    "id" : 14,
    "lat" : 10.156529383786179,
    "long" : 2.276973279463138,
    "category" : 2
  }, {
    "id" : 15,
    "lat" : 11.26316074195451,
    "long" : -2.575721484188742,
    "category" : 2
  }, {
    "id" : 16,
    "lat" : 6.91980972790826,
    "long" : -2.2544148074904444,
    "category" : 2
  }, {
    "id" : 17,
    "lat" : -0.9716677503605679,
    "long" : -11.262269171083325,
    "category" : 2
  }, {
    "id" : 18,
    "lat" : -6.42826312066651,
    "long" : 3.1944180362359758,
    "category" : 2
  }, {
    "id" : 19,
    "lat" : 6.53427600610913,
    "long" : -1.3356398904118956,
    "category" : 2
  }, {
    "id" : 20,
    "lat" : 5.270018448085725,
    "long" : 6.335035701831245,
    "category" : 2
  }, {
    "id" : 21,
    "lat" : 0.6153205389842858,
    "long" : -5.599672448587826,
    "category" : 2
  }, {
    "id" : 22,
    "lat" : 5.522301337467028,
    "long" : -0.2164483030842449,
    "category" : 2
  }, {
    "id" : 23,
    "lat" : 9.720172546790428,
    "long" : 0.6402784713619636,
    "category" : 2
  }, {
    "id" : 24,
    "lat" : 6.877664256484858,
    "long" : -10.712156996883103,
    "category" : 2
  }, {
    "id" : 25,
    "lat" : -2.4523620358068974,
    "long" : -12.632373819405691,
    "category" : 2
  }, {
    "id" : 26,
    "lat" : -3.255165062259439,
    "long" : -5.675835364366039,
    "category" : 2
  }, {
    "id" : 27,
    "lat" : 0.5177655460129679,
    "long" : -10.115857706570102,
    "category" : 2
  }, {
    "id" : 28,
    "lat" : 8.99372660346344,
    "long" : 0.27291004932274865,
    "category" : 2
  }, {
    "id" : 29,
    "lat" : 8.683626566930835,
    "long" : 0.6249382106760499,
    "category" : 2
  }, {
    "id" : 30,
    "lat" : -3.5262381568960324,
    "long" : 9.789779861201785,
    "category" : 2
  }, {
    "id" : 31,
    "lat" : -11.462536100887146,
    "long" : -5.63969840045095,
    "category" : 2
  }, {
    "id" : 32,
    "lat" : 1.7998647756528332,
    "long" : -1.9798794403732205,
    "category" : 2
  }, {
    "id" : 33,
    "lat" : -6.898339544219841,
    "long" : -5.759469850130342,
    "category" : 2
  }, {
    "id" : 34,
    "lat" : -2.422593085821334,
    "long" : -2.999152427592761,
    "category" : 2
  }, {
    "id" : 35,
    "lat" : -2.362919685712955,
    "long" : 10.624646932645327,
    "category" : 2
  }, {
    "id" : 36,
    "lat" : 9.492582665808312,
    "long" : 3.997717502870468,
    "category" : 2
  }, {
    "id" : 37,
    "lat" : -2.2060270366642705,
    "long" : -4.839442690381621,
    "category" : 2
  }, {
    "id" : 38,
    "lat" : -12.008743051958362,
    "long" : 4.355042814176807,
    "category" : 2
  }, {
    "id" : 39,
    "lat" : 5.196471909964172,
    "long" : -9.095026860577494,
    "category" : 2
  }, {
    "id" : 40,
    "lat" : 2.818233535021813,
    "long" : 9.908025699426496,
    "category" : 2
  }, {
    "id" : 41,
    "lat" : 9.425681504961345,
    "long" : -6.345621362327976,
    "category" : 2
  }, {
    "id" : 42,
    "lat" : 3.121150932601015,
    "long" : -7.827339940200372,
    "category" : 2
  }, {
    "id" : 43,
    "lat" : -6.758343809235152,
    "long" : -6.434934574306843,
    "category" : 2
  }, {
    "id" : 44,
    "lat" : 4.180453047543185,
    "long" : 3.4446045578647517,
    "category" : 2
  }, {
    "id" : 45,
    "lat" : 5.113858927492619,
    "long" : -6.799229458723851,
    "category" : 2
  }, {
    "id" : 46,
    "lat" : 3.4052909929357797,
    "long" : 0.39117413989351457,
    "category" : 2
  }, {
    "id" : 47,
    "lat" : -4.458302354854682,
    "long" : 3.9508425717209192,
    "category" : 2
  }, {
    "id" : 48,
    "lat" : -0.9291807372118073,
    "long" : -1.430352691270641,
    "category" : 2
  }, {
    "id" : 49,
    "lat" : -4.405988041372588,
    "long" : 1.578209772379161,
    "category" : 2
  }, {
    "id" : 50,
    "lat" : 2.2238264773601935,
    "long" : -7.9620750307768215,
    "category" : 2
  }, {
    "id" : 51,
    "lat" : -1.6398410138422834,
    "long" : 12.66862434624246,
    "category" : 2
  }, {
    "id" : 52,
    "lat" : -2.980900161167131,
    "long" : 7.890883505230798,
    "category" : 2
  }, {
    "id" : 53,
    "lat" : -7.966480978375623,
    "long" : 4.098073966670375,
    "category" : 2
  }, {
    "id" : 54,
    "lat" : -9.085013175932566,
    "long" : 8.392746444400569,
    "category" : 2
  }, {
    "id" : 55,
    "lat" : -0.9855090941097873,
    "long" : 3.804728533202979,
    "category" : 2
  }, {
    "id" : 56,
    "lat" : 3.302030134900489,
    "long" : -11.084522223188223,
    "category" : 2
  }, {
    "id" : 57,
    "lat" : 5.771914885888606,
    "long" : -2.010432243388192,
    "category" : 2
  }, {
    "id" : 58,
    "lat" : -1.9944148031977103,
    "long" : -2.693064953402726,
    "category" : 2
  }, {
    "id" : 59,
    "lat" : -1.2778657585661364,
    "long" : 2.1111078809967716,
    "category" : 2
  }, {
    "id" : 60,
    "lat" : -10.175915031044427,
    "long" : -4.747231112330598,
    "category" : 2
  }, {
    "id" : 61,
    "lat" : -0.8717934452056348,
    "long" : -5.557386010427528,
    "category" : 2
  }, {
    "id" : 62,
    "lat" : 3.8422267649577737,
    "long" : -5.343681036041215,
    "category" : 2
  }, {
    "id" : 63,
    "lat" : 7.543175602925559,
    "long" : 2.113586669829895,
    "category" : 2
  }, {
    "id" : 64,
    "lat" : -11.816195686784154,
    "long" : -4.256583590362493,
    "category" : 2
  } ],
  "vehicles" : [ {
    "id" : 65,
    "canTake" : [ 0 ],
    "start" : 12,
    "end" : 12,
    "capacity" : 4,
    "availability" : [ "07h00:20h00" ]
  }, {
    "id" : 66,
    "canTake" : [ 0 ],
    "start" : 12,
    "end" : 12,
    "capacity" : 4,
    "availability" : [ "07h00:20h00" ]
  }, {
    "id" : 67,
    "canTake" : [ 0 ],
    "start" : 12,
    "end" : 12,
    "capacity" : 4,
    "availability" : [ "07h00:20h00" ]
  }, {
    "id" : 68,
    "canTake" : [ 0 ],
    "start" : 12,
    "end" : 12,
    "capacity" : 4,
    "availability" : [ "07h00:20h00" ]
  }, {
    "id" : 69,
    "canTake" : [ 0 ],
    "start" : 12,
    "end" : 12,
    "capacity" : 4,
    "availability" : [ "07h00:20h00" ]
  } ],
  "patients" : [ {
    "id" : 70,
    "category" : 0,
    "load" : 2,
    "start" : 13,
    "destination" : 0,
    "end" : -1,
    "rdvTime" : "13h31",
    "rdvDuration" : "03h00",
    "srvDuration" : "00h02"
  }, {
    "id" : 71,
    "category" : 0,
    "load" : 1,
    "start" : 14,
    "destination" : 1,
    "end" : 14,
    "rdvTime" : "14h28",
    "rdvDuration" : "01h07",
    "srvDuration" : "00h02"
  }, {
    "id" : 72,
    "category" : 0,
    "load" : 2,
    "start" : 15,
    "destination" : 2,
    "end" : 16,
    "rdvTime" : "14h57",
    "rdvDuration" : "01h15",
    "srvDuration" : "00h01"
  }, {
    "id" : 73,
    "category" : 0,
    "load" : 1,
    "start" : 17,
    "destination" : 3,
    "end" : 17,
    "rdvTime" : "10h50",
    "rdvDuration" : "00h53",
    "srvDuration" : "00h02"
  }, {
    "id" : 74,
    "category" : 0,
    "load" : 1,
    "start" : 18,
    "destination" : 4,
    "end" : 18,
    "rdvTime" : "10h48",
    "rdvDuration" : "00h56",
    "srvDuration" : "00h02"
  }, {
    "id" : 75,
    "category" : 0,
    "load" : 1,
    "start" : 19,
    "destination" : 5,
    "end" : 19,
    "rdvTime" : "12h08",
    "rdvDuration" : "01h58",
    "srvDuration" : "00h01"
  }, {
    "id" : 76,
    "category" : 0,
    "load" : 1,
    "start" : 20,
    "destination" : 6,
    "end" : 20,
    "rdvTime" : "14h25",
    "rdvDuration" : "02h39",
    "srvDuration" : "00h02"
  }, {
    "id" : 77,
    "category" : 0,
    "load" : 2,
    "start" : -1,
    "destination" : 7,
    "end" : 21,
    "rdvTime" : "15h11",
    "rdvDuration" : "01h21",
    "srvDuration" : "00h01"
  }, {
    "id" : 78,
    "category" : 0,
    "load" : 2,
    "start" : 22,
    "destination" : 8,
    "end" : 22,
    "rdvTime" : "14h12",
    "rdvDuration" : "00h37",
    "srvDuration" : "00h02"
  }, {
    "id" : 79,
    "category" : 0,
    "load" : 1,
    "start" : 23,
    "destination" : 9,
    "end" : 23,
    "rdvTime" : "09h29",
    "rdvDuration" : "02h15",
    "srvDuration" : "00h01"
  }, {
    "id" : 80,
    "category" : 0,
    "load" : 2,
    "start" : 24,
    "destination" : 10,
    "end" : 25,
    "rdvTime" : "14h10",
    "rdvDuration" : "02h32",
    "srvDuration" : "00h02"
  }, {
    "id" : 81,
    "category" : 0,
    "load" : 2,
    "start" : 26,
    "destination" : 11,
    "end" : -1,
    "rdvTime" : "08h16",
    "rdvDuration" : "00h21",
    "srvDuration" : "00h01"
  }, {
    "id" : 82,
    "category" : 0,
    "load" : 1,
    "start" : 27,
    "destination" : 1,
    "end" : -1,
    "rdvTime" : "09h17",
    "rdvDuration" : "01h21",
    "srvDuration" : "00h02"
  }, {
    "id" : 83,
    "category" : 0,
    "load" : 2,
    "start" : -1,
    "destination" : 5,
    "end" : 28,
    "rdvTime" : "13h59",
    "rdvDuration" : "02h59",
    "srvDuration" : "00h01"
  }, {
    "id" : 84,
    "category" : 0,
    "load" : 1,
    "start" : 29,
    "destination" : 0,
    "end" : 29,
    "rdvTime" : "13h06",
    "rdvDuration" : "01h07",
    "srvDuration" : "00h01"
  }, {
    "id" : 85,
    "category" : 0,
    "load" : 1,
    "start" : 30,
    "destination" : 3,
    "end" : 30,
    "rdvTime" : "09h13",
    "rdvDuration" : "02h42",
    "srvDuration" : "00h02"
  }, {
    "id" : 86,
    "category" : 0,
    "load" : 2,
    "start" : 31,
    "destination" : 7,
    "end" : 31,
    "rdvTime" : "12h47",
    "rdvDuration" : "02h28",
    "srvDuration" : "00h01"
  }, {
    "id" : 87,
    "category" : 0,
    "load" : 2,
    "start" : 32,
    "destination" : 4,
    "end" : 32,
    "rdvTime" : "08h13",
    "rdvDuration" : "02h21",
    "srvDuration" : "00h02"
  }, {
    "id" : 88,
    "category" : 0,
    "load" : 2,
    "start" : 33,
    "destination" : 1,
    "end" : 33,
    "rdvTime" : "11h05",
    "rdvDuration" : "00h41",
    "srvDuration" : "00h01"
  }, {
    "id" : 89,
    "category" : 0,
    "load" : 2,
    "start" : 34,
    "destination" : 11,
    "end" : 34,
    "rdvTime" : "09h08",
    "rdvDuration" : "02h26",
    "srvDuration" : "00h02"
  }, {
    "id" : 90,
    "category" : 0,
    "load" : 1,
    "start" : 35,
    "destination" : 4,
    "end" : 35,
    "rdvTime" : "11h51",
    "rdvDuration" : "02h38",
    "srvDuration" : "00h02"
  }, {
    "id" : 91,
    "category" : 0,
    "load" : 1,
    "start" : 36,
    "destination" : 1,
    "end" : 36,
    "rdvTime" : "14h37",
    "rdvDuration" : "02h01",
    "srvDuration" : "00h02"
  }, {
    "id" : 92,
    "category" : 0,
    "load" : 1,
    "start" : 37,
    "destination" : 4,
    "end" : 37,
    "rdvTime" : "13h37",
    "rdvDuration" : "01h36",
    "srvDuration" : "00h01"
  }, {
    "id" : 93,
    "category" : 0,
    "load" : 2,
    "start" : 38,
    "destination" : 7,
    "end" : 38,
    "rdvTime" : "12h38",
    "rdvDuration" : "00h33",
    "srvDuration" : "00h01"
  }, {
    "id" : 94,
    "category" : 0,
    "load" : 2,
    "start" : 39,
    "destination" : 10,
    "end" : 39,
    "rdvTime" : "13h07",
    "rdvDuration" : "02h39",
    "srvDuration" : "00h01"
  }, {
    "id" : 95,
    "category" : 0,
    "load" : 2,
    "start" : 40,
    "destination" : 1,
    "end" : 40,
    "rdvTime" : "08h35",
    "rdvDuration" : "00h22",
    "srvDuration" : "00h02"
  }, {
    "id" : 96,
    "category" : 0,
    "load" : 2,
    "start" : -1,
    "destination" : 2,
    "end" : 41,
    "rdvTime" : "14h30",
    "rdvDuration" : "02h50",
    "srvDuration" : "00h02"
  }, {
    "id" : 97,
    "category" : 0,
    "load" : 2,
    "start" : 42,
    "destination" : 9,
    "end" : 42,
    "rdvTime" : "09h30",
    "rdvDuration" : "01h10",
    "srvDuration" : "00h02"
  }, {
    "id" : 98,
    "category" : 0,
    "load" : 1,
    "start" : 43,
    "destination" : 1,
    "end" : 43,
    "rdvTime" : "12h27",
    "rdvDuration" : "02h08",
    "srvDuration" : "00h01"
  }, {
    "id" : 99,
    "category" : 0,
    "load" : 2,
    "start" : 44,
    "destination" : 8,
    "end" : -1,
    "rdvTime" : "11h49",
    "rdvDuration" : "01h17",
    "srvDuration" : "00h01"
  }, {
    "id" : 100,
    "category" : 0,
    "load" : 2,
    "start" : -1,
    "destination" : 1,
    "end" : 45,
    "rdvTime" : "12h45",
    "rdvDuration" : "01h58",
    "srvDuration" : "00h01"
  }, {
    "id" : 101,
    "category" : 0,
    "load" : 2,
    "start" : -1,
    "destination" : 0,
    "end" : 46,
    "rdvTime" : "14h39",
    "rdvDuration" : "01h21",
    "srvDuration" : "00h01"
  }, {
    "id" : 102,
    "category" : 0,
    "load" : 1,
    "start" : 47,
    "destination" : 1,
    "end" : 47,
    "rdvTime" : "14h45",
    "rdvDuration" : "01h58",
    "srvDuration" : "00h02"
  }, {
    "id" : 103,
    "category" : 0,
    "load" : 1,
    "start" : -1,
    "destination" : 5,
    "end" : 48,
    "rdvTime" : "14h33",
    "rdvDuration" : "01h40",
    "srvDuration" : "00h02"
  }, {
    "id" : 104,
    "category" : 0,
    "load" : 1,
    "start" : 49,
    "destination" : 6,
    "end" : 49,
    "rdvTime" : "10h36",
    "rdvDuration" : "02h12",
    "srvDuration" : "00h02"
  }, {
    "id" : 105,
    "category" : 0,
    "load" : 2,
    "start" : 50,
    "destination" : 8,
    "end" : 50,
    "rdvTime" : "15h24",
    "rdvDuration" : "02h23",
    "srvDuration" : "00h02"
  }, {
    "id" : 106,
    "category" : 0,
    "load" : 2,
    "start" : -1,
    "destination" : 11,
    "end" : 51,
    "rdvTime" : "12h11",
    "rdvDuration" : "02h00",
    "srvDuration" : "00h02"
  }, {
    "id" : 107,
    "category" : 0,
    "load" : 2,
    "start" : 52,
    "destination" : 11,
    "end" : 53,
    "rdvTime" : "13h46",
    "rdvDuration" : "00h44",
    "srvDuration" : "00h02"
  }, {
    "id" : 108,
    "category" : 0,
    "load" : 2,
    "start" : -1,
    "destination" : 7,
    "end" : 54,
    "rdvTime" : "09h59",
    "rdvDuration" : "02h00",
    "srvDuration" : "00h02"
  }, {
    "id" : 109,
    "category" : 0,
    "load" : 1,
    "start" : 55,
    "destination" : 11,
    "end" : 55,
    "rdvTime" : "13h23",
    "rdvDuration" : "01h16",
    "srvDuration" : "00h02"
  }, {
    "id" : 110,
    "category" : 0,
    "load" : 2,
    "start" : 56,
    "destination" : 4,
    "end" : 56,
    "rdvTime" : "13h09",
    "rdvDuration" : "02h20",
    "srvDuration" : "00h02"
  }, {
    "id" : 111,
    "category" : 0,
    "load" : 2,
    "start" : 57,
    "destination" : 6,
    "end" : 57,
    "rdvTime" : "09h42",
    "rdvDuration" : "02h14",
    "srvDuration" : "00h01"
  }, {
    "id" : 112,
    "category" : 0,
    "load" : 2,
    "start" : 58,
    "destination" : 11,
    "end" : 59,
    "rdvTime" : "11h49",
    "rdvDuration" : "01h49",
    "srvDuration" : "00h02"
  }, {
    "id" : 113,
    "category" : 0,
    "load" : 1,
    "start" : 60,
    "destination" : 2,
    "end" : 60,
    "rdvTime" : "10h42",
    "rdvDuration" : "02h09",
    "srvDuration" : "00h01"
  }, {
    "id" : 114,
    "category" : 0,
    "load" : 2,
    "start" : 61,
    "destination" : 0,
    "end" : 61,
    "rdvTime" : "10h23",
    "rdvDuration" : "01h30",
    "srvDuration" : "00h01"
  }, {
    "id" : 115,
    "category" : 0,
    "load" : 1,
    "start" : 62,
    "destination" : 11,
    "end" : 62,
    "rdvTime" : "13h49",
    "rdvDuration" : "02h19",
    "srvDuration" : "00h02"
  }, {
    "id" : 116,
    "category" : 0,
    "load" : 2,
    "start" : 63,
    "destination" : 0,
    "end" : 63,
    "rdvTime" : "10h05",
    "rdvDuration" : "02h08",
    "srvDuration" : "00h02"
  }, {
    "id" : 117,
    "category" : 0,
    "load" : 2,
    "start" : 64,
    "destination" : 11,
    "end" : 64,
    "rdvTime" : "09h34",
    "rdvDuration" : "01h06",
    "srvDuration" : "00h02"
  } ],
  "distMatrix" : [ [ 0, 17, 20, 10, 11, 1, 18, 15, 16, 5, 14, 12, 12, 16, 13, 17, 15, 23, 11, 14, 7, 17, 13, 14, 23, 24, 17, 21, 14, 13, 5, 21, 13, 19, 15, 3, 11, 16, 15, 21, 3, 20, 19, 19, 9, 19, 11, 9, 13, 11, 19, 3, 5, 11, 10, 8, 23, 14, 14, 9, 19, 17, 17, 11, 20 ], [ 17, 0, 4, 11, 14, 16, 6, 11, 1, 17, 10, 19, 7, 3, 16, 16, 12, 8, 8, 12, 15, 6, 11, 15, 13, 9, 2, 8, 15, 14, 14, 7, 7, 2, 3, 15, 17, 3, 11, 11, 16, 14, 9, 3, 12, 10, 10, 8, 5, 6, 8, 17, 12, 9, 14, 9, 10, 11, 3, 7, 5, 4, 9, 14, 7 ], [ 20, 4, 0, 15, 15, 19, 4, 10, 4, 19, 11, 20, 11, 4, 17, 16, 12, 4, 11, 12, 17, 5, 12, 16, 11, 5, 2, 5, 15, 15, 18, 8, 8, 4, 5, 18, 18, 3, 15, 9, 19, 13, 7, 4, 14, 9, 11, 12, 7, 9, 6, 21, 16, 13, 17, 12, 8, 11, 5, 10, 7, 3, 8, 15, 9 ], [ 10, 11, 15, 0, 16, 9, 15, 16, 11, 13, 15, 18, 4, 12, 18, 21, 17, 19, 3, 16, 13, 14, 15, 18, 22, 20, 13, 18, 18, 17, 5, 13, 12, 12, 11, 7, 17, 12, 5, 20, 11, 21, 18, 13, 12, 18, 12, 4, 10, 6, 17, 9, 5, 2, 3, 7, 20, 16, 11, 7, 11, 14, 16, 16, 11 ], [ 11, 14, 15, 16, 0, 12, 12, 6, 13, 7, 5, 4, 15, 12, 3, 6, 5, 16, 14, 4, 4, 11, 4, 3, 13, 18, 14, 15, 3, 2, 13, 21, 7, 17, 12, 13, 2, 12, 20, 12, 9, 9, 11, 17, 4, 10, 5, 12, 9, 12, 12, 14, 12, 16, 18, 9, 14, 5, 11, 9, 19, 12, 9, 1, 21 ], [ 1, 16, 19, 9, 12, 0, 18, 16, 16, 6, 15, 13, 12, 16, 14, 18, 15, 23, 10, 14, 8, 17, 13, 15, 23, 24, 17, 22, 15, 14, 4, 20, 14, 18, 15, 2, 12, 16, 14, 21, 4, 20, 20, 19, 9, 19, 12, 9, 13, 11, 20, 2, 4, 11, 9, 8, 23, 15, 14, 9, 19, 17, 17, 12, 19 ], [ 18, 6, 4, 15, 12, 18, 0, 7, 5, 17, 7, 16, 12, 3, 13, 12, 8, 5, 12, 8, 14, 1, 8, 12, 8, 7, 4, 4, 11, 11, 17, 12, 5, 7, 4, 17, 14, 3, 16, 5, 17, 9, 3, 7, 11, 5, 8, 12, 5, 9, 2, 19, 15, 13, 18, 10, 5, 7, 5, 9, 11, 2, 4, 11, 12 ], [ 15, 11, 10, 16, 6, 16, 7, 0, 10, 12, 1, 10, 14, 8, 7, 6, 1, 11, 14, 2, 9, 6, 3, 5, 8, 13, 9, 9, 5, 5, 16, 17, 4, 13, 8, 16, 8, 8, 19, 6, 13, 5, 6, 13, 6, 4, 4, 12, 7, 11, 6, 17, 14, 15, 19, 9, 9, 1, 8, 9, 16, 7, 3, 5, 18 ], [ 16, 1, 4, 11, 13, 16, 5, 10, 0, 16, 9, 17, 7, 2, 15, 15, 11, 8, 7, 11, 14, 5, 10, 14, 13, 9, 2, 8, 13, 13, 14, 8, 6, 4, 2, 14, 15, 2, 12, 10, 15, 13, 8, 4, 11, 9, 8, 8, 4, 5, 7, 17, 12, 9, 13, 8, 10, 10, 2, 6, 6, 3, 8, 13, 8 ], [ 5, 17, 19, 13, 7, 6, 17, 12, 16, 0, 11, 6, 15, 16, 8, 13, 12, 21, 13, 11, 3, 16, 9, 10, 20, 23, 17, 20, 10, 9, 9, 23, 12, 19, 15, 8, 7, 16, 18, 18, 3, 16, 17, 20, 6, 16, 9, 11, 12, 13, 17, 8, 9, 14, 15, 8, 20, 11, 14, 10, 21, 16, 15, 7, 22 ], [ 14, 10, 11, 15, 5, 15, 7, 1, 9, 11, 0, 10, 14, 8, 7, 6, 2, 11, 13, 1, 8, 6, 2, 5, 9, 13, 9, 9, 4, 4, 15, 17, 3, 13, 8, 15, 7, 8, 18, 7, 12, 6, 6, 13, 6, 5, 3, 11, 6, 10, 7, 16, 13, 15, 18, 9, 9, 0, 7, 8, 16, 7, 4, 5, 17 ], [ 12, 19, 20, 18, 4, 13, 16, 10, 17, 6, 10, 0, 19, 16, 3, 8, 9, 21, 17, 8, 6, 15, 8, 5, 17, 23, 18, 19, 6, 5, 15, 25, 12, 21, 16, 14, 2, 17, 23, 16, 9, 12, 16, 21, 7, 14, 9, 15, 14, 16, 16, 14, 14, 19, 20, 12, 18, 9, 15, 13, 23, 16, 13, 5, 25 ], [ 12, 7, 11, 4, 15, 12, 12, 14, 7, 15, 14, 19, 0, 9, 18, 20, 15, 15, 2, 15, 14, 11, 13, 18, 20, 16, 9, 15, 17, 16, 9, 9, 10, 8, 7, 10, 17, 9, 5, 17, 13, 19, 15, 9, 12, 16, 11, 4, 8, 3, 14, 12, 7, 2, 6, 7, 17, 14, 8, 6, 7, 10, 14, 15, 8 ], [ 16, 3, 4, 12, 12, 16, 3, 8, 2, 16, 8, 16, 9, 0, 14, 14, 9, 7, 9, 9, 13, 3, 9, 13, 11, 8, 2, 6, 12, 12, 14, 9, 5, 5, 1, 15, 14, 0, 13, 9, 15, 12, 6, 5, 10, 8, 7, 9, 3, 6, 6, 17, 12, 10, 14, 8, 9, 8, 2, 7, 8, 2, 6, 12, 10 ], [ 13, 16, 17, 18, 3, 14, 13, 7, 15, 8, 7, 3, 18, 14, 0, 5, 6, 18, 17, 5, 6, 12, 5, 2, 13, 20, 16, 16, 2, 2, 16, 23, 9, 19, 14, 15, 2, 14, 22, 12, 11, 9, 12, 19, 6, 10, 7, 15, 12, 15, 13, 16, 14, 18, 20, 11, 15, 6, 13, 11, 22, 14, 10, 3, 23 ], [ 17, 16, 16, 21, 6, 18, 12, 6, 15, 13, 6, 8, 20, 14, 5, 0, 4, 15, 19, 5, 11, 11, 6, 4, 9, 17, 15, 13, 4, 4, 19, 23, 9, 18, 14, 19, 7, 14, 24, 9, 15, 4, 10, 18, 9, 7, 8, 17, 12, 16, 11, 20, 18, 20, 23, 14, 12, 6, 13, 13, 22, 12, 8, 6, 23 ], [ 15, 12, 12, 17, 5, 15, 8, 1, 11, 12, 2, 9, 15, 9, 6, 4, 0, 12, 14, 1, 9, 7, 2, 4, 8, 14, 11, 10, 3, 3, 16, 19, 5, 14, 9, 16, 7, 9, 20, 7, 13, 5, 7, 14, 6, 5, 4, 13, 8, 12, 7, 17, 14, 16, 19, 10, 10, 1, 9, 9, 17, 8, 4, 4, 19 ], [ 23, 8, 4, 19, 16, 23, 5, 11, 8, 21, 11, 21, 15, 7, 18, 15, 12, 0, 15, 12, 19, 6, 13, 16, 8, 2, 6, 2, 15, 15, 21, 12, 10, 8, 8, 22, 19, 7, 19, 7, 22, 12, 5, 8, 16, 8, 12, 16, 10, 13, 5, 24, 19, 17, 21, 15, 4, 11, 9, 13, 11, 6, 8, 16, 13 ], [ 11, 8, 11, 3, 14, 10, 12, 14, 7, 13, 13, 17, 2, 9, 17, 19, 14, 15, 0, 14, 12, 11, 12, 16, 19, 16, 9, 15, 16, 15, 7, 10, 10, 9, 7, 8, 16, 9, 6, 17, 11, 19, 15, 10, 11, 15, 10, 2, 7, 3, 14, 11, 6, 2, 6, 5, 17, 13, 7, 5, 9, 10, 13, 14, 9 ], [ 14, 12, 12, 16, 4, 14, 8, 2, 11, 11, 1, 8, 15, 9, 5, 5, 1, 12, 14, 0, 8, 7, 2, 4, 9, 14, 11, 11, 3, 3, 15, 19, 5, 14, 9, 15, 6, 9, 19, 8, 12, 6, 7, 14, 5, 6, 4, 12, 7, 11, 8, 16, 13, 15, 18, 9, 10, 1, 9, 9, 17, 9, 5, 4, 19 ], [ 7, 15, 17, 13, 4, 8, 14, 9, 14, 3, 8, 6, 14, 13, 6, 11, 9, 19, 12, 8, 0, 13, 7, 7, 17, 20, 15, 17, 7, 7, 9, 21, 9, 17, 12, 9, 5, 13, 17, 15, 4, 13, 14, 18, 3, 13, 6, 10, 10, 11, 15, 9, 8, 13, 15, 7, 18, 8, 12, 8, 19, 13, 12, 5, 20 ], [ 17, 6, 5, 14, 11, 17, 1, 6, 5, 16, 6, 15, 11, 3, 12, 11, 7, 6, 11, 7, 13, 0, 7, 11, 8, 8, 4, 5, 10, 10, 16, 12, 4, 8, 4, 16, 13, 3, 16, 6, 16, 9, 3, 7, 10, 5, 7, 11, 4, 9, 3, 18, 14, 13, 17, 10, 6, 6, 4, 8, 11, 1, 3, 10, 13 ], [ 13, 11, 12, 15, 4, 13, 8, 3, 10, 9, 2, 8, 13, 9, 5, 6, 2, 13, 12, 2, 7, 7, 0, 4, 11, 15, 10, 11, 4, 3, 13, 18, 4, 14, 8, 13, 6, 9, 18, 9, 10, 7, 8, 14, 4, 7, 2, 11, 7, 10, 8, 15, 12, 14, 17, 8, 11, 2, 8, 7, 16, 8, 5, 3, 18 ], [ 14, 15, 16, 18, 3, 15, 12, 5, 14, 10, 5, 5, 18, 13, 2, 4, 4, 16, 16, 4, 7, 11, 4, 0, 12, 18, 14, 14, 1, 1, 16, 22, 8, 18, 13, 16, 3, 13, 22, 11, 12, 7, 11, 18, 6, 9, 6, 15, 11, 14, 11, 17, 15, 18, 20, 11, 13, 5, 12, 11, 21, 12, 8, 3, 22 ], [ 23, 13, 11, 22, 13, 23, 8, 8, 13, 20, 9, 17, 20, 11, 13, 9, 8, 8, 19, 9, 17, 8, 11, 12, 0, 10, 11, 6, 11, 11, 23, 19, 10, 15, 12, 23, 15, 11, 24, 2, 21, 5, 5, 14, 14, 4, 12, 19, 12, 17, 5, 25, 21, 21, 25, 17, 4, 9, 12, 15, 18, 9, 6, 13, 20 ], [ 24, 9, 5, 20, 18, 24, 7, 13, 9, 23, 13, 23, 16, 8, 20, 17, 14, 2, 16, 14, 20, 8, 15, 18, 10, 0, 7, 4, 17, 17, 22, 11, 11, 8, 10, 23, 20, 8, 19, 8, 23, 13, 7, 8, 17, 10, 14, 17, 11, 14, 7, 25, 21, 18, 22, 17, 6, 13, 10, 15, 11, 7, 10, 18, 13 ], [ 17, 2, 2, 13, 14, 17, 4, 9, 2, 17, 9, 18, 9, 2, 16, 15, 11, 6, 9, 11, 15, 4, 10, 14, 11, 7, 0, 6, 14, 13, 15, 8, 6, 4, 3, 16, 16, 1, 13, 9, 17, 13, 7, 4, 12, 8, 9, 10, 5, 7, 6, 18, 14, 11, 15, 10, 9, 10, 3, 8, 7, 2, 7, 13, 9 ], [ 21, 8, 5, 18, 15, 22, 4, 9, 8, 20, 9, 19, 15, 6, 16, 13, 10, 2, 15, 11, 17, 5, 11, 14, 6, 4, 6, 0, 13, 13, 20, 13, 8, 9, 8, 21, 17, 6, 19, 5, 20, 10, 3, 8, 14, 6, 11, 15, 9, 13, 3, 23, 18, 17, 21, 14, 3, 10, 8, 12, 12, 5, 6, 14, 14 ], [ 14, 15, 15, 18, 3, 15, 11, 5, 13, 10, 4, 6, 17, 12, 2, 4, 3, 15, 16, 3, 7, 10, 4, 1, 11, 17, 14, 13, 0, 0, 16, 21, 8, 17, 12, 15, 4, 12, 21, 10, 11, 7, 10, 17, 6, 8, 6, 14, 10, 13, 11, 16, 14, 17, 20, 11, 13, 4, 11, 10, 20, 11, 8, 2, 21 ], [ 13, 14, 15, 17, 2, 14, 11, 5, 13, 9, 4, 5, 16, 12, 2, 4, 3, 15, 15, 3, 7, 10, 3, 1, 11, 17, 13, 13, 0, 0, 15, 21, 7, 17, 12, 15, 3, 12, 21, 10, 11, 7, 10, 17, 5, 8, 5, 14, 10, 13, 11, 16, 14, 17, 19, 10, 13, 4, 11, 10, 20, 11, 8, 2, 21 ], [ 5, 14, 18, 5, 13, 4, 17, 16, 14, 9, 15, 15, 9, 14, 16, 19, 16, 21, 7, 15, 9, 16, 13, 16, 23, 22, 15, 20, 16, 15, 0, 17, 13, 16, 13, 1, 14, 15, 10, 21, 6, 21, 19, 17, 10, 19, 12, 6, 12, 8, 19, 3, 2, 7, 6, 7, 22, 15, 13, 8, 16, 16, 17, 13, 16 ], [ 21, 7, 8, 13, 21, 20, 12, 17, 8, 23, 17, 25, 9, 9, 23, 23, 19, 12, 10, 19, 21, 12, 18, 22, 19, 11, 8, 13, 21, 21, 17, 0, 14, 5, 9, 19, 23, 9, 10, 17, 21, 21, 15, 5, 18, 17, 16, 12, 11, 10, 14, 21, 16, 10, 14, 14, 16, 18, 10, 13, 2, 11, 15, 21, 1 ], [ 13, 7, 8, 12, 7, 14, 5, 4, 6, 12, 3, 12, 10, 5, 9, 9, 5, 10, 10, 5, 9, 4, 4, 8, 10, 11, 6, 8, 8, 7, 13, 14, 0, 9, 4, 13, 10, 5, 15, 8, 12, 9, 6, 10, 6, 6, 3, 9, 3, 7, 6, 15, 11, 12, 15, 6, 9, 4, 4, 5, 12, 4, 4, 7, 14 ], [ 19, 2, 4, 12, 17, 18, 7, 13, 4, 19, 13, 21, 8, 5, 19, 18, 14, 8, 9, 14, 17, 8, 14, 18, 15, 8, 4, 9, 17, 17, 16, 5, 9, 0, 5, 17, 19, 5, 11, 13, 18, 16, 10, 1, 14, 12, 12, 10, 7, 8, 9, 19, 14, 10, 14, 11, 12, 13, 6, 10, 3, 6, 11, 16, 5 ], [ 15, 3, 5, 11, 12, 15, 4, 8, 2, 15, 8, 16, 7, 1, 14, 14, 9, 8, 7, 9, 12, 4, 8, 13, 12, 10, 3, 8, 12, 12, 13, 9, 4, 5, 0, 14, 14, 2, 12, 10, 14, 12, 7, 6, 9, 8, 7, 7, 2, 5, 7, 16, 11, 9, 13, 7, 10, 8, 1, 5, 8, 3, 7, 11, 9 ], [ 3, 15, 18, 7, 13, 2, 17, 16, 14, 8, 15, 14, 10, 15, 15, 19, 16, 22, 8, 15, 9, 16, 13, 16, 23, 23, 16, 21, 15, 15, 1, 19, 13, 17, 14, 0, 14, 15, 12, 21, 5, 21, 19, 18, 10, 19, 12, 7, 12, 9, 19, 2, 3, 9, 7, 7, 22, 15, 13, 9, 17, 16, 17, 13, 18 ], [ 11, 17, 18, 17, 2, 12, 14, 8, 15, 7, 7, 2, 17, 14, 2, 7, 7, 19, 16, 6, 5, 13, 6, 3, 15, 20, 16, 17, 4, 3, 14, 23, 10, 19, 14, 14, 0, 15, 22, 14, 9, 10, 13, 19, 5, 12, 7, 14, 12, 14, 14, 14, 13, 17, 19, 10, 16, 7, 13, 11, 22, 14, 11, 3, 23 ], [ 16, 3, 3, 12, 12, 16, 3, 8, 2, 16, 8, 17, 9, 0, 14, 14, 9, 7, 9, 9, 13, 3, 9, 13, 11, 8, 1, 6, 12, 12, 15, 9, 5, 5, 2, 15, 15, 0, 13, 9, 16, 12, 6, 5, 10, 8, 8, 9, 4, 7, 5, 18, 13, 11, 15, 9, 8, 8, 2, 7, 8, 2, 6, 12, 10 ], [ 15, 11, 15, 5, 20, 14, 16, 19, 12, 18, 18, 23, 5, 13, 22, 24, 20, 19, 6, 19, 17, 16, 18, 22, 24, 19, 13, 19, 21, 21, 10, 10, 15, 11, 12, 12, 22, 13, 0, 22, 16, 24, 19, 12, 16, 20, 16, 8, 12, 8, 19, 13, 10, 4, 5, 11, 22, 19, 12, 11, 9, 15, 19, 20, 9 ], [ 21, 11, 9, 20, 12, 21, 5, 6, 10, 18, 7, 16, 17, 9, 12, 9, 7, 7, 17, 8, 15, 6, 9, 11, 2, 8, 9, 5, 10, 10, 21, 17, 8, 13, 10, 21, 14, 9, 22, 0, 19, 5, 2, 12, 13, 2, 10, 16, 10, 14, 3, 23, 19, 19, 23, 14, 3, 7, 10, 13, 16, 7, 4, 11, 18 ], [ 3, 16, 19, 11, 9, 4, 17, 13, 15, 3, 12, 9, 13, 15, 11, 15, 13, 22, 11, 12, 4, 16, 10, 12, 21, 23, 17, 20, 11, 11, 6, 21, 12, 18, 14, 5, 9, 16, 16, 19, 0, 18, 18, 19, 7, 17, 10, 9, 12, 11, 18, 5, 6, 12, 12, 7, 21, 12, 13, 9, 20, 16, 15, 9, 20 ], [ 20, 14, 13, 21, 9, 20, 9, 5, 13, 16, 6, 12, 19, 12, 9, 4, 5, 12, 19, 6, 13, 9, 7, 7, 5, 13, 13, 10, 7, 7, 21, 21, 9, 16, 12, 21, 10, 12, 24, 5, 18, 0, 6, 16, 11, 4, 9, 17, 11, 16, 7, 22, 19, 20, 24, 15, 8, 6, 12, 14, 20, 10, 6, 9, 21 ], [ 19, 9, 7, 18, 11, 20, 3, 6, 8, 17, 6, 16, 15, 6, 12, 10, 7, 5, 15, 7, 14, 3, 8, 11, 5, 7, 7, 3, 10, 10, 19, 15, 6, 10, 7, 19, 13, 6, 19, 2, 18, 6, 0, 10, 11, 2, 8, 14, 8, 12, 1, 21, 17, 16, 20, 12, 3, 6, 7, 11, 14, 5, 3, 11, 15 ], [ 19, 3, 4, 13, 17, 19, 7, 13, 4, 20, 13, 21, 9, 5, 19, 18, 14, 8, 10, 14, 18, 7, 14, 18, 14, 8, 4, 8, 17, 17, 17, 5, 10, 1, 6, 18, 19, 5, 12, 12, 19, 16, 10, 0, 15, 12, 12, 11, 8, 8, 9, 20, 15, 11, 15, 12, 11, 13, 6, 10, 4, 6, 11, 17, 6 ], [ 9, 12, 14, 12, 4, 9, 11, 6, 11, 6, 6, 7, 12, 10, 6, 9, 6, 16, 11, 5, 3, 10, 4, 6, 14, 17, 12, 14, 6, 5, 10, 18, 6, 14, 9, 10, 5, 10, 16, 13, 7, 11, 11, 15, 0, 10, 3, 9, 7, 9, 12, 11, 8, 12, 14, 5, 15, 6, 9, 6, 17, 10, 9, 4, 18 ], [ 19, 10, 9, 18, 10, 19, 5, 4, 9, 16, 5, 14, 16, 8, 10, 7, 5, 8, 15, 6, 13, 5, 7, 9, 4, 10, 8, 6, 8, 8, 19, 17, 6, 12, 8, 19, 12, 8, 20, 2, 17, 4, 2, 12, 10, 0, 7, 14, 8, 13, 3, 21, 17, 17, 21, 12, 5, 5, 8, 11, 15, 6, 2, 9, 17 ], [ 11, 10, 11, 12, 5, 12, 8, 4, 8, 9, 3, 9, 11, 7, 7, 8, 4, 12, 10, 4, 6, 7, 2, 6, 12, 14, 9, 11, 6, 5, 12, 16, 3, 12, 7, 12, 7, 8, 16, 10, 10, 9, 8, 12, 3, 7, 0, 9, 5, 8, 8, 13, 10, 12, 15, 6, 11, 3, 6, 5, 15, 7, 6, 4, 16 ], [ 9, 8, 12, 4, 12, 9, 12, 12, 8, 11, 11, 15, 4, 9, 15, 17, 13, 16, 2, 12, 10, 11, 11, 15, 19, 17, 10, 15, 14, 14, 6, 12, 9, 10, 7, 7, 14, 9, 8, 16, 9, 17, 14, 11, 9, 14, 9, 0, 6, 2, 14, 9, 4, 4, 6, 3, 17, 12, 7, 4, 10, 10, 12, 12, 11 ], [ 13, 5, 7, 10, 9, 13, 5, 7, 4, 12, 6, 14, 8, 3, 12, 12, 8, 10, 7, 7, 10, 4, 7, 11, 12, 11, 5, 9, 10, 10, 12, 11, 3, 7, 2, 12, 12, 4, 12, 10, 12, 11, 8, 8, 7, 8, 5, 6, 0, 5, 7, 14, 10, 9, 13, 5, 11, 7, 2, 4, 10, 4, 6, 9, 11 ], [ 11, 6, 9, 6, 12, 11, 9, 11, 5, 13, 10, 16, 3, 6, 15, 16, 12, 13, 3, 11, 11, 9, 10, 14, 17, 14, 7, 13, 13, 13, 8, 10, 7, 8, 5, 9, 14, 7, 8, 14, 11, 16, 12, 8, 9, 13, 8, 2, 5, 0, 12, 11, 6, 4, 8, 4, 15, 11, 5, 3, 9, 8, 11, 12, 9 ], [ 19, 8, 6, 17, 12, 20, 2, 6, 7, 17, 7, 16, 14, 6, 13, 11, 7, 5, 14, 8, 15, 3, 8, 11, 5, 7, 6, 3, 11, 11, 19, 14, 6, 9, 7, 19, 14, 5, 19, 3, 18, 7, 1, 9, 12, 3, 8, 14, 7, 12, 0, 21, 17, 16, 20, 12, 3, 7, 7, 11, 13, 4, 3, 11, 15 ], [ 3, 17, 21, 9, 14, 2, 19, 17, 17, 8, 16, 14, 12, 17, 16, 20, 17, 24, 11, 16, 9, 18, 15, 17, 25, 25, 18, 23, 16, 16, 3, 21, 15, 19, 16, 2, 14, 18, 13, 23, 5, 22, 21, 20, 11, 21, 13, 9, 14, 11, 21, 0, 5, 11, 9, 9, 24, 16, 15, 11, 19, 18, 19, 14, 20 ], [ 5, 12, 16, 5, 12, 4, 15, 14, 12, 9, 13, 14, 7, 12, 14, 18, 14, 19, 6, 13, 8, 14, 12, 15, 21, 21, 14, 18, 14, 14, 2, 16, 11, 14, 11, 3, 13, 13, 10, 19, 6, 19, 17, 15, 8, 17, 10, 4, 10, 6, 17, 5, 0, 6, 6, 5, 20, 13, 11, 6, 15, 14, 15, 12, 15 ], [ 11, 9, 13, 2, 16, 11, 13, 15, 9, 14, 15, 19, 2, 10, 18, 20, 16, 17, 2, 15, 13, 13, 14, 18, 21, 18, 11, 17, 17, 17, 7, 10, 12, 10, 9, 9, 17, 11, 4, 19, 12, 20, 16, 11, 12, 17, 12, 4, 9, 4, 16, 11, 6, 0, 4, 7, 19, 15, 9, 7, 9, 12, 15, 16, 9 ], [ 10, 14, 17, 3, 18, 9, 18, 19, 13, 15, 18, 20, 6, 14, 20, 23, 19, 21, 6, 18, 15, 17, 17, 20, 25, 22, 15, 21, 20, 19, 6, 14, 15, 14, 13, 7, 19, 15, 5, 23, 12, 24, 20, 15, 14, 21, 15, 6, 13, 8, 20, 9, 6, 4, 0, 9, 23, 18, 13, 10, 13, 16, 19, 18, 13 ], [ 8, 9, 12, 7, 9, 8, 10, 9, 8, 8, 9, 12, 7, 8, 11, 14, 10, 15, 5, 9, 7, 10, 8, 11, 17, 17, 10, 14, 11, 10, 7, 14, 6, 11, 7, 7, 10, 9, 11, 14, 7, 15, 12, 12, 5, 12, 6, 3, 5, 4, 12, 9, 5, 7, 9, 0, 15, 9, 7, 2, 13, 9, 10, 9, 14 ], [ 23, 10, 8, 20, 14, 23, 5, 9, 10, 20, 9, 18, 17, 9, 15, 12, 10, 4, 17, 10, 18, 6, 11, 13, 4, 6, 9, 3, 13, 13, 22, 16, 9, 12, 10, 22, 16, 8, 22, 3, 21, 8, 3, 11, 15, 5, 11, 17, 11, 15, 3, 24, 20, 19, 23, 15, 0, 9, 10, 14, 15, 7, 6, 14, 17 ], [ 14, 11, 11, 16, 5, 15, 7, 1, 10, 11, 0, 9, 14, 8, 6, 6, 1, 11, 13, 1, 8, 6, 2, 5, 9, 13, 10, 10, 4, 4, 15, 18, 4, 13, 8, 15, 7, 8, 19, 7, 12, 6, 6, 13, 6, 5, 3, 12, 7, 11, 7, 16, 13, 15, 18, 9, 9, 0, 8, 8, 16, 8, 4, 4, 18 ], [ 14, 3, 5, 11, 11, 14, 5, 8, 2, 14, 7, 15, 8, 2, 13, 13, 9, 9, 7, 9, 12, 4, 8, 12, 12, 10, 3, 8, 11, 11, 13, 10, 4, 6, 1, 13, 13, 2, 12, 10, 13, 12, 7, 6, 9, 8, 6, 7, 2, 5, 7, 15, 11, 9, 13, 7, 10, 8, 0, 5, 8, 3, 6, 11, 10 ], [ 9, 7, 10, 7, 9, 9, 9, 9, 6, 10, 8, 13, 6, 7, 11, 13, 9, 13, 5, 9, 8, 8, 7, 11, 15, 15, 8, 12, 10, 10, 8, 13, 5, 10, 5, 9, 11, 7, 11, 13, 9, 14, 11, 10, 6, 11, 5, 4, 4, 3, 11, 11, 6, 7, 10, 2, 14, 8, 5, 0, 11, 8, 9, 9, 12 ], [ 19, 5, 7, 11, 19, 19, 11, 16, 6, 21, 16, 23, 7, 8, 22, 22, 17, 11, 9, 17, 19, 11, 16, 21, 18, 11, 7, 12, 20, 20, 16, 2, 12, 3, 8, 17, 22, 8, 9, 16, 20, 20, 14, 4, 17, 15, 15, 10, 10, 9, 13, 19, 15, 9, 13, 13, 15, 16, 8, 11, 0, 9, 14, 19, 2 ], [ 17, 4, 3, 14, 12, 17, 2, 7, 3, 16, 7, 16, 10, 2, 14, 12, 8, 6, 10, 9, 13, 1, 8, 12, 9, 7, 2, 5, 11, 11, 16, 11, 4, 6, 3, 16, 14, 2, 15, 7, 16, 10, 5, 6, 10, 6, 7, 10, 4, 8, 4, 18, 14, 12, 16, 9, 7, 8, 3, 8, 9, 0, 5, 11, 11 ], [ 17, 9, 8, 16, 9, 17, 4, 3, 8, 15, 4, 13, 14, 6, 10, 8, 4, 8, 13, 5, 12, 3, 5, 8, 6, 10, 7, 6, 8, 8, 17, 15, 4, 11, 7, 17, 11, 6, 19, 4, 15, 6, 3, 11, 9, 2, 6, 12, 6, 11, 3, 19, 15, 15, 19, 10, 6, 4, 6, 9, 14, 5, 0, 8, 16 ], [ 11, 14, 15, 16, 1, 12, 11, 5, 13, 7, 5, 5, 15, 12, 3, 6, 4, 16, 14, 4, 5, 10, 3, 3, 13, 18, 13, 14, 2, 2, 13, 21, 7, 16, 11, 13, 3, 12, 20, 11, 9, 9, 11, 17, 4, 9, 4, 12, 9, 12, 11, 14, 12, 16, 18, 9, 14, 4, 11, 9, 19, 11, 8, 0, 20 ], [ 20, 7, 9, 11, 21, 19, 12, 18, 8, 22, 17, 25, 8, 10, 23, 23, 19, 13, 9, 19, 20, 13, 18, 22, 20, 13, 9, 14, 21, 21, 16, 1, 14, 5, 9, 18, 23, 10, 9, 18, 20, 21, 15, 6, 18, 17, 16, 11, 11, 9, 15, 20, 15, 9, 13, 14, 17, 18, 10, 12, 2, 11, 16, 20, 0 ] ]
}