{
  "version" : "0.3",
  "id" : 1069736379,
  "name" : "PTP-RAND-2_12_5_48",
  "coordType" : "Eucl",
  "sameVehicleBackward" : false,
  "maxWaitTime" : "00h30",
  "places" : [ {
    "id" : 0,
    "lat" : 3.120041286828787,
    "long" : 12.281302375937418,
    "category" : 0
  }, {
    "id" : 1,
    "lat" : -3.1803341042519215,
    "long" : -1.086467742921159,
    "category" : 0
  }, {
    "id" : 2,
    "lat" : -4.667576796919577,
    "long" : 11.995028056831917,
    "category" : 0
  }, {
    "id" : 3,
    "lat" : 1.6398763464416415,
    "long" : -4.952025858451478,
    "category" : 0
  }, {
    "id" : 4,
    "lat" : 11.400343421713563,
    "long" : 5.15969049012375,
    "category" : 0
  }, {
    "id" : 5,
    "lat" : -11.606032220229835,
    "long" : 2.7251676985236934,
    "category" : 0
  }, {
    "id" : 6,
    "lat" : -0.8018670159022031,
    "long" : 2.2654654784024655,
    "category" : 0
  }, {
    "id" : 7,
    "lat" : -7.022530128370393,
    "long" : -8.078280461029959,
    "category" : 0
  }, {
    "id" : 8,
    "lat" : -9.031161748659851,
    "long" : 3.867262405578458,
    "category" : 0
  }, {
    "id" : 9,
    "lat" : 11.62545221106914,
    "long" : -0.2577126494819736,
    "category" : 0
  }, {
    "id" : 10,
    "lat" : -1.395256830438129,
    "long" : -8.742588892809009,
    "category" : 0
  }, {
    "id" : 11,
    "lat" : 5.209654095615036,
    "long" : 4.203046135134631,
    "category" : 0
  }, {
    "id" : 12,
    "lat" : -0.5297876330170098,
    "long" : -9.135543802611362,
    "category" : 1
  }, {
    "id" : 13,
    "lat" : 2.856568607225057,
    "long" : 5.970729147679783,
    "category" : 2
  }, {
    "id" : 14,
    "lat" : 2.1416378095808164,
    "long" : 7.762731613467765,
    "category" : 2
  }, {
    "id" : 15,
    "lat" : 0.6766235793706633,
    "long" : 2.6767788078330157,
    "category" : 2
  }, {
    "id" : 16,
    "lat" : 5.519054424884439,
    "long" : 8.680825806568043,
    "category" : 2
  }, {
    "id" : 17,
    "lat" : -3.6119049056762598,
    "long" : 10.108961644861843,
    "category" : 2
  }, {
    "id" : 18,
    "lat" : -1.2015816362083842,
    "long" : 1.2721037828067858,
    "category" : 2
  }, {
    "id" : 19,
    "lat" : -3.6337273210357646,
    "long" : 7.9813313168896745,
    "category" : 2
  }, {
    "id" : 20,
    "lat" : 2.314035360219148,
    "long" : 8.476037894532897,
    "category" : 2
  }, {
    "id" : 21,
    "lat" : 0.46476176412284054,
    "long" : 5.321053334683989,
    "category" : 2
  }, {
    "id" : 22,
    "lat" : 6.730236761087078,
    "long" : 7.029842086832427,
    "category" : 2
  }, {
    "id" : 23,
    "lat" : 8.32075613926444,
    "long" : 8.21887211064272,
    "category" : 2
  }, {
    "id" : 24,
    "lat" : -1.470710443992429,
    "long" : -8.575393466203561,
    "category" : 2
  }, {
    "id" : 25,
    "lat" : 6.480302579303983,
    "long" : -8.953201212095832,
    "category" : 2
  }, {
    "id" : 26,
    "lat" : -10.589422293714302,
    "long" : -1.5900471679782864,
    "category" : 2
  }, {
    "id" : 27,
    "lat" : -2.4753569273321223,
    "long" : 10.806346319937113,
    "category" : 2
  }, {
    "id" : 28,
    "lat" : -10.826517510521366,
    "long" : 2.4909007585466023,
    "category" : 2
  }, {
    "id" : 29,
    "lat" : -5.032956114926322,
    "long" : -1.7111504419566999,
    "category" : 2
  }, {
    "id" : 30,
    "lat" : -2.219265148655024,
    "long" : 0.12026630543243391,
    "category" : 2
  }, {
    "id" : 31,
    "lat" : 0.7955089934371665,
    "long" : -8.77691349021299,
    "category" : 2
  }, {
    "id" : 32,
    "lat" : -1.0243429521510914,
    "long" : 2.389688901323973,
    "category" : 2
  }, {
    "id" : 33,
    "lat" : 9.874308260563328,
    "long" : 5.076712202755668,
    "category" : 2
  }, {
    "id" : 34,
    "lat" : -5.4295698782489925,
    "long" : 7.189854844825005,
    "category" : 2
  }, {
    "id" : 35,
    "lat" : 11.694061883036255,
    "long" : -3.074105541231087,
    "category" : 2
  }, {
    "id" : 36,
    "lat" : -5.97931266431692,
    "long" : 1.8359265202609372,
    "category" : 2
  }, {
    "id" : 37,
    "lat" : 1.1188268038845939,
    "long" : 1.574434167782591,
    "category" : 2
  }, {
    "id" : 38,
    "lat" : -5.960437544022087,
    "long" : 2.8681692694110312,
    "category" : 2
  }, {
    "id" : 39,
    "lat" : 0.9270676014302037,
    "long" : -4.5445285581124235,
    "category" : 2
  }, {
    "id" : 40,
    "lat" : 7.140272017744603,
    "long" : 8.137188546194004,
    "category" : 2
  }, {
    "id" : 41,
    "lat" : 6.187630848379433,
    "long" : 7.973136076813355,
    "category" : 2
  }, {
    "id" : 42,
    "lat" : -12.522831779757492,
    "long" : -0.49253051158813926,
    "category" : 2
  }, {
    "id" : 43,
    "lat" : -7.26927680659093,
    "long" : -3.7243974199158383,
    "category" : 2
  }, {
    "id" : 44,
    "lat" : -7.763895763078227,
    "long" : 1.4798546335900504,
    "category" : 2
  }, {
    "id" : 45,
    "lat" : -5.819046918788307,
    "long" : -10.801976036076827,
    "category" : 2
  }, {
    "id" : 46,
    "lat" : 3.7193673839144057,
    "long" : -6.181314659684414,
    "category" : 2
  }, {
    "id" : 47,
    "lat" : -0.906007100473071,
    "long" : -5.284128516137306,
    "category" : 2
  }, {
    "id" : 48,
    "lat" : 0.8207717922282913,
    "long" : -12.535586144104736,
    "category" : 2
  }, {
    "id" : 49,
    "lat" : -0.3696431668911626,
    "long" : 1.2765746421982551,
    "category" : 2
  }, {
    "id" : 50,
    "lat" : 8.727192463516046,
    "long" : 0.9903781535996696,
    "category" : 2
  }, {
    "id" : 51,
    "lat" : 9.023577364417996,
    "long" : 0.3097107842451251,
    "category" : 2
  }, {
    "id" : 52,
    "lat" : -2.6583357652625144,
    "long" : -0.9009696881718463,
    "category" : 2
  }, {
    "id" : 53,
    "lat" : 10.886429809279203,
    "long" : 5.3086388432343945,
    "category" : 2
  }, {
    "id" : 54,
    "lat" : -6.028847590568928,
    "long" : 2.202925523848698,
    "category" : 2
  }, {
    "id" : 55,
    "lat" : -7.714443164163451,
    "long" : 2.9732719067124003,
    "category" : 2
  }, {
    "id" : 56,
    "lat" : 3.619014242635524,
    "long" : 6.6941013380280125,
    "category" : 2
  }, {
    "id" : 57,
    "lat" : 3.7528223934176634,
    "long" : 6.252342577506713,
    "category" : 2
  }, {
    "id" : 58,
    "lat" : -5.622710390099344,
    "long" : -10.800295590173418,
    "category" : 2
  }, {
    "id" : 59,
    "lat" : 5.163106005913016,
    "long" : 6.726924578293794,
    "category" : 2
  }, {
    "id" : 60,
    "lat" : -0.14443421745398594,
    "long" : 9.135159877000474,
    "category" : 2
  }, {
    "id" : 61,
    "lat" : -2.2775879550022675,
    "long" : -3.387603408014391,
    "category" : 2
  }, {
    "id" : 62,
    "lat" : -4.902600185740986,
    "long" : 11.140043031252642,
    "category" : 2
  } ],
  "vehicles" : [ {
    "id" : 63,
    "canTake" : [ 0 ],
    "start" : 12,
    "end" : 12,
    "capacity" : 4,
    "availability" : [ "07h00:20h00" ]
  }, {
    "id" : 64,
    "canTake" : [ 0 ],
    "start" : 12,
    "end" : 12,
    "capacity" : 4,
    "availability" : [ "07h00:20h00" ]
  }, {
    "id" : 65,
    "canTake" : [ 0 ],
    "start" : 12,
    "end" : 12,
    "capacity" : 4,
    "availability" : [ "07h00:20h00" ]
  }, {
    "id" : 66,
    "canTake" : [ 0 ],
    "start" : 12,
    "end" : 12,
    "capacity" : 4,
    "availability" : [ "07h00:20h00" ]
  }, {
    "id" : 67,
    "canTake" : [ 0 ],
    "start" : 12,
    "end" : 12,
    "capacity" : 4,
    "availability" : [ "07h00:20h00" ]
  } ],
  "patients" : [ {
    "id" : 68,
    "category" : 0,
    "load" : 1,
    "start" : 13,
    "destination" : 0,
    "end" : 13,
    "rdvTime" : "09h14",
    "rdvDuration" : "01h42",
    "srvDuration" : "00h01"
  }, {
    "id" : 69,
    "category" : 0,
    "load" : 1,
    "start" : 14,
    "destination" : 1,
    "end" : 14,
    "rdvTime" : "15h00",
    "rdvDuration" : "00h47",
    "srvDuration" : "00h02"
  }, {
    "id" : 70,
    "category" : 0,
    "load" : 1,
    "start" : 15,
    "destination" : 2,
    "end" : 15,
    "rdvTime" : "08h52",
    "rdvDuration" : "00h51",
    "srvDuration" : "00h01"
  }, {
    "id" : 71,
    "category" : 0,
    "load" : 1,
    "start" : 16,
    "destination" : 3,
    "end" : 16,
    "rdvTime" : "14h51",
    "rdvDuration" : "00h59",
    "srvDuration" : "00h01"
  }, {
    "id" : 72,
    "category" : 0,
    "load" : 2,
    "start" : 17,
    "destination" : 4,
    "end" : -1,
    "rdvTime" : "11h12",
    "rdvDuration" : "02h54",
    "srvDuration" : "00h02"
  }, {
    "id" : 73,
    "category" : 0,
    "load" : 2,
    "start" : 18,
    "destination" : 5,
    "end" : 18,
    "rdvTime" : "08h33",
    "rdvDuration" : "02h00",
    "srvDuration" : "00h01"
  }, {
    "id" : 74,
    "category" : 0,
    "load" : 1,
    "start" : 19,
    "destination" : 6,
    "end" : 19,
    "rdvTime" : "14h30",
    "rdvDuration" : "01h13",
    "srvDuration" : "00h02"
  }, {
    "id" : 75,
    "category" : 0,
    "load" : 2,
    "start" : -1,
    "destination" : 7,
    "end" : 20,
    "rdvTime" : "10h29",
    "rdvDuration" : "02h33",
    "srvDuration" : "00h02"
  }, {
    "id" : 76,
    "category" : 0,
    "load" : 2,
    "start" : 21,
    "destination" : 8,
    "end" : 21,
    "rdvTime" : "11h43",
    "rdvDuration" : "01h34",
    "srvDuration" : "00h01"
  }, {
    "id" : 77,
    "category" : 0,
    "load" : 1,
    "start" : 22,
    "destination" : 9,
    "end" : 23,
    "rdvTime" : "08h10",
    "rdvDuration" : "00h22",
    "srvDuration" : "00h01"
  }, {
    "id" : 78,
    "category" : 0,
    "load" : 2,
    "start" : 24,
    "destination" : 10,
    "end" : 24,
    "rdvTime" : "13h08",
    "rdvDuration" : "01h22",
    "srvDuration" : "00h02"
  }, {
    "id" : 79,
    "category" : 0,
    "load" : 2,
    "start" : 25,
    "destination" : 11,
    "end" : 25,
    "rdvTime" : "13h35",
    "rdvDuration" : "01h20",
    "srvDuration" : "00h02"
  }, {
    "id" : 80,
    "category" : 0,
    "load" : 2,
    "start" : 26,
    "destination" : 10,
    "end" : 26,
    "rdvTime" : "11h02",
    "rdvDuration" : "00h53",
    "srvDuration" : "00h01"
  }, {
    "id" : 81,
    "category" : 0,
    "load" : 2,
    "start" : 27,
    "destination" : 0,
    "end" : 27,
    "rdvTime" : "14h33",
    "rdvDuration" : "01h03",
    "srvDuration" : "00h01"
  }, {
    "id" : 82,
    "category" : 0,
    "load" : 1,
    "start" : 28,
    "destination" : 10,
    "end" : 28,
    "rdvTime" : "13h46",
    "rdvDuration" : "02h26",
    "srvDuration" : "00h02"
  }, {
    "id" : 83,
    "category" : 0,
    "load" : 1,
    "start" : -1,
    "destination" : 3,
    "end" : 29,
    "rdvTime" : "08h40",
    "rdvDuration" : "02h46",
    "srvDuration" : "00h01"
  }, {
    "id" : 84,
    "category" : 0,
    "load" : 1,
    "start" : 30,
    "destination" : 2,
    "end" : -1,
    "rdvTime" : "10h05",
    "rdvDuration" : "01h13",
    "srvDuration" : "00h01"
  }, {
    "id" : 85,
    "category" : 0,
    "load" : 1,
    "start" : -1,
    "destination" : 7,
    "end" : 31,
    "rdvTime" : "08h20",
    "rdvDuration" : "00h50",
    "srvDuration" : "00h02"
  }, {
    "id" : 86,
    "category" : 0,
    "load" : 2,
    "start" : 32,
    "destination" : 1,
    "end" : 32,
    "rdvTime" : "09h41",
    "rdvDuration" : "00h37",
    "srvDuration" : "00h02"
  }, {
    "id" : 87,
    "category" : 0,
    "load" : 2,
    "start" : 33,
    "destination" : 5,
    "end" : 33,
    "rdvTime" : "09h25",
    "rdvDuration" : "01h40",
    "srvDuration" : "00h01"
  }, {
    "id" : 88,
    "category" : 0,
    "load" : 2,
    "start" : 34,
    "destination" : 3,
    "end" : -1,
    "rdvTime" : "08h55",
    "rdvDuration" : "01h06",
    "srvDuration" : "00h01"
  }, {
    "id" : 89,
    "category" : 0,
    "load" : 1,
    "start" : -1,
    "destination" : 9,
    "end" : 35,
    "rdvTime" : "14h43",
    "rdvDuration" : "01h54",
    "srvDuration" : "00h01"
  }, {
    "id" : 90,
    "category" : 0,
    "load" : 2,
    "start" : -1,
    "destination" : 6,
    "end" : 36,
    "rdvTime" : "12h33",
    "rdvDuration" : "02h40",
    "srvDuration" : "00h01"
  }, {
    "id" : 91,
    "category" : 0,
    "load" : 2,
    "start" : 37,
    "destination" : 8,
    "end" : 37,
    "rdvTime" : "08h23",
    "rdvDuration" : "01h39",
    "srvDuration" : "00h01"
  }, {
    "id" : 92,
    "category" : 0,
    "load" : 2,
    "start" : 38,
    "destination" : 3,
    "end" : 38,
    "rdvTime" : "13h02",
    "rdvDuration" : "02h39",
    "srvDuration" : "00h02"
  }, {
    "id" : 93,
    "category" : 0,
    "load" : 1,
    "start" : 39,
    "destination" : 9,
    "end" : -1,
    "rdvTime" : "13h11",
    "rdvDuration" : "01h41",
    "srvDuration" : "00h02"
  }, {
    "id" : 94,
    "category" : 0,
    "load" : 1,
    "start" : 40,
    "destination" : 1,
    "end" : 40,
    "rdvTime" : "09h06",
    "rdvDuration" : "02h59",
    "srvDuration" : "00h02"
  }, {
    "id" : 95,
    "category" : 0,
    "load" : 1,
    "start" : 41,
    "destination" : 6,
    "end" : 41,
    "rdvTime" : "15h26",
    "rdvDuration" : "00h48",
    "srvDuration" : "00h01"
  }, {
    "id" : 96,
    "category" : 0,
    "load" : 1,
    "start" : -1,
    "destination" : 6,
    "end" : 42,
    "rdvTime" : "14h17",
    "rdvDuration" : "00h50",
    "srvDuration" : "00h02"
  }, {
    "id" : 97,
    "category" : 0,
    "load" : 2,
    "start" : 43,
    "destination" : 11,
    "end" : 43,
    "rdvTime" : "12h14",
    "rdvDuration" : "02h48",
    "srvDuration" : "00h01"
  }, {
    "id" : 98,
    "category" : 0,
    "load" : 2,
    "start" : 44,
    "destination" : 9,
    "end" : 44,
    "rdvTime" : "15h02",
    "rdvDuration" : "01h39",
    "srvDuration" : "00h01"
  }, {
    "id" : 99,
    "category" : 0,
    "load" : 1,
    "start" : 45,
    "destination" : 3,
    "end" : 45,
    "rdvTime" : "14h18",
    "rdvDuration" : "00h58",
    "srvDuration" : "00h01"
  }, {
    "id" : 100,
    "category" : 0,
    "load" : 1,
    "start" : 46,
    "destination" : 10,
    "end" : 47,
    "rdvTime" : "10h49",
    "rdvDuration" : "02h26",
    "srvDuration" : "00h01"
  }, {
    "id" : 101,
    "category" : 0,
    "load" : 2,
    "start" : 48,
    "destination" : 5,
    "end" : 48,
    "rdvTime" : "15h44",
    "rdvDuration" : "02h23",
    "srvDuration" : "00h02"
  }, {
    "id" : 102,
    "category" : 0,
    "load" : 2,
    "start" : 49,
    "destination" : 7,
    "end" : -1,
    "rdvTime" : "14h12",
    "rdvDuration" : "02h05",
    "srvDuration" : "00h02"
  }, {
    "id" : 103,
    "category" : 0,
    "load" : 1,
    "start" : 50,
    "destination" : 3,
    "end" : 50,
    "rdvTime" : "14h15",
    "rdvDuration" : "02h27",
    "srvDuration" : "00h02"
  }, {
    "id" : 104,
    "category" : 0,
    "load" : 2,
    "start" : 51,
    "destination" : 2,
    "end" : -1,
    "rdvTime" : "10h20",
    "rdvDuration" : "02h22",
    "srvDuration" : "00h01"
  }, {
    "id" : 105,
    "category" : 0,
    "load" : 1,
    "start" : 52,
    "destination" : 3,
    "end" : 52,
    "rdvTime" : "12h18",
    "rdvDuration" : "01h22",
    "srvDuration" : "00h01"
  }, {
    "id" : 106,
    "category" : 0,
    "load" : 1,
    "start" : 53,
    "destination" : 2,
    "end" : 53,
    "rdvTime" : "13h32",
    "rdvDuration" : "01h31",
    "srvDuration" : "00h01"
  }, {
    "id" : 107,
    "category" : 0,
    "load" : 1,
    "start" : 54,
    "destination" : 7,
    "end" : 54,
    "rdvTime" : "14h22",
    "rdvDuration" : "02h15",
    "srvDuration" : "00h02"
  }, {
    "id" : 108,
    "category" : 0,
    "load" : 1,
    "start" : 55,
    "destination" : 6,
    "end" : 55,
    "rdvTime" : "13h51",
    "rdvDuration" : "03h00",
    "srvDuration" : "00h02"
  }, {
    "id" : 109,
    "category" : 0,
    "load" : 2,
    "start" : 56,
    "destination" : 11,
    "end" : 56,
    "rdvTime" : "08h31",
    "rdvDuration" : "02h36",
    "srvDuration" : "00h02"
  }, {
    "id" : 110,
    "category" : 0,
    "load" : 2,
    "start" : 57,
    "destination" : 11,
    "end" : 57,
    "rdvTime" : "09h10",
    "rdvDuration" : "02h32",
    "srvDuration" : "00h01"
  }, {
    "id" : 111,
    "category" : 0,
    "load" : 2,
    "start" : 58,
    "destination" : 4,
    "end" : 58,
    "rdvTime" : "12h28",
    "rdvDuration" : "02h07",
    "srvDuration" : "00h01"
  }, {
    "id" : 112,
    "category" : 0,
    "load" : 1,
    "start" : 59,
    "destination" : 7,
    "end" : 59,
    "rdvTime" : "14h21",
    "rdvDuration" : "01h56",
    "srvDuration" : "00h01"
  }, {
    "id" : 113,
    "category" : 0,
    "load" : 2,
    "start" : 60,
    "destination" : 3,
    "end" : 60,
    "rdvTime" : "14h19",
    "rdvDuration" : "01h50",
    "srvDuration" : "00h01"
  }, {
    "id" : 114,
    "category" : 0,
    "load" : 1,
    "start" : 61,
    "destination" : 11,
    "end" : 61,
    "rdvTime" : "08h50",
    "rdvDuration" : "01h30",
    "srvDuration" : "00h01"
  }, {
    "id" : 115,
    "category" : 0,
    "load" : 2,
    "start" : 62,
    "destination" : 5,
    "end" : 62,
    "rdvTime" : "08h12",
    "rdvDuration" : "01h58",
    "srvDuration" : "00h02"
  } ],
  "distMatrix" : [ [ 0, 15, 8, 17, 11, 18, 11, 23, 15, 15, 22, 8, 22, 6, 5, 10, 4, 7, 12, 8, 4, 7, 6, 7, 21, 21, 20, 6, 17, 16, 13, 21, 11, 10, 10, 18, 14, 11, 13, 17, 6, 5, 20, 19, 15, 25, 18, 18, 25, 12, 13, 13, 14, 10, 14, 14, 6, 6, 25, 6, 5, 17, 8 ], [ 15, 0, 13, 6, 16, 9, 4, 8, 8, 15, 8, 10, 8, 9, 10, 5, 13, 11, 3, 9, 11, 7, 13, 15, 8, 12, 7, 12, 8, 2, 2, 9, 4, 14, 9, 15, 4, 5, 5, 5, 14, 13, 9, 5, 5, 10, 9, 5, 12, 4, 12, 12, 1, 15, 4, 6, 10, 10, 10, 11, 11, 2, 12 ], [ 8, 13, 0, 18, 17, 12, 10, 20, 9, 20, 21, 13, 22, 10, 8, 11, 11, 2, 11, 4, 8, 8, 12, 14, 21, 24, 15, 2, 11, 14, 12, 21, 10, 16, 5, 22, 10, 12, 9, 17, 12, 12, 15, 16, 11, 23, 20, 18, 25, 12, 17, 18, 13, 17, 10, 10, 10, 10, 23, 11, 5, 16, 1 ], [ 17, 6, 18, 0, 14, 15, 8, 9, 14, 11, 5, 10, 5, 11, 13, 8, 14, 16, 7, 14, 13, 10, 13, 15, 5, 6, 13, 16, 15, 7, 6, 4, 8, 13, 14, 10, 10, 7, 11, 1, 14, 14, 15, 9, 11, 9, 2, 3, 8, 7, 9, 9, 6, 14, 10, 12, 12, 11, 9, 12, 14, 4, 17 ], [ 11, 16, 17, 14, 0, 23, 13, 23, 20, 5, 19, 6, 19, 9, 10, 11, 7, 16, 13, 15, 10, 11, 5, 4, 19, 15, 23, 15, 22, 18, 15, 18, 13, 2, 17, 8, 18, 11, 18, 14, 5, 6, 25, 21, 20, 23, 14, 16, 21, 12, 5, 5, 15, 1, 18, 19, 8, 8, 23, 6, 12, 16, 17 ], [ 18, 9, 12, 15, 23, 0, 11, 12, 3, 23, 15, 17, 16, 15, 15, 12, 18, 11, 11, 10, 15, 12, 19, 21, 15, 22, 4, 12, 1, 8, 10, 17, 11, 22, 8, 24, 6, 13, 6, 14, 20, 19, 3, 8, 4, 15, 18, 13, 20, 11, 20, 21, 10, 23, 6, 4, 16, 16, 15, 17, 13, 11, 11 ], [ 11, 4, 10, 8, 13, 11, 0, 12, 8, 13, 11, 6, 11, 5, 6, 2, 9, 8, 1, 6, 7, 3, 9, 11, 11, 13, 11, 9, 10, 6, 3, 11, 0, 11, 7, 14, 5, 2, 5, 7, 10, 9, 12, 9, 7, 14, 10, 8, 15, 1, 10, 10, 4, 12, 5, 7, 6, 6, 14, 7, 7, 6, 10 ], [ 23, 8, 20, 9, 23, 12, 12, 0, 12, 20, 6, 17, 7, 17, 18, 13, 21, 19, 11, 16, 19, 15, 20, 22, 6, 14, 7, 19, 11, 7, 10, 8, 12, 21, 15, 19, 10, 13, 11, 9, 22, 21, 9, 4, 10, 3, 11, 7, 9, 11, 18, 18, 8, 22, 10, 11, 18, 18, 3, 19, 19, 7, 19 ], [ 15, 8, 9, 14, 20, 3, 8, 12, 0, 21, 15, 14, 16, 12, 12, 10, 15, 8, 8, 7, 12, 10, 16, 18, 15, 20, 6, 10, 2, 7, 8, 16, 8, 19, 5, 22, 4, 10, 3, 13, 17, 16, 6, 8, 3, 15, 16, 12, 19, 9, 18, 18, 8, 20, 3, 2, 13, 13, 15, 14, 10, 10, 8 ], [ 15, 15, 20, 11, 5, 23, 13, 20, 21, 0, 16, 8, 15, 11, 12, 11, 11, 18, 13, 17, 13, 12, 9, 9, 16, 10, 22, 18, 23, 17, 14, 14, 13, 6, 19, 3, 18, 11, 18, 12, 10, 10, 24, 19, 19, 20, 10, 14, 16, 12, 3, 3, 14, 6, 18, 20, 11, 10, 20, 10, 15, 14, 20 ], [ 22, 8, 21, 5, 19, 15, 11, 6, 15, 16, 0, 15, 1, 15, 17, 12, 19, 19, 10, 17, 18, 14, 18, 20, 0, 8, 12, 20, 15, 8, 9, 2, 11, 18, 16, 14, 12, 11, 12, 5, 19, 18, 14, 8, 12, 5, 6, 3, 4, 10, 14, 14, 8, 19, 12, 13, 16, 16, 5, 17, 18, 5, 20 ], [ 8, 10, 13, 10, 6, 17, 6, 17, 14, 8, 15, 0, 15, 3, 5, 5, 4, 11, 7, 10, 5, 5, 3, 5, 14, 13, 17, 10, 16, 12, 8, 14, 6, 5, 11, 10, 11, 5, 11, 10, 4, 4, 18, 15, 13, 19, 10, 11, 17, 6, 5, 5, 9, 6, 11, 13, 3, 3, 19, 3, 7, 11, 12 ], [ 22, 8, 22, 5, 19, 16, 11, 7, 16, 15, 1, 15, 0, 15, 17, 12, 19, 19, 10, 17, 18, 14, 18, 19, 1, 7, 13, 20, 16, 9, 9, 1, 12, 18, 17, 14, 12, 11, 13, 5, 19, 18, 15, 9, 13, 6, 5, 4, 4, 10, 14, 13, 9, 18, 13, 14, 16, 16, 5, 17, 18, 6, 21 ], [ 6, 9, 10, 11, 9, 15, 5, 17, 12, 11, 15, 3, 15, 0, 2, 4, 4, 8, 6, 7, 3, 2, 4, 6, 15, 15, 15, 7, 14, 11, 8, 15, 5, 7, 8, 13, 10, 5, 9, 11, 5, 4, 17, 14, 12, 19, 12, 12, 19, 6, 8, 8, 9, 8, 10, 11, 1, 1, 19, 2, 4, 11, 9 ], [ 5, 10, 8, 13, 10, 15, 6, 18, 12, 12, 17, 5, 17, 2, 0, 5, 3, 6, 7, 6, 1, 3, 5, 6, 17, 17, 16, 6, 14, 12, 9, 17, 6, 8, 8, 14, 10, 6, 9, 12, 5, 4, 17, 15, 12, 20, 14, 13, 20, 7, 9, 10, 10, 9, 10, 11, 2, 2, 20, 3, 3, 12, 8 ], [ 10, 5, 11, 8, 11, 12, 2, 13, 10, 11, 12, 5, 12, 4, 5, 0, 8, 9, 2, 7, 6, 3, 7, 9, 11, 13, 12, 9, 12, 7, 4, 11, 2, 10, 8, 12, 7, 1, 7, 7, 8, 8, 14, 10, 9, 15, 9, 8, 15, 2, 8, 9, 5, 11, 7, 8, 5, 5, 15, 6, 7, 7, 10 ], [ 4, 13, 11, 14, 7, 18, 9, 21, 15, 11, 19, 4, 19, 4, 3, 8, 0, 9, 10, 9, 3, 6, 2, 3, 19, 18, 19, 8, 17, 15, 12, 18, 9, 6, 11, 13, 13, 8, 13, 14, 2, 1, 20, 18, 15, 23, 15, 15, 22, 9, 8, 9, 13, 6, 13, 14, 3, 3, 22, 2, 6, 14, 11 ], [ 7, 11, 2, 16, 16, 11, 8, 19, 8, 18, 19, 11, 19, 8, 6, 9, 9, 0, 9, 2, 6, 6, 11, 12, 19, 22, 14, 1, 10, 12, 10, 19, 8, 14, 3, 20, 9, 10, 8, 15, 11, 10, 14, 14, 10, 21, 18, 16, 23, 9, 15, 16, 11, 15, 8, 8, 8, 8, 21, 9, 4, 14, 2 ], [ 12, 3, 11, 7, 13, 11, 1, 11, 8, 13, 10, 7, 10, 6, 7, 2, 10, 9, 0, 7, 8, 4, 10, 12, 10, 13, 10, 10, 10, 5, 2, 10, 1, 12, 7, 14, 5, 2, 5, 6, 11, 10, 11, 8, 7, 13, 9, 7, 14, 1, 10, 10, 3, 13, 5, 7, 7, 7, 13, 8, 8, 5, 11 ], [ 8, 9, 4, 14, 15, 10, 6, 16, 7, 17, 17, 10, 17, 7, 6, 7, 9, 2, 7, 0, 6, 5, 10, 12, 17, 20, 12, 3, 9, 10, 8, 17, 6, 14, 2, 19, 7, 8, 6, 13, 11, 10, 12, 12, 8, 19, 16, 14, 21, 7, 14, 15, 9, 15, 6, 6, 7, 8, 19, 9, 4, 11, 3 ], [ 4, 11, 8, 13, 10, 15, 7, 19, 12, 13, 18, 5, 18, 3, 1, 6, 3, 6, 8, 6, 0, 4, 5, 6, 17, 18, 16, 5, 14, 13, 10, 17, 7, 8, 8, 15, 11, 7, 10, 13, 5, 4, 17, 16, 12, 21, 15, 14, 21, 8, 10, 11, 11, 9, 10, 11, 2, 3, 21, 3, 3, 13, 8 ], [ 7, 7, 8, 10, 11, 12, 3, 15, 10, 12, 14, 5, 14, 2, 3, 3, 6, 6, 4, 5, 4, 0, 6, 8, 14, 15, 13, 6, 12, 9, 6, 14, 3, 9, 6, 14, 7, 4, 7, 10, 7, 6, 14, 12, 9, 17, 12, 11, 18, 4, 9, 10, 7, 10, 7, 9, 3, 3, 17, 5, 4, 9, 8 ], [ 6, 13, 12, 13, 5, 19, 9, 20, 16, 9, 18, 3, 18, 4, 5, 7, 2, 11, 10, 10, 5, 6, 0, 2, 18, 16, 19, 10, 18, 15, 11, 17, 9, 4, 12, 11, 14, 8, 13, 13, 1, 1, 21, 18, 16, 22, 14, 14, 20, 9, 6, 7, 12, 4, 14, 15, 3, 3, 22, 2, 7, 14, 12 ], [ 7, 15, 14, 15, 4, 21, 11, 22, 18, 9, 20, 5, 19, 6, 6, 9, 3, 12, 12, 12, 6, 8, 2, 0, 19, 17, 21, 11, 20, 17, 13, 19, 11, 4, 14, 12, 16, 10, 15, 15, 1, 2, 23, 20, 17, 24, 15, 16, 22, 11, 7, 8, 14, 4, 16, 17, 5, 5, 24, 3, 9, 16, 14 ], [ 21, 8, 21, 5, 19, 15, 11, 6, 15, 16, 0, 14, 1, 15, 17, 11, 19, 19, 10, 17, 17, 14, 18, 19, 0, 8, 11, 19, 14, 8, 9, 2, 11, 18, 16, 14, 11, 10, 12, 5, 19, 18, 14, 8, 12, 5, 6, 3, 5, 10, 14, 14, 8, 19, 12, 13, 16, 16, 5, 17, 18, 5, 20 ], [ 21, 12, 24, 6, 15, 22, 13, 14, 20, 10, 8, 13, 7, 15, 17, 13, 18, 22, 13, 20, 18, 15, 16, 17, 8, 0, 19, 22, 21, 14, 13, 6, 14, 14, 20, 8, 16, 12, 17, 7, 17, 17, 21, 15, 18, 12, 4, 8, 7, 12, 10, 10, 12, 15, 17, 19, 16, 15, 12, 16, 19, 10, 23 ], [ 20, 7, 15, 13, 23, 4, 11, 7, 6, 22, 12, 17, 13, 15, 16, 12, 19, 14, 10, 12, 16, 13, 19, 21, 11, 19, 0, 15, 4, 6, 9, 13, 10, 22, 10, 22, 6, 12, 6, 12, 20, 19, 2, 4, 4, 10, 15, 10, 16, 11, 19, 20, 8, 23, 6, 5, 16, 16, 10, 18, 15, 9, 14 ], [ 6, 12, 2, 16, 15, 12, 9, 19, 10, 18, 20, 10, 20, 7, 6, 9, 8, 1, 10, 3, 5, 6, 10, 11, 19, 22, 15, 0, 12, 13, 11, 20, 9, 14, 5, 20, 10, 10, 9, 16, 10, 9, 15, 15, 11, 22, 18, 16, 24, 10, 15, 16, 12, 14, 9, 9, 7, 8, 22, 9, 3, 14, 2 ], [ 17, 8, 11, 15, 22, 1, 10, 11, 2, 23, 15, 16, 16, 14, 14, 12, 17, 10, 10, 9, 14, 12, 18, 20, 14, 21, 4, 12, 0, 7, 9, 16, 10, 21, 7, 23, 5, 12, 5, 14, 19, 18, 3, 7, 3, 14, 17, 13, 19, 11, 20, 20, 9, 22, 5, 3, 15, 15, 14, 17, 13, 10, 10 ], [ 16, 2, 14, 7, 18, 8, 6, 7, 7, 17, 8, 12, 9, 11, 12, 7, 15, 12, 5, 10, 13, 9, 15, 17, 8, 14, 6, 13, 7, 0, 3, 9, 6, 16, 9, 17, 4, 7, 5, 7, 16, 15, 8, 3, 4, 9, 10, 5, 12, 6, 14, 14, 3, 17, 4, 5, 12, 12, 9, 13, 12, 3, 13 ], [ 13, 2, 12, 6, 15, 10, 3, 10, 8, 14, 9, 8, 9, 8, 9, 4, 12, 10, 2, 8, 10, 6, 11, 13, 9, 13, 9, 11, 9, 3, 0, 9, 3, 13, 8, 14, 4, 4, 5, 6, 12, 12, 10, 6, 6, 12, 9, 6, 13, 2, 11, 11, 1, 14, 4, 6, 9, 9, 11, 10, 9, 4, 11 ], [ 21, 9, 21, 4, 18, 17, 11, 8, 16, 14, 2, 14, 1, 15, 17, 11, 18, 19, 10, 17, 17, 14, 17, 19, 2, 6, 13, 20, 16, 9, 9, 0, 11, 17, 17, 12, 13, 10, 13, 4, 18, 18, 16, 10, 13, 7, 4, 4, 4, 10, 13, 12, 9, 17, 13, 15, 16, 15, 7, 16, 18, 6, 21 ], [ 11, 4, 10, 8, 13, 11, 0, 12, 8, 13, 11, 6, 12, 5, 6, 2, 9, 8, 1, 6, 7, 3, 9, 11, 11, 14, 10, 9, 10, 6, 3, 11, 0, 11, 7, 14, 5, 2, 5, 7, 10, 9, 12, 9, 7, 14, 10, 8, 15, 1, 10, 10, 4, 12, 5, 7, 6, 6, 14, 8, 7, 6, 10 ], [ 10, 14, 16, 13, 2, 22, 11, 21, 19, 6, 18, 5, 18, 7, 8, 10, 6, 14, 12, 14, 8, 9, 4, 4, 18, 14, 22, 14, 21, 16, 13, 17, 11, 0, 15, 8, 16, 9, 16, 13, 4, 5, 23, 19, 18, 22, 13, 15, 20, 11, 4, 5, 14, 1, 16, 18, 6, 6, 22, 5, 11, 15, 16 ], [ 10, 9, 5, 14, 17, 8, 7, 15, 5, 19, 16, 11, 17, 8, 8, 8, 11, 3, 7, 2, 8, 6, 12, 14, 16, 20, 10, 5, 7, 9, 8, 17, 7, 15, 0, 20, 5, 9, 4, 13, 13, 12, 10, 11, 6, 18, 16, 13, 21, 8, 15, 16, 9, 16, 5, 5, 9, 9, 18, 11, 6, 11, 4 ], [ 18, 15, 22, 10, 8, 24, 14, 19, 22, 3, 14, 10, 14, 13, 14, 12, 13, 20, 14, 19, 15, 14, 11, 12, 14, 8, 22, 20, 23, 17, 14, 12, 14, 8, 20, 0, 18, 12, 19, 11, 12, 12, 24, 19, 20, 19, 9, 13, 14, 13, 5, 4, 15, 8, 18, 20, 13, 12, 19, 12, 17, 14, 22 ], [ 14, 4, 10, 10, 18, 6, 5, 10, 4, 18, 12, 11, 12, 10, 10, 7, 13, 9, 5, 7, 11, 7, 14, 16, 11, 16, 6, 10, 5, 4, 4, 13, 5, 16, 5, 18, 0, 7, 1, 9, 15, 14, 7, 6, 2, 13, 13, 9, 16, 6, 15, 15, 4, 17, 0, 2, 11, 11, 13, 12, 9, 6, 9 ], [ 11, 5, 12, 7, 11, 13, 2, 13, 10, 11, 11, 5, 11, 5, 6, 1, 8, 10, 2, 8, 7, 4, 8, 10, 10, 12, 12, 10, 12, 7, 4, 10, 2, 9, 9, 12, 7, 0, 7, 6, 9, 8, 14, 10, 9, 14, 8, 7, 14, 2, 8, 8, 5, 10, 7, 9, 6, 5, 14, 7, 8, 6, 11 ], [ 13, 5, 9, 11, 18, 6, 5, 11, 3, 18, 12, 11, 13, 9, 9, 7, 13, 8, 5, 6, 10, 7, 13, 15, 12, 17, 6, 9, 5, 5, 5, 13, 5, 16, 4, 19, 1, 7, 0, 10, 14, 13, 7, 7, 2, 14, 13, 10, 17, 6, 15, 15, 5, 17, 1, 2, 10, 10, 14, 12, 9, 7, 8 ], [ 17, 5, 17, 1, 14, 14, 7, 9, 13, 12, 5, 10, 5, 11, 12, 7, 14, 15, 6, 13, 13, 10, 13, 15, 5, 7, 12, 16, 14, 7, 6, 4, 7, 13, 13, 11, 9, 6, 10, 0, 14, 14, 14, 8, 11, 9, 3, 2, 8, 6, 10, 9, 5, 14, 10, 11, 12, 11, 9, 12, 14, 3, 17 ], [ 6, 14, 12, 14, 5, 20, 10, 22, 17, 10, 19, 4, 19, 5, 5, 8, 2, 11, 11, 11, 5, 7, 1, 1, 19, 17, 20, 10, 19, 16, 12, 18, 10, 4, 13, 12, 15, 9, 14, 14, 0, 1, 21, 19, 16, 23, 15, 16, 22, 10, 7, 8, 13, 5, 14, 16, 4, 4, 23, 2, 7, 15, 12 ], [ 5, 13, 12, 14, 6, 19, 9, 21, 16, 10, 18, 4, 18, 4, 4, 8, 1, 10, 10, 10, 4, 6, 1, 2, 18, 17, 19, 9, 18, 15, 12, 18, 9, 5, 12, 12, 14, 8, 13, 14, 1, 0, 21, 18, 15, 22, 14, 15, 21, 9, 7, 8, 13, 5, 14, 15, 3, 3, 22, 2, 6, 14, 12 ], [ 20, 9, 15, 15, 25, 3, 12, 9, 6, 24, 14, 18, 15, 17, 17, 14, 20, 14, 11, 12, 17, 14, 21, 23, 14, 21, 2, 15, 3, 8, 10, 16, 12, 23, 10, 24, 7, 14, 7, 14, 21, 21, 0, 6, 5, 12, 17, 13, 18, 12, 21, 22, 10, 24, 7, 6, 18, 18, 12, 19, 16, 11, 14 ], [ 19, 5, 16, 9, 21, 8, 9, 4, 8, 19, 8, 15, 9, 14, 15, 10, 18, 14, 8, 12, 16, 12, 18, 20, 8, 15, 4, 15, 7, 3, 6, 10, 9, 19, 11, 19, 6, 10, 7, 8, 19, 18, 6, 0, 5, 7, 11, 7, 12, 9, 17, 17, 5, 20, 6, 7, 15, 15, 7, 16, 15, 5, 15 ], [ 15, 5, 11, 11, 20, 4, 7, 10, 3, 19, 12, 13, 13, 12, 12, 9, 15, 10, 7, 8, 12, 9, 16, 17, 12, 18, 4, 11, 3, 4, 6, 13, 7, 18, 6, 20, 2, 9, 2, 11, 16, 15, 5, 5, 0, 12, 14, 10, 16, 7, 16, 17, 6, 19, 2, 1, 13, 12, 12, 14, 11, 7, 10 ], [ 25, 10, 23, 9, 23, 15, 14, 3, 15, 20, 5, 19, 6, 19, 20, 15, 23, 21, 13, 19, 21, 17, 22, 24, 5, 12, 10, 22, 14, 9, 12, 7, 14, 22, 18, 19, 13, 14, 14, 9, 23, 22, 12, 7, 12, 0, 11, 7, 7, 13, 19, 19, 10, 23, 13, 14, 20, 20, 0, 21, 21, 8, 22 ], [ 18, 9, 20, 2, 14, 18, 10, 11, 16, 10, 6, 10, 5, 12, 14, 9, 15, 18, 9, 16, 15, 12, 14, 15, 6, 4, 15, 18, 17, 10, 9, 4, 10, 13, 16, 9, 13, 8, 13, 3, 15, 14, 17, 11, 14, 11, 0, 5, 7, 9, 9, 8, 8, 14, 13, 15, 13, 12, 10, 13, 16, 7, 19 ], [ 18, 5, 18, 3, 16, 13, 8, 7, 12, 14, 3, 11, 4, 12, 13, 8, 15, 16, 7, 14, 14, 11, 14, 16, 3, 8, 10, 16, 13, 5, 6, 4, 8, 15, 13, 13, 9, 7, 10, 2, 16, 15, 13, 7, 10, 7, 5, 0, 7, 7, 11, 11, 5, 16, 9, 11, 13, 12, 7, 13, 14, 2, 17 ], [ 25, 12, 25, 8, 21, 20, 15, 9, 19, 16, 4, 17, 4, 19, 20, 15, 22, 23, 14, 21, 21, 18, 20, 22, 5, 7, 16, 24, 19, 12, 13, 4, 15, 20, 21, 14, 16, 14, 17, 8, 22, 21, 18, 12, 16, 7, 7, 7, 0, 14, 16, 15, 12, 20, 16, 18, 19, 19, 7, 20, 22, 10, 24 ], [ 12, 4, 12, 7, 12, 11, 1, 11, 9, 12, 10, 6, 10, 6, 7, 2, 9, 9, 1, 7, 8, 4, 9, 11, 10, 12, 11, 10, 11, 6, 2, 10, 1, 11, 8, 13, 6, 2, 6, 6, 10, 9, 12, 9, 7, 13, 9, 7, 14, 0, 9, 9, 3, 12, 6, 8, 7, 6, 13, 8, 8, 5, 11 ], [ 13, 12, 17, 9, 5, 20, 10, 18, 18, 3, 14, 5, 14, 8, 9, 8, 8, 15, 10, 14, 10, 9, 6, 7, 14, 10, 19, 15, 20, 14, 11, 13, 10, 4, 15, 5, 15, 8, 15, 10, 7, 7, 21, 17, 16, 19, 9, 11, 16, 9, 0, 1, 12, 5, 15, 17, 8, 7, 19, 7, 12, 12, 17 ], [ 13, 12, 18, 9, 5, 21, 10, 18, 18, 3, 14, 5, 13, 8, 10, 9, 9, 16, 10, 15, 11, 10, 7, 8, 14, 10, 20, 16, 20, 14, 11, 12, 10, 5, 16, 4, 15, 8, 15, 9, 8, 8, 22, 17, 17, 19, 8, 11, 15, 9, 1, 0, 12, 5, 15, 17, 8, 8, 18, 7, 13, 12, 18 ], [ 14, 1, 13, 6, 15, 10, 4, 8, 8, 14, 8, 9, 9, 9, 10, 5, 13, 11, 3, 9, 11, 7, 12, 14, 8, 12, 8, 12, 9, 3, 1, 9, 4, 14, 9, 15, 4, 5, 5, 5, 13, 13, 10, 5, 6, 10, 8, 5, 12, 3, 12, 12, 0, 15, 5, 6, 10, 10, 10, 11, 10, 3, 12 ], [ 10, 15, 17, 14, 1, 23, 12, 22, 20, 6, 19, 6, 18, 8, 9, 11, 6, 15, 13, 15, 9, 10, 4, 4, 19, 15, 23, 14, 22, 17, 14, 17, 12, 1, 16, 8, 17, 10, 17, 14, 5, 5, 24, 20, 19, 23, 14, 16, 20, 12, 5, 5, 15, 0, 17, 19, 7, 7, 23, 6, 12, 16, 17 ], [ 14, 4, 10, 10, 18, 6, 5, 10, 3, 18, 12, 11, 13, 10, 10, 7, 13, 8, 5, 6, 10, 7, 14, 16, 12, 17, 6, 9, 5, 4, 4, 13, 5, 16, 5, 18, 0, 7, 1, 10, 14, 14, 7, 6, 2, 13, 13, 9, 16, 6, 15, 15, 5, 17, 0, 2, 11, 11, 13, 12, 9, 7, 9 ], [ 14, 6, 10, 12, 19, 4, 7, 11, 2, 20, 13, 13, 14, 11, 11, 8, 14, 8, 7, 6, 11, 9, 15, 17, 13, 19, 5, 9, 3, 5, 6, 15, 7, 18, 5, 20, 2, 9, 2, 11, 16, 15, 6, 7, 1, 14, 15, 11, 18, 8, 17, 17, 6, 19, 2, 0, 12, 12, 14, 13, 10, 8, 9 ], [ 6, 10, 10, 12, 8, 16, 6, 18, 13, 11, 16, 3, 16, 1, 2, 5, 3, 8, 7, 7, 2, 3, 3, 5, 16, 16, 16, 7, 15, 12, 9, 16, 6, 6, 9, 13, 11, 6, 10, 12, 4, 3, 18, 15, 13, 20, 13, 13, 19, 7, 8, 8, 10, 7, 11, 12, 0, 0, 20, 2, 4, 12, 10 ], [ 6, 10, 10, 11, 8, 16, 6, 18, 13, 10, 16, 3, 16, 1, 2, 5, 3, 8, 7, 8, 3, 3, 3, 5, 16, 15, 16, 8, 15, 12, 9, 15, 6, 6, 9, 12, 11, 5, 10, 11, 4, 3, 18, 15, 12, 20, 12, 12, 19, 6, 7, 8, 10, 7, 11, 12, 0, 0, 19, 1, 5, 11, 10 ], [ 25, 10, 23, 9, 23, 15, 14, 3, 15, 20, 5, 19, 5, 19, 20, 15, 22, 21, 13, 19, 21, 17, 22, 24, 5, 12, 10, 22, 14, 9, 11, 7, 14, 22, 18, 19, 13, 14, 14, 9, 23, 22, 12, 7, 12, 0, 10, 7, 7, 13, 19, 18, 10, 23, 13, 14, 20, 19, 0, 21, 21, 8, 22 ], [ 6, 11, 11, 12, 6, 17, 7, 19, 14, 10, 17, 3, 17, 2, 3, 6, 2, 9, 8, 9, 3, 5, 2, 3, 17, 16, 18, 9, 17, 13, 10, 16, 8, 5, 11, 12, 12, 7, 12, 12, 2, 2, 19, 16, 14, 21, 13, 13, 20, 8, 7, 7, 11, 6, 12, 13, 2, 1, 21, 0, 6, 13, 11 ], [ 5, 11, 5, 14, 12, 13, 7, 19, 10, 15, 18, 7, 18, 4, 3, 7, 6, 4, 8, 4, 3, 4, 7, 9, 18, 19, 15, 3, 13, 12, 9, 18, 7, 11, 6, 17, 9, 8, 9, 14, 7, 6, 16, 15, 11, 21, 16, 14, 22, 8, 12, 13, 10, 12, 9, 10, 4, 5, 21, 6, 0, 13, 5 ], [ 17, 2, 16, 4, 16, 11, 6, 7, 10, 14, 5, 11, 6, 11, 12, 7, 14, 14, 5, 11, 13, 9, 14, 16, 5, 10, 9, 14, 10, 3, 4, 6, 6, 15, 11, 14, 6, 6, 7, 3, 15, 14, 11, 5, 7, 8, 7, 2, 10, 5, 12, 12, 3, 16, 7, 8, 12, 11, 8, 13, 13, 0, 15 ], [ 8, 12, 1, 17, 17, 11, 10, 19, 8, 20, 20, 12, 21, 9, 8, 10, 11, 2, 11, 3, 8, 8, 12, 14, 20, 23, 14, 2, 10, 13, 11, 21, 10, 16, 4, 22, 9, 11, 8, 17, 12, 12, 14, 15, 10, 22, 19, 17, 24, 11, 17, 18, 12, 17, 9, 9, 10, 10, 22, 11, 5, 15, 0 ] ]
}