{
  "version" : "0.3",
  "id" : 643845673,
  "name" : "PTP-RAND-1_12_5_48",
  "coordType" : "Eucl",
  "sameVehicleBackward" : false,
  "maxWaitTime" : "00h30",
  "places" : [ {
    "id" : 0,
    "lat" : -8.641519028842183,
    "long" : 6.000270726345883,
    "category" : 0
  }, {
    "id" : 1,
    "lat" : 0.64791892509902,
    "long" : -6.31401867856515,
    "category" : 0
  }, {
    "id" : 2,
    "lat" : 5.303152312793377,
    "long" : 1.4370799646423518,
    "category" : 0
  }, {
    "id" : 3,
    "lat" : -3.3621763880234843,
    "long" : 8.074713514877836,
    "category" : 0
  }, {
    "id" : 4,
    "lat" : -1.2095275501565308,
    "long" : 1.680982079356397,
    "category" : 0
  }, {
    "id" : 5,
    "lat" : -9.749747993659255,
    "long" : 0.1097438565241173,
    "category" : 0
  }, {
    "id" : 6,
    "lat" : 6.273869561882879,
    "long" : 9.950148146597696,
    "category" : 0
  }, {
    "id" : 7,
    "lat" : -1.7365945010516568,
    "long" : -10.058816321293977,
    "category" : 0
  }, {
    "id" : 8,
    "lat" : -2.9341676563742896,
    "long" : -1.9773768133742053,
    "category" : 0
  }, {
    "id" : 9,
    "lat" : 7.737059737565321,
    "long" : 8.237905088478987,
    "category" : 0
  }, {
    "id" : 10,
    "lat" : -5.775865707479458,
    "long" : -2.1265304979686337,
    "category" : 0
  }, {
    "id" : 11,
    "lat" : 7.833351969674044,
    "long" : -0.08031996879642055,
    "category" : 0
  }, {
    "id" : 12,
    "lat" : -2.961512465096538,
    "long" : -2.329935843261203,
    "category" : 1
  }, {
    "id" : 13,
    "lat" : 6.404314498600283,
    "long" : -2.689515013229289,
    "category" : 2
  }, {
    "id" : 14,
    "lat" : -2.033400962283608,
    "long" : -1.666603232809692,
    "category" : 2
  }, {
    "id" : 15,
    "lat" : 4.132414944504479,
    "long" : 4.350747113010978,
    "category" : 2
  }, {
    "id" : 16,
    "lat" : -5.16537719721509,
    "long" : 7.7643401440879405,
    "category" : 2
  }, {
    "id" : 17,
    "lat" : 1.8800779388465867,
    "long" : 2.231094276155514,
    "category" : 2
  }, {
    "id" : 18,
    "lat" : 8.105014226981307,
    "long" : -0.21325417052997528,
    "category" : 2
  }, {
    "id" : 19,
    "lat" : -1.304716016827141,
    "long" : 5.302317712432609,
    "category" : 2
  }, {
    "id" : 20,
    "lat" : 3.3451672822093688,
    "long" : -3.92878566183303,
    "category" : 2
  }, {
    "id" : 21,
    "lat" : 3.5527123996965666,
    "long" : 3.5692223445831406,
    "category" : 2
  }, {
    "id" : 22,
    "lat" : -3.9462501350548593,
    "long" : -8.644593660797192,
    "category" : 2
  }, {
    "id" : 23,
    "lat" : -3.7819831072160497,
    "long" : 4.351464316126674,
    "category" : 2
  }, {
    "id" : 24,
    "lat" : -6.055149177590374,
    "long" : 7.414246347553459,
    "category" : 2
  }, {
    "id" : 25,
    "lat" : -6.602661877822155,
    "long" : 4.3422089209652945,
    "category" : 2
  }, {
    "id" : 26,
    "lat" : -3.9662655599449628,
    "long" : 9.50223003804158,
    "category" : 2
  }, {
    "id" : 27,
    "lat" : 4.416964565167222,
    "long" : -0.11701003244110732,
    "category" : 2
  }, {
    "id" : 28,
    "lat" : -4.2470213872446,
    "long" : 9.35185181921644,
    "category" : 2
  }, {
    "id" : 29,
    "lat" : -4.266465836431048,
    "long" : 7.9580629009802095,
    "category" : 2
  }, {
    "id" : 30,
    "lat" : -10.626430345155756,
    "long" : 0.6749616632036504,
    "category" : 2
  }, {
    "id" : 31,
    "lat" : -0.928004189995979,
    "long" : -1.7564709924730206,
    "category" : 2
  }, {
    "id" : 32,
    "lat" : -10.644533034295522,
    "long" : -5.015694660444793,
    "category" : 2
  }, {
    "id" : 33,
    "lat" : -1.5966477542713609,
    "long" : 0.9414839773049221,
    "category" : 2
  }, {
    "id" : 34,
    "lat" : 8.629312038488298,
    "long" : -3.7083907661947952,
    "category" : 2
  }, {
    "id" : 35,
    "lat" : -1.2347496508332982,
    "long" : -4.677620942223632,
    "category" : 2
  }, {
    "id" : 36,
    "lat" : 11.029080674078237,
    "long" : -1.960385463693541,
    "category" : 2
  }, {
    "id" : 37,
    "lat" : 5.161767013373824,
    "long" : 8.809461639358432,
    "category" : 2
  }, {
    "id" : 38,
    "lat" : -1.4649030655986093,
    "long" : -1.4727442541270435,
    "category" : 2
  }, {
    "id" : 39,
    "lat" : -2.615066895441266,
    "long" : -6.691283426642777,
    "category" : 2
  }, {
    "id" : 40,
    "lat" : -1.9940459336951308,
    "long" : -1.7038869750732215,
    "category" : 2
  }, {
    "id" : 41,
    "lat" : 6.493153221757894,
    "long" : -1.832227959470675,
    "category" : 2
  }, {
    "id" : 42,
    "lat" : -9.043679983693654,
    "long" : -4.906337854779914,
    "category" : 2
  }, {
    "id" : 43,
    "lat" : -10.106501742642306,
    "long" : 2.5432486720584335,
    "category" : 2
  }, {
    "id" : 44,
    "lat" : -1.171473916216946,
    "long" : 1.0332792562182562,
    "category" : 2
  }, {
    "id" : 45,
    "lat" : -6.180295310524591,
    "long" : 9.910562407117414,
    "category" : 2
  }, {
    "id" : 46,
    "lat" : 6.584376496252312,
    "long" : 3.2054351540699684,
    "category" : 2
  }, {
    "id" : 47,
    "lat" : 11.170286478197406,
    "long" : -3.0410779767253855,
    "category" : 2
  }, {
    "id" : 48,
    "lat" : -9.255976765045167,
    "long" : 0.5773437065512291,
    "category" : 2
  }, {
    "id" : 49,
    "lat" : -6.991025360311417,
    "long" : 0.3073580962558817,
    "category" : 2
  }, {
    "id" : 50,
    "lat" : 4.321101813272087,
    "long" : 5.343155554147086,
    "category" : 2
  }, {
    "id" : 51,
    "lat" : -8.392655354745575,
    "long" : -3.6738579760213734,
    "category" : 2
  }, {
    "id" : 52,
    "lat" : 6.7623467314284325,
    "long" : -7.237946065077469,
    "category" : 2
  }, {
    "id" : 53,
    "lat" : -3.737130342303737,
    "long" : -2.977131196955291,
    "category" : 2
  }, {
    "id" : 54,
    "lat" : -9.156258506362306,
    "long" : -5.892845789279846,
    "category" : 2
  }, {
    "id" : 55,
    "lat" : 5.303006835255709,
    "long" : 6.324641176937543,
    "category" : 2
  }, {
    "id" : 56,
    "lat" : 3.7754235398030733,
    "long" : -4.940595247472834,
    "category" : 2
  }, {
    "id" : 57,
    "lat" : 3.01393998952338,
    "long" : -2.797376628151806,
    "category" : 2
  }, {
    "id" : 58,
    "lat" : 3.7146690505280064,
    "long" : -4.5996629898206445,
    "category" : 2
  }, {
    "id" : 59,
    "lat" : -10.038902456482662,
    "long" : -2.725259048988786,
    "category" : 2
  }, {
    "id" : 60,
    "lat" : -0.9265979477881121,
    "long" : 4.620959285786349,
    "category" : 2
  }, {
    "id" : 61,
    "lat" : -7.5390754457285984,
    "long" : -8.283783250216906,
    "category" : 2
  }, {
    "id" : 62,
    "lat" : 4.739746390753083,
    "long" : -11.012618317528146,
    "category" : 2
  }, {
    "id" : 63,
    "lat" : -10.103434653910815,
    "long" : 5.596072963038314,
    "category" : 2
  }, {
    "id" : 64,
    "lat" : 10.312420869460922,
    "long" : -1.4762448038814957,
    "category" : 2
  } ],
  "vehicles" : [ {
    "id" : 65,
    "canTake" : [ 0 ],
    "start" : 12,
    "end" : 12,
    "capacity" : 6,
    "availability" : [ "07h00:11h00", "13h00:20h00" ]
  }, {
    "id" : 66,
    "canTake" : [ 0 ],
    "start" : 12,
    "end" : 12,
    "capacity" : 6,
    "availability" : [ "07h00:11h00", "13h00:20h00" ]
  }, {
    "id" : 67,
    "canTake" : [ 0 ],
    "start" : 12,
    "end" : 12,
    "capacity" : 6,
    "availability" : [ "07h00:11h00", "13h00:20h00" ]
  }, {
    "id" : 68,
    "canTake" : [ 0 ],
    "start" : 12,
    "end" : 12,
    "capacity" : 6,
    "availability" : [ "07h00:11h00", "13h00:20h00" ]
  }, {
    "id" : 69,
    "canTake" : [ 0 ],
    "start" : 12,
    "end" : 12,
    "capacity" : 6,
    "availability" : [ "07h00:11h00", "13h00:20h00" ]
  } ],
  "patients" : [ {
    "id" : 70,
    "category" : 0,
    "load" : 2,
    "start" : 13,
    "destination" : 0,
    "end" : 13,
    "rdvTime" : "14h48",
    "rdvDuration" : "02h35",
    "srvDuration" : "00h03"
  }, {
    "id" : 71,
    "category" : 0,
    "load" : 1,
    "start" : 14,
    "destination" : 1,
    "end" : 14,
    "rdvTime" : "13h09",
    "rdvDuration" : "02h48",
    "srvDuration" : "00h03"
  }, {
    "id" : 72,
    "category" : 0,
    "load" : 1,
    "start" : 15,
    "destination" : 2,
    "end" : -1,
    "rdvTime" : "13h43",
    "rdvDuration" : "01h50",
    "srvDuration" : "00h03"
  }, {
    "id" : 73,
    "category" : 0,
    "load" : 2,
    "start" : -1,
    "destination" : 3,
    "end" : 16,
    "rdvTime" : "15h06",
    "rdvDuration" : "01h33",
    "srvDuration" : "00h02"
  }, {
    "id" : 74,
    "category" : 0,
    "load" : 2,
    "start" : 17,
    "destination" : 4,
    "end" : 17,
    "rdvTime" : "08h26",
    "rdvDuration" : "01h36",
    "srvDuration" : "00h01"
  }, {
    "id" : 75,
    "category" : 0,
    "load" : 1,
    "start" : 18,
    "destination" : 5,
    "end" : 18,
    "rdvTime" : "14h56",
    "rdvDuration" : "02h55",
    "srvDuration" : "00h03"
  }, {
    "id" : 76,
    "category" : 0,
    "load" : 2,
    "start" : 19,
    "destination" : 6,
    "end" : 19,
    "rdvTime" : "10h17",
    "rdvDuration" : "02h51",
    "srvDuration" : "00h01"
  }, {
    "id" : 77,
    "category" : 0,
    "load" : 2,
    "start" : 20,
    "destination" : 7,
    "end" : 20,
    "rdvTime" : "14h18",
    "rdvDuration" : "02h48",
    "srvDuration" : "00h03"
  }, {
    "id" : 78,
    "category" : 0,
    "load" : 1,
    "start" : 21,
    "destination" : 8,
    "end" : 21,
    "rdvTime" : "13h00",
    "rdvDuration" : "01h33",
    "srvDuration" : "00h02"
  }, {
    "id" : 79,
    "category" : 0,
    "load" : 1,
    "start" : 22,
    "destination" : 9,
    "end" : 22,
    "rdvTime" : "10h38",
    "rdvDuration" : "01h31",
    "srvDuration" : "00h01"
  }, {
    "id" : 80,
    "category" : 0,
    "load" : 1,
    "start" : 23,
    "destination" : 10,
    "end" : 23,
    "rdvTime" : "09h14",
    "rdvDuration" : "02h30",
    "srvDuration" : "00h01"
  }, {
    "id" : 81,
    "category" : 0,
    "load" : 1,
    "start" : 24,
    "destination" : 11,
    "end" : 24,
    "rdvTime" : "14h45",
    "rdvDuration" : "02h14",
    "srvDuration" : "00h02"
  }, {
    "id" : 82,
    "category" : 0,
    "load" : 2,
    "start" : 25,
    "destination" : 8,
    "end" : 25,
    "rdvTime" : "15h24",
    "rdvDuration" : "00h56",
    "srvDuration" : "00h03"
  }, {
    "id" : 83,
    "category" : 0,
    "load" : 1,
    "start" : 26,
    "destination" : 11,
    "end" : 26,
    "rdvTime" : "15h32",
    "rdvDuration" : "02h47",
    "srvDuration" : "00h02"
  }, {
    "id" : 84,
    "category" : 0,
    "load" : 1,
    "start" : 27,
    "destination" : 7,
    "end" : -1,
    "rdvTime" : "15h22",
    "rdvDuration" : "00h21",
    "srvDuration" : "00h01"
  }, {
    "id" : 85,
    "category" : 0,
    "load" : 1,
    "start" : 28,
    "destination" : 9,
    "end" : 28,
    "rdvTime" : "13h46",
    "rdvDuration" : "01h54",
    "srvDuration" : "00h01"
  }, {
    "id" : 86,
    "category" : 0,
    "load" : 2,
    "start" : 29,
    "destination" : 1,
    "end" : 29,
    "rdvTime" : "12h44",
    "rdvDuration" : "01h20",
    "srvDuration" : "00h01"
  }, {
    "id" : 87,
    "category" : 0,
    "load" : 1,
    "start" : 30,
    "destination" : 2,
    "end" : 31,
    "rdvTime" : "15h14",
    "rdvDuration" : "01h13",
    "srvDuration" : "00h02"
  }, {
    "id" : 88,
    "category" : 0,
    "load" : 1,
    "start" : 32,
    "destination" : 5,
    "end" : -1,
    "rdvTime" : "14h12",
    "rdvDuration" : "02h39",
    "srvDuration" : "00h03"
  }, {
    "id" : 89,
    "category" : 0,
    "load" : 2,
    "start" : 33,
    "destination" : 2,
    "end" : 33,
    "rdvTime" : "13h54",
    "rdvDuration" : "02h38",
    "srvDuration" : "00h03"
  }, {
    "id" : 90,
    "category" : 0,
    "load" : 2,
    "start" : 34,
    "destination" : 9,
    "end" : 34,
    "rdvTime" : "08h50",
    "rdvDuration" : "01h06",
    "srvDuration" : "00h01"
  }, {
    "id" : 91,
    "category" : 0,
    "load" : 1,
    "start" : 35,
    "destination" : 9,
    "end" : 35,
    "rdvTime" : "10h42",
    "rdvDuration" : "01h25",
    "srvDuration" : "00h03"
  }, {
    "id" : 92,
    "category" : 0,
    "load" : 2,
    "start" : -1,
    "destination" : 10,
    "end" : 36,
    "rdvTime" : "14h28",
    "rdvDuration" : "01h36",
    "srvDuration" : "00h01"
  }, {
    "id" : 93,
    "category" : 0,
    "load" : 2,
    "start" : 37,
    "destination" : 6,
    "end" : 38,
    "rdvTime" : "09h26",
    "rdvDuration" : "02h23",
    "srvDuration" : "00h02"
  }, {
    "id" : 94,
    "category" : 0,
    "load" : 1,
    "start" : 39,
    "destination" : 5,
    "end" : 39,
    "rdvTime" : "09h27",
    "rdvDuration" : "02h32",
    "srvDuration" : "00h01"
  }, {
    "id" : 95,
    "category" : 0,
    "load" : 1,
    "start" : 40,
    "destination" : 4,
    "end" : 40,
    "rdvTime" : "14h51",
    "rdvDuration" : "00h52",
    "srvDuration" : "00h01"
  }, {
    "id" : 96,
    "category" : 0,
    "load" : 1,
    "start" : 41,
    "destination" : 2,
    "end" : 41,
    "rdvTime" : "13h38",
    "rdvDuration" : "02h01",
    "srvDuration" : "00h01"
  }, {
    "id" : 97,
    "category" : 0,
    "load" : 2,
    "start" : -1,
    "destination" : 7,
    "end" : 42,
    "rdvTime" : "10h15",
    "rdvDuration" : "01h50",
    "srvDuration" : "00h01"
  }, {
    "id" : 98,
    "category" : 0,
    "load" : 1,
    "start" : 43,
    "destination" : 2,
    "end" : 43,
    "rdvTime" : "15h00",
    "rdvDuration" : "03h00",
    "srvDuration" : "00h01"
  }, {
    "id" : 99,
    "category" : 0,
    "load" : 2,
    "start" : 44,
    "destination" : 6,
    "end" : 44,
    "rdvTime" : "10h17",
    "rdvDuration" : "00h52",
    "srvDuration" : "00h01"
  }, {
    "id" : 100,
    "category" : 0,
    "load" : 2,
    "start" : 45,
    "destination" : 3,
    "end" : 45,
    "rdvTime" : "10h42",
    "rdvDuration" : "02h19",
    "srvDuration" : "00h01"
  }, {
    "id" : 101,
    "category" : 0,
    "load" : 2,
    "start" : 46,
    "destination" : 9,
    "end" : 47,
    "rdvTime" : "09h55",
    "rdvDuration" : "01h17",
    "srvDuration" : "00h01"
  }, {
    "id" : 102,
    "category" : 0,
    "load" : 2,
    "start" : -1,
    "destination" : 7,
    "end" : 48,
    "rdvTime" : "14h22",
    "rdvDuration" : "01h03",
    "srvDuration" : "00h01"
  }, {
    "id" : 103,
    "category" : 0,
    "load" : 1,
    "start" : 49,
    "destination" : 7,
    "end" : 49,
    "rdvTime" : "11h01",
    "rdvDuration" : "02h24",
    "srvDuration" : "00h02"
  }, {
    "id" : 104,
    "category" : 0,
    "load" : 2,
    "start" : 50,
    "destination" : 8,
    "end" : -1,
    "rdvTime" : "12h08",
    "rdvDuration" : "02h16",
    "srvDuration" : "00h02"
  }, {
    "id" : 105,
    "category" : 0,
    "load" : 2,
    "start" : 51,
    "destination" : 10,
    "end" : 51,
    "rdvTime" : "09h26",
    "rdvDuration" : "01h31",
    "srvDuration" : "00h02"
  }, {
    "id" : 106,
    "category" : 0,
    "load" : 1,
    "start" : 52,
    "destination" : 2,
    "end" : 52,
    "rdvTime" : "15h46",
    "rdvDuration" : "02h00",
    "srvDuration" : "00h02"
  }, {
    "id" : 107,
    "category" : 0,
    "load" : 1,
    "start" : 53,
    "destination" : 9,
    "end" : 53,
    "rdvTime" : "08h00",
    "rdvDuration" : "02h41",
    "srvDuration" : "00h02"
  }, {
    "id" : 108,
    "category" : 0,
    "load" : 1,
    "start" : 54,
    "destination" : 5,
    "end" : 54,
    "rdvTime" : "15h51",
    "rdvDuration" : "02h54",
    "srvDuration" : "00h03"
  }, {
    "id" : 109,
    "category" : 0,
    "load" : 1,
    "start" : 55,
    "destination" : 5,
    "end" : 55,
    "rdvTime" : "09h35",
    "rdvDuration" : "01h21",
    "srvDuration" : "00h01"
  }, {
    "id" : 110,
    "category" : 0,
    "load" : 1,
    "start" : 56,
    "destination" : 7,
    "end" : 56,
    "rdvTime" : "11h06",
    "rdvDuration" : "00h22",
    "srvDuration" : "00h02"
  }, {
    "id" : 111,
    "category" : 0,
    "load" : 2,
    "start" : -1,
    "destination" : 10,
    "end" : 57,
    "rdvTime" : "11h38",
    "rdvDuration" : "00h54",
    "srvDuration" : "00h03"
  }, {
    "id" : 112,
    "category" : 0,
    "load" : 1,
    "start" : 58,
    "destination" : 9,
    "end" : 58,
    "rdvTime" : "12h02",
    "rdvDuration" : "00h17",
    "srvDuration" : "00h02"
  }, {
    "id" : 113,
    "category" : 0,
    "load" : 1,
    "start" : 59,
    "destination" : 7,
    "end" : 60,
    "rdvTime" : "08h27",
    "rdvDuration" : "02h42",
    "srvDuration" : "00h02"
  }, {
    "id" : 114,
    "category" : 0,
    "load" : 2,
    "start" : 61,
    "destination" : 6,
    "end" : -1,
    "rdvTime" : "14h40",
    "rdvDuration" : "02h24",
    "srvDuration" : "00h01"
  }, {
    "id" : 115,
    "category" : 0,
    "load" : 1,
    "start" : 62,
    "destination" : 11,
    "end" : 62,
    "rdvTime" : "15h57",
    "rdvDuration" : "02h34",
    "srvDuration" : "00h01"
  }, {
    "id" : 116,
    "category" : 0,
    "load" : 2,
    "start" : 63,
    "destination" : 1,
    "end" : 63,
    "rdvTime" : "13h41",
    "rdvDuration" : "02h32",
    "srvDuration" : "00h01"
  }, {
    "id" : 117,
    "category" : 0,
    "load" : 1,
    "start" : 64,
    "destination" : 3,
    "end" : 64,
    "rdvTime" : "11h55",
    "rdvDuration" : "01h35",
    "srvDuration" : "00h03"
  } ],
  "distMatrix" : [ [ 0, 15, 15, 6, 9, 6, 15, 17, 10, 17, 9, 18, 10, 17, 10, 13, 4, 11, 18, 7, 16, 12, 15, 5, 3, 3, 6, 14, 6, 5, 6, 11, 11, 9, 20, 13, 21, 14, 10, 14, 10, 17, 11, 4, 9, 5, 15, 22, 5, 6, 13, 10, 20, 10, 12, 14, 17, 15, 16, 9, 8, 14, 22, 2, 20 ], [ 15, 0, 9, 15, 8, 12, 17, 4, 6, 16, 8, 10, 5, 7, 5, 11, 15, 9, 10, 12, 4, 10, 5, 12, 15, 13, 16, 7, 16, 15, 13, 5, 11, 8, 8, 2, 11, 16, 5, 3, 5, 7, 10, 14, 8, 18, 11, 11, 12, 10, 12, 9, 6, 6, 10, 13, 3, 4, 4, 11, 11, 8, 6, 16, 11 ], [ 15, 9, 0, 11, 7, 15, 9, 13, 9, 7, 12, 3, 9, 4, 8, 3, 12, 4, 3, 8, 6, 3, 14, 10, 13, 12, 12, 2, 12, 12, 16, 7, 17, 7, 6, 9, 7, 7, 7, 11, 8, 3, 16, 15, 6, 14, 2, 7, 15, 12, 4, 15, 9, 10, 16, 5, 7, 5, 6, 16, 7, 16, 12, 16, 6 ], [ 6, 15, 11, 0, 7, 10, 10, 18, 10, 11, 10, 14, 10, 15, 10, 8, 2, 8, 14, 3, 14, 8, 17, 4, 3, 5, 2, 11, 2, 1, 10, 10, 15, 7, 17, 13, 18, 9, 10, 15, 10, 14, 14, 9, 7, 3, 11, 18, 10, 9, 8, 13, 18, 11, 15, 9, 15, 13, 15, 13, 4, 17, 21, 7, 17 ], [ 9, 8, 7, 7, 0, 9, 11, 12, 4, 11, 6, 9, 4, 9, 3, 6, 7, 3, 10, 4, 7, 5, 11, 4, 8, 6, 8, 6, 8, 7, 9, 3, 12, 1, 11, 6, 13, 10, 3, 8, 3, 8, 10, 9, 1, 10, 8, 13, 8, 6, 7, 9, 12, 5, 11, 8, 8, 6, 8, 10, 3, 12, 14, 10, 12 ], [ 6, 12, 15, 10, 9, 0, 19, 13, 7, 19, 5, 18, 7, 16, 8, 15, 9, 12, 18, 10, 14, 14, 11, 7, 8, 5, 11, 14, 11, 10, 1, 9, 5, 8, 19, 10, 21, 17, 8, 10, 8, 16, 5, 2, 9, 10, 17, 21, 1, 3, 15, 4, 18, 7, 6, 16, 14, 13, 14, 3, 10, 9, 18, 5, 20 ], [ 15, 17, 9, 10, 11, 19, 0, 22, 15, 2, 17, 10, 15, 13, 14, 6, 12, 9, 10, 9, 14, 7, 21, 12, 13, 14, 10, 10, 11, 11, 19, 14, 23, 12, 14, 16, 13, 2, 14, 19, 14, 12, 21, 18, 12, 12, 7, 14, 18, 16, 5, 20, 17, 16, 22, 4, 15, 13, 15, 21, 9, 23, 21, 17, 12 ], [ 17, 4, 13, 18, 12, 13, 22, 0, 8, 21, 9, 14, 8, 11, 8, 16, 18, 13, 14, 15, 8, 15, 3, 15, 18, 15, 20, 12, 20, 18, 14, 8, 10, 11, 12, 5, 15, 20, 9, 3, 8, 12, 9, 15, 11, 20, 16, 15, 13, 12, 17, 9, 9, 7, 9, 18, 8, 9, 8, 11, 15, 6, 7, 18, 15 ], [ 10, 6, 9, 10, 4, 7, 15, 8, 0, 15, 3, 11, 0, 9, 1, 9, 10, 6, 11, 7, 7, 9, 7, 6, 10, 7, 12, 8, 11, 10, 8, 2, 8, 3, 12, 3, 14, 13, 2, 5, 1, 9, 7, 8, 3, 12, 11, 14, 7, 5, 10, 6, 11, 1, 7, 12, 7, 6, 7, 7, 7, 8, 12, 10, 13 ], [ 17, 16, 7, 11, 11, 19, 2, 21, 15, 0, 17, 8, 15, 11, 14, 5, 13, 8, 8, 10, 13, 6, 21, 12, 14, 15, 12, 9, 12, 12, 20, 13, 23, 12, 12, 16, 11, 3, 13, 18, 14, 10, 21, 19, 11, 14, 5, 12, 19, 17, 4, 20, 16, 16, 22, 3, 14, 12, 13, 21, 9, 23, 19, 18, 10 ], [ 9, 8, 12, 10, 6, 5, 17, 9, 3, 17, 0, 14, 3, 12, 4, 12, 10, 9, 14, 9, 9, 11, 7, 7, 10, 7, 12, 10, 12, 10, 6, 5, 6, 5, 14, 5, 17, 15, 4, 6, 4, 12, 4, 6, 6, 12, 13, 17, 4, 3, 13, 3, 14, 2, 5, 14, 10, 9, 10, 4, 8, 6, 14, 9, 16 ], [ 18, 10, 3, 14, 9, 18, 10, 14, 11, 8, 14, 0, 11, 3, 10, 6, 15, 6, 0, 11, 6, 6, 15, 12, 16, 15, 15, 3, 15, 15, 18, 9, 19, 9, 4, 10, 4, 9, 9, 12, 10, 2, 18, 18, 9, 17, 4, 4, 17, 15, 6, 17, 7, 12, 18, 7, 6, 6, 6, 18, 10, 17, 11, 19, 3 ], [ 10, 5, 9, 10, 4, 7, 15, 8, 0, 15, 3, 11, 0, 9, 1, 10, 10, 7, 11, 8, 7, 9, 6, 7, 10, 8, 12, 8, 12, 10, 8, 2, 8, 4, 12, 3, 14, 14, 2, 4, 1, 9, 7, 9, 4, 13, 11, 14, 7, 5, 11, 6, 11, 1, 7, 12, 7, 6, 7, 7, 7, 8, 12, 11, 13 ], [ 17, 7, 4, 15, 9, 16, 13, 11, 9, 11, 12, 3, 9, 0, 8, 7, 16, 7, 3, 11, 3, 7, 12, 12, 16, 15, 16, 3, 16, 15, 17, 7, 17, 9, 2, 8, 5, 12, 8, 10, 8, 1, 16, 17, 8, 18, 6, 5, 16, 14, 8, 15, 5, 10, 16, 9, 3, 3, 3, 16, 10, 15, 8, 18, 4 ], [ 10, 5, 8, 10, 3, 8, 14, 8, 1, 14, 4, 10, 1, 8, 0, 9, 10, 6, 10, 7, 6, 8, 7, 6, 10, 8, 11, 7, 11, 10, 9, 1, 9, 3, 11, 3, 13, 13, 1, 5, 0, 9, 8, 9, 3, 12, 10, 13, 8, 5, 9, 7, 10, 2, 8, 11, 7, 5, 6, 8, 6, 9, 12, 11, 12 ], [ 13, 11, 3, 8, 6, 15, 6, 16, 9, 5, 12, 6, 10, 7, 9, 0, 10, 3, 6, 6, 8, 1, 15, 8, 11, 11, 10, 4, 10, 9, 15, 8, 17, 7, 9, 11, 9, 5, 8, 13, 9, 7, 16, 14, 6, 12, 3, 10, 14, 12, 1, 15, 12, 11, 17, 2, 9, 7, 9, 16, 5, 17, 15, 14, 8 ], [ 4, 15, 12, 2, 7, 9, 12, 18, 10, 13, 10, 15, 10, 16, 10, 10, 0, 9, 15, 5, 14, 10, 16, 4, 1, 4, 2, 12, 2, 1, 9, 10, 14, 8, 18, 13, 19, 10, 10, 15, 10, 15, 13, 7, 8, 2, 13, 20, 8, 8, 10, 12, 19, 11, 14, 11, 16, 13, 15, 12, 5, 16, 21, 5, 18 ], [ 11, 9, 4, 8, 3, 12, 9, 13, 6, 8, 9, 6, 7, 7, 6, 3, 9, 0, 7, 4, 6, 2, 12, 6, 9, 9, 9, 3, 9, 8, 13, 5, 14, 4, 9, 8, 10, 7, 5, 10, 6, 6, 13, 12, 3, 11, 5, 11, 11, 9, 4, 12, 11, 8, 14, 5, 7, 5, 7, 13, 4, 14, 14, 12, 9 ], [ 18, 10, 3, 14, 10, 18, 10, 14, 11, 8, 14, 0, 11, 3, 10, 6, 15, 7, 0, 11, 6, 6, 15, 13, 16, 15, 15, 4, 16, 15, 19, 9, 19, 10, 4, 10, 3, 9, 10, 13, 10, 2, 18, 18, 9, 18, 4, 4, 17, 15, 7, 17, 7, 12, 18, 7, 6, 6, 6, 18, 10, 18, 11, 19, 3 ], [ 7, 12, 8, 3, 4, 10, 9, 15, 7, 10, 9, 11, 8, 11, 7, 6, 5, 4, 11, 0, 10, 5, 14, 3, 5, 5, 5, 8, 5, 4, 10, 7, 14, 4, 13, 10, 14, 7, 7, 12, 7, 11, 13, 9, 4, 7, 8, 15, 9, 8, 6, 11, 15, 9, 14, 7, 11, 9, 11, 12, 1, 15, 17, 9, 13 ], [ 16, 4, 6, 14, 7, 14, 14, 8, 7, 13, 9, 6, 7, 3, 6, 8, 14, 6, 6, 10, 0, 8, 9, 11, 15, 13, 15, 4, 15, 14, 15, 5, 14, 7, 5, 5, 8, 13, 5, 7, 6, 4, 12, 15, 7, 17, 8, 8, 13, 11, 9, 12, 5, 7, 13, 10, 1, 1, 1, 13, 10, 12, 7, 16, 7 ], [ 12, 10, 3, 8, 5, 14, 7, 15, 9, 6, 11, 6, 9, 7, 8, 1, 10, 2, 6, 5, 8, 0, 14, 7, 10, 10, 10, 4, 10, 9, 14, 7, 17, 6, 9, 10, 9, 5, 7, 12, 8, 6, 15, 14, 5, 12, 3, 10, 13, 11, 2, 14, 11, 10, 16, 3, 9, 6, 8, 15, 5, 16, 15, 14, 8 ], [ 15, 5, 14, 17, 11, 11, 21, 3, 7, 21, 7, 15, 6, 12, 7, 15, 16, 12, 15, 14, 9, 14, 0, 13, 16, 13, 18, 12, 18, 17, 11, 8, 8, 10, 14, 5, 16, 20, 8, 2, 7, 12, 6, 13, 10, 19, 16, 16, 11, 9, 16, 7, 11, 6, 6, 18, 9, 9, 9, 8, 14, 4, 9, 16, 16 ], [ 5, 12, 10, 4, 4, 7, 12, 15, 6, 12, 7, 12, 7, 12, 6, 8, 4, 6, 13, 3, 11, 7, 13, 0, 4, 3, 5, 9, 5, 4, 8, 7, 12, 4, 15, 9, 16, 10, 6, 11, 6, 12, 11, 7, 4, 6, 10, 17, 7, 5, 8, 9, 16, 7, 12, 9, 12, 10, 12, 9, 3, 13, 18, 6, 15 ], [ 3, 15, 13, 3, 8, 8, 13, 18, 10, 14, 10, 16, 10, 16, 10, 11, 1, 9, 16, 5, 15, 10, 16, 4, 0, 3, 3, 13, 3, 2, 8, 11, 13, 8, 18, 13, 19, 11, 10, 15, 10, 16, 13, 6, 8, 2, 13, 20, 8, 7, 11, 11, 19, 11, 14, 11, 16, 14, 15, 11, 6, 16, 21, 4, 19 ], [ 3, 13, 12, 5, 6, 5, 14, 15, 7, 15, 7, 15, 8, 15, 8, 11, 4, 9, 15, 5, 13, 10, 13, 3, 3, 0, 6, 12, 6, 4, 5, 8, 10, 6, 17, 10, 19, 13, 8, 12, 8, 14, 10, 4, 6, 6, 13, 19, 5, 4, 11, 8, 18, 8, 11, 12, 14, 12, 14, 8, 6, 13, 19, 4, 18 ], [ 6, 16, 12, 2, 8, 11, 10, 20, 12, 12, 12, 15, 12, 16, 11, 10, 2, 9, 15, 5, 15, 10, 18, 5, 3, 6, 0, 13, 0, 2, 11, 12, 16, 9, 18, 14, 19, 9, 11, 16, 11, 15, 15, 9, 9, 2, 12, 20, 10, 10, 9, 14, 20, 12, 16, 10, 16, 14, 16, 14, 6, 18, 22, 7, 18 ], [ 14, 7, 2, 11, 6, 14, 10, 12, 8, 9, 10, 3, 8, 3, 7, 4, 12, 3, 4, 8, 4, 4, 12, 9, 13, 12, 13, 0, 13, 12, 15, 6, 16, 6, 6, 7, 7, 9, 6, 10, 7, 3, 14, 15, 6, 15, 4, 7, 14, 11, 5, 13, 7, 9, 15, 7, 5, 3, 5, 15, 7, 14, 11, 16, 6 ], [ 6, 16, 12, 2, 8, 11, 11, 20, 11, 12, 12, 15, 12, 16, 11, 10, 2, 9, 16, 5, 15, 10, 18, 5, 3, 6, 0, 13, 0, 1, 11, 12, 16, 9, 18, 14, 19, 9, 11, 16, 11, 16, 15, 9, 9, 2, 12, 20, 10, 9, 9, 14, 20, 12, 16, 10, 16, 14, 16, 13, 6, 18, 22, 7, 18 ], [ 5, 15, 12, 1, 7, 10, 11, 18, 10, 12, 10, 15, 10, 15, 10, 9, 1, 8, 15, 4, 14, 9, 17, 4, 2, 4, 2, 12, 1, 0, 10, 10, 14, 8, 17, 13, 18, 9, 10, 15, 10, 15, 14, 8, 8, 3, 12, 19, 9, 8, 9, 12, 19, 11, 15, 10, 15, 13, 15, 12, 5, 17, 21, 6, 17 ], [ 6, 13, 16, 10, 9, 1, 19, 14, 8, 20, 6, 18, 8, 17, 9, 15, 9, 13, 19, 10, 15, 14, 11, 8, 8, 5, 11, 15, 11, 10, 0, 10, 6, 9, 20, 11, 22, 18, 9, 11, 9, 17, 6, 2, 9, 10, 17, 22, 1, 4, 16, 5, 19, 8, 7, 17, 15, 14, 15, 3, 10, 9, 19, 5, 21 ], [ 11, 5, 7, 10, 3, 9, 14, 8, 2, 13, 5, 9, 2, 7, 1, 8, 10, 5, 9, 7, 5, 7, 8, 7, 11, 8, 12, 6, 12, 10, 10, 0, 10, 3, 10, 3, 12, 12, 1, 5, 1, 7, 9, 10, 3, 13, 9, 12, 9, 6, 9, 8, 9, 3, 9, 10, 6, 4, 5, 9, 6, 9, 11, 12, 11 ], [ 11, 11, 17, 15, 12, 5, 23, 10, 8, 23, 6, 19, 8, 17, 9, 17, 14, 14, 19, 14, 14, 17, 8, 12, 13, 10, 16, 16, 16, 14, 6, 10, 0, 11, 19, 9, 22, 21, 10, 8, 9, 17, 2, 8, 11, 16, 19, 22, 6, 6, 18, 3, 18, 7, 2, 20, 14, 14, 14, 2, 14, 5, 17, 11, 21 ], [ 9, 8, 7, 7, 1, 8, 12, 11, 3, 12, 5, 9, 4, 9, 3, 7, 8, 4, 10, 4, 7, 6, 10, 4, 8, 6, 9, 6, 9, 8, 9, 3, 11, 0, 11, 6, 13, 10, 2, 8, 3, 9, 9, 9, 0, 10, 8, 13, 8, 5, 7, 8, 12, 4, 10, 9, 8, 6, 8, 9, 4, 11, 14, 10, 12 ], [ 20, 8, 6, 17, 11, 19, 14, 12, 12, 12, 14, 4, 12, 2, 11, 9, 18, 9, 4, 13, 5, 9, 14, 15, 18, 17, 18, 6, 18, 17, 20, 10, 19, 11, 0, 10, 3, 13, 10, 12, 11, 3, 18, 20, 11, 20, 7, 3, 18, 16, 10, 17, 4, 12, 18, 11, 5, 6, 5, 19, 13, 17, 8, 21, 3 ], [ 13, 2, 9, 13, 6, 10, 16, 5, 3, 16, 5, 10, 3, 8, 3, 11, 13, 8, 10, 10, 5, 10, 5, 9, 13, 10, 14, 7, 14, 13, 11, 3, 9, 6, 10, 0, 13, 15, 3, 2, 3, 8, 8, 11, 6, 15, 11, 13, 10, 8, 11, 7, 8, 3, 8, 13, 5, 5, 5, 9, 9, 7, 9, 14, 12 ], [ 21, 11, 7, 18, 13, 21, 13, 15, 14, 11, 17, 4, 14, 5, 13, 9, 19, 10, 3, 14, 8, 9, 16, 16, 19, 19, 19, 7, 19, 18, 22, 12, 22, 13, 3, 13, 0, 12, 13, 14, 13, 5, 20, 22, 13, 21, 7, 1, 20, 18, 10, 19, 7, 15, 21, 10, 8, 8, 8, 21, 14, 20, 11, 22, 1 ], [ 14, 16, 7, 9, 10, 17, 2, 20, 13, 3, 15, 9, 14, 12, 13, 5, 10, 7, 9, 7, 13, 5, 20, 10, 11, 13, 9, 9, 9, 9, 18, 12, 21, 10, 13, 15, 12, 0, 12, 17, 13, 11, 20, 17, 10, 11, 6, 13, 17, 15, 4, 18, 16, 15, 21, 2, 14, 12, 13, 19, 7, 21, 20, 16, 12 ], [ 10, 5, 7, 10, 3, 8, 14, 9, 2, 13, 4, 9, 2, 8, 1, 8, 10, 5, 10, 7, 5, 7, 8, 6, 10, 8, 11, 6, 11, 10, 9, 1, 10, 2, 10, 3, 13, 12, 0, 5, 1, 8, 8, 10, 3, 12, 9, 13, 8, 6, 9, 7, 10, 3, 9, 10, 6, 5, 6, 9, 6, 9, 11, 11, 12 ], [ 14, 3, 11, 15, 8, 10, 19, 3, 5, 18, 6, 12, 4, 10, 5, 13, 15, 10, 13, 12, 7, 12, 2, 11, 15, 12, 16, 10, 16, 15, 11, 5, 8, 8, 12, 2, 14, 17, 5, 0, 5, 10, 7, 12, 8, 17, 14, 14, 10, 8, 14, 7, 9, 4, 7, 15, 7, 7, 7, 8, 11, 5, 9, 14, 14 ], [ 10, 5, 8, 10, 3, 8, 14, 8, 1, 14, 4, 10, 1, 8, 0, 9, 10, 6, 10, 7, 6, 8, 7, 6, 10, 8, 11, 7, 11, 10, 9, 1, 9, 3, 11, 3, 13, 13, 1, 5, 0, 8, 8, 9, 3, 12, 10, 13, 8, 5, 9, 7, 10, 2, 8, 11, 7, 5, 6, 8, 6, 9, 11, 11, 12 ], [ 17, 7, 3, 14, 8, 16, 12, 12, 9, 10, 12, 2, 9, 1, 9, 7, 15, 6, 2, 11, 4, 6, 12, 12, 16, 14, 15, 3, 16, 15, 17, 7, 17, 9, 3, 8, 5, 11, 8, 10, 8, 0, 16, 17, 8, 17, 5, 5, 16, 14, 7, 15, 5, 10, 16, 8, 4, 4, 4, 17, 10, 15, 9, 18, 4 ], [ 11, 10, 16, 14, 10, 5, 21, 9, 7, 21, 4, 18, 7, 16, 8, 16, 13, 13, 18, 13, 12, 15, 6, 11, 13, 10, 15, 14, 15, 14, 6, 9, 2, 9, 18, 8, 20, 20, 8, 7, 8, 16, 0, 8, 10, 15, 18, 20, 5, 6, 17, 1, 16, 6, 1, 18, 13, 12, 13, 2, 13, 4, 15, 11, 20 ], [ 4, 14, 15, 9, 9, 2, 18, 15, 8, 19, 6, 18, 9, 17, 9, 14, 7, 12, 18, 9, 15, 14, 13, 7, 6, 4, 9, 15, 9, 8, 2, 10, 8, 9, 20, 11, 22, 17, 10, 12, 9, 17, 8, 0, 9, 8, 17, 22, 2, 4, 15, 6, 19, 8, 8, 16, 16, 14, 16, 5, 9, 11, 20, 3, 21 ], [ 9, 8, 6, 7, 1, 9, 12, 11, 3, 11, 6, 9, 4, 8, 3, 6, 8, 3, 9, 4, 7, 5, 10, 4, 8, 6, 9, 6, 9, 8, 9, 3, 11, 0, 11, 6, 13, 10, 3, 8, 3, 8, 10, 9, 0, 10, 8, 13, 8, 6, 7, 9, 11, 5, 11, 8, 8, 6, 7, 10, 4, 11, 13, 10, 12 ], [ 5, 18, 14, 3, 10, 10, 12, 20, 12, 14, 12, 17, 13, 18, 12, 12, 2, 11, 18, 7, 17, 12, 19, 6, 2, 6, 2, 15, 2, 3, 10, 13, 16, 10, 20, 15, 21, 11, 12, 17, 12, 17, 15, 8, 10, 0, 14, 22, 10, 10, 11, 14, 21, 13, 16, 12, 18, 16, 18, 13, 7, 18, 24, 6, 20 ], [ 15, 11, 2, 11, 8, 17, 7, 16, 11, 5, 13, 4, 11, 6, 10, 3, 13, 5, 4, 8, 8, 3, 16, 10, 13, 13, 12, 4, 12, 12, 17, 9, 19, 8, 7, 11, 7, 6, 9, 14, 10, 5, 18, 17, 8, 14, 0, 8, 16, 14, 3, 16, 10, 12, 18, 3, 9, 7, 8, 18, 8, 18, 14, 17, 6 ], [ 22, 11, 7, 18, 13, 21, 14, 15, 14, 12, 17, 4, 14, 5, 13, 10, 20, 11, 4, 15, 8, 10, 16, 17, 20, 19, 20, 7, 20, 19, 22, 12, 22, 13, 3, 13, 1, 13, 13, 14, 13, 5, 20, 22, 13, 22, 8, 0, 21, 18, 11, 20, 6, 15, 21, 11, 8, 8, 8, 21, 14, 19, 10, 23, 2 ], [ 5, 12, 15, 10, 8, 1, 18, 13, 7, 19, 4, 17, 7, 16, 8, 14, 8, 11, 17, 9, 13, 13, 11, 7, 8, 5, 10, 14, 10, 9, 1, 9, 6, 8, 18, 10, 20, 17, 8, 10, 8, 16, 5, 2, 8, 10, 16, 21, 0, 2, 14, 4, 18, 7, 6, 16, 14, 13, 14, 3, 9, 9, 18, 5, 20 ], [ 6, 10, 12, 9, 6, 3, 16, 12, 5, 17, 3, 15, 5, 14, 5, 12, 8, 9, 15, 8, 11, 11, 9, 5, 7, 4, 10, 11, 9, 8, 4, 6, 6, 5, 16, 8, 18, 15, 6, 8, 5, 14, 6, 4, 6, 10, 14, 18, 2, 0, 12, 4, 16, 5, 7, 14, 12, 10, 12, 4, 7, 9, 16, 6, 17 ], [ 13, 12, 4, 8, 7, 15, 5, 17, 10, 4, 13, 6, 11, 8, 9, 1, 10, 4, 7, 6, 9, 2, 16, 8, 11, 11, 9, 5, 9, 9, 16, 9, 18, 7, 10, 11, 10, 4, 9, 14, 9, 7, 17, 15, 7, 11, 3, 11, 14, 12, 0, 16, 13, 12, 18, 1, 10, 8, 10, 16, 5, 18, 16, 14, 9 ], [ 10, 9, 15, 13, 9, 4, 20, 9, 6, 20, 3, 17, 6, 15, 7, 15, 12, 12, 17, 11, 12, 14, 7, 9, 11, 8, 14, 13, 14, 12, 5, 8, 3, 8, 17, 7, 19, 18, 7, 7, 7, 15, 1, 6, 9, 14, 16, 20, 4, 4, 16, 0, 16, 5, 2, 17, 12, 11, 12, 2, 11, 5, 15, 9, 19 ], [ 20, 6, 9, 18, 12, 18, 17, 9, 11, 16, 14, 7, 11, 5, 10, 12, 19, 11, 7, 15, 5, 11, 11, 16, 19, 18, 20, 7, 20, 19, 19, 9, 18, 12, 4, 8, 7, 16, 10, 9, 10, 5, 16, 19, 11, 21, 10, 6, 18, 16, 13, 16, 0, 11, 16, 14, 4, 6, 4, 17, 14, 14, 4, 21, 7 ], [ 10, 6, 10, 11, 5, 7, 16, 7, 1, 16, 2, 12, 1, 10, 2, 11, 11, 8, 12, 9, 7, 10, 6, 7, 11, 8, 12, 9, 12, 11, 8, 3, 7, 4, 12, 3, 15, 15, 3, 4, 2, 10, 6, 8, 5, 13, 12, 15, 7, 5, 12, 5, 11, 0, 6, 13, 8, 7, 8, 6, 8, 7, 12, 11, 14 ], [ 12, 10, 16, 15, 11, 6, 22, 9, 7, 22, 5, 18, 7, 16, 8, 17, 14, 14, 18, 14, 13, 16, 6, 12, 14, 11, 16, 15, 16, 15, 7, 9, 2, 10, 18, 8, 21, 21, 9, 7, 8, 16, 1, 8, 11, 16, 18, 21, 6, 7, 18, 2, 16, 6, 0, 19, 13, 13, 13, 3, 13, 3, 15, 12, 20 ], [ 14, 13, 5, 9, 8, 16, 4, 18, 12, 3, 14, 7, 12, 9, 11, 2, 11, 5, 7, 7, 10, 3, 18, 9, 11, 12, 10, 7, 10, 10, 17, 10, 20, 9, 11, 13, 10, 2, 10, 15, 11, 8, 18, 16, 8, 12, 3, 11, 16, 14, 1, 17, 14, 13, 19, 0, 11, 9, 11, 18, 6, 19, 17, 15, 9 ], [ 17, 3, 7, 15, 8, 14, 15, 8, 7, 14, 10, 6, 7, 3, 7, 9, 16, 7, 6, 11, 1, 9, 9, 12, 16, 14, 16, 5, 16, 15, 15, 6, 14, 8, 5, 5, 8, 14, 6, 7, 7, 4, 13, 16, 8, 18, 9, 8, 14, 12, 10, 12, 4, 8, 13, 11, 0, 2, 0, 14, 11, 12, 6, 17, 7 ], [ 15, 4, 5, 13, 6, 13, 13, 9, 6, 12, 9, 6, 6, 3, 5, 7, 13, 5, 6, 9, 1, 6, 9, 10, 14, 12, 14, 3, 14, 13, 14, 4, 14, 6, 6, 5, 8, 12, 5, 7, 5, 4, 12, 14, 6, 16, 7, 8, 13, 10, 8, 11, 6, 7, 13, 9, 2, 0, 2, 13, 8, 12, 8, 16, 7 ], [ 16, 4, 6, 15, 8, 14, 15, 8, 7, 13, 10, 6, 7, 3, 6, 9, 15, 7, 6, 11, 1, 8, 9, 12, 15, 14, 16, 5, 16, 15, 15, 5, 14, 8, 5, 5, 8, 13, 6, 7, 6, 4, 13, 16, 7, 18, 8, 8, 14, 12, 10, 12, 4, 8, 13, 11, 0, 2, 0, 14, 10, 12, 6, 17, 7 ], [ 9, 11, 16, 13, 10, 3, 21, 11, 7, 21, 4, 18, 7, 16, 8, 16, 12, 13, 18, 12, 13, 15, 8, 9, 11, 8, 14, 15, 13, 12, 3, 9, 2, 9, 19, 9, 21, 19, 9, 8, 8, 17, 2, 5, 10, 13, 18, 21, 3, 4, 16, 2, 17, 6, 3, 18, 14, 13, 14, 0, 12, 6, 17, 8, 20 ], [ 8, 11, 7, 4, 3, 10, 9, 15, 7, 9, 8, 10, 7, 10, 6, 5, 5, 4, 10, 1, 10, 5, 14, 3, 6, 6, 6, 7, 6, 5, 10, 6, 14, 4, 13, 9, 14, 7, 6, 11, 6, 10, 13, 9, 4, 7, 8, 14, 9, 7, 5, 11, 14, 8, 13, 6, 11, 8, 10, 12, 0, 15, 17, 9, 13 ], [ 14, 8, 16, 17, 12, 9, 23, 6, 8, 23, 6, 17, 8, 15, 9, 17, 16, 14, 18, 15, 12, 16, 4, 13, 16, 13, 18, 14, 18, 17, 9, 9, 5, 11, 17, 7, 20, 21, 9, 5, 9, 15, 4, 11, 11, 18, 18, 19, 9, 9, 18, 5, 14, 7, 3, 19, 12, 12, 12, 6, 15, 0, 13, 14, 19 ], [ 22, 6, 12, 21, 14, 18, 21, 7, 12, 19, 14, 11, 12, 8, 12, 15, 21, 14, 11, 17, 7, 15, 9, 18, 21, 19, 22, 11, 22, 21, 19, 11, 17, 14, 8, 9, 11, 20, 11, 9, 11, 9, 15, 20, 13, 24, 14, 10, 18, 16, 16, 15, 4, 12, 15, 17, 6, 8, 6, 17, 17, 13, 0, 22, 11 ], [ 2, 16, 16, 7, 10, 5, 17, 18, 10, 18, 9, 19, 11, 18, 11, 14, 5, 12, 19, 9, 16, 14, 16, 6, 4, 4, 7, 16, 7, 6, 5, 12, 11, 10, 21, 14, 22, 16, 11, 14, 11, 18, 11, 3, 10, 6, 17, 23, 5, 6, 14, 9, 21, 11, 12, 15, 17, 16, 17, 8, 9, 14, 22, 0, 22 ], [ 20, 11, 6, 17, 12, 20, 12, 15, 13, 10, 16, 3, 13, 4, 12, 8, 18, 9, 3, 13, 7, 8, 16, 15, 19, 18, 18, 6, 18, 17, 21, 11, 21, 12, 3, 12, 1, 12, 12, 14, 12, 4, 20, 21, 12, 20, 6, 2, 20, 17, 9, 19, 7, 14, 20, 9, 7, 7, 7, 20, 13, 19, 11, 22, 0 ] ]
}