{
  "version" : "0.3",
  "id" : 423769621,
  "name" : "PTP-RAND-1_4_2_16",
  "coordType" : "Eucl",
  "sameVehicleBackward" : false,
  "maxWaitTime" : "00h30",
  "places" : [ {
    "id" : 0,
    "lat" : -9.765289504081604,
    "long" : 0.09260531673304229,
    "category" : 0
  }, {
    "id" : 1,
    "lat" : 4.673051931629041,
    "long" : 5.956203854277059,
    "category" : 0
  }, {
    "id" : 2,
    "lat" : 8.970483477833124,
    "long" : -1.344528976142434,
    "category" : 0
  }, {
    "id" : 3,
    "lat" : -0.7842328090380445,
    "long" : -0.9748944990575854,
    "category" : 0
  }, {
    "id" : 4,
    "lat" : -1.6147407787060566,
    "long" : 6.679254780225531,
    "category" : 1
  }, {
    "id" : 5,
    "lat" : 4.205049876711114,
    "long" : -0.9330855773049336,
    "category" : 2
  }, {
    "id" : 6,
    "lat" : 7.281000764482507,
    "long" : -4.3312379162670025,
    "category" : 2
  }, {
    "id" : 7,
    "lat" : 7.962777196489704,
    "long" : -1.9544444610048661,
    "category" : 2
  }, {
    "id" : 8,
    "lat" : 1.8012313750509241,
    "long" : 1.1308517524047685,
    "category" : 2
  }, {
    "id" : 9,
    "lat" : 0.7691648755564798,
    "long" : -6.481901513073326,
    "category" : 2
  }, {
    "id" : 10,
    "lat" : -2.6465298610459773,
    "long" : 0.5421910828573182,
    "category" : 2
  }, {
    "id" : 11,
    "lat" : -2.4498401030178756,
    "long" : -8.284896535338184,
    "category" : 2
  }, {
    "id" : 12,
    "lat" : -7.212333676805886,
    "long" : 2.2768468802184474,
    "category" : 2
  }, {
    "id" : 13,
    "lat" : -3.141907994220871,
    "long" : -2.693142217612778,
    "category" : 2
  }, {
    "id" : 14,
    "lat" : 5.57361332956267,
    "long" : -7.533207440866401,
    "category" : 2
  }, {
    "id" : 15,
    "lat" : -2.7211795038162645,
    "long" : 3.4968058763172043,
    "category" : 2
  }, {
    "id" : 16,
    "lat" : -6.784436596604538,
    "long" : 2.134235218129515,
    "category" : 2
  }, {
    "id" : 17,
    "lat" : -2.2677228993290703,
    "long" : -8.513900400070018,
    "category" : 2
  }, {
    "id" : 18,
    "lat" : -7.980152767556046,
    "long" : -4.777132281449949,
    "category" : 2
  }, {
    "id" : 19,
    "lat" : -2.0424908483847424,
    "long" : -1.5015726999113692,
    "category" : 2
  }, {
    "id" : 20,
    "lat" : -0.7019351233585336,
    "long" : 6.7146606740927535,
    "category" : 2
  } ],
  "vehicles" : [ {
    "id" : 21,
    "canTake" : [ 0 ],
    "start" : 4,
    "end" : 4,
    "capacity" : 6,
    "availability" : [ "07h00:20h00" ]
  }, {
    "id" : 22,
    "canTake" : [ 0 ],
    "start" : 4,
    "end" : 4,
    "capacity" : 6,
    "availability" : [ "07h00:20h00" ]
  } ],
  "patients" : [ {
    "id" : 23,
    "category" : 0,
    "load" : 1,
    "start" : 5,
    "destination" : 0,
    "end" : 5,
    "rdvTime" : "10h43",
    "rdvDuration" : "00h23",
    "srvDuration" : "00h03"
  }, {
    "id" : 24,
    "category" : 0,
    "load" : 2,
    "start" : 6,
    "destination" : 1,
    "end" : 6,
    "rdvTime" : "09h34",
    "rdvDuration" : "02h37",
    "srvDuration" : "00h04"
  }, {
    "id" : 25,
    "category" : 0,
    "load" : 1,
    "start" : 7,
    "destination" : 2,
    "end" : 7,
    "rdvTime" : "14h09",
    "rdvDuration" : "02h57",
    "srvDuration" : "00h03"
  }, {
    "id" : 26,
    "category" : 0,
    "load" : 1,
    "start" : 8,
    "destination" : 3,
    "end" : 8,
    "rdvTime" : "08h15",
    "rdvDuration" : "02h57",
    "srvDuration" : "00h03"
  }, {
    "id" : 27,
    "category" : 0,
    "load" : 2,
    "start" : 9,
    "destination" : 3,
    "end" : -1,
    "rdvTime" : "13h48",
    "rdvDuration" : "01h28",
    "srvDuration" : "00h03"
  }, {
    "id" : 28,
    "category" : 0,
    "load" : 2,
    "start" : 10,
    "destination" : 2,
    "end" : 10,
    "rdvTime" : "08h57",
    "rdvDuration" : "00h39",
    "srvDuration" : "00h03"
  }, {
    "id" : 29,
    "category" : 0,
    "load" : 2,
    "start" : 11,
    "destination" : 0,
    "end" : -1,
    "rdvTime" : "08h24",
    "rdvDuration" : "00h28",
    "srvDuration" : "00h05"
  }, {
    "id" : 30,
    "category" : 0,
    "load" : 1,
    "start" : 12,
    "destination" : 1,
    "end" : -1,
    "rdvTime" : "15h42",
    "rdvDuration" : "02h16",
    "srvDuration" : "00h03"
  }, {
    "id" : 31,
    "category" : 0,
    "load" : 2,
    "start" : 13,
    "destination" : 3,
    "end" : -1,
    "rdvTime" : "08h22",
    "rdvDuration" : "00h20",
    "srvDuration" : "00h05"
  }, {
    "id" : 32,
    "category" : 0,
    "load" : 2,
    "start" : 14,
    "destination" : 3,
    "end" : 14,
    "rdvTime" : "14h00",
    "rdvDuration" : "02h19",
    "srvDuration" : "00h04"
  }, {
    "id" : 33,
    "category" : 0,
    "load" : 2,
    "start" : 15,
    "destination" : 3,
    "end" : 15,
    "rdvTime" : "15h38",
    "rdvDuration" : "02h37",
    "srvDuration" : "00h05"
  }, {
    "id" : 34,
    "category" : 0,
    "load" : 1,
    "start" : 16,
    "destination" : 3,
    "end" : -1,
    "rdvTime" : "11h49",
    "rdvDuration" : "02h27",
    "srvDuration" : "00h02"
  }, {
    "id" : 35,
    "category" : 0,
    "load" : 1,
    "start" : 17,
    "destination" : 2,
    "end" : 17,
    "rdvTime" : "14h37",
    "rdvDuration" : "02h42",
    "srvDuration" : "00h03"
  }, {
    "id" : 36,
    "category" : 0,
    "load" : 2,
    "start" : 18,
    "destination" : 3,
    "end" : 18,
    "rdvTime" : "13h57",
    "rdvDuration" : "02h25",
    "srvDuration" : "00h03"
  }, {
    "id" : 37,
    "category" : 0,
    "load" : 1,
    "start" : 19,
    "destination" : 3,
    "end" : -1,
    "rdvTime" : "15h56",
    "rdvDuration" : "02h36",
    "srvDuration" : "00h01"
  }, {
    "id" : 38,
    "category" : 0,
    "load" : 2,
    "start" : 20,
    "destination" : 2,
    "end" : 20,
    "rdvTime" : "08h19",
    "rdvDuration" : "02h36",
    "srvDuration" : "00h01"
  } ],
  "distMatrix" : [ [ 0, 16, 19, 9, 10, 14, 18, 18, 12, 12, 7, 11, 3, 7, 17, 8, 4, 11, 5, 8, 11 ], [ 16, 0, 8, 9, 6, 7, 11, 9, 6, 13, 9, 16, 12, 12, 14, 8, 12, 16, 17, 10, 5 ], [ 19, 8, 0, 10, 13, 5, 3, 1, 8, 10, 12, 13, 17, 12, 7, 13, 16, 13, 17, 11, 13 ], [ 9, 9, 10, 0, 8, 5, 9, 9, 3, 6, 2, 7, 7, 3, 9, 5, 7, 8, 8, 1, 8 ], [ 10, 6, 13, 8, 0, 10, 14, 13, 7, 13, 6, 15, 7, 9, 16, 3, 7, 15, 13, 8, 1 ], [ 14, 7, 5, 5, 10, 0, 5, 4, 3, 7, 7, 10, 12, 8, 7, 8, 11, 10, 13, 6, 9 ], [ 18, 11, 3, 9, 14, 5, 0, 2, 8, 7, 11, 11, 16, 11, 4, 13, 15, 10, 15, 10, 14 ], [ 18, 9, 1, 9, 13, 4, 2, 0, 7, 8, 11, 12, 16, 11, 6, 12, 15, 12, 16, 10, 12 ], [ 12, 6, 8, 3, 7, 3, 8, 7, 0, 8, 4, 10, 9, 6, 9, 5, 9, 10, 11, 5, 6 ], [ 12, 13, 10, 6, 13, 7, 7, 8, 8, 0, 8, 4, 12, 5, 5, 11, 11, 4, 9, 6, 13 ], [ 7, 9, 12, 2, 6, 7, 11, 11, 4, 8, 0, 9, 5, 3, 12, 3, 4, 9, 8, 2, 6 ], [ 11, 16, 13, 7, 15, 10, 11, 12, 10, 4, 9, 0, 12, 6, 8, 12, 11, 0, 7, 7, 15 ], [ 3, 12, 17, 7, 7, 12, 16, 16, 9, 12, 5, 12, 0, 6, 16, 5, 0, 12, 7, 6, 8 ], [ 7, 12, 12, 3, 9, 8, 11, 11, 6, 5, 3, 6, 6, 0, 10, 6, 6, 6, 5, 2, 10 ], [ 17, 14, 7, 9, 16, 7, 4, 6, 9, 5, 12, 8, 16, 10, 0, 14, 16, 8, 14, 10, 16 ], [ 8, 8, 13, 5, 3, 8, 13, 12, 5, 11, 3, 12, 5, 6, 14, 0, 4, 12, 10, 5, 4 ], [ 4, 12, 16, 7, 7, 11, 15, 15, 9, 11, 4, 11, 0, 6, 16, 4, 0, 12, 7, 6, 8 ], [ 11, 16, 13, 8, 15, 10, 10, 12, 10, 4, 9, 0, 12, 6, 8, 12, 12, 0, 7, 7, 15 ], [ 5, 17, 17, 8, 13, 13, 15, 16, 11, 9, 8, 7, 7, 5, 14, 10, 7, 7, 0, 7, 14 ], [ 8, 10, 11, 1, 8, 6, 10, 10, 5, 6, 2, 7, 6, 2, 10, 5, 6, 7, 7, 0, 8 ], [ 11, 5, 13, 8, 1, 9, 14, 12, 6, 13, 6, 15, 8, 10, 16, 4, 8, 15, 14, 8, 0 ] ]
}